#include "lvgl.h"

static const uint8_t ui_gauge_volt_face_map[] = {
    0x62, 0x08, 0x62, 0x08, 0x62, 0x08, 0x62, 0x08, 0x62, 0x08, 0x62, 0x08, 0x62, 0x08, 0x62, 0x08,
    0x62, 0x08, 0x62, 0x08, 0x62, 0x08, 0x62, 0x08, 0x62, 0x08, 0x62, 0x08, 0x62, 0x08, 0x62, 0x08,
    0x62, 0x08, 0x62, 0x08, 0x62, 0x08, 0x62, 0x08, 0x62, 0x08, 0x62, 0x08, 0x62, 0x08, 0x62, 0x08,
    0x62, 0x08, 0x62, 0x08, 0x62, 0x08, 0x62, 0x08, 0x62, 0x08, 0x62, 0x08, 0x62, 0x08, 0x62, 0x08,
    0x62, 0x08, 0x62, 0x08, 0x62, 0x08, 0x62, 0x08, 0x62, 0x08, 0x62, 0x08, 0x62, 0x08, 0x62, 0x08,
    0x62, 0x08, 0x62, 0x08, 0x62, 0x08, 0x62, 0x08, 0x62, 0x08, 0x62, 0x08, 0x62, 0x08, 0x62, 0x08,
    0x82, 0x08, 0x82, 0x08, 0x82, 0x08, 0x82, 0x08, 0x82, 0x08, 0x82, 0x08, 0x82, 0x08, 0x82, 0x08,
    0x82, 0x08, 0x83, 0x08, 0x83, 0x08, 0x83, 0x08, 0x83, 0x08, 0x83, 0x08, 0x83, 0x08, 0x83, 0x08,
    0x83, 0x08, 0x83, 0x08, 0xA3, 0x08, 0xA3, 0x08, 0xA3, 0x08, 0xA3, 0x08, 0xA3, 0x08, 0xA3, 0x08,
    0xA3, 0x08, 0xA3, 0x08, 0xA3, 0x08, 0xA3, 0x08, 0xA3, 0x08, 0xA3, 0x08, 0xA3, 0x08, 0xC3, 0x08,
    0xC3, 0x08, 0xC3, 0x08, 0xC3, 0x08, 0xC4, 0x08, 0xC4, 0x08, 0xC4, 0x08, 0xC4, 0x08, 0xC4, 0x08,
    0xC4, 0x08, 0xE4, 0x08, 0xE4, 0x08, 0xE4, 0x08, 0xE4, 0x08, 0xE4, 0x08, 0xE4, 0x08, 0xE4, 0x08,
    0xE4, 0x08, 0xE4, 0x08, 0x04, 0x09, 0x04, 0x09, 0x04, 0x09, 0x05, 0x09, 0x05, 0x09, 0x05, 0x09,
    0x05, 0x09, 0x05, 0x09, 0x05, 0x09, 0x25, 0x09, 0x25, 0x09, 0x25, 0x09, 0x25, 0x09, 0x25, 0x09,
    0x25, 0x09, 0x25, 0x09, 0x25, 0x09, 0x45, 0x09, 0x46, 0x09, 0x46, 0x09, 0x46, 0x09, 0x46, 0x09,
    0x46, 0x09, 0x46, 0x09, 0x66, 0x09, 0x66, 0x09, 0x66, 0x09, 0x66, 0x09, 0x66, 0x09, 0x66, 0x11,
    0x66, 0x11, 0x66, 0x11, 0x87, 0x11, 0x87, 0x11, 0x87, 0x11, 0x87, 0x11, 0x87, 0x11, 0x87, 0x11,
    0x87, 0x11, 0xA7, 0x11, 0xA7, 0x11, 0xA7, 0x11, 0xA7, 0x11, 0xA7, 0x11, 0xA7, 0x11, 0xA7, 0x11,
    0xA7, 0x11, 0xC8, 0x11, 0xC8, 0x11, 0xC8, 0x11, 0xC8, 0x11, 0xC8, 0x11, 0xC8, 0x11, 0xC8, 0x11,
    0xC8, 0x11, 0xC8, 0x11, 0xC8, 0x11, 0xE8, 0x11, 0xE8, 0x11, 0xE8, 0x11, 0xE8, 0x11, 0xE8, 0x11,
    0xE8, 0x11, 0xE8, 0x11, 0xE8, 0x11, 0xE8, 0x11, 0xE8, 0x11, 0xE8, 0x11, 0xE8, 0x11, 0xE8, 0x11,
    0xE8, 0x11, 0xE8, 0x11, 0xE8, 0x11, 0xE8, 0x11, 0xE8, 0x11, 0xE8, 0x11, 0xE8, 0x11, 0xE8, 0x11,
    0xE8, 0x11, 0xE8, 0x11, 0xE8, 0x11, 0xE8, 0x11, 0xE8, 0x11, 0xE8, 0x11, 0xE8, 0x11, 0xE8, 0x11,
    0xE8, 0x11, 0xC8, 0x11, 0xC8, 0x11, 0xC8, 0x11, 0xC8, 0x11, 0xC8, 0x11, 0xC8, 0x11, 0xC8, 0x11,
    0xC8, 0x11, 0xC8, 0x11, 0xC8, 0x11, 0xA7, 0x11, 0xA7, 0x11, 0xA7, 0x11, 0xA7, 0x11, 0xA7, 0x11,
    0xA7, 0x11, 0xA7, 0x11, 0xA7, 0x11, 0x87, 0x11, 0x87, 0x11, 0x87, 0x11, 0x87, 0x11, 0x87, 0x11,
    0x87, 0x11, 0x87, 0x11, 0x86, 0x11, 0x66, 0x11, 0x66, 0x11, 0x66, 0x09, 0x66, 0x09, 0x66, 0x09,
    0x66, 0x09, 0x66, 0x09, 0x46, 0x09, 0x46, 0x09, 0x46, 0x09, 0x46, 0x09, 0x46, 0x09, 0x46, 0x09,
    0x45, 0x09, 0x45, 0x09, 0x25, 0x09, 0x25, 0x09, 0x25, 0x09, 0x25, 0x09, 0x25, 0x09, 0x25, 0x09,
    0x25, 0x09, 0x25, 0x09, 0x05, 0x09, 0x05, 0x09, 0x05, 0x09, 0x05, 0x09, 0x05, 0x09, 0x05, 0x09,
    0x04, 0x09, 0x04, 0x09, 0xE4, 0x08, 0xE4, 0x08, 0xE4, 0x08, 0xE4, 0x08, 0xE4, 0x08, 0xE4, 0x08,
    0xE4, 0x08, 0xE4, 0x08, 0xE4, 0x08, 0xC4, 0x08, 0xC4, 0x08, 0xC4, 0x08, 0xC4, 0x08, 0xC4, 0x08,
    0xC4, 0x08, 0xC4, 0x08, 0xC3, 0x08, 0xC3, 0x08, 0xC3, 0x08, 0xC3, 0x08, 0xA3, 0x08, 0xA3, 0x08,
    0xA3, 0x08, 0xA3, 0x08, 0xA3, 0x08, 0xA3, 0x08, 0xA3, 0x08, 0xA3, 0x08, 0xA3, 0x08, 0xA3, 0x08,
    0xA3, 0x08, 0xA3, 0x08, 0x83, 0x08, 0x83, 0x08, 0x83, 0x08, 0x83, 0x08, 0x83, 0x08, 0x83, 0x08,
    0x83, 0x08, 0x83, 0x08, 0x83, 0x08, 0x82, 0x08, 0x82, 0x08, 0x82, 0x08, 0x82, 0x08, 0x82, 0x08,
    0x82, 0x08, 0x82, 0x08, 0x82, 0x08, 0x82, 0x08, 0x62, 0x08, 0x62, 0x08, 0x62, 0x08, 0x62, 0x08,
    0x62, 0x08, 0x62, 0x08, 0x62, 0x08, 0x62, 0x08, 0x62, 0x08, 0x62, 0x08, 0x62, 0x08, 0x62, 0x08,
    0x62, 0x08, 0x62, 0x08, 0x62, 0x08, 0x62, 0x08, 0x62, 0x08, 0x62, 0x08, 0x62, 0x08, 0x62, 0x08,
    0x62, 0x08, 0x62, 0x08, 0x62, 0x08, 0x62, 0x08, 0x62, 0x08, 0x62, 0x08, 0x62, 0x08, 0x62, 0x08,
    0x62, 0x08, 0x62, 0x08, 0x62, 0x08, 0x62, 0x08, 0x62, 0x08, 0x62, 0x08, 0x62, 0x08, 0x62, 0x08,
    0x62, 0x08, 0x62, 0x08, 0x62, 0x08, 0x62, 0x08, 0x62, 0x08, 0x62, 0x08, 0x62, 0x08, 0x62, 0x08,
    0x62, 0x08, 0x62, 0x08, 0x62, 0x08, 0x62, 0x08, 0x62, 0x08, 0x62, 0x08, 0x62, 0x08, 0x62, 0x08,
    0x62, 0x08, 0x62, 0x08, 0x62, 0x08, 0x62, 0x08, 0x62, 0x08, 0x62, 0x08, 0x62, 0x08, 0x62, 0x08,
    0x62, 0x08, 0x62, 0x08, 0x62, 0x08, 0x62, 0x08, 0x62, 0x08, 0x62, 0x08, 0x62, 0x08, 0x62, 0x08,
    0x62, 0x08, 0x62, 0x08, 0x62, 0x08, 0x62, 0x08, 0x62, 0x08, 0x62, 0x08, 0x62, 0x08, 0x62, 0x08,
    0x62, 0x08, 0x62, 0x08, 0x62, 0x08, 0x62, 0x08, 0x62, 0x08, 0x62, 0x08, 0x62, 0x08, 0x62, 0x08,
    0x62, 0x08, 0x62, 0x08, 0x62, 0x08, 0x62, 0x08, 0x62, 0x08, 0x62, 0x08, 0x62, 0x08, 0x62, 0x08,
    0x62, 0x08, 0x62, 0x08, 0x62, 0x08, 0x62, 0x08, 0x82, 0x08, 0x82, 0x08, 0x82, 0x08, 0x82, 0x08,
    0x82, 0x08, 0x82, 0x08, 0x82, 0x08, 0x82, 0x08, 0x82, 0x08, 0x83, 0x08, 0x83, 0x08, 0x83, 0x08,
    0x83, 0x08, 0x83, 0x08, 0x83, 0x08, 0x83, 0x08, 0x83, 0x08, 0x83, 0x08, 0xA3, 0x08, 0xA3, 0x08,
    0xA3, 0x08, 0xA3, 0x08, 0xA3, 0x08, 0xA3, 0x08, 0xA3, 0x08, 0xA3, 0x08, 0xA3, 0x08, 0xA3, 0x08,
    0xA3, 0x08, 0xA3, 0x08, 0xC3, 0x08, 0xC3, 0x08, 0xC3, 0x08, 0xC3, 0x08, 0xC4, 0x08, 0xC4, 0x08,
    0xC4, 0x08, 0xC4, 0x08, 0xC4, 0x08, 0xC4, 0x08, 0xC4, 0x08, 0xE4, 0x08, 0xE4, 0x08, 0xE4, 0x08,
    0xE4, 0x08, 0xE4, 0x08, 0xE4, 0x08, 0xE4, 0x08, 0xE4, 0x08, 0xE4, 0x08, 0x04, 0x09, 0x04, 0x09,
    0x05, 0x09, 0x05, 0x09, 0x05, 0x09, 0x05, 0x09, 0x05, 0x09, 0x05, 0x09, 0x25, 0x09, 0x25, 0x09,
    0x25, 0x09, 0x25, 0x09, 0x25, 0x09, 0x25, 0x09, 0x25, 0x09, 0x25, 0x09, 0x45, 0x09, 0x46, 0x09,
    0x46, 0x09, 0x46, 0x09, 0x46, 0x09, 0x46, 0x09, 0x46, 0x09, 0x66, 0x09, 0x66, 0x09, 0x66, 0x09,
    0x66, 0x09, 0x66, 0x09, 0x66, 0x11, 0x66, 0x11, 0x66, 0x11, 0x87, 0x11, 0x87, 0x11, 0x87, 0x11,
    0x87, 0x11, 0x87, 0x11, 0x87, 0x11, 0x87, 0x11, 0xA7, 0x11, 0xA7, 0x11, 0xA7, 0x11, 0xA7, 0x11,
    0xA7, 0x11, 0xA7, 0x11, 0xA7, 0x11, 0xA8, 0x11, 0xC8, 0x11, 0xC8, 0x11, 0xC8, 0x11, 0xC8, 0x11,
    0xC8, 0x11, 0xC8, 0x11, 0xC8, 0x11, 0xC8, 0x11, 0xC8, 0x11, 0xE8, 0x11, 0xE8, 0x11, 0xE8, 0x11,
    0xE8, 0x11, 0xE8, 0x11, 0xE8, 0x11, 0xE8, 0x11, 0xE8, 0x11, 0xE8, 0x11, 0xE8, 0x11, 0xE8, 0x11,
    0xE8, 0x11, 0xE8, 0x11, 0xE8, 0x11, 0xE8, 0x11, 0xE9, 0x11, 0xE9, 0x11, 0xE9, 0x11, 0xE9, 0x11,
    0xE8, 0x11, 0xE8, 0x11, 0xE8, 0x11, 0xE8, 0x11, 0xE8, 0x11, 0xE8, 0x11, 0xE8, 0x11, 0xE8, 0x11,
    0xE8, 0x11, 0xE8, 0x11, 0xE8, 0x11, 0xE8, 0x11, 0xE8, 0x11, 0xE8, 0x11, 0xE8, 0x11, 0xC8, 0x11,
    0xC8, 0x11, 0xC8, 0x11, 0xC8, 0x11, 0xC8, 0x11, 0xC8, 0x11, 0xC8, 0x11, 0xC8, 0x11, 0xC8, 0x11,
    0xC8, 0x11, 0xA7, 0x11, 0xA7, 0x11, 0xA7, 0x11, 0xA7, 0x11, 0xA7, 0x11, 0xA7, 0x11, 0xA7, 0x11,
    0x87, 0x11, 0x87, 0x11, 0x87, 0x11, 0x87, 0x11, 0x87, 0x11, 0x87, 0x11, 0x87, 0x11, 0x86, 0x11,
    0x66, 0x11, 0x66, 0x11, 0x66, 0x09, 0x66, 0x09, 0x66, 0x09, 0x66, 0x09, 0x66, 0x09, 0x46, 0x09,
    0x46, 0x09, 0x46, 0x09, 0x46, 0x09, 0x46, 0x09, 0x46, 0x09, 0x45, 0x09, 0x25, 0x09, 0x25, 0x09,
    0x25, 0x09, 0x25, 0x09, 0x25, 0x09, 0x25, 0x09, 0x25, 0x09, 0x25, 0x09, 0x05, 0x09, 0x05, 0x09,
    0x05, 0x09, 0x05, 0x09, 0x05, 0x09, 0x05, 0x09, 0x04, 0x09, 0x04, 0x09, 0xE4, 0x08, 0xE4, 0x08,
    0xE4, 0x08, 0xE4, 0x08, 0xE4, 0x08, 0xE4, 0x08, 0xE4, 0x08, 0xE4, 0x08, 0xE4, 0x08, 0xC4, 0x08,
    0xC4, 0x08, 0xC4, 0x08, 0xC4, 0x08, 0xC4, 0x08, 0xC4, 0x08, 0xC4, 0x08, 0xC3, 0x08, 0xC3, 0x08,
    0xC3, 0x08, 0xC3, 0x08, 0xA3, 0x08, 0xA3, 0x08, 0xA3, 0x08, 0xA3, 0x08, 0xA3, 0x08, 0xA3, 0x08,
    0xA3, 0x08, 0xA3, 0x08, 0xA3, 0x08, 0xA3, 0x08, 0xA3, 0x08, 0xA3, 0x08, 0x83, 0x08, 0x83, 0x08,
    0x83, 0x08, 0x83, 0x08, 0x83, 0x08, 0x83, 0x08, 0x83, 0x08, 0x83, 0x08, 0x83, 0x08, 0x82, 0x08,
    0x82, 0x08, 0x82, 0x08, 0x82, 0x08, 0x82, 0x08, 0x82, 0x08, 0x82, 0x08, 0x82, 0x08, 0x82, 0x08,
    0x62, 0x08, 0x62, 0x08, 0x62, 0x08, 0x62, 0x08, 0x62, 0x08, 0x62, 0x08, 0x62, 0x08, 0x62, 0x08,
    0x62, 0x08, 0x62, 0x08, 0x62, 0x08, 0x62, 0x08, 0x62, 0x08, 0x62, 0x08, 0x62, 0x08, 0x62, 0x08,
    0x62, 0x08, 0x62, 0x08, 0x62, 0x08, 0x62, 0x08, 0x62, 0x08, 0x62, 0x08, 0x62, 0x08, 0x62, 0x08,
    0x62, 0x08, 0x62, 0x08, 0x62, 0x08, 0x62, 0x08, 0x62, 0x08, 0x62, 0x08, 0x62, 0x08, 0x62, 0x08,
    0x62, 0x08, 0x62, 0x08, 0x62, 0x08, 0x62, 0x08, 0x62, 0x08, 0x62, 0x08, 0x62, 0x08, 0x62, 0x08,
    0x62, 0x08, 0x62, 0x08, 0x62, 0x08, 0x62, 0x08, 0x62, 0x08, 0x62, 0x08, 0x62, 0x08, 0x62, 0x08,
    0x62, 0x08, 0x62, 0x08, 0x62, 0x08, 0x62, 0x08, 0x62, 0x08, 0x62, 0x08, 0x62, 0x08, 0x62, 0x08,
    0x62, 0x08, 0x62, 0x08, 0x62, 0x08, 0x62, 0x08, 0x62, 0x08, 0x62, 0x08, 0x62, 0x08, 0x62, 0x08,
    0x62, 0x08, 0x62, 0x08, 0x62, 0x08, 0x62, 0x08, 0x62, 0x08, 0x62, 0x08, 0x62, 0x08, 0x62, 0x08,
    0x62, 0x08, 0x62, 0x08, 0x62, 0x08, 0x62, 0x08, 0x62, 0x08, 0x62, 0x08, 0x62, 0x08, 0x62, 0x08,
    0x62, 0x08, 0x62, 0x08, 0x62, 0x08, 0x62, 0x08, 0x62, 0x08, 0x62, 0x08, 0x62, 0x08, 0x62, 0x08,
    0x62, 0x08, 0x62, 0x08, 0x62, 0x08, 0x62, 0x08, 0x62, 0x08, 0x62, 0x08, 0x62, 0x08, 0x62, 0x08,
    0x82, 0x08, 0x82, 0x08, 0x82, 0x08, 0x82, 0x08, 0x82, 0x08, 0x82, 0x08, 0x82, 0x08, 0x82, 0x08,
    0x82, 0x08, 0x83, 0x08, 0x83, 0x08, 0x83, 0x08, 0x83, 0x08, 0x83, 0x08, 0x83, 0x08, 0x83, 0x08,
    0x83, 0x08, 0x83, 0x08, 0xA3, 0x08, 0xA3, 0x08, 0xA3, 0x08, 0xA3, 0x08, 0xA3, 0x08, 0xA3, 0x08,
    0xA3, 0x08, 0xA3, 0x08, 0xA3, 0x08, 0xA3, 0x08, 0xA3, 0x08, 0xA3, 0x08, 0xC3, 0x08, 0xC3, 0x08,
    0xC3, 0x08, 0xC3, 0x08, 0xC4, 0x08, 0xC4, 0x08, 0xC4, 0x08, 0xC4, 0x08, 0xC4, 0x08, 0xC4, 0x08,
    0xE4, 0x08, 0xE4, 0x08, 0xE4, 0x08, 0xE4, 0x08, 0xE4, 0x08, 0xE4, 0x08, 0xE4, 0x08, 0xE4, 0x08,
    0xE4, 0x08, 0x04, 0x09, 0x04, 0x09, 0x04, 0x09, 0x05, 0x09, 0x05, 0x09, 0x05, 0x09, 0x05, 0x09,
    0x05, 0x09, 0x05, 0x09, 0x25, 0x09, 0x25, 0x09, 0x25, 0x09, 0x25, 0x09, 0x25, 0x09, 0x25, 0x09,
    0x25, 0x09, 0x45, 0x09, 0x45, 0x09, 0x46, 0x09, 0x46, 0x09, 0x46, 0x09, 0x46, 0x09, 0x46, 0x09,
    0x46, 0x09, 0x66, 0x09, 0x66, 0x09, 0x66, 0x09, 0x66, 0x09, 0x66, 0x09, 0x66, 0x11, 0x66, 0x11,
    0x87, 0x11, 0x87, 0x11, 0x87, 0x11, 0x87, 0x11, 0x87, 0x11, 0x87, 0x11, 0x87, 0x11, 0xA7, 0x11,
    0xA7, 0x11, 0xA7, 0x11, 0xA7, 0x11, 0xA7, 0x11, 0xA7, 0x11, 0xA7, 0x11, 0xC7, 0x11, 0xC8, 0x11,
    0xC8, 0x11, 0xC8, 0x11, 0xC8, 0x11, 0xC8, 0x11, 0xC8, 0x11, 0xC8, 0x11, 0xC8, 0x11, 0xC8, 0x11,
    0xE8, 0x11, 0xE8, 0x11, 0xE8, 0x11, 0xE8, 0x11, 0xE8, 0x11, 0xE8, 0x11, 0xE8, 0x11, 0xE8, 0x11,
    0xE8, 0x11, 0xE8, 0x11, 0xE8, 0x11, 0xE9, 0x11, 0x09, 0x12, 0x09, 0x12, 0x09, 0x12, 0x09, 0x12,
    0x09, 0x12, 0x09, 0x12, 0x09, 0x12, 0x09, 0x12, 0x09, 0x12, 0x09, 0x12, 0xE9, 0x11, 0x09, 0x12,
    0xE9, 0x11, 0xE8, 0x11, 0xE8, 0x11, 0xE8, 0x11, 0xE8, 0x11, 0xE8, 0x11, 0xE8, 0x11, 0xE8, 0x11,
    0xE8, 0x11, 0xE8, 0x11, 0xE8, 0x11, 0xE8, 0x11, 0xE8, 0x11, 0xC8, 0x11, 0xC8, 0x11, 0xC8, 0x11,
    0xC8, 0x11, 0xC8, 0x11, 0xC8, 0x11, 0xC8, 0x11, 0xC8, 0x11, 0xC7, 0x11, 0xA7, 0x11, 0xA7, 0x11,
    0xA7, 0x11, 0xA7, 0x11, 0xA7, 0x11, 0xA7, 0x11, 0xA7, 0x11, 0x87, 0x11, 0x87, 0x11, 0x87, 0x11,
    0x87, 0x11, 0x87, 0x11, 0x87, 0x11, 0x87, 0x11, 0x66, 0x11, 0x66, 0x11, 0x66, 0x11, 0x66, 0x09,
    0x66, 0x09, 0x66, 0x09, 0x66, 0x09, 0x66, 0x09, 0x46, 0x09, 0x46, 0x09, 0x46, 0x09, 0x46, 0x09,
    0x46, 0x09, 0x46, 0x09, 0x45, 0x09, 0x25, 0x09, 0x25, 0x09, 0x25, 0x09, 0x25, 0x09, 0x25, 0x09,
    0x25, 0x09, 0x25, 0x09, 0x25, 0x09, 0x05, 0x09, 0x05, 0x09, 0x05, 0x09, 0x05, 0x09, 0x05, 0x09,
    0x05, 0x09, 0x04, 0x09, 0x04, 0x09, 0xE4, 0x08, 0xE4, 0x08, 0xE4, 0x08, 0xE4, 0x08, 0xE4, 0x08,
    0xE4, 0x08, 0xE4, 0x08, 0xE4, 0x08, 0xE4, 0x08, 0xC4, 0x08, 0xC4, 0x08, 0xC4, 0x08, 0xC4, 0x08,
    0xC4, 0x08, 0xC4, 0x08, 0xC3, 0x08, 0xC3, 0x08, 0xC3, 0x08, 0xC3, 0x08, 0xA3, 0x08, 0xA3, 0x08,
    0xA3, 0x08, 0xA3, 0x08, 0xA3, 0x08, 0xA3, 0x08, 0xA3, 0x08, 0xA3, 0x08, 0xA3, 0x08, 0xA3, 0x08,
    0xA3, 0x08, 0xA3, 0x08, 0xA3, 0x08, 0x83, 0x08, 0x83, 0x08, 0x83, 0x08, 0x83, 0x08, 0x83, 0x08,
    0x83, 0x08, 0x83, 0x08, 0x83, 0x08, 0x82, 0x08, 0x82, 0x08, 0x82, 0x08, 0x82, 0x08, 0x82, 0x08,
    0x82, 0x08, 0x82, 0x08, 0x82, 0x08, 0x82, 0x08, 0x82, 0x08, 0x62, 0x08, 0x62, 0x08, 0x62, 0x08,
    0x62, 0x08, 0x62, 0x08, 0x62, 0x08, 0x62, 0x08, 0x62, 0x08, 0x62, 0x08, 0x62, 0x08, 0x62, 0x08,
    0x62, 0x08, 0x62, 0x08, 0x62, 0x08, 0x62, 0x08, 0x62, 0x08, 0x62, 0x08, 0x62, 0x08, 0x62, 0x08,
    0x62, 0x08, 0x62, 0x08, 0x62, 0x08, 0x62, 0x08, 0x62, 0x08, 0x62, 0x08, 0x62, 0x08, 0x62, 0x08,
    0x62, 0x08, 0x62, 0x08, 0x62, 0x08, 0x62, 0x08, 0x62, 0x08, 0x62, 0x08, 0x62, 0x08, 0x62, 0x08,
    0x62, 0x08, 0x62, 0x08, 0x62, 0x08, 0x62, 0x08, 0x62, 0x08, 0x62, 0x08, 0x62, 0x08, 0x62, 0x08,
    0x62, 0x08, 0x62, 0x08, 0x62, 0x08, 0x62, 0x08, 0x62, 0x08, 0x62, 0x08, 0x62, 0x08, 0x62, 0x08,
    0x62, 0x08, 0x62, 0x08, 0x62, 0x08, 0x62, 0x08, 0x62, 0x08, 0x62, 0x08, 0x62, 0x08, 0x62, 0x08,
    0x62, 0x08, 0x62, 0x08, 0x62, 0x08, 0x62, 0x08, 0x62, 0x08, 0x62, 0x08, 0x62, 0x08, 0x62, 0x08,
    0x62, 0x08, 0x62, 0x08, 0x62, 0x08, 0x62, 0x08, 0x62, 0x08, 0x62, 0x08, 0x62, 0x08, 0x62, 0x08,
    0x62, 0x08, 0x62, 0x08, 0x62, 0x08, 0x62, 0x08, 0x62, 0x08, 0x62, 0x08, 0x62, 0x08, 0x62, 0x08,
    0x62, 0x08, 0x62, 0x08, 0x62, 0x08, 0x62, 0x08, 0x62, 0x08, 0x62, 0x08, 0x62, 0x08, 0x62, 0x08,
    0x62, 0x08, 0x62, 0x08, 0x62, 0x08, 0x82, 0x08, 0x82, 0x08, 0x82, 0x08, 0x82, 0x08, 0x82, 0x08,
    0x82, 0x08, 0x82, 0x08, 0x82, 0x08, 0x82, 0x08, 0x82, 0x08, 0x83, 0x08, 0x83, 0x08, 0x83, 0x08,
    0x83, 0x08, 0x83, 0x08, 0x83, 0x08, 0x83, 0x08, 0x83, 0x08, 0xA3, 0x08, 0xA3, 0x08, 0xA3, 0x08,
    0xA3, 0x08, 0xA3, 0x08, 0xA3, 0x08, 0xA3, 0x08, 0xA3, 0x08, 0xA3, 0x08, 0xA3, 0x08, 0xA3, 0x08,
    0xA3, 0x08, 0xA3, 0x08, 0xC3, 0x08, 0xC3, 0x08, 0xC3, 0x08, 0xC3, 0x08, 0xC4, 0x08, 0xC4, 0x08,
    0xC4, 0x08, 0xC4, 0x08, 0xC4, 0x08, 0xC4, 0x08, 0xE4, 0x08, 0xE4, 0x08, 0xE4, 0x08, 0xE4, 0x08,
    0xE4, 0x08, 0xE4, 0x08, 0xE4, 0x08, 0xE4, 0x08, 0xE4, 0x08, 0x04, 0x09, 0x04, 0x09, 0x05, 0x09,
    0x05, 0x09, 0x05, 0x09, 0x05, 0x09, 0x05, 0x09, 0x05, 0x09, 0x25, 0x09, 0x25, 0x09, 0x25, 0x09,
    0x25, 0x09, 0x25, 0x09, 0x25, 0x09, 0x25, 0x09, 0x25, 0x09, 0x45, 0x09, 0x46, 0x09, 0x46, 0x09,
    0x46, 0x09, 0x46, 0x09, 0x46, 0x09, 0x46, 0x09, 0x66, 0x09, 0x66, 0x09, 0x66, 0x09, 0x66, 0x09,
    0x66, 0x09, 0x66, 0x11, 0x66, 0x11, 0x86, 0x11, 0x87, 0x11, 0x87, 0x11, 0x87, 0x11, 0x87, 0x11,
    0x87, 0x11, 0x87, 0x11, 0xA7, 0x11, 0xA7, 0x11, 0xA7, 0x11, 0xA7, 0x11, 0xA7, 0x11, 0xA7, 0x11,
    0xA7, 0x11, 0xA8, 0x11, 0xC8, 0x11, 0xC8, 0x11, 0xC8, 0x11, 0xC8, 0x11, 0xC8, 0x11, 0xC8, 0x11,
    0xC8, 0x11, 0xE8, 0x11, 0xE8, 0x11, 0xE8, 0x11, 0xE8, 0x11, 0xE8, 0x11, 0xE8, 0x11, 0xE8, 0x11,
    0xE8, 0x11, 0xE8, 0x11, 0xE8, 0x11, 0xE9, 0x11, 0x09, 0x12, 0x09, 0x12, 0x09, 0x12, 0x09, 0x12,
    0x09, 0x12, 0x09, 0x12, 0x09, 0x12, 0x09, 0x12, 0x09, 0x12, 0x09, 0x12, 0x09, 0x12, 0x09, 0x12,
    0x09, 0x12, 0x09, 0x12, 0x09, 0x12, 0x09, 0x12, 0x09, 0x12, 0x09, 0x12, 0x09, 0x12, 0x09, 0x12,
    0xE9, 0x11, 0xE9, 0x11, 0xE8, 0x11, 0xE8, 0x11, 0xE8, 0x11, 0xE8, 0x11, 0xE8, 0x11, 0xE8, 0x11,
    0xE8, 0x11, 0xE8, 0x11, 0xE8, 0x11, 0xC8, 0x11, 0xC8, 0x11, 0xC8, 0x11, 0xC8, 0x11, 0xC8, 0x11,
    0xC8, 0x11, 0xC8, 0x11, 0xC8, 0x11, 0xA7, 0x11, 0xA7, 0x11, 0xA7, 0x11, 0xA7, 0x11, 0xA7, 0x11,
    0xA7, 0x11, 0xA7, 0x11, 0x87, 0x11, 0x87, 0x11, 0x87, 0x11, 0x87, 0x11, 0x87, 0x11, 0x87, 0x11,
    0x87, 0x11, 0x66, 0x11, 0x66, 0x11, 0x66, 0x09, 0x66, 0x09, 0x66, 0x09, 0x66, 0x09, 0x66, 0x09,
    0x46, 0x09, 0x46, 0x09, 0x46, 0x09, 0x46, 0x09, 0x46, 0x09, 0x46, 0x09, 0x45, 0x09, 0x25, 0x09,
    0x25, 0x09, 0x25, 0x09, 0x25, 0x09, 0x25, 0x09, 0x25, 0x09, 0x25, 0x09, 0x25, 0x09, 0x05, 0x09,
    0x05, 0x09, 0x05, 0x09, 0x05, 0x09, 0x05, 0x09, 0x05, 0x09, 0x04, 0x09, 0x04, 0x09, 0xE4, 0x08,
    0xE4, 0x08, 0xE4, 0x08, 0xE4, 0x08, 0xE4, 0x08, 0xE4, 0x08, 0xE4, 0x08, 0xE4, 0x08, 0xE4, 0x08,
    0xC4, 0x08, 0xC4, 0x08, 0xC4, 0x08, 0xC4, 0x08, 0xC4, 0x08, 0xC4, 0x08, 0xC4, 0x08, 0xC3, 0x08,
    0xC3, 0x08, 0xC3, 0x08, 0xC3, 0x08, 0xA3, 0x08, 0xA3, 0x08, 0xA3, 0x08, 0xA3, 0x08, 0xA3, 0x08,
    0xA3, 0x08, 0xA3, 0x08, 0xA3, 0x08, 0xA3, 0x08, 0xA3, 0x08, 0xA3, 0x08, 0xA3, 0x08, 0x83, 0x08,
    0x83, 0x08, 0x83, 0x08, 0x83, 0x08, 0x83, 0x08, 0x83, 0x08, 0x83, 0x08, 0x83, 0x08, 0x83, 0x08,
    0x82, 0x08, 0x82, 0x08, 0x82, 0x08, 0x82, 0x08, 0x82, 0x08, 0x82, 0x08, 0x82, 0x08, 0x82, 0x08,
    0x82, 0x08, 0x62, 0x08, 0x62, 0x08, 0x62, 0x08, 0x62, 0x08, 0x62, 0x08, 0x62, 0x08, 0x62, 0x08,
    0x62, 0x08, 0x62, 0x08, 0x62, 0x08, 0x62, 0x08, 0x62, 0x08, 0x62, 0x08, 0x62, 0x08, 0x62, 0x08,
    0x62, 0x08, 0x62, 0x08, 0x62, 0x08, 0x62, 0x08, 0x62, 0x08, 0x62, 0x08, 0x62, 0x08, 0x62, 0x08,
    0x62, 0x08, 0x62, 0x08, 0x62, 0x08, 0x62, 0x08, 0x62, 0x08, 0x62, 0x08, 0x62, 0x08, 0x62, 0x08,
    0x62, 0x08, 0x62, 0x08, 0x62, 0x08, 0x62, 0x08, 0x62, 0x08, 0x62, 0x08, 0x62, 0x08, 0x62, 0x08,
    0x62, 0x08, 0x62, 0x08, 0x62, 0x08, 0x62, 0x08, 0x62, 0x08, 0x62, 0x08, 0x62, 0x08, 0x62, 0x08,
    0x62, 0x08, 0x62, 0x08, 0x62, 0x08, 0x62, 0x08, 0x62, 0x08, 0x62, 0x08, 0x62, 0x08, 0x62, 0x08,
    0x62, 0x08, 0x62, 0x08, 0x62, 0x08, 0x62, 0x08, 0x62, 0x08, 0x62, 0x08, 0x62, 0x08, 0x62, 0x08,
    0x62, 0x08, 0x62, 0x08, 0x62, 0x08, 0x62, 0x08, 0x62, 0x08, 0x62, 0x08, 0x62, 0x08, 0x62, 0x08,
    0x62, 0x08, 0x62, 0x08, 0x62, 0x08, 0x62, 0x08, 0x62, 0x08, 0x62, 0x08, 0x62, 0x08, 0x62, 0x08,
    0x62, 0x08, 0x62, 0x08, 0x62, 0x08, 0x62, 0x08, 0x62, 0x08, 0x62, 0x08, 0x62, 0x08, 0x62, 0x08,
    0x62, 0x08, 0x62, 0x08, 0x62, 0x08, 0x62, 0x08, 0x62, 0x08, 0x62, 0x08, 0x62, 0x08, 0x82, 0x08,
    0x82, 0x08, 0x82, 0x08, 0x82, 0x08, 0x82, 0x08, 0x82, 0x08, 0x82, 0x08, 0x82, 0x08, 0x82, 0x08,
    0x83, 0x08, 0x83, 0x08, 0x83, 0x08, 0x83, 0x08, 0x83, 0x08, 0x83, 0x08, 0x83, 0x08, 0x83, 0x08,
    0x83, 0x08, 0xA3, 0x08, 0xA3, 0x08, 0xA3, 0x08, 0xA3, 0x08, 0xA3, 0x08, 0xA3, 0x08, 0xA3, 0x08,
    0xA3, 0x08, 0xA3, 0x08, 0xA3, 0x08, 0xA3, 0x08, 0xA3, 0x08, 0xC3, 0x08, 0xC3, 0x08, 0xC3, 0x08,
    0xC3, 0x08, 0xC4, 0x08, 0xC4, 0x08, 0xC4, 0x08, 0xC4, 0x08, 0xC4, 0x08, 0xC4, 0x08, 0xC4, 0x08,
    0xE4, 0x08, 0xE4, 0x08, 0xE4, 0x08, 0xE4, 0x08, 0xE4, 0x08, 0xE4, 0x08, 0xE4, 0x08, 0xE4, 0x08,
    0xE4, 0x08, 0x04, 0x09, 0x04, 0x09, 0x05, 0x09, 0x05, 0x09, 0x05, 0x09, 0x05, 0x09, 0x05, 0x09,
    0x05, 0x09, 0x25, 0x09, 0x25, 0x09, 0x25, 0x09, 0x25, 0x09, 0x25, 0x09, 0x25, 0x09, 0x25, 0x09,
    0x45, 0x09, 0x45, 0x09, 0x46, 0x09, 0x46, 0x09, 0x46, 0x09, 0x46, 0x09, 0x46, 0x09, 0x66, 0x09,
    0x66, 0x09, 0x66, 0x09, 0x66, 0x09, 0x66, 0x09, 0x66, 0x11, 0x66, 0x11, 0x66, 0x11, 0x87, 0x11,
    0x87, 0x11, 0x87, 0x11, 0x87, 0x11, 0x87, 0x11, 0x87, 0x11, 0xA7, 0x11, 0xA7, 0x11, 0xA7, 0x11,
    0xA7, 0x11, 0xA7, 0x11, 0xA7, 0x11, 0xA7, 0x11, 0xC8, 0x11, 0xC8, 0x11, 0xC8, 0x11, 0xC8, 0x11,
    0xC8, 0x11, 0xC8, 0x11, 0xC8, 0x11, 0xC8, 0x11, 0xE8, 0x11, 0xE8, 0x11, 0xE8, 0x11, 0xE8, 0x11,
    0xE8, 0x11, 0xE8, 0x11, 0xE8, 0x11, 0xE8, 0x11, 0xE8, 0x11, 0xE9, 0x11, 0x09, 0x12, 0x09, 0x12,
    0x09, 0x12, 0x09, 0x12, 0x09, 0x12, 0x09, 0x12, 0x09, 0x12, 0x09, 0x12, 0x09, 0x12, 0x09, 0x12,
    0x09, 0x12, 0x09, 0x12, 0x09, 0x12, 0x09, 0x12, 0x09, 0x12, 0x09, 0x12, 0x09, 0x12, 0x09, 0x12,
    0x09, 0x12, 0x09, 0x12, 0x09, 0x12, 0x09, 0x12, 0x09, 0x12, 0x09, 0x12, 0xE9, 0x11, 0xE9, 0x11,
    0xE8, 0x11, 0xE8, 0x11, 0xE8, 0x11, 0xE8, 0x11, 0xE8, 0x11, 0xE8, 0x11, 0xE8, 0x11, 0xE8, 0x11,
    0xC8, 0x11, 0xC8, 0x11, 0xC8, 0x11, 0xC8, 0x11, 0xC8, 0x11, 0xC8, 0x11, 0xC8, 0x11, 0xA8, 0x11,
    0xA7, 0x11, 0xA7, 0x11, 0xA7, 0x11, 0xA7, 0x11, 0xA7, 0x11, 0xA7, 0x11, 0xA7, 0x11, 0x87, 0x11,
    0x87, 0x11, 0x87, 0x11, 0x87, 0x11, 0x87, 0x11, 0x87, 0x11, 0x86, 0x11, 0x66, 0x11, 0x66, 0x11,
    0x66, 0x09, 0x66, 0x09, 0x66, 0x09, 0x66, 0x09, 0x66, 0x09, 0x46, 0x09, 0x46, 0x09, 0x46, 0x09,
    0x46, 0x09, 0x46, 0x09, 0x46, 0x09, 0x45, 0x09, 0x25, 0x09, 0x25, 0x09, 0x25, 0x09, 0x25, 0x09,
    0x25, 0x09, 0x25, 0x09, 0x25, 0x09, 0x25, 0x09, 0x05, 0x09, 0x05, 0x09, 0x05, 0x09, 0x05, 0x09,
    0x05, 0x09, 0x04, 0x09, 0x04, 0x09, 0x04, 0x09, 0xE4, 0x08, 0xE4, 0x08, 0xE4, 0x08, 0xE4, 0x08,
    0xE4, 0x08, 0xE4, 0x08, 0xE4, 0x08, 0xE4, 0x08, 0xE4, 0x08, 0xC4, 0x08, 0xC4, 0x08, 0xC4, 0x08,
    0xC4, 0x08, 0xC4, 0x08, 0xC4, 0x08, 0xC3, 0x08, 0xC3, 0x08, 0xC3, 0x08, 0xC3, 0x08, 0xA3, 0x08,
    0xA3, 0x08, 0xA3, 0x08, 0xA3, 0x08, 0xA3, 0x08, 0xA3, 0x08, 0xA3, 0x08, 0xA3, 0x08, 0xA3, 0x08,
    0xA3, 0x08, 0xA3, 0x08, 0xA3, 0x08, 0x83, 0x08, 0x83, 0x08, 0x83, 0x08, 0x83, 0x08, 0x83, 0x08,
    0x83, 0x08, 0x83, 0x08, 0x83, 0x08, 0x83, 0x08, 0x82, 0x08, 0x82, 0x08, 0x82, 0x08, 0x82, 0x08,
    0x82, 0x08, 0x82, 0x08, 0x82, 0x08, 0x82, 0x08, 0x82, 0x08, 0x62, 0x08, 0x62, 0x08, 0x62, 0x08,
    0x62, 0x08, 0x62, 0x08, 0x62, 0x08, 0x62, 0x08, 0x62, 0x08, 0x62, 0x08, 0x62, 0x08, 0x62, 0x08,
    0x62, 0x08, 0x62, 0x08, 0x62, 0x08, 0x62, 0x08, 0x62, 0x08, 0x62, 0x08, 0x62, 0x08, 0x62, 0x08,
    0x62, 0x08, 0x62, 0x08, 0x62, 0x08, 0x62, 0x08, 0x62, 0x08, 0x62, 0x08, 0x62, 0x08, 0x62, 0x08,
    0x62, 0x08, 0x62, 0x08, 0x62, 0x08, 0x62, 0x08, 0x62, 0x08, 0x62, 0x08, 0x62, 0x08, 0x62, 0x08,
    0x62, 0x08, 0x62, 0x08, 0x62, 0x08, 0x62, 0x08, 0x62, 0x08, 0x62, 0x08, 0x62, 0x08, 0x62, 0x08,
    0x62, 0x08, 0x62, 0x08, 0x62, 0x08, 0x62, 0x08, 0x62, 0x08, 0x62, 0x08, 0x62, 0x08, 0x62, 0x08,
    0x62, 0x08, 0x62, 0x08, 0x62, 0x08, 0x62, 0x08, 0x62, 0x08, 0x62, 0x08, 0x62, 0x08, 0x62, 0x08,
    0x62, 0x08, 0x62, 0x08, 0x62, 0x08, 0x62, 0x08, 0x62, 0x08, 0x62, 0x08, 0x62, 0x08, 0x62, 0x08,
    0x62, 0x08, 0x62, 0x08, 0x62, 0x08, 0x62, 0x08, 0x62, 0x08, 0x62, 0x08, 0x62, 0x08, 0x62, 0x08,
    0x62, 0x08, 0x62, 0x08, 0x62, 0x08, 0x62, 0x08, 0x62, 0x08, 0x62, 0x08, 0x62, 0x08, 0x62, 0x08,
    0x62, 0x08, 0x62, 0x08, 0x62, 0x08, 0x62, 0x08, 0x62, 0x08, 0x62, 0x08, 0x62, 0x08, 0x62, 0x08,
    0x62, 0x08, 0x62, 0x08, 0x62, 0x08, 0x82, 0x08, 0x82, 0x08, 0x82, 0x08, 0x82, 0x08, 0x82, 0x08,
    0x82, 0x08, 0x82, 0x08, 0x82, 0x08, 0x82, 0x08, 0x83, 0x08, 0x83, 0x08, 0x83, 0x08, 0x83, 0x08,
    0x83, 0x08, 0x83, 0x08, 0x83, 0x08, 0x83, 0x08, 0x83, 0x08, 0xA3, 0x08, 0xA3, 0x08, 0xA3, 0x08,
    0xA3, 0x08, 0xA3, 0x08, 0xA3, 0x08, 0xA3, 0x08, 0xA3, 0x08, 0xA3, 0x08, 0xA3, 0x08, 0xA3, 0x08,
    0xA3, 0x08, 0xC3, 0x08, 0xC3, 0x08, 0xC3, 0x08, 0xC3, 0x08, 0xC4, 0x08, 0xC4, 0x08, 0xC4, 0x08,
    0xC4, 0x08, 0xC4, 0x08, 0xC4, 0x08, 0xE4, 0x08, 0xE4, 0x08, 0xE4, 0x08, 0xE4, 0x08, 0xE4, 0x08,
    0xE4, 0x08, 0xE4, 0x08, 0xE4, 0x08, 0xE4, 0x08, 0x04, 0x09, 0x04, 0x09, 0x05, 0x09, 0x05, 0x09,
    0x05, 0x09, 0x05, 0x09, 0x05, 0x09, 0x05, 0x09, 0x25, 0x09, 0x25, 0x09, 0x25, 0x09, 0x25, 0x09,
    0x25, 0x09, 0x25, 0x09, 0x25, 0x09, 0x25, 0x09, 0x45, 0x09, 0x46, 0x09, 0x46, 0x09, 0x46, 0x09,
    0x46, 0x09, 0x46, 0x09, 0x46, 0x09, 0x66, 0x09, 0x66, 0x09, 0x66, 0x09, 0x66, 0x09, 0x66, 0x09,
    0x66, 0x11, 0x66, 0x11, 0x87, 0x11, 0x87, 0x11, 0x87, 0x11, 0x87, 0x11, 0x87, 0x11, 0x87, 0x11,
    0x87, 0x11, 0xA7, 0x11, 0xA7, 0x11, 0xA7, 0x11, 0xA7, 0x11, 0xA7, 0x11, 0xA7, 0x11, 0xA8, 0x11,
    0xC8, 0x11, 0xC8, 0x11, 0xC8, 0x11, 0xC8, 0x11, 0xC8, 0x11, 0xC8, 0x11, 0xC8, 0x11, 0xE8, 0x11,
    0xE8, 0x11, 0xE8, 0x11, 0xE8, 0x11, 0xE8, 0x11, 0xE8, 0x11, 0xE8, 0x11, 0xE8, 0x11, 0xE9, 0x11,
    0x09, 0x12, 0x09, 0x12, 0x09, 0x12, 0x09, 0x12, 0x09, 0x12, 0x09, 0x12, 0x09, 0x12, 0x09, 0x12,
    0x09, 0x12, 0x09, 0x12, 0x09, 0x12, 0x09, 0x12, 0x09, 0x12, 0x09, 0x12, 0x09, 0x12, 0x09, 0x12,
    0x09, 0x12, 0x09, 0x12, 0x09, 0x12, 0x09, 0x12, 0x09, 0x12, 0x09, 0x12, 0x09, 0x12, 0x09, 0x12,
    0x09, 0x12, 0x09, 0x12, 0x09, 0x12, 0x09, 0x12, 0x09, 0x12, 0xE9, 0x11, 0xE8, 0x11, 0xE8, 0x11,
    0xE8, 0x11, 0xE8, 0x11, 0xE8, 0x11, 0xE8, 0x11, 0xE8, 0x11, 0xE8, 0x11, 0xC8, 0x11, 0xC8, 0x11,
    0xC8, 0x11, 0xC8, 0x11, 0xC8, 0x11, 0xC8, 0x11, 0xC8, 0x11, 0xA7, 0x11, 0xA7, 0x11, 0xA7, 0x11,
    0xA7, 0x11, 0xA7, 0x11, 0xA7, 0x11, 0xA7, 0x11, 0x87, 0x11, 0x87, 0x11, 0x87, 0x11, 0x87, 0x11,
    0x87, 0x11, 0x87, 0x11, 0x66, 0x11, 0x66, 0x11, 0x66, 0x11, 0x66, 0x09, 0x66, 0x09, 0x66, 0x09,
    0x66, 0x09, 0x46, 0x09, 0x46, 0x09, 0x46, 0x09, 0x46, 0x09, 0x46, 0x09, 0x46, 0x09, 0x45, 0x09,
    0x25, 0x09, 0x25, 0x09, 0x25, 0x09, 0x25, 0x09, 0x25, 0x09, 0x25, 0x09, 0x25, 0x09, 0x25, 0x09,
    0x05, 0x09, 0x05, 0x09, 0x05, 0x09, 0x05, 0x09, 0x05, 0x09, 0x05, 0x09, 0x04, 0x09, 0x04, 0x09,
    0xE4, 0x08, 0xE4, 0x08, 0xE4, 0x08, 0xE4, 0x08, 0xE4, 0x08, 0xE4, 0x08, 0xE4, 0x08, 0xE4, 0x08,
    0xE4, 0x08, 0xC4, 0x08, 0xC4, 0x08, 0xC4, 0x08, 0xC4, 0x08, 0xC4, 0x08, 0xC4, 0x08, 0xC3, 0x08,
    0xC3, 0x08, 0xC3, 0x08, 0xC3, 0x08, 0xA3, 0x08, 0xA3, 0x08, 0xA3, 0x08, 0xA3, 0x08, 0xA3, 0x08,
    0xA3, 0x08, 0xA3, 0x08, 0xA3, 0x08, 0xA3, 0x08, 0xA3, 0x08, 0xA3, 0x08, 0xA3, 0x08, 0xA3, 0x08,
    0x83, 0x08, 0x83, 0x08, 0x83, 0x08, 0x83, 0x08, 0x83, 0x08, 0x83, 0x08, 0x83, 0x08, 0x83, 0x08,
    0x82, 0x08, 0x82, 0x08, 0x82, 0x08, 0x82, 0x08, 0x82, 0x08, 0x82, 0x08, 0x82, 0x08, 0x82, 0x08,
    0x82, 0x08, 0x62, 0x08, 0x62, 0x08, 0x62, 0x08, 0x62, 0x08, 0x62, 0x08, 0x62, 0x08, 0x62, 0x08,
    0x62, 0x08, 0x62, 0x08, 0x62, 0x08, 0x62, 0x08, 0x62, 0x08, 0x62, 0x08, 0x62, 0x08, 0x62, 0x08,
    0x62, 0x08, 0x62, 0x08, 0x62, 0x08, 0x62, 0x08, 0x62, 0x08, 0x62, 0x08, 0x62, 0x08, 0x62, 0x08,
    0x62, 0x08, 0x62, 0x08, 0x62, 0x08, 0x62, 0x08, 0x62, 0x08, 0x62, 0x08, 0x62, 0x08, 0x62, 0x08,
    0x62, 0x08, 0x62, 0x08, 0x62, 0x08, 0x62, 0x08, 0x62, 0x08, 0x62, 0x08, 0x62, 0x08, 0x62, 0x08,
    0x62, 0x08, 0x62, 0x08, 0x62, 0x08, 0x62, 0x08, 0x62, 0x08, 0x62, 0x08, 0x62, 0x08, 0x62, 0x08,
    0x62, 0x08, 0x62, 0x08, 0x62, 0x08, 0x62, 0x08, 0x62, 0x08, 0x62, 0x08, 0x62, 0x08, 0x62, 0x08,
    0x62, 0x08, 0x62, 0x08, 0x62, 0x08, 0x62, 0x08, 0x62, 0x08, 0x62, 0x08, 0x62, 0x08, 0x62, 0x08,
    0x62, 0x08, 0x62, 0x08, 0x62, 0x08, 0x62, 0x08, 0x62, 0x08, 0x62, 0x08, 0x62, 0x08, 0x62, 0x08,
    0x62, 0x08, 0x62, 0x08, 0x62, 0x08, 0x62, 0x08, 0x62, 0x08, 0x62, 0x08, 0x62, 0x08, 0x62, 0x08,
    0x62, 0x08, 0x62, 0x08, 0x62, 0x08, 0x62, 0x08, 0x62, 0x08, 0x62, 0x08, 0x62, 0x08, 0x62, 0x08,
    0x62, 0x08, 0x62, 0x08, 0x62, 0x08, 0x62, 0x08, 0x62, 0x08, 0x62, 0x08, 0x62, 0x08, 0x82, 0x08,
    0x82, 0x08, 0x82, 0x08, 0x82, 0x08, 0x82, 0x08, 0x82, 0x08, 0x82, 0x08, 0x82, 0x08, 0x82, 0x08,
    0x83, 0x08, 0x83, 0x08, 0x83, 0x08, 0x83, 0x08, 0x83, 0x08, 0x83, 0x08, 0x83, 0x08, 0x83, 0x08,
    0xA3, 0x08, 0xA3, 0x08, 0xA3, 0x08, 0xA3, 0x08, 0xA3, 0x08, 0xA3, 0x08, 0xA3, 0x08, 0xA3, 0x08,
    0xA3, 0x08, 0xA3, 0x08, 0xA3, 0x08, 0xA3, 0x08, 0xA3, 0x08, 0xC3, 0x08, 0xC3, 0x08, 0xC3, 0x08,
    0xC3, 0x08, 0xC4, 0x08, 0xC4, 0x08, 0xC4, 0x08, 0xC4, 0x08, 0xC4, 0x08, 0xC4, 0x08, 0xE4, 0x08,
    0xE4, 0x08, 0xE4, 0x08, 0xE4, 0x08, 0xE4, 0x08, 0xE4, 0x08, 0xE4, 0x08, 0xE4, 0x08, 0xE4, 0x08,
    0x04, 0x09, 0x04, 0x09, 0x05, 0x09, 0x05, 0x09, 0x05, 0x09, 0x05, 0x09, 0x05, 0x09, 0x05, 0x09,
    0x25, 0x09, 0x25, 0x09, 0x25, 0x09, 0x25, 0x09, 0x25, 0x09, 0x25, 0x09, 0x25, 0x09, 0x45, 0x09,
    0x45, 0x09, 0x46, 0x09, 0x46, 0x09, 0x46, 0x09, 0x46, 0x09, 0x46, 0x09, 0x66, 0x09, 0x66, 0x09,
    0x66, 0x09, 0x66, 0x09, 0x66, 0x09, 0x66, 0x11, 0x66, 0x11, 0x86, 0x11, 0x87, 0x11, 0x87, 0x11,
    0x87, 0x11, 0x87, 0x11, 0x87, 0x11, 0x87, 0x11, 0xA7, 0x11, 0xA7, 0x11, 0xA7, 0x11, 0xA7, 0x11,
    0xA7, 0x11, 0xA7, 0x11, 0xC7, 0x11, 0xC8, 0x11, 0xC8, 0x11, 0xC8, 0x11, 0xC8, 0x11, 0xC8, 0x11,
    0xC8, 0x11, 0xC8, 0x11, 0xE8, 0x11, 0xE8, 0x11, 0xE8, 0x11, 0xE8, 0x11, 0xE8, 0x11, 0xE8, 0x11,
    0xE8, 0x11, 0xE9, 0x11, 0x09, 0x12, 0x09, 0x12, 0x09, 0x12, 0x09, 0x12, 0x09, 0x12, 0x09, 0x12,
    0x09, 0x12, 0x09, 0x12, 0x09, 0x12, 0x09, 0x12, 0x09, 0x12, 0x09, 0x12, 0x09, 0x12, 0x09, 0x12,
    0x09, 0x12, 0x09, 0x12, 0x09, 0x12, 0x09, 0x12, 0x09, 0x12, 0x09, 0x12, 0x09, 0x12, 0x09, 0x12,
    0x09, 0x12, 0x09, 0x12, 0x09, 0x12, 0x09, 0x12, 0x09, 0x12, 0x09, 0x12, 0x09, 0x12, 0x09, 0x12,
    0x09, 0x12, 0x09, 0x12, 0xE9, 0x11, 0xE8, 0x11, 0xE8, 0x11, 0xE8, 0x11, 0xE8, 0x11, 0xE8, 0x11,
    0xE8, 0x11, 0xE8, 0x11, 0xC8, 0x11, 0xC8, 0x11, 0xC8, 0x11, 0xC8, 0x11, 0xC8, 0x11, 0xC8, 0x11,
    0xC8, 0x11, 0xC7, 0x11, 0xA7, 0x11, 0xA7, 0x11, 0xA7, 0x11, 0xA7, 0x11, 0xA7, 0x11, 0xA7, 0x11,
    0x87, 0x11, 0x87, 0x11, 0x87, 0x11, 0x87, 0x11, 0x87, 0x11, 0x87, 0x11, 0x86, 0x11, 0x66, 0x11,
    0x66, 0x11, 0x66, 0x09, 0x66, 0x09, 0x66, 0x09, 0x66, 0x09, 0x66, 0x09, 0x46, 0x09, 0x46, 0x09,
    0x46, 0x09, 0x46, 0x09, 0x46, 0x09, 0x46, 0x09, 0x45, 0x09, 0x25, 0x09, 0x25, 0x09, 0x25, 0x09,
    0x25, 0x09, 0x25, 0x09, 0x25, 0x09, 0x25, 0x09, 0x05, 0x09, 0x05, 0x09, 0x05, 0x09, 0x05, 0x09,
    0x05, 0x09, 0x05, 0x09, 0x04, 0x09, 0x04, 0x09, 0xE4, 0x08, 0xE4, 0x08, 0xE4, 0x08, 0xE4, 0x08,
    0xE4, 0x08, 0xE4, 0x08, 0xE4, 0x08, 0xE4, 0x08, 0xE4, 0x08, 0xC4, 0x08, 0xC4, 0x08, 0xC4, 0x08,
    0xC4, 0x08, 0xC4, 0x08, 0xC4, 0x08, 0xC4, 0x08, 0xC3, 0x08, 0xC3, 0x08, 0xC3, 0x08, 0xC3, 0x08,
    0xA3, 0x08, 0xA3, 0x08, 0xA3, 0x08, 0xA3, 0x08, 0xA3, 0x08, 0xA3, 0x08, 0xA3, 0x08, 0xA3, 0x08,
    0xA3, 0x08, 0xA3, 0x08, 0xA3, 0x08, 0xA3, 0x08, 0x83, 0x08, 0x83, 0x08, 0x83, 0x08, 0x83, 0x08,
    0x83, 0x08, 0x83, 0x08, 0x83, 0x08, 0x83, 0x08, 0x82, 0x08, 0x82, 0x08, 0x82, 0x08, 0x82, 0x08,
    0x82, 0x08, 0x82, 0x08, 0x82, 0x08, 0x82, 0x08, 0x82, 0x08, 0x82, 0x08, 0x62, 0x08, 0x62, 0x08,
    0x62, 0x08, 0x62, 0x08, 0x62, 0x08, 0x62, 0x08, 0x62, 0x08, 0x62, 0x08, 0x62, 0x08, 0x62, 0x08,
    0x62, 0x08, 0x62, 0x08, 0x62, 0x08, 0x62, 0x08, 0x62, 0x08, 0x62, 0x08, 0x62, 0x08, 0x62, 0x08,
    0x62, 0x08, 0x62, 0x08, 0x62, 0x08, 0x62, 0x08, 0x62, 0x08, 0x62, 0x08, 0x62, 0x08, 0x62, 0x08,
    0x62, 0x08, 0x62, 0x08, 0x62, 0x08, 0x62, 0x08, 0x62, 0x08, 0x62, 0x08, 0x62, 0x08, 0x62, 0x08,
    0x62, 0x08, 0x62, 0x08, 0x62, 0x08, 0x62, 0x08, 0x62, 0x08, 0x62, 0x08, 0x62, 0x08, 0x62, 0x08,
    0x62, 0x08, 0x62, 0x08, 0x62, 0x08, 0x62, 0x08, 0x62, 0x08, 0x62, 0x08, 0x62, 0x08, 0x62, 0x08,
    0x62, 0x08, 0x62, 0x08, 0x62, 0x08, 0x62, 0x08, 0x62, 0x08, 0x62, 0x08, 0x62, 0x08, 0x62, 0x08,
    0x62, 0x08, 0x62, 0x08, 0x62, 0x08, 0x62, 0x08, 0x62, 0x08, 0x62, 0x08, 0x62, 0x08, 0x62, 0x08,
    0x62, 0x08, 0x62, 0x08, 0x62, 0x08, 0x62, 0x08, 0x62, 0x08, 0x62, 0x08, 0x62, 0x08, 0x62, 0x08,
    0x62, 0x08, 0x62, 0x08, 0x62, 0x08, 0x62, 0x08, 0x62, 0x08, 0x62, 0x08, 0x62, 0x08, 0x62, 0x08,
    0x62, 0x08, 0x62, 0x08, 0x62, 0x08, 0x62, 0x08, 0x62, 0x08, 0x62, 0x08, 0x62, 0x08, 0x62, 0x08,
    0x62, 0x08, 0x62, 0x08, 0x82, 0x08, 0x82, 0x08, 0x82, 0x08, 0x82, 0x08, 0x82, 0x08, 0x82, 0x08,
    0x82, 0x08, 0x82, 0x08, 0x82, 0x08, 0x82, 0x08, 0x83, 0x08, 0x83, 0x08, 0x83, 0x08, 0x83, 0x08,
    0x83, 0x08, 0x83, 0x08, 0x83, 0x08, 0x83, 0x08, 0xA3, 0x08, 0xA3, 0x08, 0xA3, 0x08, 0xA3, 0x08,
    0xA3, 0x08, 0xA3, 0x08, 0xA3, 0x08, 0xA3, 0x08, 0xA3, 0x08, 0xA3, 0x08, 0xA3, 0x08, 0xA3, 0x08,
    0xC3, 0x08, 0xC3, 0x08, 0xC3, 0x08, 0xC3, 0x08, 0xC4, 0x08, 0xC4, 0x08, 0xC4, 0x08, 0xC4, 0x08,
    0xC4, 0x08, 0xC4, 0x08, 0xC4, 0x08, 0xE4, 0x08, 0xE4, 0x08, 0xE4, 0x08, 0xE4, 0x08, 0xE4, 0x08,
    0xE4, 0x08, 0xE4, 0x08, 0xE4, 0x08, 0x04, 0x09, 0x04, 0x09, 0x04, 0x09, 0x05, 0x09, 0x05, 0x09,
    0x05, 0x09, 0x05, 0x09, 0x05, 0x09, 0x25, 0x09, 0x25, 0x09, 0x25, 0x09, 0x25, 0x09, 0x25, 0x09,
    0x25, 0x09, 0x25, 0x09, 0x25, 0x09, 0x45, 0x09, 0x46, 0x09, 0x46, 0x09, 0x46, 0x09, 0x46, 0x09,
    0x46, 0x09, 0x46, 0x09, 0x66, 0x09, 0x66, 0x09, 0x66, 0x09, 0x66, 0x09, 0x66, 0x11, 0x66, 0x11,
    0x66, 0x11, 0x87, 0x11, 0x87, 0x11, 0x87, 0x11, 0x87, 0x11, 0x87, 0x11, 0x87, 0x11, 0xA7, 0x11,
    0xA7, 0x11, 0xA7, 0x11, 0xA7, 0x11, 0xA7, 0x11, 0xA7, 0x11, 0xA7, 0x11, 0xC8, 0x11, 0xC8, 0x11,
    0xC8, 0x11, 0xC8, 0x11, 0xC8, 0x11, 0xC8, 0x11, 0xE8, 0x11, 0xE8, 0x11, 0xE8, 0x11, 0xE8, 0x11,
    0xE8, 0x11, 0xE8, 0x11, 0xE8, 0x11, 0xE9, 0x11, 0xE9, 0x11, 0x09, 0x12, 0x09, 0x12, 0x09, 0x12,
    0x09, 0x12, 0x09, 0x12, 0x09, 0x12, 0x09, 0x12, 0x09, 0x12, 0x09, 0x12, 0x09, 0x12, 0x29, 0x12,
    0x29, 0x12, 0x29, 0x12, 0x29, 0x12, 0x29, 0x12, 0x29, 0x12, 0x29, 0x12, 0x29, 0x12, 0x29, 0x12,
    0x29, 0x12, 0x29, 0x12, 0x29, 0x12, 0x29, 0x12, 0x29, 0x12, 0x09, 0x12, 0x09, 0x12, 0x09, 0x12,
    0x09, 0x12, 0x09, 0x12, 0x09, 0x12, 0x09, 0x12, 0x09, 0x12, 0x09, 0x12, 0x09, 0x12, 0x09, 0x12,
    0xE9, 0x11, 0xE8, 0x11, 0xE8, 0x11, 0xE8, 0x11, 0xE8, 0x11, 0xE8, 0x11, 0xE8, 0x11, 0xE8, 0x11,
    0xC8, 0x11, 0xC8, 0x11, 0xC8, 0x11, 0xC8, 0x11, 0xC8, 0x11, 0xC8, 0x11, 0xC8, 0x11, 0xA7, 0x11,
    0xA7, 0x11, 0xA7, 0x11, 0xA7, 0x11, 0xA7, 0x11, 0xA7, 0x11, 0x87, 0x11, 0x87, 0x11, 0x87, 0x11,
    0x87, 0x11, 0x87, 0x11, 0x87, 0x11, 0x86, 0x11, 0x66, 0x11, 0x66, 0x11, 0x66, 0x09, 0x66, 0x09,
    0x66, 0x09, 0x66, 0x09, 0x66, 0x09, 0x46, 0x09, 0x46, 0x09, 0x46, 0x09, 0x46, 0x09, 0x46, 0x09,
    0x45, 0x09, 0x25, 0x09, 0x25, 0x09, 0x25, 0x09, 0x25, 0x09, 0x25, 0x09, 0x25, 0x09, 0x25, 0x09,
    0x25, 0x09, 0x05, 0x09, 0x05, 0x09, 0x05, 0x09, 0x05, 0x09, 0x05, 0x09, 0x05, 0x09, 0x04, 0x09,
    0x04, 0x09, 0xE4, 0x08, 0xE4, 0x08, 0xE4, 0x08, 0xE4, 0x08, 0xE4, 0x08, 0xE4, 0x08, 0xE4, 0x08,
    0xE4, 0x08, 0xE4, 0x08, 0xC4, 0x08, 0xC4, 0x08, 0xC4, 0x08, 0xC4, 0x08, 0xC4, 0x08, 0xC4, 0x08,
    0xC3, 0x08, 0xC3, 0x08, 0xC3, 0x08, 0xC3, 0x08, 0xA3, 0x08, 0xA3, 0x08, 0xA3, 0x08, 0xA3, 0x08,
    0xA3, 0x08, 0xA3, 0x08, 0xA3, 0x08, 0xA3, 0x08, 0xA3, 0x08, 0xA3, 0x08, 0xA3, 0x08, 0xA3, 0x08,
    0x83, 0x08, 0x83, 0x08, 0x83, 0x08, 0x83, 0x08, 0x83, 0x08, 0x83, 0x08, 0x83, 0x08, 0x83, 0x08,
    0x83, 0x08, 0x82, 0x08, 0x82, 0x08, 0x82, 0x08, 0x82, 0x08, 0x82, 0x08, 0x82, 0x08, 0x82, 0x08,
    0x82, 0x08, 0x82, 0x08, 0x62, 0x08, 0x62, 0x08, 0x62, 0x08, 0x62, 0x08, 0x62, 0x08, 0x62, 0x08,
    0x62, 0x08, 0x62, 0x08, 0x62, 0x08, 0x62, 0x08, 0x62, 0x08, 0x62, 0x08, 0x62, 0x08, 0x62, 0x08,
    0x62, 0x08, 0x62, 0x08, 0x62, 0x08, 0x62, 0x08, 0x62, 0x08, 0x62, 0x08, 0x62, 0x08, 0x62, 0x08,
    0x62, 0x08, 0x62, 0x08, 0x62, 0x08, 0x62, 0x08, 0x62, 0x08, 0x62, 0x08, 0x62, 0x08, 0x62, 0x08,
    0x62, 0x08, 0x62, 0x08, 0x62, 0x08, 0x62, 0x08, 0x62, 0x08, 0x62, 0x08, 0x62, 0x08, 0x62, 0x08,
    0x62, 0x08, 0x62, 0x08, 0x62, 0x08, 0x62, 0x08, 0x62, 0x08, 0x62, 0x08, 0x62, 0x08, 0x62, 0x08,
    0x62, 0x08, 0x62, 0x08, 0x62, 0x08, 0x62, 0x08, 0x62, 0x08, 0x62, 0x08, 0x62, 0x08, 0x62, 0x08,
    0x62, 0x08, 0x62, 0x08, 0x62, 0x08, 0x62, 0x08, 0x62, 0x08, 0x62, 0x08, 0x62, 0x08, 0x62, 0x08,
    0x62, 0x08, 0x62, 0x08, 0x62, 0x08, 0x62, 0x08, 0x62, 0x08, 0x62, 0x08, 0x62, 0x08, 0x62, 0x08,
    0x62, 0x08, 0x62, 0x08, 0x62, 0x08, 0x62, 0x08, 0x62, 0x08, 0x62, 0x08, 0x62, 0x08, 0x62, 0x08,
    0x62, 0x08, 0x62, 0x08, 0x62, 0x08, 0x62, 0x08, 0x62, 0x08, 0x62, 0x08, 0x62, 0x08, 0x62, 0x08,
    0x62, 0x08, 0x62, 0x08, 0x62, 0x08, 0x62, 0x08, 0x62, 0x08, 0x62, 0x08, 0x82, 0x08, 0x82, 0x08,
    0x82, 0x08, 0x82, 0x08, 0x82, 0x08, 0x82, 0x08, 0x82, 0x08, 0x82, 0x08, 0x82, 0x08, 0x83, 0x08,
    0x83, 0x08, 0x83, 0x08, 0x83, 0x08, 0x83, 0x08, 0x83, 0x08, 0x83, 0x08, 0x83, 0x08, 0x83, 0x08,
    0xA3, 0x08, 0xA3, 0x08, 0xA3, 0x08, 0xA3, 0x08, 0xA3, 0x08, 0xA3, 0x08, 0xA3, 0x08, 0xA3, 0x08,
    0xA3, 0x08, 0xA3, 0x08, 0xA3, 0x08, 0xA3, 0x08, 0xC3, 0x08, 0xC3, 0x08, 0xC3, 0x08, 0xC3, 0x08,
    0xC4, 0x08, 0xC4, 0x08, 0xC4, 0x08, 0xC4, 0x08, 0xC4, 0x08, 0xC4, 0x08, 0xE4, 0x08, 0xE4, 0x08,
    0xE4, 0x08, 0xE4, 0x08, 0xE4, 0x08, 0xE4, 0x08, 0xE4, 0x08, 0xE4, 0x08, 0xE4, 0x08, 0x04, 0x09,
    0x04, 0x09, 0x05, 0x09, 0x05, 0x09, 0x05, 0x09, 0x05, 0x09, 0x05, 0x09, 0x05, 0x09, 0x25, 0x09,
    0x25, 0x09, 0x25, 0x09, 0x25, 0x09, 0x25, 0x09, 0x25, 0x09, 0x25, 0x09, 0x45, 0x09, 0x45, 0x09,
    0x46, 0x09, 0x46, 0x09, 0x46, 0x09, 0x46, 0x09, 0x46, 0x09, 0x66, 0x09, 0x66, 0x09, 0x66, 0x09,
    0x66, 0x09, 0x66, 0x09, 0x66, 0x11, 0x66, 0x11, 0x86, 0x11, 0x87, 0x11, 0x87, 0x11, 0x87, 0x11,
    0x87, 0x11, 0x87, 0x11, 0x87, 0x11, 0xA7, 0x11, 0xA7, 0x11, 0xA7, 0x11, 0xA7, 0x11, 0xA7, 0x11,
    0xA7, 0x11, 0xC8, 0x11, 0xC8, 0x11, 0xC8, 0x11, 0xC8, 0x11, 0xC8, 0x11, 0xC8, 0x11, 0xC8, 0x11,
    0xE8, 0x11, 0xE8, 0x11, 0xE8, 0x11, 0xE8, 0x11, 0xE8, 0x11, 0xE8, 0x11, 0xE9, 0x11, 0x09, 0x12,
    0x09, 0x12, 0x09, 0x12, 0x09, 0x12, 0x09, 0x12, 0x09, 0x12, 0x09, 0x12, 0x09, 0x12, 0x09, 0x12,
    0x29, 0x12, 0x29, 0x12, 0x29, 0x12, 0x29, 0x12, 0x29, 0x12, 0x29, 0x12, 0x29, 0x12, 0x29, 0x12,
    0x29, 0x12, 0x29, 0x12, 0x29, 0x12, 0x29, 0x12, 0x29, 0x12, 0x29, 0x12, 0x29, 0x12, 0x29, 0x12,
    0x29, 0x12, 0x29, 0x12, 0x29, 0x12, 0x29, 0x12, 0x09, 0x12, 0x09, 0x12, 0x09, 0x12, 0x09, 0x12,
    0x09, 0x12, 0x09, 0x12, 0x09, 0x12, 0x09, 0x12, 0x09, 0x12, 0x09, 0x12, 0xE8, 0x11, 0xE8, 0x11,
    0xE8, 0x11, 0xE8, 0x11, 0xE8, 0x11, 0xE8, 0x11, 0xE8, 0x11, 0xC8, 0x11, 0xC8, 0x11, 0xC8, 0x11,
    0xC8, 0x11, 0xC8, 0x11, 0xC8, 0x11, 0xA7, 0x11, 0xA7, 0x11, 0xA7, 0x11, 0xA7, 0x11, 0xA7, 0x11,
    0xA7, 0x11, 0xA7, 0x11, 0x87, 0x11, 0x87, 0x11, 0x87, 0x11, 0x87, 0x11, 0x87, 0x11, 0x87, 0x11,
    0x66, 0x11, 0x66, 0x11, 0x66, 0x09, 0x66, 0x09, 0x66, 0x09, 0x66, 0x09, 0x66, 0x09, 0x46, 0x09,
    0x46, 0x09, 0x46, 0x09, 0x46, 0x09, 0x46, 0x09, 0x46, 0x09, 0x45, 0x09, 0x25, 0x09, 0x25, 0x09,
    0x25, 0x09, 0x25, 0x09, 0x25, 0x09, 0x25, 0x09, 0x25, 0x09, 0x05, 0x09, 0x05, 0x09, 0x05, 0x09,
    0x05, 0x09, 0x05, 0x09, 0x05, 0x09, 0x04, 0x09, 0x04, 0x09, 0xE4, 0x08, 0xE4, 0x08, 0xE4, 0x08,
    0xE4, 0x08, 0xE4, 0x08, 0xE4, 0x08, 0xE4, 0x08, 0xE4, 0x08, 0xE4, 0x08, 0xC4, 0x08, 0xC4, 0x08,
    0xC4, 0x08, 0xC4, 0x08, 0xC4, 0x08, 0xC4, 0x08, 0xC3, 0x08, 0xC3, 0x08, 0xC3, 0x08, 0xC3, 0x08,
    0xA3, 0x08, 0xA3, 0x08, 0xA3, 0x08, 0xA3, 0x08, 0xA3, 0x08, 0xA3, 0x08, 0xA3, 0x08, 0xA3, 0x08,
    0xA3, 0x08, 0xA3, 0x08, 0xA3, 0x08, 0xA3, 0x08, 0x83, 0x08, 0x83, 0x08, 0x83, 0x08, 0x83, 0x08,
    0x83, 0x08, 0x83, 0x08, 0x83, 0x08, 0x83, 0x08, 0x83, 0x08, 0x82, 0x08, 0x82, 0x08, 0x82, 0x08,
    0x82, 0x08, 0x82, 0x08, 0x82, 0x08, 0x82, 0x08, 0x82, 0x08, 0x82, 0x08, 0x62, 0x08, 0x62, 0x08,
    0x62, 0x08, 0x62, 0x08, 0x62, 0x08, 0x62, 0x08, 0x62, 0x08, 0x62, 0x08, 0x62, 0x08, 0x62, 0x08,
    0x62, 0x08, 0x62, 0x08, 0x62, 0x08, 0x62, 0x08, 0x62, 0x08, 0x62, 0x08, 0x62, 0x08, 0x62, 0x08,
    0x62, 0x08, 0x62, 0x08, 0x62, 0x08, 0x62, 0x08, 0x62, 0x08, 0x62, 0x08, 0x62, 0x08, 0x62, 0x08,
    0x62, 0x08, 0x62, 0x08, 0x62, 0x08, 0x62, 0x08, 0x62, 0x08, 0x62, 0x08, 0x62, 0x08, 0x62, 0x08,
    0x62, 0x08, 0x62, 0x08, 0x62, 0x08, 0x62, 0x08, 0x62, 0x08, 0x62, 0x08, 0x62, 0x08, 0x62, 0x08,
    0x62, 0x08, 0x62, 0x08, 0x62, 0x08, 0x62, 0x08, 0x62, 0x08, 0x62, 0x08, 0x62, 0x08, 0x62, 0x08,
    0x62, 0x08, 0x62, 0x08, 0x62, 0x08, 0x62, 0x08, 0x62, 0x08, 0x62, 0x08, 0x62, 0x08, 0x62, 0x08,
    0x62, 0x08, 0x62, 0x08, 0x62, 0x08, 0x62, 0x08, 0x62, 0x08, 0x62, 0x08, 0x62, 0x08, 0x62, 0x08,
    0x62, 0x08, 0x62, 0x08, 0x62, 0x08, 0x62, 0x08, 0x62, 0x08, 0x62, 0x08, 0x62, 0x08, 0x62, 0x08,
    0x62, 0x08, 0x62, 0x08, 0x62, 0x08, 0x62, 0x08, 0x62, 0x08, 0x62, 0x08, 0x62, 0x08, 0x62, 0x08,
    0x62, 0x08, 0x62, 0x08, 0x62, 0x08, 0x62, 0x08, 0x62, 0x08, 0x62, 0x08, 0x62, 0x08, 0x62, 0x08,
    0x62, 0x08, 0x62, 0x08, 0x82, 0x08, 0x82, 0x08, 0x82, 0x08, 0x82, 0x08, 0x82, 0x08, 0x82, 0x08,
    0x82, 0x08, 0x82, 0x08, 0x82, 0x08, 0x83, 0x08, 0x83, 0x08, 0x83, 0x08, 0x83, 0x08, 0x83, 0x08,
    0x83, 0x08, 0x83, 0x08, 0x83, 0x08, 0x83, 0x08, 0xA3, 0x08, 0xA3, 0x08, 0xA3, 0x08, 0xA3, 0x08,
    0xA3, 0x08, 0xA3, 0x08, 0xA3, 0x08, 0xA3, 0x08, 0xA3, 0x08, 0xA3, 0x08, 0xA3, 0x08, 0xA3, 0x08,
    0xC3, 0x08, 0xC3, 0x08, 0xC3, 0x08, 0xC3, 0x08, 0xC4, 0x08, 0xC4, 0x08, 0xC4, 0x08, 0xC4, 0x08,
    0xC4, 0x08, 0xC4, 0x08, 0xE4, 0x08, 0xE4, 0x08, 0xE4, 0x08, 0xE4, 0x08, 0xE4, 0x08, 0xE4, 0x08,
    0xE4, 0x08, 0xE4, 0x08, 0xE4, 0x08, 0x04, 0x09, 0x04, 0x09, 0x05, 0x09, 0x05, 0x09, 0x05, 0x09,
    0x05, 0x09, 0x05, 0x09, 0x05, 0x09, 0x25, 0x09, 0x25, 0x09, 0x25, 0x09, 0x25, 0x09, 0x25, 0x09,
    0x25, 0x09, 0x25, 0x09, 0x45, 0x09, 0x46, 0x09, 0x46, 0x09, 0x46, 0x09, 0x46, 0x09, 0x46, 0x09,
    0x46, 0x09, 0x66, 0x09, 0x66, 0x09, 0x66, 0x09, 0x66, 0x09, 0x66, 0x11, 0x66, 0x11, 0x86, 0x11,
    0x87, 0x11, 0x87, 0x11, 0x87, 0x11, 0x87, 0x11, 0x87, 0x11, 0x87, 0x11, 0xA7, 0x11, 0xA7, 0x11,
    0xA7, 0x11, 0xA7, 0x11, 0xA7, 0x11, 0xA7, 0x11, 0xC8, 0x11, 0xC8, 0x11, 0xC8, 0x11, 0xC8, 0x11,
    0xC8, 0x11, 0xC8, 0x11, 0xC8, 0x11, 0xE8, 0x11, 0xE8, 0x11, 0xE8, 0x11, 0xE8, 0x11, 0xE8, 0x11,
    0xE8, 0x11, 0x09, 0x12, 0x09, 0x12, 0x09, 0x12, 0x09, 0x12, 0x09, 0x12, 0x09, 0x12, 0x09, 0x12,
    0x09, 0x12, 0x09, 0x12, 0x29, 0x12, 0x29, 0x12, 0x29, 0x12, 0x29, 0x12, 0x29, 0x12, 0x29, 0x12,
    0x29, 0x12, 0x29, 0x12, 0x29, 0x12, 0x29, 0x12, 0x29, 0x12, 0x29, 0x12, 0x29, 0x12, 0x29, 0x12,
    0x29, 0x12, 0x29, 0x12, 0x29, 0x12, 0x29, 0x12, 0x29, 0x12, 0x29, 0x12, 0x29, 0x12, 0x29, 0x12,
    0x29, 0x12, 0x29, 0x12, 0x09, 0x12, 0x09, 0x12, 0x09, 0x12, 0x09, 0x12, 0x09, 0x12, 0x09, 0x12,
    0x09, 0x12, 0x09, 0x12, 0x09, 0x12, 0xE9, 0x11, 0xE8, 0x11, 0xE8, 0x11, 0xE8, 0x11, 0xE8, 0x11,
    0xE8, 0x11, 0xC8, 0x11, 0xC8, 0x11, 0xC8, 0x11, 0xC8, 0x11, 0xC8, 0x11, 0xC8, 0x11, 0xC8, 0x11,
    0xA7, 0x11, 0xA7, 0x11, 0xA7, 0x11, 0xA7, 0x11, 0xA7, 0x11, 0xA7, 0x11, 0x87, 0x11, 0x87, 0x11,
    0x87, 0x11, 0x87, 0x11, 0x87, 0x11, 0x87, 0x11, 0x86, 0x11, 0x66, 0x11, 0x66, 0x11, 0x66, 0x09,
    0x66, 0x09, 0x66, 0x09, 0x66, 0x09, 0x46, 0x09, 0x46, 0x09, 0x46, 0x09, 0x46, 0x09, 0x46, 0x09,
    0x46, 0x09, 0x45, 0x09, 0x25, 0x09, 0x25, 0x09, 0x25, 0x09, 0x25, 0x09, 0x25, 0x09, 0x25, 0x09,
    0x25, 0x09, 0x25, 0x09, 0x05, 0x09, 0x05, 0x09, 0x05, 0x09, 0x05, 0x09, 0x05, 0x09, 0x04, 0x09,
    0x04, 0x09, 0x04, 0x09, 0xE4, 0x08, 0xE4, 0x08, 0xE4, 0x08, 0xE4, 0x08, 0xE4, 0x08, 0xE4, 0x08,
    0xE4, 0x08, 0xE4, 0x08, 0xC4, 0x08, 0xC4, 0x08, 0xC4, 0x08, 0xC4, 0x08, 0xC4, 0x08, 0xC4, 0x08,
    0xC4, 0x08, 0xC3, 0x08, 0xC3, 0x08, 0xC3, 0x08, 0xA3, 0x08, 0xA3, 0x08, 0xA3, 0x08, 0xA3, 0x08,
    0xA3, 0x08, 0xA3, 0x08, 0xA3, 0x08, 0xA3, 0x08, 0xA3, 0x08, 0xA3, 0x08, 0xA3, 0x08, 0xA3, 0x08,
    0xA3, 0x08, 0x83, 0x08, 0x83, 0x08, 0x83, 0x08, 0x83, 0x08, 0x83, 0x08, 0x83, 0x08, 0x83, 0x08,
    0x83, 0x08, 0x82, 0x08, 0x82, 0x08, 0x82, 0x08, 0x82, 0x08, 0x82, 0x08, 0x82, 0x08, 0x82, 0x08,
    0x82, 0x08, 0x82, 0x08, 0x62, 0x08, 0x62, 0x08, 0x62, 0x08, 0x62, 0x08, 0x62, 0x08, 0x62, 0x08,
    0x62, 0x08, 0x62, 0x08, 0x62, 0x08, 0x62, 0x08, 0x62, 0x08, 0x62, 0x08, 0x62, 0x08, 0x62, 0x08,
    0x62, 0x08, 0x62, 0x08, 0x62, 0x08, 0x62, 0x08, 0x62, 0x08, 0x62, 0x08, 0x62, 0x08, 0x62, 0x08,
    0x62, 0x08, 0x62, 0x08, 0x62, 0x08, 0x62, 0x08, 0x62, 0x08, 0x62, 0x08, 0x62, 0x08, 0x62, 0x08,
    0x62, 0x08, 0x62, 0x08, 0x62, 0x08, 0x62, 0x08, 0x62, 0x08, 0x62, 0x08, 0x62, 0x08, 0x62, 0x08,
    0x62, 0x08, 0x62, 0x08, 0x62, 0x08, 0x62, 0x08, 0x62, 0x08, 0x62, 0x08, 0x62, 0x08, 0x62, 0x08,
    0x62, 0x08, 0x62, 0x08, 0x62, 0x08, 0x62, 0x08, 0x62, 0x08, 0x62, 0x08, 0x62, 0x08, 0x62, 0x08,
    0x62, 0x08, 0x62, 0x08, 0x62, 0x08, 0x62, 0x08, 0x62, 0x08, 0x62, 0x08, 0x62, 0x08, 0x62, 0x08,
    0x62, 0x08, 0x62, 0x08, 0x62, 0x08, 0x62, 0x08, 0x62, 0x08, 0x62, 0x08, 0x62, 0x08, 0x62, 0x08,
    0x62, 0x08, 0x62, 0x08, 0x62, 0x08, 0x62, 0x08, 0x62, 0x08, 0x62, 0x08, 0x62, 0x08, 0x62, 0x08,
    0x62, 0x08, 0x62, 0x08, 0x62, 0x08, 0x62, 0x08, 0x62, 0x08, 0x62, 0x08, 0x62, 0x08, 0x62, 0x08,
    0x62, 0x08, 0x62, 0x08, 0x62, 0x08, 0x62, 0x08, 0x62, 0x08, 0x62, 0x08, 0x82, 0x08, 0x82, 0x08,
    0x82, 0x08, 0x82, 0x08, 0x82, 0x08, 0x82, 0x08, 0x82, 0x08, 0x82, 0x08, 0x82, 0x08, 0x83, 0x08,
    0x83, 0x08, 0x83, 0x08, 0x83, 0x08, 0x83, 0x08, 0x83, 0x08, 0x83, 0x08, 0x83, 0x08, 0xA3, 0x08,
    0xA3, 0x08, 0xA3, 0x08, 0xA3, 0x08, 0xA3, 0x08, 0xA3, 0x08, 0xA3, 0x08, 0xA3, 0x08, 0xA3, 0x08,
    0xA3, 0x08, 0xA3, 0x08, 0xA3, 0x08, 0xA3, 0x08, 0xC3, 0x08, 0xC3, 0x08, 0xC3, 0x08, 0xC4, 0x08,
    0xC4, 0x08, 0xC4, 0x08, 0xC4, 0x08, 0xC4, 0x08, 0xC4, 0x08, 0xC4, 0x08, 0xE4, 0x08, 0xE4, 0x08,
    0xE4, 0x08, 0xE4, 0x08, 0xE4, 0x08, 0xE4, 0x08, 0xE4, 0x08, 0xE4, 0x08, 0x04, 0x09, 0x04, 0x09,
    0x04, 0x09, 0x05, 0x09, 0x05, 0x09, 0x05, 0x09, 0x05, 0x09, 0x05, 0x09, 0x25, 0x09, 0x25, 0x09,
    0x25, 0x09, 0x25, 0x09, 0x25, 0x09, 0x25, 0x09, 0x25, 0x09, 0x45, 0x09, 0x45, 0x09, 0x46, 0x09,
    0x46, 0x09, 0x46, 0x09, 0x46, 0x09, 0x46, 0x09, 0x66, 0x09, 0x66, 0x09, 0x66, 0x09, 0x66, 0x09,
    0x66, 0x09, 0x66, 0x11, 0x66, 0x11, 0x87, 0x11, 0x87, 0x11, 0x87, 0x11, 0x87, 0x11, 0x87, 0x11,
    0x87, 0x11, 0xA7, 0x11, 0xA7, 0x11, 0xA7, 0x11, 0xA7, 0x11, 0xA7, 0x11, 0xA7, 0x11, 0xC8, 0x11,
    0xC8, 0x11, 0xC8, 0x11, 0xC8, 0x11, 0xC8, 0x11, 0xC8, 0x11, 0xC8, 0x11, 0xE8, 0x11, 0xE8, 0x11,
    0xE8, 0x11, 0xE8, 0x11, 0xE8, 0x11, 0xE9, 0x11, 0xE9, 0x11, 0x09, 0x12, 0x09, 0x12, 0x09, 0x12,
    0x09, 0x12, 0x09, 0x12, 0x09, 0x12, 0x09, 0x12, 0x29, 0x12, 0x29, 0x12, 0x29, 0x12, 0x29, 0x12,
    0x29, 0x12, 0x29, 0x12, 0x29, 0x12, 0x29, 0x12, 0x29, 0x12, 0x29, 0x12, 0x29, 0x12, 0x29, 0x12,
    0x2A, 0x12, 0x2A, 0x12, 0x2A, 0x12, 0x2A, 0x12, 0x29, 0x12, 0x29, 0x12, 0x29, 0x12, 0x29, 0x12,
    0x29, 0x12, 0x29, 0x12, 0x29, 0x12, 0x29, 0x12, 0x29, 0x12, 0x29, 0x12, 0x29, 0x12, 0x29, 0x12,
    0x09, 0x12, 0x09, 0x12, 0x09, 0x12, 0x09, 0x12, 0x09, 0x12, 0x09, 0x12, 0x09, 0x12, 0x09, 0x12,
    0xE8, 0x11, 0xE8, 0x11, 0xE8, 0x11, 0xE8, 0x11, 0xE8, 0x11, 0xE8, 0x11, 0xE8, 0x11, 0xC8, 0x11,
    0xC8, 0x11, 0xC8, 0x11, 0xC8, 0x11, 0xC8, 0x11, 0xC8, 0x11, 0xA7, 0x11, 0xA7, 0x11, 0xA7, 0x11,
    0xA7, 0x11, 0xA7, 0x11, 0xA7, 0x11, 0x87, 0x11, 0x87, 0x11, 0x87, 0x11, 0x87, 0x11, 0x87, 0x11,
    0x87, 0x11, 0x66, 0x11, 0x66, 0x11, 0x66, 0x09, 0x66, 0x09, 0x66, 0x09, 0x66, 0x09, 0x66, 0x09,
    0x46, 0x09, 0x46, 0x09, 0x46, 0x09, 0x46, 0x09, 0x46, 0x09, 0x45, 0x09, 0x45, 0x09, 0x25, 0x09,
    0x25, 0x09, 0x25, 0x09, 0x25, 0x09, 0x25, 0x09, 0x25, 0x09, 0x25, 0x09, 0x05, 0x09, 0x05, 0x09,
    0x05, 0x09, 0x05, 0x09, 0x05, 0x09, 0x04, 0x09, 0x04, 0x09, 0x04, 0x09, 0xE4, 0x08, 0xE4, 0x08,
    0xE4, 0x08, 0xE4, 0x08, 0xE4, 0x08, 0xE4, 0x08, 0xE4, 0x08, 0xE4, 0x08, 0xE4, 0x08, 0xC4, 0x08,
    0xC4, 0x08, 0xC4, 0x08, 0xC4, 0x08, 0xC4, 0x08, 0xC4, 0x08, 0xC3, 0x08, 0xC3, 0x08, 0xC3, 0x08,
    0xC3, 0x08, 0xA3, 0x08, 0xA3, 0x08, 0xA3, 0x08, 0xA3, 0x08, 0xA3, 0x08, 0xA3, 0x08, 0xA3, 0x08,
    0xA3, 0x08, 0xA3, 0x08, 0xA3, 0x08, 0xA3, 0x08, 0xA3, 0x08, 0x83, 0x08, 0x83, 0x08, 0x83, 0x08,
    0x83, 0x08, 0x83, 0x08, 0x83, 0x08, 0x83, 0x08, 0x83, 0x08, 0x82, 0x08, 0x82, 0x08, 0x82, 0x08,
    0x82, 0x08, 0x82, 0x08, 0x82, 0x08, 0x82, 0x08, 0x82, 0x08, 0x82, 0x08, 0x62, 0x08, 0x62, 0x08,
    0x62, 0x08, 0x62, 0x08, 0x62, 0x08, 0x62, 0x08, 0x62, 0x08, 0x62, 0x08, 0x62, 0x08, 0x62, 0x08,
    0x62, 0x08, 0x62, 0x08, 0x62, 0x08, 0x62, 0x08, 0x62, 0x08, 0x62, 0x08, 0x62, 0x08, 0x62, 0x08,
    0x62, 0x08, 0x62, 0x08, 0x62, 0x08, 0x62, 0x08, 0x62, 0x08, 0x62, 0x08, 0x62, 0x08, 0x62, 0x08,
    0x62, 0x08, 0x62, 0x08, 0x62, 0x08, 0x62, 0x08, 0x62, 0x08, 0x62, 0x08, 0x62, 0x08, 0x62, 0x08,
    0x62, 0x08, 0x62, 0x08, 0x62, 0x08, 0x62, 0x08, 0x62, 0x08, 0x62, 0x08, 0x62, 0x08, 0x62, 0x08,
    0x62, 0x08, 0x62, 0x08, 0x62, 0x08, 0x62, 0x08, 0x62, 0x08, 0x62, 0x08, 0x62, 0x08, 0x62, 0x08,
    0x62, 0x08, 0x62, 0x08, 0x62, 0x08, 0x62, 0x08, 0x62, 0x08, 0x62, 0x08, 0x62, 0x08, 0x62, 0x08,
    0x62, 0x08, 0x62, 0x08, 0x62, 0x08, 0x62, 0x08, 0x62, 0x08, 0x62, 0x08, 0x62, 0x08, 0x62, 0x08,
    0x62, 0x08, 0x62, 0x08, 0x62, 0x08, 0x62, 0x08, 0x62, 0x08, 0x62, 0x08, 0x62, 0x08, 0x62, 0x08,
    0x62, 0x08, 0x62, 0x08, 0x62, 0x08, 0x62, 0x08, 0x62, 0x08, 0x62, 0x08, 0x62, 0x08, 0x62, 0x08,
    0x62, 0x08, 0x62, 0x08, 0x62, 0x08, 0x62, 0x08, 0x62, 0x08, 0x62, 0x08, 0x62, 0x08, 0x62, 0x08,
    0x62, 0x08, 0x62, 0x08, 0x82, 0x08, 0x82, 0x08, 0x82, 0x08, 0x82, 0x08, 0x82, 0x08, 0x82, 0x08,
    0x82, 0x08, 0x82, 0x08, 0x82, 0x08, 0x83, 0x08, 0x83, 0x08, 0x83, 0x08, 0x83, 0x08, 0x83, 0x08,
    0x83, 0x08, 0x83, 0x08, 0x83, 0x08, 0xA3, 0x08, 0xA3, 0x08, 0xA3, 0x08, 0xA3, 0x08, 0xA3, 0x08,
    0xA3, 0x08, 0xA3, 0x08, 0xA3, 0x08, 0xA3, 0x08, 0xA3, 0x08, 0xA3, 0x08, 0xA3, 0x08, 0xC3, 0x08,
    0xC3, 0x08, 0xC3, 0x08, 0xC3, 0x08, 0xC4, 0x08, 0xC4, 0x08, 0xC4, 0x08, 0xC4, 0x08, 0xC4, 0x08,
    0xC4, 0x08, 0xE4, 0x08, 0xE4, 0x08, 0xE4, 0x08, 0xE4, 0x08, 0xE4, 0x08, 0xE4, 0x08, 0xE4, 0x08,
    0xE4, 0x08, 0xE4, 0x08, 0x04, 0x09, 0x04, 0x09, 0x05, 0x09, 0x05, 0x09, 0x05, 0x09, 0x05, 0x09,
    0x05, 0x09, 0x05, 0x09, 0x25, 0x09, 0x25, 0x09, 0x25, 0x09, 0x25, 0x09, 0x25, 0x09, 0x25, 0x09,
    0x25, 0x09, 0x45, 0x09, 0x46, 0x09, 0x46, 0x09, 0x46, 0x09, 0x46, 0x09, 0x46, 0x09, 0x46, 0x09,
    0x66, 0x09, 0x66, 0x09, 0x66, 0x09, 0x66, 0x09, 0x66, 0x11, 0x66, 0x11, 0x86, 0x11, 0x87, 0x11,
    0x87, 0x11, 0x87, 0x11, 0x87, 0x11, 0x87, 0x11, 0x87, 0x11, 0xA7, 0x11, 0xA7, 0x11, 0xA7, 0x11,
    0xA7, 0x11, 0xA7, 0x11, 0xA7, 0x11, 0xC8, 0x11, 0xC8, 0x11, 0xC8, 0x11, 0xC8, 0x11, 0xC8, 0x11,
    0xC8, 0x11, 0xE8, 0x11, 0xE8, 0x11, 0xE8, 0x11, 0xE8, 0x11, 0xE8, 0x11, 0xE8, 0x11, 0x09, 0x12,
    0x09, 0x12, 0x09, 0x12, 0x09, 0x12, 0x09, 0x12, 0x09, 0x12, 0x09, 0x12, 0x29, 0x12, 0x29, 0x12,
    0x29, 0x12, 0x29, 0x12, 0x29, 0x12, 0x29, 0x12, 0x29, 0x12, 0x29, 0x12, 0x2A, 0x12, 0x2A, 0x12,
    0x2A, 0x12, 0x2A, 0x12, 0x2A, 0x12, 0x4A, 0x12, 0x4A, 0x12, 0x4A, 0x12, 0x4A, 0x12, 0x4A, 0x12,
    0x4A, 0x12, 0x2A, 0x12, 0x4A, 0x12, 0x2A, 0x12, 0x2A, 0x12, 0x29, 0x12, 0x29, 0x12, 0x29, 0x12,
    0x29, 0x12, 0x29, 0x12, 0x29, 0x12, 0x29, 0x12, 0x29, 0x12, 0x29, 0x12, 0x09, 0x12, 0x09, 0x12,
    0x09, 0x12, 0x09, 0x12, 0x09, 0x12, 0x09, 0x12, 0x09, 0x12, 0xE9, 0x11, 0xE8, 0x11, 0xE8, 0x11,
    0xE8, 0x11, 0xE8, 0x11, 0xE8, 0x11, 0xC8, 0x11, 0xC8, 0x11, 0xC8, 0x11, 0xC8, 0x11, 0xC8, 0x11,
    0xC8, 0x11, 0xA7, 0x11, 0xA7, 0x11, 0xA7, 0x11, 0xA7, 0x11, 0xA7, 0x11, 0xA7, 0x11, 0xA7, 0x11,
    0x87, 0x11, 0x87, 0x11, 0x87, 0x11, 0x87, 0x11, 0x87, 0x11, 0x86, 0x11, 0x66, 0x11, 0x66, 0x11,
    0x66, 0x09, 0x66, 0x09, 0x66, 0x09, 0x66, 0x09, 0x46, 0x09, 0x46, 0x09, 0x46, 0x09, 0x46, 0x09,
    0x46, 0x09, 0x46, 0x09, 0x45, 0x09, 0x25, 0x09, 0x25, 0x09, 0x25, 0x09, 0x25, 0x09, 0x25, 0x09,
    0x25, 0x09, 0x25, 0x09, 0x05, 0x09, 0x05, 0x09, 0x05, 0x09, 0x05, 0x09, 0x05, 0x09, 0x05, 0x09,
    0x04, 0x09, 0x04, 0x09, 0xE4, 0x08, 0xE4, 0x08, 0xE4, 0x08, 0xE4, 0x08, 0xE4, 0x08, 0xE4, 0x08,
    0xE4, 0x08, 0xE4, 0x08, 0xE4, 0x08, 0xC4, 0x08, 0xC4, 0x08, 0xC4, 0x08, 0xC4, 0x08, 0xC4, 0x08,
    0xC4, 0x08, 0xC3, 0x08, 0xC3, 0x08, 0xC3, 0x08, 0xC3, 0x08, 0xA3, 0x08, 0xA3, 0x08, 0xA3, 0x08,
    0xA3, 0x08, 0xA3, 0x08, 0xA3, 0x08, 0xA3, 0x08, 0xA3, 0x08, 0xA3, 0x08, 0xA3, 0x08, 0xA3, 0x08,
    0xA3, 0x08, 0x83, 0x08, 0x83, 0x08, 0x83, 0x08, 0x83, 0x08, 0x83, 0x08, 0x83, 0x08, 0x83, 0x08,
    0x83, 0x08, 0x82, 0x08, 0x82, 0x08, 0x82, 0x08, 0x82, 0x08, 0x82, 0x08, 0x82, 0x08, 0x82, 0x08,
    0x82, 0x08, 0x82, 0x08, 0x82, 0x08, 0x62, 0x08, 0x62, 0x08, 0x62, 0x08, 0x62, 0x08, 0x62, 0x08,
    0x62, 0x08, 0x62, 0x08, 0x62, 0x08, 0x62, 0x08, 0x62, 0x08, 0x62, 0x08, 0x62, 0x08, 0x62, 0x08,
    0x62, 0x08, 0x62, 0x08, 0x62, 0x08, 0x62, 0x08, 0x62, 0x08, 0x62, 0x08, 0x62, 0x08, 0x62, 0x08,
    0x62, 0x08, 0x62, 0x08, 0x62, 0x08, 0x62, 0x08, 0x62, 0x08, 0x62, 0x08, 0x62, 0x08, 0x62, 0x08,
    0x62, 0x08, 0x62, 0x08, 0x62, 0x08, 0x62, 0x08, 0x62, 0x08, 0x62, 0x08, 0x62, 0x08, 0x62, 0x08,
    0x62, 0x08, 0x62, 0x08, 0x62, 0x08, 0x62, 0x08, 0x62, 0x08, 0x62, 0x08, 0x62, 0x08, 0x62, 0x08,
    0x62, 0x08, 0x62, 0x08, 0x62, 0x08, 0x62, 0x08, 0x62, 0x08, 0x62, 0x08, 0x62, 0x08, 0x62, 0x08,
    0x62, 0x08, 0x62, 0x08, 0x62, 0x08, 0x62, 0x08, 0x62, 0x08, 0x62, 0x08, 0x62, 0x08, 0x62, 0x08,
    0x62, 0x08, 0x62, 0x08, 0x62, 0x08, 0x62, 0x08, 0x62, 0x08, 0x62, 0x08, 0x62, 0x08, 0x62, 0x08,
    0x62, 0x08, 0x62, 0x08, 0x62, 0x08, 0x62, 0x08, 0x62, 0x08, 0x62, 0x08, 0x62, 0x08, 0x62, 0x08,
    0x62, 0x08, 0x62, 0x08, 0x62, 0x08, 0x62, 0x08, 0x62, 0x08, 0x62, 0x08, 0x62, 0x08, 0x62, 0x08,
    0x62, 0x08, 0x62, 0x08, 0x62, 0x08, 0x62, 0x08, 0x62, 0x08, 0x82, 0x08, 0x82, 0x08, 0x82, 0x08,
    0x82, 0x08, 0x82, 0x08, 0x82, 0x08, 0x82, 0x08, 0x82, 0x08, 0x82, 0x08, 0x82, 0x08, 0x83, 0x08,
    0x83, 0x08, 0x83, 0x08, 0x83, 0x08, 0x83, 0x08, 0x83, 0x08, 0x83, 0x08, 0x83, 0x08, 0xA3, 0x08,
    0xA3, 0x08, 0xA3, 0x08, 0xA3, 0x08, 0xA3, 0x08, 0xA3, 0x08, 0xA3, 0x08, 0xA3, 0x08, 0xA3, 0x08,
    0xA3, 0x08, 0xA3, 0x08, 0xA3, 0x08, 0xC3, 0x08, 0xC3, 0x08, 0xC3, 0x08, 0xC3, 0x08, 0xC4, 0x08,
    0xC4, 0x08, 0xC4, 0x08, 0xC4, 0x08, 0xC4, 0x08, 0xC4, 0x08, 0xE4, 0x08, 0xE4, 0x08, 0xE4, 0x08,
    0xE4, 0x08, 0xE4, 0x08, 0xE4, 0x08, 0xE4, 0x08, 0xE4, 0x08, 0xE4, 0x08, 0x04, 0x09, 0x04, 0x09,
    0x05, 0x09, 0x05, 0x09, 0x05, 0x09, 0x05, 0x09, 0x05, 0x09, 0x05, 0x09, 0x25, 0x09, 0x25, 0x09,
    0x25, 0x09, 0x25, 0x09, 0x25, 0x09, 0x25, 0x09, 0x25, 0x09, 0x45, 0x09, 0x46, 0x09, 0x46, 0x09,
    0x46, 0x09, 0x46, 0x09, 0x46, 0x09, 0x46, 0x09, 0x66, 0x09, 0x66, 0x09, 0x66, 0x09, 0x66, 0x09,
    0x66, 0x11, 0x66, 0x11, 0x87, 0x11, 0x87, 0x11, 0x87, 0x11, 0x87, 0x11, 0x87, 0x11, 0x87, 0x11,
    0xA7, 0x11, 0xA7, 0x11, 0xA7, 0x11, 0xA7, 0x11, 0xA7, 0x11, 0xA7, 0x11, 0xC8, 0x11, 0xC8, 0x11,
    0xC8, 0x11, 0xC8, 0x11, 0xC8, 0x11, 0xC8, 0x11, 0xE8, 0x11, 0xE8, 0x11, 0xE8, 0x11, 0xE8, 0x11,
    0xE8, 0x11, 0xE8, 0x11, 0xE9, 0x11, 0x09, 0x12, 0x09, 0x12, 0x09, 0x12, 0x09, 0x12, 0x09, 0x12,
    0x09, 0x12, 0x29, 0x12, 0x29, 0x12, 0x29, 0x12, 0x29, 0x12, 0x29, 0x12, 0x29, 0x12, 0x29, 0x12,
    0x29, 0x12, 0x2A, 0x12, 0x2A, 0x12, 0x4A, 0x12, 0x4A, 0x12, 0x4A, 0x12, 0x4A, 0x12, 0x4A, 0x12,
    0x4A, 0x12, 0x4A, 0x12, 0x4A, 0x12, 0x4A, 0x12, 0x4A, 0x12, 0x4A, 0x12, 0x4A, 0x12, 0x4A, 0x12,
    0x4A, 0x12, 0x4A, 0x12, 0x2A, 0x12, 0x2A, 0x12, 0x29, 0x12, 0x29, 0x12, 0x29, 0x12, 0x29, 0x12,
    0x29, 0x12, 0x29, 0x12, 0x29, 0x12, 0x09, 0x12, 0x09, 0x12, 0x09, 0x12, 0x09, 0x12, 0x09, 0x12,
    0x09, 0x12, 0xE9, 0x11, 0xE9, 0x11, 0xE8, 0x11, 0xE8, 0x11, 0xE8, 0x11, 0xE8, 0x11, 0xE8, 0x11,
    0xC8, 0x11, 0xC8, 0x11, 0xC8, 0x11, 0xC8, 0x11, 0xC8, 0x11, 0xC8, 0x11, 0xA7, 0x11, 0xA7, 0x11,
    0xA7, 0x11, 0xA7, 0x11, 0xA7, 0x11, 0xA7, 0x11, 0x87, 0x11, 0x87, 0x11, 0x87, 0x11, 0x87, 0x11,
    0x87, 0x11, 0x87, 0x11, 0x66, 0x11, 0x66, 0x11, 0x66, 0x09, 0x66, 0x09, 0x66, 0x09, 0x66, 0x09,
    0x66, 0x09, 0x46, 0x09, 0x46, 0x09, 0x46, 0x09, 0x46, 0x09, 0x46, 0x09, 0x45, 0x09, 0x25, 0x09,
    0x25, 0x09, 0x25, 0x09, 0x25, 0x09, 0x25, 0x09, 0x25, 0x09, 0x25, 0x09, 0x25, 0x09, 0x05, 0x09,
    0x05, 0x09, 0x05, 0x09, 0x05, 0x09, 0x05, 0x09, 0x04, 0x09, 0x04, 0x09, 0xE4, 0x08, 0xE4, 0x08,
    0xE4, 0x08, 0xE4, 0x08, 0xE4, 0x08, 0xE4, 0x08, 0xE4, 0x08, 0xE4, 0x08, 0xE4, 0x08, 0xC4, 0x08,
    0xC4, 0x08, 0xC4, 0x08, 0xC4, 0x08, 0xC4, 0x08, 0xC4, 0x08, 0xC3, 0x08, 0xC3, 0x08, 0xC3, 0x08,
    0xC3, 0x08, 0xA3, 0x08, 0xA3, 0x08, 0xA3, 0x08, 0xA3, 0x08, 0xA3, 0x08, 0xA3, 0x08, 0xA3, 0x08,
    0xA3, 0x08, 0xA3, 0x08, 0xA3, 0x08, 0xA3, 0x08, 0xA3, 0x08, 0x83, 0x08, 0x83, 0x08, 0x83, 0x08,
    0x83, 0x08, 0x83, 0x08, 0x83, 0x08, 0x83, 0x08, 0x83, 0x08, 0x83, 0x08, 0x82, 0x08, 0x82, 0x08,
    0x82, 0x08, 0x82, 0x08, 0x82, 0x08, 0x82, 0x08, 0x82, 0x08, 0x82, 0x08, 0x82, 0x08, 0x62, 0x08,
    0x62, 0x08, 0x62, 0x08, 0x62, 0x08, 0x62, 0x08, 0x62, 0x08, 0x62, 0x08, 0x62, 0x08, 0x62, 0x08,
    0x62, 0x08, 0x62, 0x08, 0x62, 0x08, 0x62, 0x08, 0x62, 0x08, 0x62, 0x08, 0x62, 0x08, 0x62, 0x08,
    0x62, 0x08, 0x62, 0x08, 0x62, 0x08, 0x62, 0x08, 0x62, 0x08, 0x62, 0x08, 0x62, 0x08, 0x62, 0x08,
    0x62, 0x08, 0x62, 0x08, 0x62, 0x08, 0x62, 0x08, 0x62, 0x08, 0x62, 0x08, 0x62, 0x08, 0x62, 0x08,
    0x62, 0x08, 0x62, 0x08, 0x62, 0x08, 0x62, 0x08, 0x62, 0x08, 0x62, 0x08, 0x62, 0x08, 0x62, 0x08,
    0x62, 0x08, 0x62, 0x08, 0x62, 0x08, 0x62, 0x08, 0x62, 0x08, 0x62, 0x08, 0x62, 0x08, 0x62, 0x08,
    0x62, 0x08, 0x62, 0x08, 0x62, 0x08, 0x62, 0x08, 0x62, 0x08, 0x62, 0x08, 0x62, 0x08, 0x62, 0x08,
    0x62, 0x08, 0x62, 0x08, 0x62, 0x08, 0x62, 0x08, 0x62, 0x08, 0x62, 0x08, 0x62, 0x08, 0x62, 0x08,
    0x62, 0x08, 0x62, 0x08, 0x62, 0x08, 0x62, 0x08, 0x62, 0x08, 0x62, 0x08, 0x62, 0x08, 0x62, 0x08,
    0x62, 0x08, 0x62, 0x08, 0x62, 0x08, 0x62, 0x08, 0x62, 0x08, 0x62, 0x08, 0x62, 0x08, 0x62, 0x08,
    0x62, 0x08, 0x62, 0x08, 0x62, 0x08, 0x62, 0x08, 0x62, 0x08, 0x62, 0x08, 0x62, 0x08, 0x62, 0x08,
    0x62, 0x08, 0x82, 0x08, 0x82, 0x08, 0x82, 0x08, 0x82, 0x08, 0x82, 0x08, 0x82, 0x08, 0x82, 0x08,
    0x82, 0x08, 0x82, 0x08, 0x83, 0x08, 0x83, 0x08, 0x83, 0x08, 0x83, 0x08, 0x83, 0x08, 0x83, 0x08,
    0x83, 0x08, 0x83, 0x08, 0x83, 0x08, 0xA3, 0x08, 0xA3, 0x08, 0xA3, 0x08, 0xA3, 0x08, 0xA3, 0x08,
    0xA3, 0x08, 0xA3, 0x08, 0xA3, 0x08, 0xA3, 0x08, 0xA3, 0x08, 0xA3, 0x08, 0xA3, 0x08, 0xC3, 0x08,
    0xC3, 0x08, 0xC3, 0x08, 0xC3, 0x08, 0xC4, 0x08, 0xC4, 0x08, 0xC4, 0x08, 0xC4, 0x08, 0xC4, 0x08,
    0xC4, 0x08, 0xE4, 0x08, 0xE4, 0x08, 0xE4, 0x08, 0xE4, 0x08, 0xE4, 0x08, 0xE4, 0x08, 0xE4, 0x08,
    0xE4, 0x08, 0xE4, 0x08, 0x04, 0x09, 0x04, 0x09, 0x05, 0x09, 0x05, 0x09, 0x05, 0x09, 0x05, 0x09,
    0x05, 0x09, 0x25, 0x09, 0x25, 0x09, 0x25, 0x09, 0x25, 0x09, 0x25, 0x09, 0x25, 0x09, 0x25, 0x09,
    0x45, 0x09, 0x45, 0x09, 0x46, 0x09, 0x46, 0x09, 0x46, 0x09, 0x46, 0x09, 0x46, 0x09, 0x66, 0x09,
    0x66, 0x09, 0x66, 0x09, 0x66, 0x09, 0x66, 0x09, 0x66, 0x11, 0x86, 0x11, 0x87, 0x11, 0x87, 0x11,
    0x87, 0x11, 0x87, 0x11, 0x87, 0x11, 0x87, 0x11, 0xA7, 0x11, 0xA7, 0x11, 0xA7, 0x11, 0xA7, 0x11,
    0xA7, 0x11, 0xA7, 0x11, 0xC8, 0x11, 0xC8, 0x11, 0xC8, 0x11, 0xC8, 0x11, 0xC8, 0x11, 0xC8, 0x11,
    0xE8, 0x11, 0xE8, 0x11, 0xE8, 0x11, 0xE8, 0x11, 0xE8, 0x11, 0x09, 0x12, 0x09, 0x12, 0x09, 0x12,
    0x09, 0x12, 0x09, 0x12, 0x09, 0x12, 0x09, 0x12, 0x29, 0x12, 0x29, 0x12, 0x29, 0x12, 0x29, 0x12,
    0x29, 0x12, 0x29, 0x12, 0x29, 0x12, 0x2A, 0x12, 0x2A, 0x12, 0x4A, 0x12, 0x4A, 0x12, 0x4A, 0x12,
    0x4A, 0x12, 0x4A, 0x12, 0x4A, 0x12, 0x4A, 0x12, 0x4A, 0x12, 0x4A, 0x12, 0x4A, 0x12, 0x4A, 0x12,
    0x4A, 0x12, 0x4A, 0x12, 0x4A, 0x12, 0x4A, 0x12, 0x4A, 0x12, 0x4A, 0x12, 0x4A, 0x12, 0x4A, 0x12,
    0x2A, 0x12, 0x2A, 0x12, 0x29, 0x12, 0x29, 0x12, 0x29, 0x12, 0x29, 0x12, 0x29, 0x12, 0x29, 0x12,
    0x09, 0x12, 0x09, 0x12, 0x09, 0x12, 0x09, 0x12, 0x09, 0x12, 0x09, 0x12, 0x09, 0x12, 0xE8, 0x11,
    0xE8, 0x11, 0xE8, 0x11, 0xE8, 0x11, 0xE8, 0x11, 0xE8, 0x11, 0xC8, 0x11, 0xC8, 0x11, 0xC8, 0x11,
    0xC8, 0x11, 0xC8, 0x11, 0xC8, 0x11, 0xA7, 0x11, 0xA7, 0x11, 0xA7, 0x11, 0xA7, 0x11, 0xA7, 0x11,
    0xA7, 0x11, 0x87, 0x11, 0x87, 0x11, 0x87, 0x11, 0x87, 0x11, 0x87, 0x11, 0x86, 0x11, 0x66, 0x11,
    0x66, 0x11, 0x66, 0x09, 0x66, 0x09, 0x66, 0x09, 0x66, 0x09, 0x46, 0x09, 0x46, 0x09, 0x46, 0x09,
    0x46, 0x09, 0x46, 0x09, 0x46, 0x09, 0x45, 0x09, 0x25, 0x09, 0x25, 0x09, 0x25, 0x09, 0x25, 0x09,
    0x25, 0x09, 0x25, 0x09, 0x25, 0x09, 0x05, 0x09, 0x05, 0x09, 0x05, 0x09, 0x05, 0x09, 0x05, 0x09,
    0x04, 0x09, 0x04, 0x09, 0x04, 0x09, 0xE4, 0x08, 0xE4, 0x08, 0xE4, 0x08, 0xE4, 0x08, 0xE4, 0x08,
    0xE4, 0x08, 0xE4, 0x08, 0xE4, 0x08, 0xC4, 0x08, 0xC4, 0x08, 0xC4, 0x08, 0xC4, 0x08, 0xC4, 0x08,
    0xC4, 0x08, 0xC4, 0x08, 0xC3, 0x08, 0xC3, 0x08, 0xC3, 0x08, 0xA3, 0x08, 0xA3, 0x08, 0xA3, 0x08,
    0xA3, 0x08, 0xA3, 0x08, 0xA3, 0x08, 0xA3, 0x08, 0xA3, 0x08, 0xA3, 0x08, 0xA3, 0x08, 0xA3, 0x08,
    0xA3, 0x08, 0x83, 0x08, 0x83, 0x08, 0x83, 0x08, 0x83, 0x08, 0x83, 0x08, 0x83, 0x08, 0x83, 0x08,
    0x83, 0x08, 0x83, 0x08, 0x82, 0x08, 0x82, 0x08, 0x82, 0x08, 0x82, 0x08, 0x82, 0x08, 0x82, 0x08,
    0x82, 0x08, 0x82, 0x08, 0x82, 0x08, 0x62, 0x08, 0x62, 0x08, 0x62, 0x08, 0x62, 0x08, 0x62, 0x08,
    0x62, 0x08, 0x62, 0x08, 0x62, 0x08, 0x62, 0x08, 0x62, 0x08, 0x62, 0x08, 0x62, 0x08, 0x62, 0x08,
    0x62, 0x08, 0x62, 0x08, 0x62, 0x08, 0x62, 0x08, 0x62, 0x08, 0x62, 0x08, 0x62, 0x08, 0x62, 0x08,
    0x62, 0x08, 0x62, 0x08, 0x62, 0x08, 0x62, 0x08, 0x62, 0x08, 0x62, 0x08, 0x62, 0x08, 0x62, 0x08,
    0x62, 0x08, 0x62, 0x08, 0x62, 0x08, 0x62, 0x08, 0x62, 0x08, 0x62, 0x08, 0x62, 0x08, 0x62, 0x08,
    0x62, 0x08, 0x62, 0x08, 0x62, 0x08, 0x62, 0x08, 0x62, 0x08, 0x62, 0x08, 0x62, 0x08, 0x62, 0x08,
    0x62, 0x08, 0x62, 0x08, 0x62, 0x08, 0x62, 0x08, 0x62, 0x08, 0x62, 0x08, 0x62, 0x08, 0x62, 0x08,
    0x62, 0x08, 0x62, 0x08, 0x62, 0x08, 0x62, 0x08, 0x62, 0x08, 0x62, 0x08, 0x62, 0x08, 0x62, 0x08,
    0x62, 0x08, 0x62, 0x08, 0x62, 0x08, 0x62, 0x08, 0x62, 0x08, 0x62, 0x08, 0x62, 0x08, 0x62, 0x08,
    0x62, 0x08, 0x62, 0x08, 0x62, 0x08, 0x62, 0x08, 0x62, 0x08, 0x62, 0x08, 0x62, 0x08, 0x62, 0x08,
    0x62, 0x08, 0x62, 0x08, 0x62, 0x08, 0x62, 0x08, 0x62, 0x08, 0x62, 0x08, 0x62, 0x08, 0x62, 0x08,
    0x62, 0x08, 0x62, 0x08, 0x62, 0x08, 0x62, 0x08, 0x62, 0x08, 0x82, 0x08, 0x82, 0x08, 0x82, 0x08,
    0x82, 0x08, 0x82, 0x08, 0x82, 0x08, 0x82, 0x08, 0x82, 0x08, 0x82, 0x08, 0x83, 0x08, 0x83, 0x08,
    0x83, 0x08, 0x83, 0x08, 0x83, 0x08, 0x83, 0x08, 0x83, 0x08, 0x83, 0x08, 0x83, 0x08, 0xA3, 0x08,
    0xA3, 0x08, 0xA3, 0x08, 0xA3, 0x08, 0xA3, 0x08, 0xA3, 0x08, 0xA3, 0x08, 0xA3, 0x08, 0xA3, 0x08,
    0xA3, 0x08, 0xA3, 0x08, 0xA3, 0x08, 0xC3, 0x08, 0xC3, 0x08, 0xC3, 0x08, 0xC3, 0x08, 0xC4, 0x08,
    0xC4, 0x08, 0xC4, 0x08, 0xC4, 0x08, 0xC4, 0x08, 0xC4, 0x08, 0xE4, 0x08, 0xE4, 0x08, 0xE4, 0x08,
    0xE4, 0x08, 0xE4, 0x08, 0xE4, 0x08, 0xE4, 0x08, 0xE4, 0x08, 0x04, 0x09, 0x04, 0x09, 0x05, 0x09,
    0x05, 0x09, 0x05, 0x09, 0x05, 0x09, 0x05, 0x09, 0x05, 0x09, 0x25, 0x09, 0x25, 0x09, 0x25, 0x09,
    0x25, 0x09, 0x25, 0x09, 0x25, 0x09, 0x25, 0x09, 0x45, 0x09, 0x46, 0x09, 0x46, 0x09, 0x46, 0x09,
    0x46, 0x09, 0x46, 0x09, 0x46, 0x09, 0x66, 0x09, 0x66, 0x09, 0x66, 0x09, 0x66, 0x09, 0x66, 0x11,
    0x66, 0x11, 0x86, 0x11, 0x87, 0x11, 0x87, 0x11, 0x87, 0x11, 0x87, 0x11, 0x87, 0x11, 0xA7, 0x11,
    0xA7, 0x11, 0xA7, 0x11, 0xA7, 0x11, 0xA7, 0x11, 0xA7, 0x11, 0xC8, 0x11, 0xC8, 0x11, 0xC8, 0x11,
    0xC8, 0x11, 0xC8, 0x11, 0xC8, 0x11, 0xE8, 0x11, 0xE8, 0x11, 0xE8, 0x11, 0xE8, 0x11, 0xE8, 0x11,
    0xE9, 0x11, 0x09, 0x12, 0x09, 0x12, 0x09, 0x12, 0x09, 0x12, 0x09, 0x12, 0x09, 0x12, 0x29, 0x12,
    0x29, 0x12, 0x29, 0x12, 0x29, 0x12, 0x29, 0x12, 0x2A, 0x12, 0x2A, 0x12, 0x4A, 0x12, 0x4A, 0x12,
    0x4A, 0x12, 0x4A, 0x12, 0x4A, 0x12, 0x4A, 0x12, 0x4A, 0x12, 0x4A, 0x12, 0x4A, 0x12, 0x4A, 0x12,
    0x4A, 0x12, 0x4A, 0x12, 0x4A, 0x12, 0x4A, 0x12, 0x4A, 0x12, 0x4A, 0x12, 0x4A, 0x12, 0x4A, 0x12,
    0x4A, 0x12, 0x4A, 0x12, 0x4A, 0x12, 0x4A, 0x12, 0x4A, 0x12, 0x4A, 0x12, 0x2A, 0x12, 0x2A, 0x12,
    0x29, 0x12, 0x29, 0x12, 0x29, 0x12, 0x29, 0x12, 0x29, 0x12, 0x09, 0x12, 0x09, 0x12, 0x09, 0x12,
    0x09, 0x12, 0x09, 0x12, 0x09, 0x12, 0x09, 0x12, 0xE8, 0x11, 0xE8, 0x11, 0xE8, 0x11, 0xE8, 0x11,
    0xE8, 0x11, 0xC8, 0x11, 0xC8, 0x11, 0xC8, 0x11, 0xC8, 0x11, 0xC8, 0x11, 0xC8, 0x11, 0xA7, 0x11,
    0xA7, 0x11, 0xA7, 0x11, 0xA7, 0x11, 0xA7, 0x11, 0xA7, 0x11, 0x87, 0x11, 0x87, 0x11, 0x87, 0x11,
    0x87, 0x11, 0x87, 0x11, 0x87, 0x11, 0x66, 0x11, 0x66, 0x11, 0x66, 0x09, 0x66, 0x09, 0x66, 0x09,
    0x66, 0x09, 0x46, 0x09, 0x46, 0x09, 0x46, 0x09, 0x46, 0x09, 0x46, 0x09, 0x46, 0x09, 0x45, 0x09,
    0x25, 0x09, 0x25, 0x09, 0x25, 0x09, 0x25, 0x09, 0x25, 0x09, 0x25, 0x09, 0x25, 0x09, 0x05, 0x09,
    0x05, 0x09, 0x05, 0x09, 0x05, 0x09, 0x05, 0x09, 0x05, 0x09, 0x04, 0x09, 0x04, 0x09, 0xE4, 0x08,
    0xE4, 0x08, 0xE4, 0x08, 0xE4, 0x08, 0xE4, 0x08, 0xE4, 0x08, 0xE4, 0x08, 0xE4, 0x08, 0xE4, 0x08,
    0xC4, 0x08, 0xC4, 0x08, 0xC4, 0x08, 0xC4, 0x08, 0xC4, 0x08, 0xC4, 0x08, 0xC3, 0x08, 0xC3, 0x08,
    0xC3, 0x08, 0xC3, 0x08, 0xA3, 0x08, 0xA3, 0x08, 0xA3, 0x08, 0xA3, 0x08, 0xA3, 0x08, 0xA3, 0x08,
    0xA3, 0x08, 0xA3, 0x08, 0xA3, 0x08, 0xA3, 0x08, 0xA3, 0x08, 0xA3, 0x08, 0x83, 0x08, 0x83, 0x08,
    0x83, 0x08, 0x83, 0x08, 0x83, 0x08, 0x83, 0x08, 0x83, 0x08, 0x83, 0x08, 0x82, 0x08, 0x82, 0x08,
    0x82, 0x08, 0x82, 0x08, 0x82, 0x08, 0x82, 0x08, 0x82, 0x08, 0x82, 0x08, 0x82, 0x08, 0x62, 0x08,
    0x62, 0x08, 0x62, 0x08, 0x62, 0x08, 0x62, 0x08, 0x62, 0x08, 0x62, 0x08, 0x62, 0x08, 0x62, 0x08,
    0x62, 0x08, 0x62, 0x08, 0x62, 0x08, 0x62, 0x08, 0x62, 0x08, 0x62, 0x08, 0x62, 0x08, 0x62, 0x08,
    0x62, 0x08, 0x62, 0x08, 0x62, 0x08, 0x62, 0x08, 0x62, 0x08, 0x62, 0x08, 0x62, 0x08, 0x62, 0x08,
    0x62, 0x08, 0x62, 0x08, 0x62, 0x08, 0x62, 0x08, 0x62, 0x08, 0x62, 0x08, 0x62, 0x08, 0x62, 0x08,
    0x62, 0x08, 0x62, 0x08, 0x62, 0x08, 0x62, 0x08, 0x62, 0x08, 0x62, 0x08, 0x62, 0x08, 0x62, 0x08,
    0x62, 0x08, 0x62, 0x08, 0x62, 0x08, 0x62, 0x08, 0x62, 0x08, 0x62, 0x08, 0x62, 0x08, 0x62, 0x08,
    0x62, 0x08, 0x62, 0x08, 0x62, 0x08, 0x62, 0x08, 0x62, 0x08, 0x62, 0x08, 0x62, 0x08, 0x62, 0x08,
    0x62, 0x08, 0x62, 0x08, 0x62, 0x08, 0x62, 0x08, 0x62, 0x08, 0x62, 0x08, 0x62, 0x08, 0x62, 0x08,
    0x62, 0x08, 0x62, 0x08, 0x62, 0x08, 0x62, 0x08, 0x62, 0x08, 0x62, 0x08, 0x62, 0x08, 0x62, 0x08,
    0x62, 0x08, 0x62, 0x08, 0x62, 0x08, 0x62, 0x08, 0x62, 0x08, 0x62, 0x08, 0x62, 0x08, 0x62, 0x08,
    0x62, 0x08, 0x62, 0x08, 0x62, 0x08, 0x62, 0x08, 0x62, 0x08, 0x62, 0x08, 0x62, 0x08, 0x62, 0x08,
    0x62, 0x08, 0x82, 0x08, 0x82, 0x08, 0x82, 0x08, 0x82, 0x08, 0x82, 0x08, 0x82, 0x08, 0x82, 0x08,
    0x82, 0x08, 0x82, 0x08, 0x83, 0x08, 0x83, 0x08, 0x83, 0x08, 0x83, 0x08, 0x83, 0x08, 0x83, 0x08,
    0x83, 0x08, 0x83, 0x08, 0xA3, 0x08, 0xA3, 0x08, 0xA3, 0x08, 0xA3, 0x08, 0xA3, 0x08, 0xA3, 0x08,
    0xA3, 0x08, 0xA3, 0x08, 0xA3, 0x08, 0xA3, 0x08, 0xA3, 0x08, 0xA3, 0x08, 0xA3, 0x08, 0xC3, 0x08,
    0xC3, 0x08, 0xC3, 0x08, 0xC4, 0x08, 0xC4, 0x08, 0xC4, 0x08, 0xC4, 0x08, 0xC4, 0x08, 0xC4, 0x08,
    0xE4, 0x08, 0xE4, 0x08, 0xE4, 0x08, 0xE4, 0x08, 0xE4, 0x08, 0xE4, 0x08, 0xE4, 0x08, 0xE4, 0x08,
    0xE4, 0x08, 0x04, 0x09, 0x04, 0x09, 0x05, 0x09, 0x05, 0x09, 0x05, 0x09, 0x05, 0x09, 0x05, 0x09,
    0x05, 0x09, 0x25, 0x09, 0x25, 0x09, 0x25, 0x09, 0x25, 0x09, 0x25, 0x09, 0x25, 0x09, 0x25, 0x09,
    0x45, 0x09, 0x46, 0x09, 0x46, 0x09, 0x46, 0x09, 0x46, 0x09, 0x46, 0x09, 0x66, 0x09, 0x66, 0x09,
    0x66, 0x09, 0x66, 0x09, 0x66, 0x09, 0x66, 0x11, 0x66, 0x11, 0x87, 0x11, 0x87, 0x11, 0x87, 0x11,
    0x87, 0x11, 0x87, 0x11, 0x87, 0x11, 0xA7, 0x11, 0xA7, 0x11, 0xA7, 0x11, 0xA7, 0x11, 0xA7, 0x11,
    0xA7, 0x11, 0xC8, 0x11, 0xC8, 0x11, 0xC8, 0x11, 0xC8, 0x11, 0xC8, 0x11, 0xE8, 0x11, 0xE8, 0x11,
    0xE8, 0x11, 0xE8, 0x11, 0xE8, 0x11, 0xE9, 0x11, 0x09, 0x12, 0x09, 0x12, 0x09, 0x12, 0x09, 0x12,
    0x09, 0x12, 0x09, 0x12, 0x29, 0x12, 0x29, 0x12, 0x29, 0x12, 0x29, 0x12, 0x29, 0x12, 0x2A, 0x12,
    0x4A, 0x12, 0x4A, 0x12, 0x4A, 0x12, 0x4A, 0x12, 0x4A, 0x12, 0x4A, 0x12, 0x4A, 0x12, 0x4A, 0x12,
    0x4A, 0x12, 0x4A, 0x12, 0x4A, 0x12, 0x4A, 0x12, 0x6A, 0x12, 0x4A, 0x12, 0x4A, 0x12, 0x6A, 0x12,
    0x4A, 0x12, 0x4A, 0x12, 0x4A, 0x12, 0x4A, 0x12, 0x4A, 0x12, 0x4A, 0x12, 0x4A, 0x12, 0x4A, 0x12,
    0x4A, 0x12, 0x4A, 0x12, 0x4A, 0x12, 0x2A, 0x12, 0x2A, 0x12, 0x29, 0x12, 0x29, 0x12, 0x29, 0x12,
    0x29, 0x12, 0x29, 0x12, 0x09, 0x12, 0x09, 0x12, 0x09, 0x12, 0x09, 0x12, 0x09, 0x12, 0x09, 0x12,
    0xE9, 0x11, 0xE8, 0x11, 0xE8, 0x11, 0xE8, 0x11, 0xE8, 0x11, 0xE8, 0x11, 0xC8, 0x11, 0xC8, 0x11,
    0xC8, 0x11, 0xC8, 0x11, 0xC8, 0x11, 0xC8, 0x11, 0xA7, 0x11, 0xA7, 0x11, 0xA7, 0x11, 0xA7, 0x11,
    0xA7, 0x11, 0x87, 0x11, 0x87, 0x11, 0x87, 0x11, 0x87, 0x11, 0x87, 0x11, 0x87, 0x11, 0x86, 0x11,
    0x66, 0x11, 0x66, 0x11, 0x66, 0x09, 0x66, 0x09, 0x66, 0x09, 0x66, 0x09, 0x46, 0x09, 0x46, 0x09,
    0x46, 0x09, 0x46, 0x09, 0x46, 0x09, 0x45, 0x09, 0x25, 0x09, 0x25, 0x09, 0x25, 0x09, 0x25, 0x09,
    0x25, 0x09, 0x25, 0x09, 0x25, 0x09, 0x05, 0x09, 0x05, 0x09, 0x05, 0x09, 0x05, 0x09, 0x05, 0x09,
    0x05, 0x09, 0x04, 0x09, 0x04, 0x09, 0xE4, 0x08, 0xE4, 0x08, 0xE4, 0x08, 0xE4, 0x08, 0xE4, 0x08,
    0xE4, 0x08, 0xE4, 0x08, 0xE4, 0x08, 0xE4, 0x08, 0xC4, 0x08, 0xC4, 0x08, 0xC4, 0x08, 0xC4, 0x08,
    0xC4, 0x08, 0xC4, 0x08, 0xC3, 0x08, 0xC3, 0x08, 0xC3, 0x08, 0xC3, 0x08, 0xA3, 0x08, 0xA3, 0x08,
    0xA3, 0x08, 0xA3, 0x08, 0xA3, 0x08, 0xA3, 0x08, 0xA3, 0x08, 0xA3, 0x08, 0xA3, 0x08, 0xA3, 0x08,
    0xA3, 0x08, 0xA3, 0x08, 0x83, 0x08, 0x83, 0x08, 0x83, 0x08, 0x83, 0x08, 0x83, 0x08, 0x83, 0x08,
    0x83, 0x08, 0x83, 0x08, 0x82, 0x08, 0x82, 0x08, 0x82, 0x08, 0x82, 0x08, 0x82, 0x08, 0x82, 0x08,
    0x82, 0x08, 0x82, 0x08, 0x82, 0x08, 0x62, 0x08, 0x62, 0x08, 0x62, 0x08, 0x62, 0x08, 0x62, 0x08,
    0x62, 0x08, 0x62, 0x08, 0x62, 0x08, 0x62, 0x08, 0x62, 0x08, 0x62, 0x08, 0x62, 0x08, 0x62, 0x08,
    0x62, 0x08, 0x62, 0x08, 0x62, 0x08, 0x62, 0x08, 0x62, 0x08, 0x62, 0x08, 0x62, 0x08, 0x62, 0x08,
    0x62, 0x08, 0x62, 0x08, 0x62, 0x08, 0x62, 0x08, 0x62, 0x08, 0x62, 0x08, 0x62, 0x08, 0x62, 0x08,
    0x62, 0x08, 0x62, 0x08, 0x62, 0x08, 0x62, 0x08, 0x62, 0x08, 0x62, 0x08, 0x62, 0x08, 0x62, 0x08,
    0x62, 0x08, 0x62, 0x08, 0x62, 0x08, 0x62, 0x08, 0x62, 0x08, 0x62, 0x08, 0x62, 0x08, 0x62, 0x08,
    0x62, 0x08, 0x62, 0x08, 0x62, 0x08, 0x62, 0x08, 0x62, 0x08, 0x62, 0x08, 0x62, 0x08, 0x62, 0x08,
    0x62, 0x08, 0x62, 0x08, 0x62, 0x08, 0x62, 0x08, 0x62, 0x08, 0x62, 0x08, 0x62, 0x08, 0x62, 0x08,
    0x62, 0x08, 0x62, 0x08, 0x62, 0x08, 0x62, 0x08, 0x62, 0x08, 0x62, 0x08, 0x62, 0x08, 0x62, 0x08,
    0x62, 0x08, 0x62, 0x08, 0x62, 0x08, 0x62, 0x08, 0x62, 0x08, 0x62, 0x08, 0x62, 0x08, 0x62, 0x08,
    0x62, 0x08, 0x62, 0x08, 0x62, 0x08, 0x62, 0x08, 0x62, 0x08, 0x62, 0x08, 0x62, 0x08, 0x62, 0x08,
    0x62, 0x08, 0x62, 0x08, 0x62, 0x08, 0x62, 0x08, 0x62, 0x08, 0x82, 0x08, 0x82, 0x08, 0x82, 0x08,
    0x82, 0x08, 0x82, 0x08, 0x82, 0x08, 0x82, 0x08, 0x82, 0x08, 0x82, 0x08, 0x83, 0x08, 0x83, 0x08,
    0x83, 0x08, 0x83, 0x08, 0x83, 0x08, 0x83, 0x08, 0x83, 0x08, 0x83, 0x08, 0xA3, 0x08, 0xA3, 0x08,
    0xA3, 0x08, 0xA3, 0x08, 0xA3, 0x08, 0xA3, 0x08, 0xA3, 0x08, 0xA3, 0x08, 0xA3, 0x08, 0xA3, 0x08,
    0xA3, 0x08, 0xA3, 0x08, 0xC3, 0x08, 0xC3, 0x08, 0xC3, 0x08, 0xC3, 0x08, 0xC4, 0x08, 0xC4, 0x08,
    0xC4, 0x08, 0xC4, 0x08, 0xC4, 0x08, 0xC4, 0x08, 0xE4, 0x08, 0xE4, 0x08, 0xE4, 0x08, 0xE4, 0x08,
    0xE4, 0x08, 0xE4, 0x08, 0xE4, 0x08, 0xE4, 0x08, 0xE4, 0x08, 0x04, 0x09, 0x04, 0x09, 0x05, 0x09,
    0x05, 0x09, 0x05, 0x09, 0x05, 0x09, 0x05, 0x09, 0x05, 0x09, 0x25, 0x09, 0x25, 0x09, 0x25, 0x09,
    0x25, 0x09, 0x25, 0x09, 0x25, 0x09, 0x25, 0x09, 0x45, 0x09, 0x46, 0x09, 0x46, 0x09, 0x46, 0x09,
    0x46, 0x09, 0x46, 0x09, 0x66, 0x09, 0x66, 0x09, 0x66, 0x09, 0x66, 0x09, 0x66, 0x11, 0x66, 0x11,
    0x86, 0x11, 0x87, 0x11, 0x87, 0x11, 0x87, 0x11, 0x87, 0x11, 0x87, 0x11, 0xA7, 0x11, 0xA7, 0x11,
    0xA7, 0x11, 0xA7, 0x11, 0xA7, 0x11, 0xA7, 0x11, 0xC8, 0x11, 0xC8, 0x11, 0xC8, 0x11, 0xC8, 0x11,
    0xC8, 0x11, 0xC8, 0x11, 0xE8, 0x11, 0xE8, 0x11, 0xE8, 0x11, 0xE8, 0x11, 0xE8, 0x11, 0x09, 0x12,
    0x09, 0x12, 0x09, 0x12, 0x09, 0x12, 0x09, 0x12, 0x09, 0x12, 0x29, 0x12, 0x29, 0x12, 0x29, 0x12,
    0x29, 0x12, 0x29, 0x12, 0x2A, 0x12, 0x2A, 0x12, 0x4A, 0x12, 0x4A, 0x12, 0x4A, 0x12, 0x4A, 0x12,
    0x4A, 0x12, 0x4A, 0x12, 0x4A, 0x12, 0x4A, 0x12, 0x4A, 0x12, 0x6A, 0x12, 0x6A, 0x12, 0x6A, 0x12,
    0x6A, 0x12, 0x6A, 0x12, 0x6A, 0x12, 0x6A, 0x12, 0x6A, 0x12, 0x6A, 0x12, 0x6A, 0x12, 0x6A, 0x12,
    0x4A, 0x12, 0x4A, 0x12, 0x4A, 0x12, 0x4A, 0x12, 0x4A, 0x12, 0x4A, 0x12, 0x4A, 0x12, 0x4A, 0x12,
    0x4A, 0x12, 0x2A, 0x12, 0x29, 0x12, 0x29, 0x12, 0x29, 0x12, 0x29, 0x12, 0x29, 0x12, 0x09, 0x12,
    0x09, 0x12, 0x09, 0x12, 0x09, 0x12, 0x09, 0x12, 0x09, 0x12, 0xE9, 0x11, 0xE8, 0x11, 0xE8, 0x11,
    0xE8, 0x11, 0xE8, 0x11, 0xE8, 0x11, 0xC8, 0x11, 0xC8, 0x11, 0xC8, 0x11, 0xC8, 0x11, 0xC8, 0x11,
    0xA7, 0x11, 0xA7, 0x11, 0xA7, 0x11, 0xA7, 0x11, 0xA7, 0x11, 0xA7, 0x11, 0x87, 0x11, 0x87, 0x11,
    0x87, 0x11, 0x87, 0x11, 0x87, 0x11, 0x86, 0x11, 0x66, 0x11, 0x66, 0x11, 0x66, 0x09, 0x66, 0x09,
    0x66, 0x09, 0x66, 0x09, 0x46, 0x09, 0x46, 0x09, 0x46, 0x09, 0x46, 0x09, 0x46, 0x09, 0x46, 0x09,
    0x45, 0x09, 0x25, 0x09, 0x25, 0x09, 0x25, 0x09, 0x25, 0x09, 0x25, 0x09, 0x25, 0x09, 0x25, 0x09,
    0x05, 0x09, 0x05, 0x09, 0x05, 0x09, 0x05, 0x09, 0x05, 0x09, 0x04, 0x09, 0x04, 0x09, 0xE4, 0x08,
    0xE4, 0x08, 0xE4, 0x08, 0xE4, 0x08, 0xE4, 0x08, 0xE4, 0x08, 0xE4, 0x08, 0xE4, 0x08, 0xE4, 0x08,
    0xC4, 0x08, 0xC4, 0x08, 0xC4, 0x08, 0xC4, 0x08, 0xC4, 0x08, 0xC4, 0x08, 0xC3, 0x08, 0xC3, 0x08,
    0xC3, 0x08, 0xC3, 0x08, 0xA3, 0x08, 0xA3, 0x08, 0xA3, 0x08, 0xA3, 0x08, 0xA3, 0x08, 0xA3, 0x08,
    0xA3, 0x08, 0xA3, 0x08, 0xA3, 0x08, 0xA3, 0x08, 0xA3, 0x08, 0xA3, 0x08, 0x83, 0x08, 0x83, 0x08,
    0x83, 0x08, 0x83, 0x08, 0x83, 0x08, 0x83, 0x08, 0x83, 0x08, 0x83, 0x08, 0x82, 0x08, 0x82, 0x08,
    0x82, 0x08, 0x82, 0x08, 0x82, 0x08, 0x82, 0x08, 0x82, 0x08, 0x82, 0x08, 0x82, 0x08, 0x62, 0x08,
    0x62, 0x08, 0x62, 0x08, 0x62, 0x08, 0x62, 0x08, 0x62, 0x08, 0x62, 0x08, 0x62, 0x08, 0x62, 0x08,
    0x62, 0x08, 0x62, 0x08, 0x62, 0x08, 0x62, 0x08, 0x62, 0x08, 0x62, 0x08, 0x62, 0x08, 0x62, 0x08,
    0x62, 0x08, 0x62, 0x08, 0x62, 0x08, 0x62, 0x08, 0x62, 0x08, 0x62, 0x08, 0x62, 0x08, 0x62, 0x08,
    0x62, 0x08, 0x62, 0x08, 0x62, 0x08, 0x62, 0x08, 0x62, 0x08, 0x62, 0x08, 0x62, 0x08, 0x62, 0x08,
    0x62, 0x08, 0x62, 0x08, 0x62, 0x08, 0x62, 0x08, 0x62, 0x08, 0x62, 0x08, 0x62, 0x08, 0x62, 0x08,
    0x62, 0x08, 0x62, 0x08, 0x62, 0x08, 0x62, 0x08, 0x62, 0x08, 0x62, 0x08, 0x62, 0x08, 0x62, 0x08,
    0x62, 0x08, 0x62, 0x08, 0x62, 0x08, 0x62, 0x08, 0x62, 0x08, 0x62, 0x08, 0x62, 0x08, 0x62, 0x08,
    0x62, 0x08, 0x62, 0x08, 0x62, 0x08, 0x62, 0x08, 0x62, 0x08, 0x62, 0x08, 0x62, 0x08, 0x62, 0x08,
    0x62, 0x08, 0x62, 0x08, 0x62, 0x08, 0x62, 0x08, 0x62, 0x08, 0x62, 0x08, 0x62, 0x08, 0x62, 0x08,
    0x62, 0x08, 0x62, 0x08, 0x62, 0x08, 0x62, 0x08, 0x62, 0x08, 0x62, 0x08, 0x62, 0x08, 0x62, 0x08,
    0x62, 0x08, 0x62, 0x08, 0x62, 0x08, 0x62, 0x08, 0x62, 0x08, 0x62, 0x08, 0x62, 0x08, 0x62, 0x08,
    0x62, 0x08, 0x82, 0x08, 0x82, 0x08, 0x82, 0x08, 0x82, 0x08, 0x82, 0x08, 0x82, 0x08, 0x82, 0x08,
    0x82, 0x08, 0x82, 0x08, 0x83, 0x08, 0x83, 0x08, 0x83, 0x08, 0x83, 0x08, 0x83, 0x08, 0x83, 0x08,
    0x83, 0x08, 0x83, 0x08, 0xA3, 0x08, 0xA3, 0x08, 0xA3, 0x08, 0xA3, 0x08, 0xA3, 0x08, 0xA3, 0x08,
    0xA3, 0x08, 0xA3, 0x08, 0xA3, 0x08, 0xA3, 0x08, 0xA3, 0x08, 0xA3, 0x08, 0xC3, 0x08, 0xC3, 0x08,
    0xC3, 0x08, 0xC3, 0x08, 0xC4, 0x08, 0xC4, 0x08, 0xC4, 0x08, 0xC4, 0x08, 0xC4, 0x08, 0xC4, 0x08,
    0xE4, 0x08, 0xE4, 0x08, 0xE4, 0x08, 0xE4, 0x08, 0xE4, 0x08, 0xE4, 0x08, 0xE4, 0x08, 0xE4, 0x08,
    0xE4, 0x08, 0x04, 0x09, 0x04, 0x09, 0x05, 0x09, 0x05, 0x09, 0x05, 0x09, 0x05, 0x09, 0x05, 0x09,
    0x25, 0x09, 0x25, 0x09, 0x25, 0x09, 0x25, 0x09, 0x25, 0x09, 0x25, 0x09, 0x25, 0x09, 0x45, 0x09,
    0x46, 0x09, 0x46, 0x09, 0x46, 0x09, 0x46, 0x09, 0x46, 0x09, 0x46, 0x09, 0x66, 0x09, 0x66, 0x09,
    0x66, 0x09, 0x66, 0x09, 0x66, 0x11, 0x66, 0x11, 0x87, 0x11, 0x87, 0x11, 0x87, 0x11, 0x87, 0x11,
    0x87, 0x11, 0x87, 0x11, 0xA7, 0x11, 0xA7, 0x11, 0xA7, 0x11, 0xA7, 0x11, 0xA7, 0x11, 0xA7, 0x11,
    0xC8, 0x11, 0xC8, 0x11, 0xC8, 0x11, 0xC8, 0x11, 0xC8, 0x11, 0xE8, 0x11, 0xE8, 0x11, 0xE8, 0x11,
    0xE8, 0x11, 0xE8, 0x11, 0xE9, 0x11, 0x09, 0x12, 0x09, 0x12, 0x09, 0x12, 0x09, 0x12, 0x09, 0x12,
    0x09, 0x12, 0x29, 0x12, 0x29, 0x12, 0x29, 0x12, 0x29, 0x12, 0x2A, 0x12, 0x4A, 0x12, 0x4A, 0x12,
    0x4A, 0x12, 0x4A, 0x12, 0x4A, 0x12, 0x4A, 0x12, 0x4A, 0x12, 0x4A, 0x12, 0x6A, 0x12, 0x6A, 0x12,
    0x6A, 0x12, 0x6A, 0x12, 0x6A, 0x12, 0x6A, 0x12, 0x6A, 0x12, 0x6A, 0x12, 0x6A, 0x12, 0x6A, 0x12,
    0x6A, 0x12, 0x6A, 0x12, 0x6A, 0x12, 0x6A, 0x12, 0x6A, 0x12, 0x6A, 0x12, 0x4A, 0x12, 0x4A, 0x12,
    0x4A, 0x12, 0x4A, 0x12, 0x4A, 0x12, 0x4A, 0x12, 0x4A, 0x12, 0x4A, 0x12, 0x2A, 0x12, 0x29, 0x12,
    0x29, 0x12, 0x29, 0x12, 0x29, 0x12, 0x29, 0x12, 0x09, 0x12, 0x09, 0x12, 0x09, 0x12, 0x09, 0x12,
    0x09, 0x12, 0xE9, 0x11, 0xE8, 0x11, 0xE8, 0x11, 0xE8, 0x11, 0xE8, 0x11, 0xE8, 0x11, 0xC8, 0x11,
    0xC8, 0x11, 0xC8, 0x11, 0xC8, 0x11, 0xC8, 0x11, 0xA8, 0x11, 0xA7, 0x11, 0xA7, 0x11, 0xA7, 0x11,
    0xA7, 0x11, 0xA7, 0x11, 0x87, 0x11, 0x87, 0x11, 0x87, 0x11, 0x87, 0x11, 0x87, 0x11, 0x87, 0x11,
    0x66, 0x11, 0x66, 0x11, 0x66, 0x09, 0x66, 0x09, 0x66, 0x09, 0x66, 0x09, 0x46, 0x09, 0x46, 0x09,
    0x46, 0x09, 0x46, 0x09, 0x46, 0x09, 0x46, 0x09, 0x45, 0x09, 0x25, 0x09, 0x25, 0x09, 0x25, 0x09,
    0x25, 0x09, 0x25, 0x09, 0x25, 0x09, 0x25, 0x09, 0x05, 0x09, 0x05, 0x09, 0x05, 0x09, 0x05, 0x09,
    0x05, 0x09, 0x04, 0x09, 0x04, 0x09, 0x04, 0x09, 0xE4, 0x08, 0xE4, 0x08, 0xE4, 0x08, 0xE4, 0x08,
    0xE4, 0x08, 0xE4, 0x08, 0xE4, 0x08, 0xE4, 0x08, 0xC4, 0x08, 0xC4, 0x08, 0xC4, 0x08, 0xC4, 0x08,
    0xC4, 0x08, 0xC4, 0x08, 0xC3, 0x08, 0xC3, 0x08, 0xC3, 0x08, 0xC3, 0x08, 0xA3, 0x08, 0xA3, 0x08,
    0xA3, 0x08, 0xA3, 0x08, 0xA3, 0x08, 0xA3, 0x08, 0xA3, 0x08, 0xA3, 0x08, 0xA3, 0x08, 0xA3, 0x08,
    0xA3, 0x08, 0xA3, 0x08, 0x83, 0x08, 0x83, 0x08, 0x83, 0x08, 0x83, 0x08, 0x83, 0x08, 0x83, 0x08,
    0x83, 0x08, 0x83, 0x08, 0x83, 0x08, 0x82, 0x08, 0x82, 0x08, 0x82, 0x08, 0x82, 0x08, 0x82, 0x08,
    0x82, 0x08, 0x82, 0x08, 0x82, 0x08, 0x82, 0x08, 0x62, 0x08, 0x62, 0x08, 0x62, 0x08, 0x62, 0x08,
    0x62, 0x08, 0x62, 0x08, 0x62, 0x08, 0x62, 0x08, 0x62, 0x08, 0x62, 0x08, 0x62, 0x08, 0x62, 0x08,
    0x62, 0x08, 0x62, 0x08, 0x62, 0x08, 0x62, 0x08, 0x62, 0x08, 0x62, 0x08, 0x62, 0x08, 0x62, 0x08,
    0x62, 0x08, 0x62, 0x08, 0x62, 0x08, 0x62, 0x08, 0x62, 0x08, 0x62, 0x08, 0x62, 0x08, 0x62, 0x08,
    0x62, 0x08, 0x62, 0x08, 0x62, 0x08, 0x62, 0x08, 0x62, 0x08, 0x62, 0x08, 0x62, 0x08, 0x62, 0x08,
    0x62, 0x08, 0x62, 0x08, 0x62, 0x08, 0x62, 0x08, 0x62, 0x08, 0x62, 0x08, 0x62, 0x08, 0x62, 0x08,
    0x62, 0x08, 0x62, 0x08, 0x62, 0x08, 0x62, 0x08, 0x62, 0x08, 0x62, 0x08, 0x62, 0x08, 0x62, 0x08,
    0x62, 0x08, 0x62, 0x08, 0x62, 0x08, 0x62, 0x08, 0x62, 0x08, 0x62, 0x08, 0x62, 0x08, 0x62, 0x08,
    0x62, 0x08, 0x62, 0x08, 0x62, 0x08, 0x62, 0x08, 0x62, 0x08, 0x62, 0x08, 0x62, 0x08, 0x62, 0x08,
    0x62, 0x08, 0x62, 0x08, 0x62, 0x08, 0x62, 0x08, 0x62, 0x08, 0x62, 0x08, 0x62, 0x08, 0x62, 0x08,
    0x62, 0x08, 0x62, 0x08, 0x62, 0x08, 0x62, 0x08, 0x62, 0x08, 0x62, 0x08, 0x62, 0x08, 0x62, 0x08,
    0x62, 0x08, 0x62, 0x08, 0x62, 0x08, 0x62, 0x08, 0x62, 0x08, 0x82, 0x08, 0x82, 0x08, 0x82, 0x08,
    0x82, 0x08, 0x82, 0x08, 0x82, 0x08, 0x82, 0x08, 0x82, 0x08, 0x82, 0x08, 0x83, 0x08, 0x83, 0x08,
    0x83, 0x08, 0x83, 0x08, 0x83, 0x08, 0x83, 0x08, 0x83, 0x08, 0x83, 0x08, 0xA3, 0x08, 0xA3, 0x08,
    0xA3, 0x08, 0xA3, 0x08, 0xA3, 0x08, 0xA3, 0x08, 0xA3, 0x08, 0xA3, 0x08, 0xA3, 0x08, 0xA3, 0x08,
    0xA3, 0x08, 0xA3, 0x08, 0xC3, 0x08, 0xC3, 0x08, 0xC3, 0x08, 0xC3, 0x08, 0xC4, 0x08, 0xC4, 0x08,
    0xC4, 0x08, 0xC4, 0x08, 0xC4, 0x08, 0xC4, 0x08, 0xE4, 0x08, 0xE4, 0x08, 0xE4, 0x08, 0xE4, 0x08,
    0xE4, 0x08, 0xE4, 0x08, 0xE4, 0x08, 0xE4, 0x08, 0x04, 0x09, 0x04, 0x09, 0x04, 0x09, 0x05, 0x09,
    0x05, 0x09, 0x05, 0x09, 0x05, 0x09, 0x05, 0x09, 0x25, 0x09, 0x25, 0x09, 0x25, 0x09, 0x25, 0x09,
    0x25, 0x09, 0x25, 0x09, 0x25, 0x09, 0x45, 0x09, 0x46, 0x09, 0x46, 0x09, 0x46, 0x09, 0x46, 0x09,
    0x46, 0x09, 0x66, 0x09, 0x66, 0x09, 0x66, 0x09, 0x66, 0x09, 0x66, 0x09, 0x66, 0x11, 0x66, 0x11,
    0x87, 0x11, 0x87, 0x11, 0x87, 0x11, 0x87, 0x11, 0x87, 0x11, 0xA7, 0x11, 0xA7, 0x11, 0xA7, 0x11,
    0xA7, 0x11, 0xA7, 0x11, 0xA7, 0x11, 0xC8, 0x11, 0xC8, 0x11, 0xC8, 0x11, 0xC8, 0x11, 0xC8, 0x11,
    0xE8, 0x11, 0xE8, 0x11, 0xE8, 0x11, 0xE8, 0x11, 0xE8, 0x11, 0xE9, 0x11, 0x09, 0x12, 0x09, 0x12,
    0x09, 0x12, 0x09, 0x12, 0x09, 0x12, 0x29, 0x12, 0x29, 0x12, 0x29, 0x12, 0x29, 0x12, 0x2A, 0x12,
    0x4A, 0x12, 0x4A, 0x12, 0x4A, 0x12, 0x4A, 0x12, 0x4A, 0x12, 0x4A, 0x12, 0x4A, 0x12, 0x6A, 0x12,
    0x6A, 0x12, 0x6A, 0x12, 0x6A, 0x12, 0x6A, 0x12, 0x6A, 0x12, 0x6A, 0x12, 0x6B, 0x12, 0x6B, 0x12,
    0x6B, 0x12, 0x6B, 0x12, 0x6B, 0x12, 0x6B, 0x12, 0x6B, 0x12, 0x6B, 0x12, 0x6B, 0x12, 0x6A, 0x12,
    0x6A, 0x12, 0x6A, 0x12, 0x6A, 0x12, 0x6A, 0x12, 0x6A, 0x12, 0x6A, 0x12, 0x4A, 0x12, 0x4A, 0x12,
    0x4A, 0x12, 0x4A, 0x12, 0x4A, 0x12, 0x4A, 0x12, 0x2A, 0x12, 0x29, 0x12, 0x29, 0x12, 0x29, 0x12,
    0x29, 0x12, 0x09, 0x12, 0x09, 0x12, 0x09, 0x12, 0x09, 0x12, 0x09, 0x12, 0x09, 0x12, 0xE8, 0x11,
    0xE8, 0x11, 0xE8, 0x11, 0xE8, 0x11, 0xE8, 0x11, 0xC8, 0x11, 0xC8, 0x11, 0xC8, 0x11, 0xC8, 0x11,
    0xC8, 0x11, 0xA7, 0x11, 0xA7, 0x11, 0xA7, 0x11, 0xA7, 0x11, 0xA7, 0x11, 0xA7, 0x11, 0x87, 0x11,
    0x87, 0x11, 0x87, 0x11, 0x87, 0x11, 0x87, 0x11, 0x86, 0x11, 0x66, 0x11, 0x66, 0x09, 0x66, 0x09,
    0x66, 0x09, 0x66, 0x09, 0x66, 0x09, 0x46, 0x09, 0x46, 0x09, 0x46, 0x09, 0x46, 0x09, 0x46, 0x09,
    0x45, 0x09, 0x25, 0x09, 0x25, 0x09, 0x25, 0x09, 0x25, 0x09, 0x25, 0x09, 0x25, 0x09, 0x25, 0x09,
    0x05, 0x09, 0x05, 0x09, 0x05, 0x09, 0x05, 0x09, 0x05, 0x09, 0x05, 0x09, 0x04, 0x09, 0x04, 0x09,
    0xE4, 0x08, 0xE4, 0x08, 0xE4, 0x08, 0xE4, 0x08, 0xE4, 0x08, 0xE4, 0x08, 0xE4, 0x08, 0xE4, 0x08,
    0xC4, 0x08, 0xC4, 0x08, 0xC4, 0x08, 0xC4, 0x08, 0xC4, 0x08, 0xC4, 0x08, 0xC3, 0x08, 0xC3, 0x08,
    0xC3, 0x08, 0xC3, 0x08, 0xA3, 0x08, 0xA3, 0x08, 0xA3, 0x08, 0xA3, 0x08, 0xA3, 0x08, 0xA3, 0x08,
    0xA3, 0x08, 0xA3, 0x08, 0xA3, 0x08, 0xA3, 0x08, 0xA3, 0x08, 0xA3, 0x08, 0x83, 0x08, 0x83, 0x08,
    0x83, 0x08, 0x83, 0x08, 0x83, 0x08, 0x83, 0x08, 0x83, 0x08, 0x83, 0x08, 0x83, 0x08, 0x82, 0x08,
    0x82, 0x08, 0x82, 0x08, 0x82, 0x08, 0x82, 0x08, 0x82, 0x08, 0x82, 0x08, 0x82, 0x08, 0x82, 0x08,
    0x62, 0x08, 0x62, 0x08, 0x62, 0x08, 0x62, 0x08, 0x62, 0x08, 0x62, 0x08, 0x62, 0x08, 0x62, 0x08,
    0x62, 0x08, 0x62, 0x08, 0x62, 0x08, 0x62, 0x08, 0x62, 0x08, 0x62, 0x08, 0x62, 0x08, 0x62, 0x08,
    0x62, 0x08, 0x62, 0x08, 0x62, 0x08, 0x62, 0x08, 0x62, 0x08, 0x62, 0x08, 0x62, 0x08, 0x62, 0x08,
    0x62, 0x08, 0x62, 0x08, 0x62, 0x08, 0x62, 0x08, 0x62, 0x08, 0x62, 0x08, 0x62, 0x08, 0x62, 0x08,
    0x62, 0x08, 0x62, 0x08, 0x62, 0x08, 0x62, 0x08, 0x62, 0x08, 0x62, 0x08, 0x62, 0x08, 0x62, 0x08,
    0x62, 0x08, 0x62, 0x08, 0x62, 0x08, 0x62, 0x08, 0x62, 0x08, 0x62, 0x08, 0x62, 0x08, 0x62, 0x08,
    0x62, 0x08, 0x62, 0x08, 0x62, 0x08, 0x62, 0x08, 0x62, 0x08, 0x62, 0x08, 0x62, 0x08, 0x62, 0x08,
    0x62, 0x08, 0x62, 0x08, 0x62, 0x08, 0x62, 0x08, 0x62, 0x08, 0x62, 0x08, 0x62, 0x08, 0x62, 0x08,
    0x62, 0x08, 0x62, 0x08, 0x62, 0x08, 0x62, 0x08, 0x62, 0x08, 0x62, 0x08, 0x62, 0x08, 0x62, 0x08,
    0x62, 0x08, 0x62, 0x08, 0x62, 0x08, 0x62, 0x08, 0x62, 0x08, 0x62, 0x08, 0x62, 0x08, 0x62, 0x08,
    0x62, 0x08, 0x82, 0x08, 0x82, 0x08, 0x82, 0x08, 0x82, 0x08, 0x82, 0x08, 0x82, 0x08, 0x82, 0x08,
    0x83, 0x08, 0x83, 0x08, 0x83, 0x08, 0x83, 0x08, 0x83, 0x08, 0x83, 0x08, 0x83, 0x08, 0x83, 0x08,
    0x83, 0x08, 0x83, 0x08, 0x83, 0x08, 0x83, 0x08, 0x83, 0x08, 0x83, 0x08, 0xA3, 0x08, 0xA3, 0x08,
    0xA3, 0x08, 0xA3, 0x08, 0xA3, 0x08, 0xA3, 0x08, 0xA3, 0x08, 0xA3, 0x08, 0xA3, 0x08, 0xA3, 0x08,
    0xA3, 0x08, 0xA3, 0x08, 0xA3, 0x08, 0xC3, 0x08, 0xC3, 0x08, 0xC3, 0x08, 0xC3, 0x08, 0xC4, 0x08,
    0xC4, 0x08, 0xC4, 0x08, 0xC4, 0x08, 0xC4, 0x08, 0xC4, 0x08, 0xC4, 0x08, 0xC4, 0x08, 0xC4, 0x08,
    0xE4, 0x08, 0xE4, 0x08, 0xE4, 0x08, 0xE4, 0x08, 0xE4, 0x08, 0xE4, 0x08, 0xE4, 0x08, 0xE4, 0x08,
    0x04, 0x09, 0x05, 0x09, 0x05, 0x09, 0x05, 0x09, 0x05, 0x09, 0x05, 0x09, 0x05, 0x09, 0x05, 0x09,
    0x25, 0x09, 0x25, 0x09, 0x25, 0x09, 0x25, 0x09, 0x25, 0x09, 0x25, 0x09, 0x25, 0x09, 0x45, 0x09,
    0x46, 0x09, 0x46, 0x11, 0x46, 0x11, 0x46, 0x11, 0x46, 0x11, 0x46, 0x11, 0x46, 0x11, 0x66, 0x11,
    0x66, 0x11, 0x66, 0x11, 0x66, 0x11, 0x66, 0x11, 0x66, 0x11, 0x87, 0x11, 0x87, 0x11, 0x87, 0x11,
    0x87, 0x11, 0x87, 0x11, 0x87, 0x11, 0xA7, 0x11, 0xA7, 0x11, 0xA7, 0x11, 0xA7, 0x11, 0xA7, 0x11,
    0xA8, 0x11, 0xC8, 0x11, 0xC8, 0x11, 0xC8, 0x11, 0xC8, 0x11, 0xC8, 0x11, 0xC8, 0x11, 0xE8, 0x11,
    0xE8, 0x11, 0xE8, 0x11, 0xE8, 0x11, 0xE9, 0x11, 0x09, 0x12, 0x09, 0x12, 0x09, 0x12, 0x09, 0x12,
    0x09, 0x12, 0x09, 0x12, 0x29, 0x12, 0x29, 0x12, 0x29, 0x12, 0x29, 0x12, 0x2A, 0x12, 0x2A, 0x12,
    0x4A, 0x12, 0x4A, 0x12, 0x4A, 0x12, 0x4A, 0x12, 0x4A, 0x12, 0x4A, 0x12, 0x4A, 0x12, 0x4A, 0x12,
    0x4A, 0x12, 0x6A, 0x12, 0x6A, 0x12, 0x6A, 0x12, 0x6A, 0x12, 0x6A, 0x12, 0x6A, 0x12, 0x6A, 0x12,
    0x6A, 0x12, 0x6A, 0x12, 0x6A, 0x12, 0x4A, 0x12, 0x4A, 0x12, 0x4A, 0x12, 0x4A, 0x12, 0x4A, 0x12,
    0x4A, 0x12, 0x4A, 0x12, 0x4A, 0x12, 0x4A, 0x12, 0x2A, 0x12, 0x2A, 0x12, 0x29, 0x12, 0x29, 0x12,
    0x29, 0x12, 0x29, 0x12, 0x09, 0x12, 0x09, 0x12, 0x09, 0x12, 0x09, 0x12, 0x09, 0x12, 0x09, 0x12,
    0xE9, 0x11, 0xE8, 0x11, 0xE8, 0x11, 0xE8, 0x11, 0xE8, 0x11, 0xC8, 0x11, 0xC8, 0x11, 0xC8, 0x11,
    0xC8, 0x11, 0xC8, 0x11, 0xC8, 0x11, 0xC8, 0x11, 0xA7, 0x11, 0xA7, 0x11, 0xA7, 0x11, 0xA7, 0x11,
    0xA7, 0x11, 0x87, 0x11, 0x87, 0x11, 0x87, 0x11, 0x87, 0x11, 0x87, 0x11, 0x87, 0x11, 0x66, 0x11,
    0x66, 0x11, 0x66, 0x11, 0x66, 0x11, 0x66, 0x11, 0x66, 0x11, 0x66, 0x11, 0x46, 0x11, 0x46, 0x11,
    0x46, 0x11, 0x46, 0x11, 0x46, 0x11, 0x46, 0x09, 0x45, 0x09, 0x25, 0x09, 0x25, 0x09, 0x25, 0x09,
    0x25, 0x09, 0x25, 0x09, 0x25, 0x09, 0x25, 0x09, 0x05, 0x09, 0x05, 0x09, 0x05, 0x09, 0x05, 0x09,
    0x05, 0x09, 0x05, 0x09, 0x05, 0x09, 0x05, 0x09, 0xE4, 0x08, 0xE4, 0x08, 0xE4, 0x08, 0xE4, 0x08,
    0xE4, 0x08, 0xE4, 0x08, 0xE4, 0x08, 0xE4, 0x08, 0xE4, 0x08, 0xC4, 0x08, 0xC4, 0x08, 0xC4, 0x08,
    0xC4, 0x08, 0xC4, 0x08, 0xC4, 0x08, 0xC4, 0x08, 0xC4, 0x08, 0xC3, 0x08, 0xC3, 0x08, 0xC3, 0x08,
    0xC3, 0x08, 0xA3, 0x08, 0xA3, 0x08, 0xA3, 0x08, 0xA3, 0x08, 0xA3, 0x08, 0xA3, 0x08, 0xA3, 0x08,
    0xA3, 0x08, 0xA3, 0x08, 0xA3, 0x08, 0xA3, 0x08, 0xA3, 0x08, 0xA3, 0x08, 0x83, 0x08, 0x83, 0x08,
    0x83, 0x08, 0x83, 0x08, 0x83, 0x08, 0x83, 0x08, 0x83, 0x08, 0x83, 0x08, 0x83, 0x08, 0x83, 0x08,
    0x83, 0x08, 0x83, 0x08, 0x83, 0x08, 0x83, 0x08, 0x82, 0x08, 0x82, 0x08, 0x82, 0x08, 0x82, 0x08,
    0x82, 0x08, 0x82, 0x08, 0x82, 0x08, 0x62, 0x08, 0x62, 0x08, 0x62, 0x08, 0x62, 0x08, 0x62, 0x08,
    0x62, 0x08, 0x62, 0x08, 0x62, 0x08, 0x62, 0x08, 0x62, 0x08, 0x62, 0x08, 0x62, 0x08, 0x62, 0x08,
    0x62, 0x08, 0x62, 0x08, 0x62, 0x08, 0x62, 0x08, 0x62, 0x08, 0x62, 0x08, 0x62, 0x08, 0x62, 0x08,
    0x62, 0x08, 0x62, 0x08, 0x62, 0x08, 0x62, 0x08, 0x62, 0x08, 0x62, 0x08, 0x62, 0x08, 0x62, 0x08,
    0x62, 0x08, 0x62, 0x08, 0x62, 0x08, 0x62, 0x08, 0x62, 0x08, 0x62, 0x08, 0x62, 0x08, 0x62, 0x08,
    0x62, 0x08, 0x62, 0x08, 0x62, 0x08, 0x62, 0x08, 0x62, 0x08, 0x62, 0x08, 0x62, 0x08, 0x62, 0x08,
    0x62, 0x08, 0x62, 0x08, 0x62, 0x08, 0x62, 0x08, 0x62, 0x08, 0x62, 0x08, 0x62, 0x08, 0x62, 0x08,
    0x62, 0x08, 0x62, 0x08, 0x62, 0x08, 0x62, 0x08, 0x62, 0x08, 0x62, 0x08, 0x62, 0x08, 0x62, 0x08,
    0x62, 0x08, 0x62, 0x08, 0x62, 0x08, 0x62, 0x08, 0x62, 0x08, 0x83, 0x08, 0xC4, 0x10, 0xE5, 0x10,
    0x05, 0x19, 0x05, 0x19, 0x05, 0x19, 0x05, 0x19, 0x05, 0x19, 0x05, 0x19, 0x05, 0x19, 0x05, 0x19,
    0x05, 0x19, 0x05, 0x19, 0x05, 0x19, 0x05, 0x19, 0x05, 0x19, 0x05, 0x19, 0x05, 0x19, 0x05, 0x19,
    0x05, 0x19, 0x05, 0x19, 0x05, 0x19, 0x05, 0x19, 0x05, 0x19, 0x05, 0x19, 0x05, 0x19, 0x05, 0x19,
    0x05, 0x19, 0x05, 0x19, 0x05, 0x19, 0x05, 0x19, 0x05, 0x19, 0x05, 0x19, 0x05, 0x19, 0x05, 0x19,
    0x05, 0x19, 0x05, 0x19, 0x05, 0x19, 0x05, 0x19, 0x05, 0x19, 0x05, 0x19, 0x05, 0x19, 0x05, 0x19,
    0x05, 0x19, 0x05, 0x19, 0x05, 0x19, 0x05, 0x19, 0x05, 0x19, 0x05, 0x19, 0x05, 0x19, 0x05, 0x19,
    0x05, 0x19, 0x05, 0x19, 0x05, 0x19, 0x05, 0x19, 0x05, 0x19, 0x05, 0x19, 0x05, 0x19, 0x05, 0x19,
    0x05, 0x19, 0x05, 0x19, 0x05, 0x19, 0x05, 0x19, 0x05, 0x19, 0x05, 0x19, 0x06, 0x19, 0x05, 0x19,
    0x06, 0x19, 0x06, 0x19, 0x06, 0x19, 0x06, 0x19, 0x06, 0x19, 0x06, 0x19, 0x06, 0x19, 0x06, 0x19,
    0x06, 0x19, 0x06, 0x19, 0x06, 0x19, 0x06, 0x19, 0x06, 0x19, 0x06, 0x19, 0x06, 0x19, 0x06, 0x19,
    0x06, 0x19, 0x06, 0x19, 0x06, 0x19, 0x06, 0x19, 0x06, 0x19, 0x06, 0x19, 0x06, 0x19, 0x06, 0x19,
    0x06, 0x19, 0x06, 0x19, 0x06, 0x19, 0x06, 0x19, 0x06, 0x19, 0x06, 0x19, 0x06, 0x19, 0x06, 0x19,
    0x06, 0x19, 0x06, 0x19, 0x06, 0x19, 0x06, 0x19, 0x26, 0x19, 0x26, 0x19, 0x26, 0x19, 0x26, 0x19,
    0x26, 0x19, 0x26, 0x19, 0x26, 0x19, 0x26, 0x19, 0x26, 0x19, 0x26, 0x19, 0x26, 0x19, 0x26, 0x19,
    0x26, 0x19, 0x26, 0x19, 0x26, 0x19, 0x26, 0x19, 0x26, 0x19, 0x26, 0x19, 0x26, 0x19, 0x26, 0x19,
    0x26, 0x19, 0x26, 0x19, 0x26, 0x19, 0x26, 0x19, 0x26, 0x19, 0x26, 0x19, 0x26, 0x19, 0x26, 0x19,
    0x26, 0x19, 0x26, 0x19, 0x26, 0x19, 0x26, 0x19, 0x26, 0x19, 0x26, 0x19, 0x26, 0x19, 0x26, 0x19,
    0x26, 0x19, 0x26, 0x19, 0x26, 0x19, 0x26, 0x19, 0x26, 0x19, 0x26, 0x19, 0x26, 0x19, 0x26, 0x19,
    0x26, 0x19, 0x26, 0x19, 0x26, 0x19, 0x26, 0x19, 0x26, 0x19, 0x26, 0x19, 0x26, 0x19, 0x26, 0x19,
    0x26, 0x19, 0x26, 0x19, 0x26, 0x19, 0x26, 0x19, 0x26, 0x19, 0x26, 0x19, 0x26, 0x19, 0x26, 0x19,
    0x26, 0x19, 0x26, 0x19, 0x26, 0x19, 0x26, 0x19, 0x26, 0x19, 0x26, 0x19, 0x26, 0x19, 0x26, 0x19,
    0x26, 0x19, 0x26, 0x19, 0x26, 0x19, 0x26, 0x19, 0x26, 0x19, 0x26, 0x19, 0x26, 0x19, 0x06, 0x19,
    0x06, 0x19, 0x06, 0x19, 0x06, 0x19, 0x06, 0x19, 0x06, 0x19, 0x06, 0x19, 0x06, 0x19, 0x06, 0x19,
    0x06, 0x19, 0x06, 0x19, 0x06, 0x19, 0x06, 0x19, 0x06, 0x19, 0x06, 0x19, 0x06, 0x19, 0x06, 0x19,
    0x06, 0x19, 0x06, 0x19, 0x06, 0x19, 0x06, 0x19, 0x06, 0x19, 0x06, 0x19, 0x06, 0x19, 0x06, 0x19,
    0x06, 0x19, 0x06, 0x19, 0x06, 0x19, 0x06, 0x19, 0x06, 0x19, 0x06, 0x19, 0x06, 0x19, 0x06, 0x19,
    0x06, 0x19, 0x06, 0x19, 0x06, 0x19, 0x06, 0x19, 0x05, 0x19, 0x05, 0x19, 0x05, 0x19, 0x05, 0x19,
    0x05, 0x19, 0x05, 0x19, 0x05, 0x19, 0x05, 0x19, 0x05, 0x19, 0x05, 0x19, 0x05, 0x19, 0x05, 0x19,
    0x05, 0x19, 0x05, 0x19, 0x05, 0x19, 0x05, 0x19, 0x05, 0x19, 0x05, 0x19, 0x05, 0x19, 0x05, 0x19,
    0x05, 0x19, 0x05, 0x19, 0x05, 0x19, 0x05, 0x19, 0x05, 0x19, 0x05, 0x19, 0x05, 0x19, 0x05, 0x19,
    0x05, 0x19, 0x05, 0x19, 0x05, 0x19, 0x05, 0x19, 0x05, 0x19, 0x05, 0x19, 0x05, 0x19, 0x05, 0x19,
    0x05, 0x19, 0x05, 0x19, 0x05, 0x19, 0x05, 0x19, 0x05, 0x19, 0x05, 0x19, 0x05, 0x19, 0x05, 0x19,
    0x05, 0x19, 0x05, 0x19, 0x05, 0x19, 0x05, 0x19, 0x05, 0x19, 0x05, 0x19, 0x05, 0x19, 0x05, 0x19,
    0x05, 0x19, 0x05, 0x19, 0x05, 0x19, 0x05, 0x19, 0x05, 0x19, 0x05, 0x19, 0x05, 0x19, 0x05, 0x19,
    0x05, 0x19, 0x05, 0x19, 0x05, 0x19, 0x05, 0x19, 0xE5, 0x10, 0xC4, 0x10, 0xA3, 0x08, 0x62, 0x08,
    0x62, 0x08, 0x62, 0x08, 0x62, 0x08, 0x62, 0x08, 0x62, 0x08, 0x62, 0x08, 0x62, 0x08, 0x62, 0x08,
    0x62, 0x08, 0x62, 0x08, 0x62, 0x08, 0x62, 0x08, 0x62, 0x08, 0x62, 0x08, 0x62, 0x08, 0x62, 0x08,
    0x62, 0x08, 0x62, 0x08, 0x62, 0x08, 0x62, 0x08, 0x62, 0x08, 0x62, 0x08, 0x62, 0x08, 0x62, 0x08,
    0x62, 0x08, 0x62, 0x08, 0x62, 0x08, 0x62, 0x08, 0x62, 0x08, 0x62, 0x08, 0x62, 0x08, 0x62, 0x08,
    0x62, 0x08, 0x62, 0x08, 0x62, 0x08, 0x62, 0x08, 0x62, 0x08, 0x62, 0x08, 0x62, 0x08, 0x62, 0x08,
    0x62, 0x08, 0x62, 0x08, 0x62, 0x08, 0x62, 0x08, 0x62, 0x08, 0x62, 0x08, 0x62, 0x08, 0x62, 0x08,
    0x62, 0x08, 0x62, 0x08, 0x62, 0x08, 0x62, 0x08, 0x62, 0x08, 0x62, 0x08, 0x62, 0x08, 0xA3, 0x08,
    0xE5, 0x10, 0x06, 0x19, 0x26, 0x19, 0x06, 0x19, 0x06, 0x19, 0x06, 0x19, 0x06, 0x19, 0x06, 0x19,
    0x06, 0x19, 0x06, 0x19, 0x06, 0x19, 0x06, 0x19, 0x06, 0x19, 0x06, 0x19, 0x06, 0x19, 0x06, 0x19,
    0x06, 0x19, 0x06, 0x19, 0x06, 0x19, 0x06, 0x19, 0x06, 0x19, 0x06, 0x19, 0x06, 0x19, 0x06, 0x19,
    0x06, 0x19, 0x06, 0x19, 0x06, 0x19, 0x06, 0x19, 0x06, 0x19, 0x06, 0x19, 0x06, 0x19, 0x06, 0x19,
    0x06, 0x19, 0x06, 0x19, 0x06, 0x19, 0x06, 0x19, 0x06, 0x19, 0x06, 0x19, 0x06, 0x19, 0x06, 0x19,
    0x06, 0x19, 0x06, 0x19, 0x06, 0x19, 0x06, 0x19, 0x06, 0x19, 0x06, 0x19, 0x06, 0x19, 0x06, 0x19,
    0x06, 0x19, 0x06, 0x19, 0x06, 0x19, 0x06, 0x19, 0x06, 0x19, 0x06, 0x19, 0x06, 0x19, 0x06, 0x19,
    0x06, 0x19, 0x06, 0x19, 0x06, 0x19, 0x06, 0x19, 0x06, 0x19, 0x06, 0x19, 0x06, 0x19, 0x06, 0x19,
    0x06, 0x19, 0x06, 0x19, 0x06, 0x19, 0x06, 0x19, 0x06, 0x19, 0x06, 0x19, 0x06, 0x19, 0x06, 0x19,
    0x06, 0x19, 0x06, 0x19, 0x06, 0x19, 0x06, 0x19, 0x06, 0x19, 0x06, 0x19, 0x06, 0x19, 0x06, 0x19,
    0x06, 0x19, 0x06, 0x19, 0x06, 0x19, 0x06, 0x19, 0x06, 0x19, 0x06, 0x19, 0x06, 0x19, 0x06, 0x19,
    0x06, 0x19, 0x06, 0x19, 0x06, 0x19, 0x06, 0x19, 0x06, 0x19, 0x06, 0x19, 0x06, 0x19, 0x06, 0x19,
    0x06, 0x19, 0x06, 0x19, 0x06, 0x19, 0x06, 0x19, 0x06, 0x19, 0x06, 0x19, 0x06, 0x19, 0x06, 0x19,
    0x06, 0x19, 0x06, 0x19, 0x06, 0x19, 0x06, 0x19, 0x06, 0x19, 0x06, 0x19, 0x06, 0x19, 0x06, 0x19,
    0x06, 0x19, 0x06, 0x19, 0x06, 0x19, 0x06, 0x19, 0x06, 0x19, 0x06, 0x19, 0x06, 0x19, 0x05, 0x19,
    0x05, 0x19, 0x05, 0x19, 0x05, 0x19, 0x05, 0x19, 0x05, 0x19, 0x05, 0x19, 0x05, 0x19, 0x05, 0x19,
    0x05, 0x19, 0x05, 0x19, 0x05, 0x19, 0x05, 0x19, 0x05, 0x19, 0x05, 0x19, 0x05, 0x19, 0x05, 0x19,
    0x05, 0x19, 0x05, 0x19, 0x05, 0x19, 0x05, 0x19, 0x05, 0x19, 0x05, 0x19, 0x05, 0x19, 0x05, 0x19,
    0x05, 0x19, 0x05, 0x19, 0x05, 0x19, 0x05, 0x19, 0x05, 0x19, 0x05, 0x19, 0x05, 0x19, 0x05, 0x19,
    0x05, 0x19, 0x05, 0x19, 0x05, 0x19, 0x05, 0x19, 0x05, 0x19, 0x05, 0x19, 0x05, 0x19, 0x05, 0x19,
    0x05, 0x19, 0x05, 0x19, 0x05, 0x19, 0x05, 0x19, 0x05, 0x19, 0x06, 0x19, 0x06, 0x19, 0x06, 0x19,
    0x06, 0x19, 0x06, 0x19, 0x06, 0x19, 0x06, 0x19, 0x06, 0x19, 0x06, 0x19, 0x06, 0x19, 0x06, 0x19,
    0x06, 0x19, 0x06, 0x19, 0x06, 0x19, 0x06, 0x19, 0x06, 0x19, 0x06, 0x19, 0x06, 0x19, 0x06, 0x19,
    0x06, 0x19, 0x06, 0x19, 0x06, 0x19, 0x06, 0x19, 0x06, 0x19, 0x06, 0x19, 0x06, 0x19, 0x06, 0x19,
    0x06, 0x19, 0x06, 0x19, 0x06, 0x19, 0x06, 0x19, 0x06, 0x19, 0x06, 0x19, 0x06, 0x19, 0x06, 0x19,
    0x06, 0x19, 0x06, 0x19, 0x06, 0x19, 0x06, 0x19, 0x06, 0x19, 0x06, 0x19, 0x06, 0x19, 0x06, 0x19,
    0x06, 0x19, 0x06, 0x19, 0x06, 0x19, 0x06, 0x19, 0x06, 0x19, 0x06, 0x19, 0x06, 0x19, 0x06, 0x19,
    0x06, 0x19, 0x06, 0x19, 0x06, 0x19, 0x06, 0x19, 0x06, 0x19, 0x06, 0x19, 0x06, 0x19, 0x06, 0x19,
    0x06, 0x19, 0x06, 0x19, 0x06, 0x19, 0x06, 0x19, 0x06, 0x19, 0x06, 0x19, 0x06, 0x19, 0x06, 0x19,
    0x06, 0x19, 0x06, 0x19, 0x06, 0x19, 0x06, 0x19, 0x06, 0x19, 0x06, 0x19, 0x06, 0x19, 0x06, 0x19,
    0x06, 0x19, 0x06, 0x19, 0x06, 0x19, 0x06, 0x19, 0x06, 0x19, 0x06, 0x19, 0x06, 0x19, 0x06, 0x19,
    0x06, 0x19, 0x06, 0x19, 0x06, 0x19, 0x06, 0x19, 0x06, 0x19, 0x06, 0x19, 0x06, 0x19, 0x06, 0x19,
    0x06, 0x19, 0x06, 0x19, 0x06, 0x19, 0x06, 0x19, 0x06, 0x19, 0x06, 0x19, 0x06, 0x19, 0x06, 0x19,
    0x06, 0x19, 0x06, 0x19, 0x06, 0x19, 0x06, 0x19, 0x06, 0x19, 0x06, 0x19, 0x06, 0x19, 0x06, 0x19,
    0x06, 0x19, 0x06, 0x19, 0x06, 0x19, 0x06, 0x19, 0x06, 0x19, 0x06, 0x19, 0x06, 0x19, 0x06, 0x19,
    0x06, 0x19, 0x06, 0x19, 0x06, 0x19, 0xE5, 0x18, 0xC4, 0x10, 0x62, 0x08, 0x62, 0x08, 0x62, 0x08,
    0x62, 0x08, 0x62, 0x08, 0x62, 0x08, 0x62, 0x08, 0x62, 0x08, 0x62, 0x08, 0x62, 0x08, 0x62, 0x08,
    0x62, 0x08, 0x62, 0x08, 0x62, 0x08, 0x62, 0x08, 0x62, 0x08, 0x62, 0x08, 0x62, 0x08, 0x62, 0x08,
    0x62, 0x08, 0x62, 0x08, 0x62, 0x08, 0x62, 0x08, 0x62, 0x08, 0x62, 0x08, 0x62, 0x08, 0x62, 0x08,
    0x62, 0x08, 0x62, 0x08, 0x62, 0x08, 0x62, 0x08, 0x62, 0x08, 0x62, 0x08, 0x62, 0x08, 0x62, 0x08,
    0x62, 0x08, 0x62, 0x08, 0x62, 0x08, 0x62, 0x08, 0x62, 0x08, 0x62, 0x08, 0x62, 0x08, 0x62, 0x08,
    0x62, 0x08, 0x62, 0x08, 0x62, 0x08, 0x62, 0x08, 0x62, 0x08, 0x62, 0x08, 0x62, 0x08, 0x62, 0x08,
    0x62, 0x08, 0x62, 0x08, 0xE5, 0x10, 0x06, 0x19, 0x06, 0x19, 0x06, 0x19, 0x05, 0x19, 0x06, 0x19,
    0x06, 0x19, 0x06, 0x19, 0x06, 0x19, 0x06, 0x19, 0x06, 0x19, 0x06, 0x19, 0x06, 0x19, 0x06, 0x19,
    0x06, 0x19, 0x06, 0x19, 0x06, 0x19, 0x06, 0x19, 0x06, 0x19, 0x06, 0x19, 0x06, 0x19, 0x06, 0x19,
    0x06, 0x19, 0x06, 0x19, 0x06, 0x19, 0x06, 0x19, 0x06, 0x19, 0x06, 0x19, 0x06, 0x19, 0x06, 0x19,
    0x06, 0x19, 0x06, 0x19, 0x06, 0x19, 0x06, 0x19, 0x06, 0x19, 0x06, 0x19, 0x06, 0x19, 0x06, 0x19,
    0x06, 0x19, 0x06, 0x19, 0x06, 0x19, 0x06, 0x19, 0x06, 0x19, 0x06, 0x19, 0x06, 0x19, 0x06, 0x19,
    0x06, 0x19, 0x06, 0x19, 0x06, 0x19, 0x06, 0x19, 0x06, 0x19, 0x06, 0x19, 0x06, 0x19, 0x06, 0x19,
    0x06, 0x19, 0x06, 0x19, 0x06, 0x19, 0x06, 0x19, 0x06, 0x19, 0x06, 0x19, 0x06, 0x19, 0x06, 0x19,
    0x06, 0x19, 0x06, 0x19, 0x06, 0x19, 0x06, 0x19, 0x06, 0x19, 0x06, 0x19, 0x06, 0x19, 0x06, 0x19,
    0x06, 0x19, 0x06, 0x19, 0x06, 0x19, 0x06, 0x19, 0x06, 0x19, 0x06, 0x19, 0x06, 0x19, 0x06, 0x19,
    0x06, 0x19, 0x06, 0x19, 0x06, 0x19, 0x06, 0x19, 0x06, 0x19, 0x06, 0x19, 0x06, 0x19, 0x06, 0x19,
    0x06, 0x19, 0x06, 0x19, 0x06, 0x19, 0x06, 0x19, 0x06, 0x19, 0x06, 0x19, 0x06, 0x19, 0x06, 0x19,
    0x06, 0x19, 0x06, 0x19, 0x06, 0x19, 0x06, 0x19, 0x06, 0x19, 0x06, 0x19, 0x06, 0x19, 0x06, 0x19,
    0x06, 0x19, 0x06, 0x19, 0x06, 0x19, 0x06, 0x19, 0x06, 0x19, 0x06, 0x19, 0x06, 0x19, 0x06, 0x19,
    0x06, 0x19, 0x06, 0x19, 0x06, 0x19, 0x06, 0x19, 0x06, 0x19, 0x06, 0x19, 0x06, 0x19, 0x06, 0x19,
    0x06, 0x19, 0x06, 0x19, 0x06, 0x19, 0x06, 0x19, 0x06, 0x19, 0x06, 0x19, 0x06, 0x19, 0x06, 0x19,
    0x06, 0x19, 0x06, 0x19, 0x06, 0x19, 0x06, 0x19, 0x06, 0x19, 0x06, 0x19, 0x06, 0x19, 0x06, 0x19,
    0x06, 0x19, 0x06, 0x19, 0x06, 0x19, 0x06, 0x19, 0x06, 0x19, 0x06, 0x19, 0x06, 0x19, 0x06, 0x19,
    0x06, 0x19, 0x06, 0x19, 0x06, 0x19, 0x06, 0x19, 0x06, 0x19, 0x06, 0x19, 0x06, 0x19, 0x06, 0x19,
    0x06, 0x19, 0x06, 0x19, 0x06, 0x19, 0x06, 0x19, 0x06, 0x19, 0x06, 0x19, 0x06, 0x19, 0x06, 0x19,
    0x06, 0x19, 0x06, 0x19, 0x06, 0x19, 0x06, 0x19, 0x06, 0x19, 0x06, 0x19, 0x06, 0x19, 0x06, 0x19,
    0x06, 0x19, 0x06, 0x19, 0x06, 0x19, 0x06, 0x19, 0x06, 0x19, 0x06, 0x19, 0x06, 0x19, 0x06, 0x19,
    0x06, 0x19, 0x06, 0x19, 0x06, 0x19, 0x06, 0x19, 0x06, 0x19, 0x06, 0x19, 0x06, 0x19, 0x06, 0x19,
    0x06, 0x19, 0x06, 0x19, 0x06, 0x19, 0x06, 0x19, 0x06, 0x19, 0x06, 0x19, 0x06, 0x19, 0x06, 0x19,
    0x06, 0x19, 0x06, 0x19, 0x06, 0x19, 0x06, 0x19, 0x06, 0x19, 0x06, 0x19, 0x06, 0x19, 0x06, 0x19,
    0x06, 0x19, 0x06, 0x19, 0x06, 0x19, 0x06, 0x19, 0x06, 0x19, 0x06, 0x19, 0x06, 0x19, 0x06, 0x19,
    0x06, 0x19, 0x06, 0x19, 0x06, 0x19, 0x06, 0x19, 0x06, 0x19, 0x06, 0x19, 0x06, 0x19, 0x06, 0x19,
    0x06, 0x19, 0x06, 0x19, 0x06, 0x19, 0x06, 0x19, 0x06, 0x19, 0x06, 0x19, 0x06, 0x19, 0x06, 0x19,
    0x06, 0x19, 0x06, 0x19, 0x06, 0x19, 0x06, 0x19, 0x06, 0x19, 0x06, 0x19, 0x06, 0x19, 0x06, 0x19,
    0x06, 0x19, 0x06, 0x19, 0x06, 0x19, 0x06, 0x19, 0x06, 0x19, 0x06, 0x19, 0x06, 0x19, 0x06, 0x19,
    0x06, 0x19, 0x06, 0x19, 0x06, 0x19, 0x06, 0x19, 0x06, 0x19, 0x06, 0x19, 0x06, 0x19, 0x06, 0x19,
    0x06, 0x19, 0x06, 0x19, 0x06, 0x19, 0x06, 0x19, 0x06, 0x19, 0x06, 0x19, 0x06, 0x19, 0x06, 0x19,
    0x06, 0x19, 0x06, 0x19, 0x06, 0x19, 0x06, 0x19, 0x06, 0x19, 0x06, 0x19, 0x06, 0x19, 0x06, 0x19,
    0x06, 0x19, 0x06, 0x19, 0x06, 0x19, 0x06, 0x19, 0x06, 0x19, 0x06, 0x19, 0x06, 0x19, 0x06, 0x19,
    0x06, 0x19, 0x06, 0x19, 0x06, 0x19, 0x06, 0x19, 0x06, 0x19, 0x06, 0x19, 0x06, 0x19, 0x06, 0x19,
    0x06, 0x19, 0x06, 0x19, 0x06, 0x19, 0x06, 0x19, 0x06, 0x19, 0x06, 0x19, 0x06, 0x19, 0x06, 0x19,
    0x26, 0x19, 0xE5, 0x18, 0x83, 0x08, 0x62, 0x08, 0x62, 0x08, 0x62, 0x08, 0x62, 0x08, 0x62, 0x08,
    0x62, 0x08, 0x62, 0x08, 0x62, 0x08, 0x62, 0x08, 0x62, 0x08, 0x62, 0x08, 0x62, 0x08, 0x62, 0x08,
    0x62, 0x08, 0x62, 0x08, 0x62, 0x08, 0x62, 0x08, 0x62, 0x08, 0x62, 0x08, 0x62, 0x08, 0x62, 0x08,
    0x62, 0x08, 0x62, 0x08, 0x62, 0x08, 0x62, 0x08, 0x62, 0x08, 0x62, 0x08, 0x62, 0x08, 0x62, 0x08,
    0x62, 0x08, 0x62, 0x08, 0x62, 0x08, 0x62, 0x08, 0x62, 0x08, 0x62, 0x08, 0x62, 0x08, 0x62, 0x08,
    0x62, 0x08, 0x62, 0x08, 0x62, 0x08, 0x62, 0x08, 0x62, 0x08, 0x62, 0x08, 0x62, 0x08, 0x62, 0x08,
    0x62, 0x08, 0x62, 0x08, 0x62, 0x08, 0x62, 0x08, 0x83, 0x08, 0x05, 0x19, 0x06, 0x19, 0x06, 0x19,
    0x06, 0x19, 0x06, 0x19, 0x06, 0x19, 0x06, 0x19, 0x06, 0x19, 0x06, 0x19, 0x06, 0x19, 0x06, 0x19,
    0x06, 0x19, 0x06, 0x19, 0x06, 0x19, 0x06, 0x19, 0x06, 0x19, 0x06, 0x19, 0x06, 0x19, 0x06, 0x19,
    0x06, 0x19, 0x06, 0x19, 0x06, 0x19, 0x06, 0x19, 0x06, 0x19, 0x06, 0x19, 0x06, 0x19, 0x06, 0x19,
    0x06, 0x19, 0x06, 0x19, 0x06, 0x19, 0x06, 0x19, 0x06, 0x19, 0x06, 0x19, 0x06, 0x19, 0x06, 0x19,
    0x06, 0x19, 0x06, 0x19, 0x06, 0x19, 0x06, 0x19, 0x06, 0x19, 0x06, 0x19, 0x06, 0x19, 0x06, 0x19,
    0x06, 0x19, 0x06, 0x19, 0x06, 0x19, 0x06, 0x19, 0x06, 0x19, 0x06, 0x19, 0x06, 0x19, 0x06, 0x19,
    0x06, 0x19, 0x06, 0x19, 0x06, 0x19, 0x06, 0x19, 0x06, 0x19, 0x06, 0x19, 0x06, 0x19, 0x06, 0x19,
    0x06, 0x19, 0x06, 0x19, 0x06, 0x19, 0x06, 0x19, 0x06, 0x19, 0x06, 0x19, 0x06, 0x19, 0x06, 0x19,
    0x06, 0x19, 0x06, 0x19, 0x06, 0x19, 0x06, 0x19, 0x06, 0x19, 0x06, 0x19, 0x06, 0x19, 0x06, 0x19,
    0x06, 0x19, 0x06, 0x19, 0x06, 0x19, 0x06, 0x19, 0x06, 0x19, 0x06, 0x19, 0x06, 0x19, 0x06, 0x19,
    0x06, 0x19, 0x06, 0x19, 0x06, 0x19, 0x06, 0x19, 0x06, 0x19, 0x06, 0x19, 0x06, 0x19, 0x06, 0x19,
    0x06, 0x19, 0x06, 0x19, 0x06, 0x19, 0x06, 0x19, 0x06, 0x19, 0x06, 0x19, 0x06, 0x19, 0x06, 0x19,
    0x06, 0x19, 0x06, 0x19, 0x06, 0x19, 0x06, 0x19, 0x06, 0x19, 0x06, 0x19, 0x06, 0x19, 0x06, 0x19,
    0x06, 0x19, 0x06, 0x19, 0x06, 0x19, 0x06, 0x19, 0x06, 0x19, 0x06, 0x19, 0x06, 0x19, 0x06, 0x19,
    0x06, 0x19, 0x06, 0x19, 0x06, 0x19, 0x06, 0x19, 0x06, 0x19, 0x06, 0x19, 0x06, 0x19, 0x06, 0x19,
    0x06, 0x19, 0x06, 0x19, 0x06, 0x19, 0x06, 0x19, 0x06, 0x19, 0x06, 0x19, 0x06, 0x19, 0x06, 0x19,
    0x06, 0x19, 0x06, 0x19, 0x06, 0x19, 0x06, 0x19, 0x06, 0x19, 0x06, 0x19, 0x06, 0x19, 0x06, 0x19,
    0x06, 0x19, 0x06, 0x19, 0x06, 0x19, 0x06, 0x19, 0x06, 0x19, 0x06, 0x19, 0x06, 0x19, 0x06, 0x19,
    0x06, 0x19, 0x06, 0x19, 0x06, 0x19, 0x06, 0x19, 0x06, 0x19, 0x06, 0x19, 0x06, 0x19, 0x06, 0x19,
    0x06, 0x19, 0x06, 0x19, 0x06, 0x19, 0x06, 0x19, 0x06, 0x19, 0x06, 0x19, 0x06, 0x19, 0x06, 0x19,
    0x06, 0x19, 0x06, 0x19, 0x06, 0x19, 0x06, 0x19, 0x06, 0x19, 0x06, 0x19, 0x06, 0x19, 0x06, 0x19,
    0x06, 0x19, 0x06, 0x19, 0x06, 0x19, 0x06, 0x19, 0x06, 0x19, 0x06, 0x19, 0x06, 0x19, 0x06, 0x19,
    0x06, 0x19, 0x06, 0x19, 0x06, 0x19, 0x06, 0x19, 0x06, 0x19, 0x06, 0x19, 0x06, 0x19, 0x06, 0x19,
    0x06, 0x19, 0x06, 0x19, 0x06, 0x19, 0x06, 0x19, 0x06, 0x19, 0x06, 0x19, 0x06, 0x19, 0x06, 0x19,
    0x06, 0x19, 0x06, 0x19, 0x06, 0x19, 0x06, 0x19, 0x06, 0x19, 0x06, 0x19, 0x06, 0x19, 0x06, 0x19,
    0x06, 0x19, 0x06, 0x19, 0x06, 0x19, 0x06, 0x19, 0x06, 0x19, 0x06, 0x19, 0x06, 0x19, 0x06, 0x19,
    0x06, 0x19, 0x06, 0x19, 0x06, 0x19, 0x06, 0x19, 0x06, 0x19, 0x06, 0x19, 0x06, 0x19, 0x06, 0x19,
    0x06, 0x19, 0x06, 0x19, 0x06, 0x19, 0x06, 0x19, 0x06, 0x19, 0x06, 0x19, 0x06, 0x19, 0x06, 0x19,
    0x06, 0x19, 0x06, 0x19, 0x06, 0x19, 0x06, 0x19, 0x06, 0x19, 0x06, 0x19, 0x06, 0x19, 0x06, 0x19,
    0x06, 0x19, 0x06, 0x19, 0x06, 0x19, 0x06, 0x19, 0x06, 0x19, 0x06, 0x19, 0x06, 0x19, 0x06, 0x19,
    0x06, 0x19, 0x06, 0x19, 0x06, 0x19, 0x06, 0x19, 0x06, 0x19, 0x06, 0x19, 0x06, 0x19, 0x06, 0x19,
    0x06, 0x19, 0x06, 0x19, 0x06, 0x19, 0x06, 0x19, 0x06, 0x19, 0x06, 0x19, 0x06, 0x19, 0x06, 0x19,
    0x06, 0x19, 0x06, 0x19, 0x06, 0x19, 0x06, 0x19, 0x06, 0x19, 0x06, 0x19, 0x06, 0x19, 0x06, 0x19,
    0x06, 0x19, 0x06, 0x19, 0x06, 0x19, 0x06, 0x19, 0x06, 0x19, 0x06, 0x19, 0x06, 0x19, 0x06, 0x19,
    0x06, 0x19, 0x06, 0x19, 0x06, 0x19, 0x06, 0x19, 0x06, 0x19, 0x06, 0x19, 0x06, 0x19, 0x06, 0x19,
    0x06, 0x19, 0x06, 0x19, 0x06, 0x19, 0x06, 0x19, 0x06, 0x19, 0x06, 0x19, 0x06, 0x19, 0xA3, 0x10,
    0x62, 0x08, 0x62, 0x08, 0x62, 0x08, 0x62, 0x08, 0x62, 0x08, 0x62, 0x08, 0x62, 0x08, 0x62, 0x08,
    0x62, 0x08, 0x62, 0x08, 0x62, 0x08, 0x62, 0x08, 0x62, 0x08, 0x62, 0x08, 0x62, 0x08, 0x62, 0x08,
    0x62, 0x08, 0x62, 0x08, 0x62, 0x08, 0x62, 0x08, 0x62, 0x08, 0x62, 0x08, 0x62, 0x08, 0x62, 0x08,
    0x62, 0x08, 0x62, 0x08, 0x62, 0x08, 0x62, 0x08, 0x62, 0x08, 0x62, 0x08, 0x62, 0x08, 0x62, 0x08,
    0x62, 0x08, 0x62, 0x08, 0x62, 0x08, 0x62, 0x08, 0x62, 0x08, 0x62, 0x08, 0x62, 0x08, 0x62, 0x08,
    0x62, 0x08, 0x62, 0x08, 0x62, 0x08, 0x62, 0x08, 0x62, 0x08, 0x62, 0x08, 0x62, 0x08, 0x83, 0x08,
    0x05, 0x19, 0x06, 0x19, 0x06, 0x19, 0x06, 0x19, 0x06, 0x19, 0x06, 0x19, 0x06, 0x19, 0x06, 0x19,
    0x06, 0x19, 0x06, 0x19, 0x06, 0x19, 0x06, 0x19, 0x06, 0x19, 0x06, 0x19, 0x06, 0x19, 0x06, 0x19,
    0x06, 0x19, 0x06, 0x19, 0x06, 0x19, 0x06, 0x19, 0x06, 0x19, 0x06, 0x19, 0x06, 0x19, 0x06, 0x19,
    0x06, 0x19, 0x06, 0x19, 0x06, 0x19, 0x06, 0x19, 0x06, 0x19, 0x06, 0x19, 0x06, 0x19, 0x06, 0x19,
    0x06, 0x19, 0x06, 0x19, 0x06, 0x19, 0x06, 0x19, 0x06, 0x19, 0x06, 0x19, 0x06, 0x19, 0x06, 0x19,
    0x06, 0x19, 0x06, 0x19, 0x06, 0x19, 0x06, 0x19, 0x06, 0x19, 0x06, 0x19, 0x06, 0x19, 0x06, 0x19,
    0x06, 0x19, 0x06, 0x19, 0x06, 0x19, 0x06, 0x19, 0x06, 0x19, 0x06, 0x19, 0x06, 0x19, 0x06, 0x19,
    0x06, 0x19, 0x06, 0x19, 0x06, 0x19, 0x06, 0x19, 0x06, 0x19, 0x06, 0x19, 0x06, 0x19, 0x06, 0x19,
    0x06, 0x19, 0x06, 0x19, 0x06, 0x19, 0x06, 0x19, 0x06, 0x19, 0x06, 0x19, 0x06, 0x19, 0x06, 0x19,
    0x06, 0x19, 0x06, 0x19, 0x06, 0x19, 0x06, 0x19, 0x06, 0x19, 0x06, 0x19, 0x06, 0x19, 0x06, 0x19,
    0x06, 0x19, 0x06, 0x19, 0x06, 0x19, 0x06, 0x19, 0x06, 0x19, 0x06, 0x19, 0x06, 0x19, 0x06, 0x19,
    0x06, 0x19, 0x06, 0x19, 0x06, 0x19, 0x06, 0x19, 0x06, 0x19, 0x06, 0x19, 0x06, 0x19, 0x06, 0x19,
    0x06, 0x19, 0x06, 0x19, 0x06, 0x19, 0x06, 0x19, 0x06, 0x19, 0x06, 0x19, 0x06, 0x19, 0x06, 0x19,
    0x06, 0x19, 0x06, 0x19, 0x06, 0x19, 0x06, 0x19, 0x06, 0x19, 0x06, 0x19, 0x06, 0x19, 0x06, 0x19,
    0x06, 0x19, 0x06, 0x19, 0x06, 0x19, 0x06, 0x19, 0x06, 0x19, 0x06, 0x19, 0x06, 0x19, 0x06, 0x19,
    0x06, 0x19, 0x06, 0x19, 0x06, 0x19, 0x06, 0x19, 0x06, 0x19, 0x06, 0x19, 0x06, 0x19, 0x06, 0x19,
    0x06, 0x19, 0x06, 0x19, 0x06, 0x19, 0x06, 0x19, 0x06, 0x19, 0x06, 0x19, 0x06, 0x19, 0x06, 0x19,
    0x06, 0x19, 0x06, 0x19, 0x06, 0x19, 0x06, 0x19, 0x06, 0x19, 0x06, 0x19, 0x06, 0x19, 0x06, 0x19,
    0x06, 0x19, 0x06, 0x19, 0x06, 0x19, 0x06, 0x19, 0x06, 0x19, 0x06, 0x19, 0x06, 0x19, 0x06, 0x19,
    0x06, 0x19, 0x06, 0x19, 0x06, 0x19, 0x06, 0x19, 0x06, 0x19, 0x06, 0x19, 0x06, 0x19, 0x06, 0x19,
    0x06, 0x19, 0x06, 0x19, 0x06, 0x19, 0x06, 0x19, 0x06, 0x19, 0x06, 0x19, 0x06, 0x19, 0x06, 0x19,
    0x06, 0x19, 0x06, 0x19, 0x06, 0x19, 0x06, 0x19, 0x06, 0x19, 0x06, 0x19, 0x06, 0x19, 0x06, 0x19,
    0x06, 0x19, 0x06, 0x19, 0x06, 0x19, 0x06, 0x19, 0x06, 0x19, 0x06, 0x19, 0x06, 0x19, 0x06, 0x19,
    0x06, 0x19, 0x06, 0x19, 0x06, 0x19, 0x06, 0x19, 0x06, 0x19, 0x06, 0x19, 0x06, 0x19, 0x06, 0x19,
    0x06, 0x19, 0x06, 0x19, 0x06, 0x19, 0x06, 0x19, 0x06, 0x19, 0x06, 0x19, 0x06, 0x19, 0x06, 0x19,
    0x06, 0x19, 0x06, 0x19, 0x06, 0x19, 0x06, 0x19, 0x06, 0x19, 0x06, 0x19, 0x06, 0x19, 0x06, 0x19,
    0x06, 0x19, 0x06, 0x19, 0x06, 0x19, 0x06, 0x19, 0x06, 0x19, 0x06, 0x19, 0x06, 0x19, 0x06, 0x19,
    0x06, 0x19, 0x06, 0x19, 0x06, 0x19, 0x06, 0x19, 0x06, 0x19, 0x06, 0x19, 0x06, 0x19, 0x06, 0x19,
    0x06, 0x19, 0x06, 0x19, 0x06, 0x19, 0x06, 0x19, 0x06, 0x19, 0x06, 0x19, 0x06, 0x19, 0x06, 0x19,
    0x06, 0x19, 0x06, 0x19, 0x06, 0x19, 0x06, 0x19, 0x06, 0x19, 0x06, 0x19, 0x06, 0x19, 0x06, 0x19,
    0x06, 0x19, 0x06, 0x19, 0x06, 0x19, 0x06, 0x19, 0x06, 0x19, 0x06, 0x19, 0x06, 0x19, 0x06, 0x19,
    0x06, 0x19, 0x06, 0x19, 0x06, 0x19, 0x06, 0x19, 0x06, 0x19, 0x06, 0x19, 0x06, 0x19, 0x06, 0x19,
    0x06, 0x19, 0x06, 0x19, 0x06, 0x19, 0x06, 0x19, 0x06, 0x19, 0x06, 0x19, 0x06, 0x19, 0x06, 0x19,
    0x06, 0x19, 0x06, 0x19, 0x06, 0x19, 0x06, 0x19, 0x06, 0x19, 0x06, 0x19, 0x06, 0x19, 0x06, 0x19,
    0x06, 0x19, 0x06, 0x19, 0x06, 0x19, 0x06, 0x19, 0x06, 0x19, 0x06, 0x19, 0x06, 0x19, 0x06, 0x19,
    0x06, 0x19, 0x06, 0x19, 0x06, 0x19, 0x06, 0x19, 0x06, 0x19, 0x06, 0x19, 0x06, 0x19, 0x06, 0x19,
    0x06, 0x19, 0x06, 0x19, 0x06, 0x19, 0x06, 0x19, 0xA3, 0x10, 0x62, 0x08, 0x62, 0x08, 0x62, 0x08,
    0x62, 0x08, 0x62, 0x08, 0x62, 0x08, 0x62, 0x08, 0x62, 0x08, 0x62, 0x08, 0x62, 0x08, 0x62, 0x08,
    0x62, 0x08, 0x62, 0x08, 0x62, 0x08, 0x62, 0x08, 0x62, 0x08, 0x62, 0x08, 0x62, 0x08, 0x62, 0x08,
    0x62, 0x08, 0x62, 0x08, 0x62, 0x08, 0x62, 0x08, 0x62, 0x08, 0x62, 0x08, 0x62, 0x08, 0x62, 0x08,
    0x62, 0x08, 0x62, 0x08, 0x62, 0x08, 0x62, 0x08, 0x62, 0x08, 0x62, 0x08, 0x62, 0x08, 0x62, 0x08,
    0x62, 0x08, 0x62, 0x08, 0x62, 0x08, 0x62, 0x08, 0x62, 0x08, 0x62, 0x08, 0x62, 0x08, 0x62, 0x08,
    0x62, 0x08, 0x62, 0x08, 0x62, 0x08, 0x05, 0x19, 0x06, 0x19, 0x06, 0x19, 0x06, 0x19, 0x06, 0x19,
    0x06, 0x19, 0x06, 0x19, 0x06, 0x19, 0x06, 0x19, 0x06, 0x19, 0x06, 0x19, 0x06, 0x19, 0x06, 0x19,
    0x06, 0x19, 0x06, 0x19, 0x06, 0x19, 0x06, 0x19, 0x06, 0x19, 0x06, 0x19, 0x06, 0x19, 0x06, 0x19,
    0x06, 0x19, 0x06, 0x19, 0x06, 0x19, 0x06, 0x19, 0x06, 0x19, 0x06, 0x19, 0x06, 0x19, 0x06, 0x19,
    0x06, 0x19, 0x06, 0x19, 0x06, 0x19, 0x06, 0x19, 0x06, 0x19, 0x06, 0x19, 0x06, 0x19, 0x06, 0x19,
    0x06, 0x19, 0x06, 0x19, 0x06, 0x19, 0x06, 0x19, 0x06, 0x19, 0x06, 0x19, 0x06, 0x19, 0x06, 0x19,
    0x06, 0x19, 0x06, 0x19, 0x06, 0x19, 0x06, 0x19, 0x06, 0x19, 0x06, 0x19, 0x06, 0x19, 0x06, 0x19,
    0x06, 0x19, 0x06, 0x19, 0x06, 0x19, 0x06, 0x19, 0x06, 0x19, 0x06, 0x19, 0x06, 0x19, 0x06, 0x19,
    0x06, 0x19, 0x06, 0x19, 0x06, 0x19, 0x06, 0x19, 0x06, 0x19, 0x06, 0x19, 0x06, 0x19, 0x06, 0x19,
    0x06, 0x19, 0x06, 0x19, 0x06, 0x19, 0x06, 0x19, 0x06, 0x19, 0x06, 0x19, 0x06, 0x19, 0x06, 0x19,
    0x06, 0x19, 0x06, 0x19, 0x06, 0x19, 0x06, 0x19, 0x06, 0x19, 0x06, 0x19, 0x06, 0x19, 0x06, 0x19,
    0x06, 0x19, 0x06, 0x19, 0x06, 0x19, 0x06, 0x19, 0x06, 0x19, 0x06, 0x19, 0x06, 0x19, 0x06, 0x19,
    0x06, 0x19, 0x06, 0x19, 0x06, 0x19, 0x06, 0x19, 0x06, 0x19, 0x06, 0x19, 0x06, 0x19, 0x06, 0x19,
    0x06, 0x19, 0x06, 0x19, 0x06, 0x19, 0x06, 0x19, 0x06, 0x19, 0x06, 0x19, 0x06, 0x19, 0x06, 0x19,
    0x06, 0x19, 0x06, 0x19, 0x06, 0x19, 0x06, 0x19, 0x06, 0x19, 0x06, 0x19, 0x06, 0x19, 0x06, 0x19,
    0x06, 0x19, 0x06, 0x19, 0x06, 0x19, 0x06, 0x19, 0x06, 0x19, 0x06, 0x19, 0x06, 0x19, 0x06, 0x19,
    0x06, 0x19, 0x06, 0x19, 0x06, 0x19, 0x06, 0x19, 0x06, 0x19, 0x06, 0x19, 0x06, 0x19, 0x06, 0x19,
    0x06, 0x19, 0x06, 0x19, 0x06, 0x19, 0x06, 0x19, 0x06, 0x19, 0x06, 0x19, 0x06, 0x19, 0x06, 0x19,
    0x06, 0x19, 0x06, 0x19, 0x06, 0x19, 0x06, 0x19, 0x06, 0x19, 0x06, 0x19, 0x06, 0x19, 0x06, 0x19,
    0x06, 0x19, 0x06, 0x19, 0x06, 0x19, 0x06, 0x19, 0x06, 0x19, 0x06, 0x19, 0x06, 0x19, 0x06, 0x19,
    0x06, 0x19, 0x06, 0x19, 0x06, 0x19, 0x06, 0x19, 0x06, 0x19, 0x06, 0x19, 0x06, 0x19, 0x06, 0x19,
    0x06, 0x19, 0x06, 0x19, 0x06, 0x19, 0x06, 0x19, 0x06, 0x19, 0x06, 0x19, 0x06, 0x19, 0x06, 0x19,
    0x06, 0x19, 0x06, 0x19, 0x06, 0x19, 0x06, 0x19, 0x06, 0x19, 0x06, 0x19, 0x06, 0x19, 0x06, 0x19,
    0x06, 0x19, 0x06, 0x19, 0x06, 0x19, 0x06, 0x19, 0x06, 0x19, 0x06, 0x19, 0x06, 0x19, 0x06, 0x19,
    0x06, 0x19, 0x06, 0x19, 0x06, 0x19, 0x06, 0x19, 0x06, 0x19, 0x06, 0x19, 0x06, 0x19, 0x06, 0x19,
    0x06, 0x19, 0x06, 0x19, 0x06, 0x19, 0x06, 0x19, 0x06, 0x19, 0x06, 0x19, 0x06, 0x19, 0x06, 0x19,
    0x06, 0x19, 0x06, 0x19, 0x06, 0x19, 0x06, 0x19, 0x06, 0x19, 0x06, 0x19, 0x06, 0x19, 0x06, 0x19,
    0x06, 0x19, 0x06, 0x19, 0x06, 0x19, 0x06, 0x19, 0x06, 0x19, 0x06, 0x19, 0x06, 0x19, 0x06, 0x19,
    0x06, 0x19, 0x06, 0x19, 0x06, 0x19, 0x06, 0x19, 0x06, 0x19, 0x06, 0x19, 0x06, 0x19, 0x06, 0x19,
    0x06, 0x19, 0x06, 0x19, 0x06, 0x19, 0x06, 0x19, 0x06, 0x19, 0x06, 0x19, 0x06, 0x19, 0x06, 0x19,
    0x06, 0x19, 0x06, 0x19, 0x06, 0x19, 0x06, 0x19, 0x06, 0x19, 0x06, 0x19, 0x06, 0x19, 0x06, 0x19,
    0x06, 0x19, 0x06, 0x19, 0x06, 0x19, 0x06, 0x19, 0x06, 0x19, 0x06, 0x19, 0x06, 0x19, 0x06, 0x19,
    0x06, 0x19, 0x06, 0x19, 0x06, 0x19, 0x06, 0x19, 0x06, 0x19, 0x06, 0x19, 0x06, 0x19, 0x06, 0x19,
    0x06, 0x19, 0x06, 0x19, 0x06, 0x19, 0x06, 0x19, 0x06, 0x19, 0x06, 0x19, 0x06, 0x19, 0x06, 0x19,
    0x06, 0x19, 0x06, 0x19, 0x06, 0x19, 0x06, 0x19, 0x06, 0x19, 0x06, 0x19, 0x06, 0x19, 0x06, 0x19,
    0x06, 0x19, 0x06, 0x19, 0x06, 0x19, 0x06, 0x19, 0x06, 0x19, 0x06, 0x19, 0x06, 0x19, 0x06, 0x19,
    0x06, 0x19, 0x06, 0x19, 0x06, 0x19, 0x06, 0x19, 0x06, 0x19, 0x06, 0x19, 0x06, 0x19, 0x06, 0x19,
    0x06, 0x19, 0x83, 0x08, 0x62, 0x08, 0x62, 0x08, 0x62, 0x08, 0x62, 0x08, 0x62, 0x08, 0x62, 0x08,
    0x62, 0x08, 0x62, 0x08, 0x62, 0x08, 0x62, 0x08, 0x62, 0x08, 0x62, 0x08, 0x62, 0x08, 0x62, 0x08,
    0x62, 0x08, 0x62, 0x08, 0x62, 0x08, 0x62, 0x08, 0x62, 0x08, 0x62, 0x08, 0x62, 0x08, 0x62, 0x08,
    0x62, 0x08, 0x62, 0x08, 0x62, 0x08, 0x62, 0x08, 0x62, 0x08, 0x62, 0x08, 0x62, 0x08, 0x62, 0x08,
    0x62, 0x08, 0x62, 0x08, 0x62, 0x08, 0x62, 0x08, 0x62, 0x08, 0x62, 0x08, 0x62, 0x08, 0x62, 0x08,
    0x62, 0x08, 0x62, 0x08, 0x62, 0x08, 0x62, 0x08, 0x62, 0x08, 0x62, 0x08, 0xE5, 0x10, 0x06, 0x19,
    0x06, 0x19, 0x06, 0x19, 0x06, 0x19, 0x06, 0x19, 0x06, 0x19, 0x06, 0x19, 0x06, 0x19, 0x06, 0x19,
    0x06, 0x19, 0x06, 0x19, 0x06, 0x19, 0x06, 0x19, 0x06, 0x19, 0x06, 0x19, 0x06, 0x19, 0x06, 0x19,
    0x06, 0x19, 0x06, 0x19, 0x06, 0x19, 0x06, 0x19, 0x06, 0x19, 0x06, 0x19, 0x06, 0x19, 0x06, 0x19,
    0x06, 0x19, 0x06, 0x19, 0x06, 0x19, 0x06, 0x19, 0x06, 0x19, 0x06, 0x19, 0x06, 0x19, 0x06, 0x19,
    0x06, 0x19, 0x06, 0x19, 0x06, 0x19, 0x06, 0x19, 0x06, 0x19, 0x06, 0x19, 0x06, 0x19, 0x06, 0x19,
    0x06, 0x19, 0x06, 0x19, 0x06, 0x19, 0x06, 0x19, 0x06, 0x19, 0x06, 0x19, 0x06, 0x19, 0x06, 0x19,
    0x06, 0x19, 0x06, 0x19, 0x06, 0x19, 0x06, 0x19, 0x06, 0x19, 0x06, 0x19, 0x06, 0x19, 0x06, 0x19,
    0x06, 0x19, 0x06, 0x19, 0x06, 0x19, 0x06, 0x19, 0x06, 0x19, 0x06, 0x19, 0x06, 0x19, 0x06, 0x19,
    0x06, 0x19, 0x06, 0x19, 0x06, 0x19, 0x06, 0x19, 0x06, 0x19, 0x06, 0x19, 0x06, 0x19, 0x06, 0x19,
    0x06, 0x19, 0x06, 0x19, 0x06, 0x19, 0x06, 0x19, 0x06, 0x19, 0x06, 0x19, 0x06, 0x19, 0x06, 0x19,
    0x06, 0x19, 0x06, 0x19, 0x06, 0x19, 0x06, 0x19, 0x06, 0x19, 0x06, 0x19, 0x06, 0x19, 0x06, 0x19,
    0x06, 0x19, 0x06, 0x19, 0x06, 0x19, 0x06, 0x19, 0x06, 0x19, 0x06, 0x19, 0x06, 0x19, 0x06, 0x19,
    0x06, 0x19, 0x06, 0x19, 0x06, 0x19, 0x06, 0x19, 0x06, 0x19, 0x06, 0x19, 0x06, 0x19, 0x06, 0x19,
    0x06, 0x19, 0x06, 0x19, 0x06, 0x19, 0x06, 0x19, 0x06, 0x19, 0x06, 0x19, 0x06, 0x19, 0x06, 0x19,
    0x06, 0x19, 0x06, 0x19, 0x06, 0x19, 0x06, 0x19, 0x06, 0x19, 0x06, 0x19, 0x06, 0x19, 0x06, 0x19,
    0x06, 0x19, 0x06, 0x19, 0x06, 0x19, 0x06, 0x19, 0x06, 0x19, 0x06, 0x19, 0x06, 0x19, 0x06, 0x19,
    0x06, 0x19, 0x06, 0x19, 0x06, 0x19, 0x06, 0x19, 0x06, 0x19, 0x06, 0x19, 0x06, 0x19, 0x06, 0x19,
    0x06, 0x19, 0x06, 0x19, 0x06, 0x19, 0x06, 0x19, 0x06, 0x19, 0x06, 0x19, 0x06, 0x19, 0x06, 0x19,
    0x06, 0x19, 0x06, 0x19, 0x06, 0x19, 0x06, 0x19, 0x06, 0x19, 0x06, 0x19, 0x06, 0x19, 0x06, 0x19,
    0x06, 0x19, 0x06, 0x19, 0x06, 0x19, 0x06, 0x19, 0x06, 0x19, 0x06, 0x19, 0x06, 0x19, 0x06, 0x19,
    0x06, 0x19, 0x06, 0x19, 0x06, 0x19, 0x06, 0x19, 0x06, 0x19, 0x06, 0x19, 0x06, 0x19, 0x06, 0x19,
    0x06, 0x19, 0x06, 0x19, 0x06, 0x19, 0x06, 0x19, 0x06, 0x19, 0x06, 0x19, 0x06, 0x19, 0x06, 0x19,
    0x06, 0x19, 0x06, 0x19, 0x06, 0x19, 0x06, 0x19, 0x06, 0x19, 0x06, 0x19, 0x06, 0x19, 0x06, 0x19,
    0x06, 0x19, 0x06, 0x19, 0x06, 0x19, 0x06, 0x19, 0x06, 0x19, 0x06, 0x19, 0x06, 0x19, 0x06, 0x19,
    0x06, 0x19, 0x06, 0x19, 0x06, 0x19, 0x06, 0x19, 0x06, 0x19, 0x06, 0x19, 0x06, 0x19, 0x06, 0x19,
    0x06, 0x19, 0x06, 0x19, 0x06, 0x19, 0x06, 0x19, 0x06, 0x19, 0x06, 0x19, 0x06, 0x19, 0x06, 0x19,
    0x06, 0x19, 0x06, 0x19, 0x06, 0x19, 0x06, 0x19, 0x06, 0x19, 0x06, 0x19, 0x06, 0x19, 0x06, 0x19,
    0x06, 0x19, 0x06, 0x19, 0x06, 0x19, 0x06, 0x19, 0x06, 0x19, 0x06, 0x19, 0x06, 0x19, 0x06, 0x19,
    0x06, 0x19, 0x06, 0x19, 0x06, 0x19, 0x06, 0x19, 0x06, 0x19, 0x06, 0x19, 0x06, 0x19, 0x06, 0x19,
    0x06, 0x19, 0x06, 0x19, 0x06, 0x19, 0x06, 0x19, 0x06, 0x19, 0x06, 0x19, 0x06, 0x19, 0x06, 0x19,
    0x06, 0x19, 0x06, 0x19, 0x06, 0x19, 0x06, 0x19, 0x06, 0x19, 0x06, 0x19, 0x06, 0x19, 0x06, 0x19,
    0x06, 0x19, 0x06, 0x19, 0x06, 0x19, 0x06, 0x19, 0x06, 0x19, 0x06, 0x19, 0x06, 0x19, 0x06, 0x19,
    0x06, 0x19, 0x06, 0x19, 0x06, 0x19, 0x06, 0x19, 0x06, 0x19, 0x06, 0x19, 0x06, 0x19, 0x06, 0x19,
    0x06, 0x19, 0x06, 0x19, 0x06, 0x19, 0x06, 0x19, 0x06, 0x19, 0x06, 0x19, 0x06, 0x19, 0x06, 0x19,
    0x06, 0x19, 0x06, 0x19, 0x06, 0x19, 0x06, 0x19, 0x06, 0x19, 0x06, 0x19, 0x06, 0x19, 0x06, 0x19,
    0x06, 0x19, 0x06, 0x19, 0x06, 0x19, 0x06, 0x19, 0x06, 0x19, 0x06, 0x19, 0x06, 0x19, 0x06, 0x19,
    0x06, 0x19, 0x06, 0x19, 0x06, 0x19, 0x06, 0x19, 0x06, 0x19, 0x05, 0x19, 0x62, 0x08, 0x62, 0x08,
    0x62, 0x08, 0x62, 0x08, 0x62, 0x08, 0x62, 0x08, 0x62, 0x08, 0x62, 0x08, 0x62, 0x08, 0x62, 0x08,
    0x62, 0x08, 0x62, 0x08, 0x62, 0x08, 0x62, 0x08, 0x62, 0x08, 0x62, 0x08, 0x62, 0x08, 0x62, 0x08,
    0x62, 0x08, 0x62, 0x08, 0x62, 0x08, 0x62, 0x08, 0x62, 0x08, 0x62, 0x08, 0x62, 0x08, 0x62, 0x08,
    0x62, 0x08, 0x62, 0x08, 0x62, 0x08, 0x62, 0x08, 0x62, 0x08, 0x62, 0x08, 0x62, 0x08, 0x62, 0x08,
    0x62, 0x08, 0x62, 0x08, 0x62, 0x08, 0x62, 0x08, 0x62, 0x08, 0x62, 0x08, 0x62, 0x08, 0x62, 0x08,
    0x62, 0x08, 0xA3, 0x08, 0x06, 0x19, 0x06, 0x19, 0x06, 0x19, 0x06, 0x19, 0x06, 0x19, 0x06, 0x19,
    0x06, 0x19, 0x06, 0x19, 0x06, 0x19, 0x06, 0x19, 0x06, 0x19, 0x06, 0x19, 0x06, 0x19, 0x06, 0x19,
    0x06, 0x19, 0x06, 0x19, 0x06, 0x19, 0x06, 0x19, 0x06, 0x19, 0x06, 0x19, 0x06, 0x19, 0x06, 0x19,
    0x06, 0x19, 0x06, 0x19, 0x06, 0x19, 0x06, 0x19, 0x06, 0x19, 0x06, 0x19, 0x06, 0x19, 0x06, 0x19,
    0x06, 0x19, 0x06, 0x19, 0x06, 0x19, 0x06, 0x19, 0x06, 0x19, 0x06, 0x19, 0x06, 0x19, 0x06, 0x19,
    0x06, 0x19, 0x06, 0x19, 0x06, 0x19, 0x06, 0x19, 0x06, 0x19, 0x06, 0x19, 0x06, 0x19, 0x06, 0x19,
    0x06, 0x19, 0x06, 0x19, 0x06, 0x19, 0x06, 0x19, 0x06, 0x19, 0x06, 0x19, 0x06, 0x19, 0x06, 0x19,
    0x06, 0x19, 0x06, 0x19, 0x06, 0x19, 0x06, 0x19, 0x06, 0x19, 0x06, 0x19, 0x06, 0x19, 0x06, 0x19,
    0x06, 0x19, 0x06, 0x19, 0x06, 0x19, 0x06, 0x19, 0x06, 0x19, 0x06, 0x19, 0x06, 0x19, 0x06, 0x19,
    0x06, 0x19, 0x06, 0x19, 0x06, 0x19, 0x06, 0x19, 0x06, 0x19, 0x06, 0x19, 0x06, 0x19, 0x06, 0x19,
    0x06, 0x19, 0x06, 0x19, 0x06, 0x19, 0x06, 0x19, 0x06, 0x19, 0x06, 0x19, 0x06, 0x19, 0x06, 0x19,
    0x06, 0x19, 0x06, 0x19, 0x06, 0x19, 0x06, 0x19, 0x06, 0x19, 0x06, 0x19, 0x06, 0x19, 0x06, 0x19,
    0x06, 0x19, 0x06, 0x19, 0x06, 0x19, 0x06, 0x19, 0x06, 0x19, 0x06, 0x19, 0x06, 0x19, 0x06, 0x19,
    0x06, 0x19, 0x06, 0x19, 0x06, 0x19, 0x06, 0x19, 0x06, 0x19, 0x06, 0x19, 0x06, 0x19, 0x06, 0x19,
    0x06, 0x19, 0x06, 0x19, 0x06, 0x19, 0x06, 0x19, 0x06, 0x19, 0x06, 0x19, 0x06, 0x19, 0x06, 0x19,
    0x06, 0x19, 0x06, 0x19, 0x06, 0x19, 0x06, 0x19, 0x06, 0x19, 0x06, 0x19, 0x06, 0x19, 0x06, 0x19,
    0x06, 0x19, 0x06, 0x19, 0x06, 0x19, 0x06, 0x19, 0x06, 0x19, 0x06, 0x19, 0x06, 0x19, 0x06, 0x19,
    0x06, 0x19, 0x06, 0x19, 0x06, 0x19, 0x06, 0x19, 0x06, 0x19, 0x06, 0x19, 0x06, 0x19, 0x06, 0x19,
    0x06, 0x19, 0x06, 0x19, 0x06, 0x19, 0x06, 0x19, 0x06, 0x19, 0x06, 0x19, 0x06, 0x19, 0x06, 0x19,
    0x06, 0x19, 0x06, 0x19, 0x06, 0x19, 0x06, 0x19, 0x06, 0x19, 0x06, 0x19, 0x06, 0x19, 0x06, 0x19,
    0x06, 0x19, 0x06, 0x19, 0x06, 0x19, 0x06, 0x19, 0x06, 0x19, 0x06, 0x19, 0x06, 0x19, 0x06, 0x19,
    0x06, 0x19, 0x06, 0x19, 0x06, 0x19, 0x06, 0x19, 0x06, 0x19, 0x06, 0x19, 0x06, 0x19, 0x06, 0x19,
    0x06, 0x19, 0x06, 0x19, 0x06, 0x19, 0x06, 0x19, 0x06, 0x19, 0x06, 0x19, 0x06, 0x19, 0x06, 0x19,
    0x06, 0x19, 0x06, 0x19, 0x06, 0x19, 0x06, 0x19, 0x06, 0x19, 0x06, 0x19, 0x06, 0x19, 0x06, 0x19,
    0x06, 0x19, 0x06, 0x19, 0x06, 0x19, 0x06, 0x19, 0x06, 0x19, 0x06, 0x19, 0x06, 0x19, 0x06, 0x19,
    0x06, 0x19, 0x06, 0x19, 0x06, 0x19, 0x06, 0x19, 0x06, 0x19, 0x06, 0x19, 0x06, 0x19, 0x06, 0x19,
    0x06, 0x19, 0x06, 0x19, 0x06, 0x19, 0x06, 0x19, 0x06, 0x19, 0x06, 0x19, 0x06, 0x19, 0x06, 0x19,
    0x06, 0x19, 0x06, 0x19, 0x06, 0x19, 0x06, 0x19, 0x06, 0x19, 0x06, 0x19, 0x06, 0x19, 0x06, 0x19,
    0x06, 0x19, 0x06, 0x19, 0x06, 0x19, 0x06, 0x19, 0x06, 0x19, 0x06, 0x19, 0x06, 0x19, 0x06, 0x19,
    0x06, 0x19, 0x06, 0x19, 0x06, 0x19, 0x06, 0x19, 0x06, 0x19, 0x06, 0x19, 0x06, 0x19, 0x06, 0x19,
    0x06, 0x19, 0x06, 0x19, 0x06, 0x19, 0x06, 0x19, 0x06, 0x19, 0x06, 0x19, 0x06, 0x19, 0x06, 0x19,
    0x06, 0x19, 0x06, 0x19, 0x06, 0x19, 0x06, 0x19, 0x06, 0x19, 0x06, 0x19, 0x06, 0x19, 0x06, 0x19,
    0x06, 0x19, 0x06, 0x19, 0x06, 0x19, 0x06, 0x19, 0x06, 0x19, 0x06, 0x19, 0x06, 0x19, 0x06, 0x19,
    0x06, 0x19, 0x06, 0x19, 0x06, 0x19, 0x06, 0x19, 0x06, 0x19, 0x06, 0x19, 0x06, 0x19, 0x06, 0x19,
    0x06, 0x19, 0x06, 0x19, 0x06, 0x19, 0x06, 0x19, 0x06, 0x19, 0x06, 0x19, 0x06, 0x19, 0x06, 0x19,
    0x06, 0x19, 0x06, 0x19, 0x06, 0x19, 0x06, 0x19, 0x06, 0x19, 0x06, 0x19, 0x06, 0x19, 0x06, 0x19,
    0x06, 0x19, 0x06, 0x19, 0x06, 0x19, 0x06, 0x19, 0x06, 0x19, 0x06, 0x19, 0x06, 0x19, 0x06, 0x19,
    0x06, 0x19, 0x06, 0x19, 0xC4, 0x10, 0x62, 0x08, 0x62, 0x08, 0x62, 0x08, 0x62, 0x08, 0x62, 0x08,
    0x62, 0x08, 0x62, 0x08, 0x62, 0x08, 0x62, 0x08, 0x62, 0x08, 0x62, 0x08, 0x62, 0x08, 0x62, 0x08,
    0x62, 0x08, 0x62, 0x08, 0x62, 0x08, 0x62, 0x08, 0x62, 0x08, 0x62, 0x08, 0x62, 0x08, 0x62, 0x08,
    0x62, 0x08, 0x62, 0x08, 0x62, 0x08, 0x62, 0x08, 0x62, 0x08, 0x62, 0x08, 0x62, 0x08, 0x62, 0x08,
    0x62, 0x08, 0x62, 0x08, 0x62, 0x08, 0x62, 0x08, 0x62, 0x08, 0x62, 0x08, 0x62, 0x08, 0x62, 0x08,
    0x62, 0x08, 0x62, 0x08, 0x62, 0x08, 0x62, 0x08, 0x62, 0x08, 0xE5, 0x10, 0x06, 0x19, 0x06, 0x19,
    0x06, 0x19, 0x06, 0x19, 0x06, 0x19, 0x06, 0x19, 0x06, 0x19, 0x06, 0x19, 0x06, 0x19, 0x06, 0x19,
    0x06, 0x19, 0x06, 0x19, 0x06, 0x19, 0x06, 0x19, 0x06, 0x19, 0x06, 0x19, 0x06, 0x19, 0x06, 0x19,
    0x06, 0x19, 0x06, 0x19, 0x06, 0x19, 0x06, 0x19, 0x06, 0x19, 0x06, 0x19, 0x06, 0x19, 0x06, 0x19,
    0x06, 0x19, 0x06, 0x19, 0x06, 0x19, 0x06, 0x19, 0x06, 0x19, 0x06, 0x19, 0x06, 0x19, 0x06, 0x19,
    0x06, 0x19, 0x06, 0x19, 0x06, 0x19, 0x06, 0x19, 0x06, 0x19, 0x06, 0x19, 0x06, 0x19, 0x06, 0x19,
    0x06, 0x19, 0x06, 0x19, 0x06, 0x19, 0x06, 0x19, 0x06, 0x19, 0x06, 0x19, 0x06, 0x19, 0x06, 0x19,
    0x06, 0x19, 0x06, 0x19, 0x06, 0x19, 0x06, 0x19, 0x06, 0x19, 0x06, 0x19, 0x06, 0x19, 0x06, 0x19,
    0x06, 0x19, 0x06, 0x19, 0x06, 0x19, 0x06, 0x19, 0x06, 0x19, 0x06, 0x19, 0x06, 0x19, 0x06, 0x19,
    0x06, 0x19, 0x06, 0x19, 0x06, 0x19, 0x06, 0x19, 0x06, 0x19, 0x06, 0x19, 0x06, 0x19, 0x06, 0x19,
    0x06, 0x19, 0x06, 0x19, 0x06, 0x19, 0x06, 0x19, 0x06, 0x19, 0x06, 0x19, 0x06, 0x19, 0x06, 0x19,
    0x06, 0x19, 0x06, 0x19, 0x06, 0x19, 0x06, 0x19, 0x06, 0x19, 0x06, 0x19, 0x06, 0x19, 0x06, 0x19,
    0x06, 0x19, 0x06, 0x19, 0x06, 0x19, 0x06, 0x19, 0x06, 0x19, 0x06, 0x19, 0x06, 0x19, 0x06, 0x19,
    0x06, 0x19, 0x06, 0x19, 0x06, 0x19, 0x06, 0x19, 0x06, 0x19, 0x06, 0x19, 0x06, 0x19, 0x06, 0x19,
    0x06, 0x19, 0x06, 0x19, 0x06, 0x19, 0x06, 0x19, 0x06, 0x19, 0x06, 0x19, 0x06, 0x19, 0x06, 0x19,
    0x06, 0x19, 0x06, 0x19, 0x06, 0x19, 0x06, 0x19, 0x06, 0x19, 0x06, 0x19, 0x06, 0x19, 0x06, 0x19,
    0x06, 0x19, 0x06, 0x19, 0x06, 0x19, 0x06, 0x19, 0x06, 0x19, 0x06, 0x19, 0x06, 0x19, 0x06, 0x19,
    0x06, 0x19, 0x06, 0x19, 0x06, 0x19, 0x06, 0x19, 0x06, 0x19, 0x06, 0x19, 0x06, 0x19, 0x06, 0x19,
    0x06, 0x19, 0x06, 0x19, 0x06, 0x19, 0x06, 0x19, 0x06, 0x19, 0x06, 0x19, 0x06, 0x19, 0x06, 0x19,
    0x06, 0x19, 0x06, 0x19, 0x06, 0x19, 0x06, 0x19, 0x06, 0x19, 0x06, 0x19, 0x06, 0x19, 0x06, 0x19,
    0x06, 0x19, 0x06, 0x19, 0x06, 0x19, 0x06, 0x19, 0x06, 0x19, 0x06, 0x19, 0x06, 0x19, 0x06, 0x19,
    0x06, 0x19, 0x06, 0x19, 0x06, 0x19, 0x06, 0x19, 0x06, 0x19, 0x06, 0x19, 0x06, 0x19, 0x06, 0x19,
    0x06, 0x19, 0x06, 0x19, 0x06, 0x19, 0x06, 0x19, 0x06, 0x19, 0x06, 0x19, 0x06, 0x19, 0x06, 0x19,
    0x06, 0x19, 0x06, 0x19, 0x06, 0x19, 0x06, 0x19, 0x06, 0x19, 0x06, 0x19, 0x06, 0x19, 0x06, 0x19,
    0x06, 0x19, 0x06, 0x19, 0x06, 0x19, 0x06, 0x19, 0x06, 0x19, 0x06, 0x19, 0x06, 0x19, 0x06, 0x19,
    0x06, 0x19, 0x06, 0x19, 0x06, 0x19, 0x06, 0x19, 0x06, 0x19, 0x06, 0x19, 0x06, 0x19, 0x06, 0x19,
    0x06, 0x19, 0x06, 0x19, 0x06, 0x19, 0x06, 0x19, 0x06, 0x19, 0x06, 0x19, 0x06, 0x19, 0x06, 0x19,
    0x06, 0x19, 0x06, 0x19, 0x06, 0x19, 0x06, 0x19, 0x06, 0x19, 0x06, 0x19, 0x06, 0x19, 0x06, 0x19,
    0x06, 0x19, 0x06, 0x19, 0x06, 0x19, 0x06, 0x19, 0x06, 0x19, 0x06, 0x19, 0x06, 0x19, 0x06, 0x19,
    0x06, 0x19, 0x06, 0x19, 0x06, 0x19, 0x06, 0x19, 0x06, 0x19, 0x06, 0x19, 0x06, 0x19, 0x06, 0x19,
    0x06, 0x19, 0x06, 0x19, 0x06, 0x19, 0x06, 0x19, 0x06, 0x19, 0x06, 0x19, 0x06, 0x19, 0x06, 0x19,
    0x06, 0x19, 0x06, 0x19, 0x06, 0x19, 0x06, 0x19, 0x06, 0x19, 0x06, 0x19, 0x06, 0x19, 0x06, 0x19,
    0x06, 0x19, 0x06, 0x19, 0x06, 0x19, 0x06, 0x19, 0x06, 0x19, 0x06, 0x19, 0x06, 0x19, 0x06, 0x19,
    0x06, 0x19, 0x06, 0x19, 0x06, 0x19, 0x06, 0x19, 0x06, 0x19, 0x06, 0x19, 0x06, 0x19, 0x06, 0x19,
    0x06, 0x19, 0x06, 0x19, 0x06, 0x19, 0x06, 0x19, 0x06, 0x19, 0x06, 0x19, 0x06, 0x19, 0x06, 0x19,
    0x06, 0x19, 0x06, 0x19, 0x06, 0x19, 0x06, 0x19, 0x06, 0x19, 0x06, 0x19, 0x06, 0x19, 0x06, 0x19,
    0x06, 0x19, 0x06, 0x19, 0x06, 0x19, 0x06, 0x19, 0x06, 0x19, 0x06, 0x19, 0x06, 0x19, 0x06, 0x19,
    0x06, 0x19, 0x06, 0x19, 0x06, 0x19, 0x06, 0x19, 0x06, 0x19, 0x06, 0x19, 0x05, 0x19, 0x82, 0x08,
    0x62, 0x08, 0x62, 0x08, 0x62, 0x08, 0x62, 0x08, 0x62, 0x08, 0x62, 0x08, 0x62, 0x08, 0x62, 0x08,
    0x62, 0x08, 0x62, 0x08, 0x62, 0x08, 0x62, 0x08, 0x62, 0x08, 0x62, 0x08, 0x62, 0x08, 0x62, 0x08,
    0x62, 0x08, 0x62, 0x08, 0x62, 0x08, 0x62, 0x08, 0x62, 0x08, 0x62, 0x08, 0x62, 0x08, 0x62, 0x08,
    0x62, 0x08, 0x62, 0x08, 0x62, 0x08, 0x62, 0x08, 0x62, 0x08, 0x62, 0x08, 0x62, 0x08, 0x62, 0x08,
    0x62, 0x08, 0x62, 0x08, 0x62, 0x08, 0x62, 0x08, 0x62, 0x08, 0x62, 0x08, 0x62, 0x08, 0x62, 0x08,
    0x83, 0x08, 0x06, 0x19, 0x06, 0x19, 0x06, 0x19, 0x06, 0x19, 0x06, 0x19, 0x06, 0x19, 0x06, 0x19,
    0x06, 0x19, 0x06, 0x19, 0x06, 0x19, 0x06, 0x19, 0x06, 0x19, 0x06, 0x19, 0x06, 0x19, 0x06, 0x19,
    0x06, 0x19, 0x06, 0x19, 0x06, 0x19, 0x06, 0x19, 0x06, 0x19, 0x06, 0x19, 0x06, 0x19, 0x06, 0x19,
    0x06, 0x19, 0x06, 0x19, 0x06, 0x19, 0x06, 0x19, 0x06, 0x19, 0x06, 0x19, 0x06, 0x19, 0x06, 0x19,
    0x06, 0x19, 0x06, 0x19, 0x06, 0x19, 0x06, 0x19, 0x06, 0x19, 0x06, 0x19, 0x06, 0x19, 0x06, 0x19,
    0x06, 0x19, 0x06, 0x19, 0x06, 0x19, 0x06, 0x19, 0x06, 0x19, 0x06, 0x19, 0x06, 0x19, 0x06, 0x19,
    0x06, 0x19, 0x06, 0x19, 0x06, 0x19, 0x06, 0x19, 0x06, 0x19, 0x06, 0x19, 0x06, 0x19, 0x06, 0x19,
    0x06, 0x19, 0x06, 0x19, 0x06, 0x19, 0x06, 0x19, 0x06, 0x19, 0x06, 0x19, 0x06, 0x19, 0x06, 0x19,
    0x06, 0x19, 0x06, 0x19, 0x06, 0x19, 0x06, 0x19, 0x06, 0x19, 0x06, 0x19, 0x06, 0x19, 0x06, 0x19,
    0x06, 0x19, 0x06, 0x19, 0x06, 0x19, 0x06, 0x19, 0x06, 0x19, 0x06, 0x19, 0x06, 0x19, 0x06, 0x19,
    0x06, 0x19, 0x06, 0x19, 0x06, 0x19, 0x06, 0x19, 0x06, 0x19, 0x06, 0x19, 0x06, 0x19, 0x06, 0x19,
    0x06, 0x19, 0x06, 0x19, 0x06, 0x19, 0x06, 0x19, 0x06, 0x19, 0x06, 0x19, 0x06, 0x19, 0x06, 0x19,
    0x06, 0x19, 0x06, 0x19, 0x06, 0x19, 0x06, 0x19, 0x06, 0x19, 0x06, 0x19, 0x06, 0x19, 0x06, 0x19,
    0x06, 0x19, 0x06, 0x19, 0x06, 0x19, 0x06, 0x19, 0x06, 0x19, 0x06, 0x19, 0x06, 0x19, 0x06, 0x19,
    0x06, 0x19, 0x06, 0x19, 0x06, 0x19, 0x06, 0x19, 0x06, 0x19, 0x06, 0x19, 0x06, 0x19, 0x06, 0x19,
    0x06, 0x19, 0x06, 0x19, 0x06, 0x19, 0x06, 0x19, 0x06, 0x19, 0x06, 0x19, 0x06, 0x19, 0x06, 0x19,
    0x06, 0x19, 0x06, 0x19, 0x06, 0x19, 0x06, 0x19, 0x06, 0x19, 0x06, 0x19, 0x06, 0x19, 0x06, 0x19,
    0x06, 0x19, 0x06, 0x19, 0x06, 0x19, 0x06, 0x19, 0x06, 0x19, 0x06, 0x19, 0x06, 0x19, 0x06, 0x19,
    0x06, 0x19, 0x06, 0x19, 0x06, 0x19, 0x06, 0x19, 0x06, 0x19, 0x06, 0x19, 0x06, 0x19, 0x06, 0x19,
    0x06, 0x19, 0x06, 0x19, 0x06, 0x19, 0x06, 0x19, 0x06, 0x19, 0x06, 0x19, 0x06, 0x19, 0x06, 0x19,
    0x06, 0x19, 0x06, 0x19, 0x06, 0x19, 0x06, 0x19, 0x06, 0x19, 0x06, 0x19, 0x06, 0x19, 0x06, 0x19,
    0x06, 0x19, 0x06, 0x19, 0x06, 0x19, 0x06, 0x19, 0x06, 0x19, 0x06, 0x19, 0x06, 0x19, 0x06, 0x19,
    0x06, 0x19, 0x06, 0x19, 0x06, 0x19, 0x06, 0x19, 0x06, 0x19, 0x06, 0x19, 0x06, 0x19, 0x06, 0x19,
    0x06, 0x19, 0x06, 0x19, 0x06, 0x19, 0x06, 0x19, 0x06, 0x19, 0x06, 0x19, 0x06, 0x19, 0x06, 0x19,
    0x06, 0x19, 0x06, 0x19, 0x06, 0x19, 0x06, 0x19, 0x06, 0x19, 0x06, 0x19, 0x06, 0x19, 0x06, 0x19,
    0x06, 0x19, 0x06, 0x19, 0x06, 0x19, 0x06, 0x19, 0x06, 0x19, 0x06, 0x19, 0x06, 0x19, 0x06, 0x19,
    0x06, 0x19, 0x06, 0x19, 0x06, 0x19, 0x06, 0x19, 0x06, 0x19, 0x06, 0x19, 0x06, 0x19, 0x06, 0x19,
    0x06, 0x19, 0x06, 0x19, 0x06, 0x19, 0x06, 0x19, 0x06, 0x19, 0x06, 0x19, 0x06, 0x19, 0x06, 0x19,
    0x06, 0x19, 0x06, 0x19, 0x06, 0x19, 0x06, 0x19, 0x06, 0x19, 0x06, 0x19, 0x06, 0x19, 0x06, 0x19,
    0x06, 0x19, 0x06, 0x19, 0x06, 0x19, 0x06, 0x19, 0x06, 0x19, 0x06, 0x19, 0x06, 0x19, 0x06, 0x19,
    0x06, 0x19, 0x06, 0x19, 0x06, 0x19, 0x06, 0x19, 0x06, 0x19, 0x06, 0x19, 0x06, 0x19, 0x06, 0x19,
    0x06, 0x19, 0x06, 0x19, 0x06, 0x19, 0x06, 0x19, 0x06, 0x19, 0x06, 0x19, 0x06, 0x19, 0x06, 0x19,
    0x06, 0x19, 0x06, 0x19, 0x06, 0x19, 0x06, 0x19, 0x06, 0x19, 0x06, 0x19, 0x06, 0x19, 0x06, 0x19,
    0x06, 0x19, 0x06, 0x19, 0x06, 0x19, 0x06, 0x19, 0x06, 0x19, 0x06, 0x19, 0x06, 0x19, 0x06, 0x19,
    0x06, 0x19, 0x06, 0x19, 0x06, 0x19, 0x06, 0x19, 0x06, 0x19, 0x06, 0x19, 0x06, 0x19, 0x06, 0x19,
    0x06, 0x19, 0x06, 0x19, 0x06, 0x19, 0x06, 0x19, 0x06, 0x19, 0x06, 0x19, 0x06, 0x19, 0x06, 0x19,
    0x06, 0x19, 0x06, 0x19, 0x06, 0x19, 0x06, 0x19, 0x06, 0x19, 0x06, 0x19, 0x06, 0x19, 0x06, 0x19,
    0x06, 0x19, 0x06, 0x19, 0x26, 0x19, 0xA4, 0x10, 0x62, 0x08, 0x62, 0x08, 0x62, 0x08, 0x62, 0x08,
    0x62, 0x08, 0x62, 0x08, 0x62, 0x08, 0x62, 0x08, 0x62, 0x08, 0x62, 0x08, 0x62, 0x08, 0x62, 0x08,
    0x62, 0x08, 0x62, 0x08, 0x62, 0x08, 0x62, 0x08, 0x62, 0x08, 0x62, 0x08, 0x62, 0x08, 0x62, 0x08,
    0x62, 0x08, 0x62, 0x08, 0x62, 0x08, 0x62, 0x08, 0x62, 0x08, 0x62, 0x08, 0x62, 0x08, 0x62, 0x08,
    0x62, 0x08, 0x62, 0x08, 0x62, 0x08, 0x62, 0x08, 0x62, 0x08, 0x62, 0x08, 0x62, 0x08, 0x62, 0x08,
    0x62, 0x08, 0x62, 0x08, 0x62, 0x08, 0x62, 0x08, 0xC4, 0x10, 0x26, 0x19, 0x06, 0x19, 0x06, 0x19,
    0x06, 0x19, 0x06, 0x19, 0x06, 0x19, 0x06, 0x19, 0x06, 0x19, 0x06, 0x19, 0x06, 0x19, 0x06, 0x19,
    0x06, 0x19, 0x06, 0x19, 0x06, 0x19, 0x06, 0x19, 0x06, 0x19, 0x06, 0x19, 0x06, 0x19, 0x06, 0x19,
    0x06, 0x19, 0x06, 0x19, 0x06, 0x19, 0x06, 0x19, 0x06, 0x19, 0x06, 0x19, 0x06, 0x19, 0x06, 0x19,
    0x06, 0x19, 0x06, 0x19, 0x06, 0x19, 0x06, 0x19, 0x06, 0x19, 0x06, 0x19, 0x06, 0x19, 0x06, 0x19,
    0x06, 0x19, 0x06, 0x19, 0x06, 0x19, 0x06, 0x19, 0x06, 0x19, 0x06, 0x19, 0x06, 0x19, 0x06, 0x19,
    0x06, 0x19, 0x06, 0x19, 0x06, 0x19, 0x06, 0x19, 0x06, 0x19, 0x06, 0x19, 0x06, 0x19, 0x06, 0x19,
    0x06, 0x19, 0x06, 0x19, 0x06, 0x19, 0x06, 0x19, 0x06, 0x19, 0x06, 0x19, 0x06, 0x19, 0x06, 0x19,
    0x06, 0x19, 0x06, 0x19, 0x06, 0x19, 0x06, 0x19, 0x06, 0x19, 0x06, 0x19, 0x06, 0x19, 0x06, 0x19,
    0x06, 0x19, 0x06, 0x19, 0x06, 0x19, 0x06, 0x19, 0x06, 0x19, 0x06, 0x19, 0x06, 0x19, 0x06, 0x19,
    0x06, 0x19, 0x06, 0x19, 0x06, 0x19, 0x06, 0x19, 0x06, 0x19, 0x06, 0x19, 0x06, 0x19, 0x06, 0x19,
    0x06, 0x19, 0x06, 0x19, 0x06, 0x19, 0x06, 0x19, 0x06, 0x19, 0x06, 0x19, 0x06, 0x19, 0x06, 0x19,
    0x06, 0x19, 0x06, 0x19, 0x06, 0x19, 0x06, 0x19, 0x06, 0x19, 0x06, 0x19, 0x06, 0x19, 0x06, 0x19,
    0x06, 0x19, 0x06, 0x19, 0x06, 0x19, 0x06, 0x19, 0x06, 0x19, 0x06, 0x19, 0x06, 0x19, 0x06, 0x19,
    0x06, 0x19, 0x06, 0x19, 0x06, 0x19, 0x06, 0x19, 0x06, 0x19, 0x06, 0x19, 0x06, 0x19, 0x06, 0x19,
    0x06, 0x19, 0x06, 0x19, 0x06, 0x19, 0x06, 0x19, 0x06, 0x19, 0x06, 0x19, 0x06, 0x19, 0x06, 0x19,
    0x06, 0x19, 0x06, 0x19, 0x06, 0x19, 0x06, 0x19, 0x06, 0x19, 0x06, 0x19, 0x06, 0x19, 0x06, 0x19,
    0x06, 0x19, 0x06, 0x19, 0x06, 0x19, 0x06, 0x19, 0x06, 0x19, 0x06, 0x19, 0x06, 0x19, 0x06, 0x19,
    0x06, 0x19, 0x06, 0x19, 0x06, 0x19, 0x06, 0x19, 0x06, 0x19, 0x06, 0x19, 0x06, 0x19, 0x06, 0x19,
    0x06, 0x19, 0x06, 0x19, 0x06, 0x19, 0x06, 0x19, 0x06, 0x19, 0x06, 0x19, 0x06, 0x19, 0x06, 0x19,
    0x06, 0x19, 0x06, 0x19, 0x06, 0x19, 0x06, 0x19, 0x06, 0x19, 0x06, 0x19, 0x06, 0x19, 0x06, 0x19,
    0x06, 0x19, 0x06, 0x19, 0x06, 0x19, 0x06, 0x19, 0x06, 0x19, 0x06, 0x19, 0x06, 0x19, 0x06, 0x19,
    0x06, 0x19, 0x06, 0x19, 0x06, 0x19, 0x06, 0x19, 0x06, 0x19, 0x06, 0x19, 0x06, 0x19, 0x06, 0x19,
    0x06, 0x19, 0x06, 0x19, 0x06, 0x19, 0x06, 0x19, 0x06, 0x19, 0x06, 0x19, 0x06, 0x19, 0x06, 0x19,
    0x06, 0x19, 0x06, 0x19, 0x06, 0x19, 0x06, 0x19, 0x06, 0x19, 0x06, 0x19, 0x06, 0x19, 0x06, 0x19,
    0x06, 0x19, 0x06, 0x19, 0x06, 0x19, 0x06, 0x19, 0x06, 0x19, 0x06, 0x19, 0x06, 0x19, 0x06, 0x19,
    0x06, 0x19, 0x06, 0x19, 0x06, 0x19, 0x06, 0x19, 0x06, 0x19, 0x06, 0x19, 0x06, 0x19, 0x06, 0x19,
    0x06, 0x19, 0x06, 0x19, 0x06, 0x19, 0x06, 0x19, 0x06, 0x19, 0x06, 0x19, 0x06, 0x19, 0x06, 0x19,
    0x06, 0x19, 0x06, 0x19, 0x06, 0x19, 0x06, 0x19, 0x06, 0x19, 0x06, 0x19, 0x06, 0x19, 0x06, 0x19,
    0x06, 0x19, 0x06, 0x19, 0x06, 0x19, 0x06, 0x19, 0x06, 0x19, 0x06, 0x19, 0x06, 0x19, 0x06, 0x19,
    0x06, 0x19, 0x06, 0x19, 0x06, 0x19, 0x06, 0x19, 0x06, 0x19, 0x06, 0x19, 0x06, 0x19, 0x06, 0x19,
    0x06, 0x19, 0x06, 0x19, 0x06, 0x19, 0x06, 0x19, 0x06, 0x19, 0x06, 0x19, 0x06, 0x19, 0x06, 0x19,
    0x06, 0x19, 0x06, 0x19, 0x06, 0x19, 0x06, 0x19, 0x06, 0x19, 0x06, 0x19, 0x06, 0x19, 0x06, 0x19,
    0x06, 0x19, 0x06, 0x19, 0x06, 0x19, 0x06, 0x19, 0x06, 0x19, 0x06, 0x19, 0x06, 0x19, 0x06, 0x19,
    0x06, 0x19, 0x06, 0x19, 0x06, 0x19, 0x06, 0x19, 0x06, 0x19, 0x06, 0x19, 0x06, 0x19, 0x06, 0x19,
    0x06, 0x19, 0x06, 0x19, 0x06, 0x19, 0x06, 0x19, 0x06, 0x19, 0x06, 0x19, 0x06, 0x19, 0x06, 0x19,
    0x06, 0x19, 0x06, 0x19, 0x06, 0x19, 0x06, 0x19, 0x06, 0x19, 0x06, 0x19, 0x06, 0x19, 0x06, 0x19,
    0x06, 0x19, 0x06, 0x19, 0x06, 0x19, 0x06, 0x19, 0x06, 0x19, 0x06, 0x19, 0x06, 0x19, 0xE5, 0x10,
    0x62, 0x08, 0x62, 0x08, 0x62, 0x08, 0x62, 0x08, 0x62, 0x08, 0x62, 0x08, 0x62, 0x08, 0x62, 0x08,
    0x62, 0x08, 0x62, 0x08, 0x62, 0x08, 0x62, 0x08, 0x62, 0x08, 0x62, 0x08, 0x62, 0x08, 0x62, 0x08,
    0x62, 0x08, 0x62, 0x08, 0x62, 0x08, 0x62, 0x08, 0x62, 0x08, 0x62, 0x08, 0x62, 0x08, 0x62, 0x08,
    0x62, 0x08, 0x62, 0x08, 0x62, 0x08, 0x62, 0x08, 0x62, 0x08, 0x62, 0x08, 0x62, 0x08, 0x62, 0x08,
    0x62, 0x08, 0x62, 0x08, 0x62, 0x08, 0x62, 0x08, 0x62, 0x08, 0x62, 0x08, 0x62, 0x08, 0x62, 0x08,
    0xE5, 0x10, 0x06, 0x19, 0x06, 0x19, 0x06, 0x19, 0x06, 0x19, 0x06, 0x19, 0x06, 0x19, 0x06, 0x19,
    0x06, 0x19, 0x06, 0x19, 0x06, 0x19, 0x06, 0x19, 0x06, 0x19, 0x06, 0x19, 0x06, 0x19, 0x06, 0x19,
    0x06, 0x19, 0x06, 0x19, 0x06, 0x19, 0x06, 0x19, 0x06, 0x19, 0x06, 0x19, 0x06, 0x19, 0x06, 0x19,
    0x06, 0x19, 0x06, 0x19, 0x06, 0x19, 0x06, 0x19, 0x06, 0x19, 0x06, 0x19, 0x06, 0x19, 0x06, 0x19,
    0x06, 0x19, 0x06, 0x19, 0x06, 0x19, 0x06, 0x19, 0x06, 0x19, 0x06, 0x19, 0x06, 0x19, 0x06, 0x19,
    0x06, 0x19, 0x06, 0x19, 0x06, 0x19, 0x06, 0x19, 0x06, 0x19, 0x06, 0x19, 0x06, 0x19, 0x06, 0x19,
    0x06, 0x19, 0x06, 0x19, 0x06, 0x19, 0x06, 0x19, 0x06, 0x19, 0x06, 0x19, 0x06, 0x19, 0x06, 0x19,
    0x06, 0x19, 0x06, 0x19, 0x06, 0x19, 0x06, 0x19, 0x06, 0x19, 0x06, 0x19, 0x06, 0x19, 0x06, 0x19,
    0x06, 0x19, 0x06, 0x19, 0x06, 0x19, 0x06, 0x19, 0x06, 0x19, 0x06, 0x19, 0x06, 0x19, 0x06, 0x19,
    0x06, 0x19, 0x06, 0x19, 0x06, 0x19, 0x06, 0x19, 0x06, 0x19, 0x06, 0x19, 0x06, 0x19, 0x06, 0x19,
    0x06, 0x19, 0x06, 0x19, 0x06, 0x19, 0x06, 0x19, 0x06, 0x19, 0x06, 0x19, 0x06, 0x19, 0x06, 0x19,
    0x06, 0x19, 0x06, 0x19, 0x06, 0x19, 0x06, 0x19, 0x06, 0x19, 0x06, 0x19, 0x06, 0x19, 0x06, 0x19,
    0x06, 0x19, 0x06, 0x19, 0x06, 0x19, 0x06, 0x19, 0x06, 0x19, 0x06, 0x19, 0x06, 0x19, 0x06, 0x19,
    0x06, 0x19, 0x06, 0x19, 0x06, 0x19, 0x06, 0x19, 0x06, 0x19, 0x06, 0x19, 0x06, 0x19, 0x06, 0x19,
    0x06, 0x19, 0x06, 0x19, 0x06, 0x19, 0x06, 0x19, 0x06, 0x19, 0x06, 0x19, 0x06, 0x19, 0x06, 0x19,
    0x06, 0x19, 0x06, 0x19, 0x06, 0x19, 0x06, 0x19, 0x06, 0x19, 0x06, 0x19, 0x06, 0x19, 0x06, 0x19,
    0x06, 0x19, 0x06, 0x19, 0x06, 0x19, 0x06, 0x19, 0x06, 0x19, 0x06, 0x19, 0x06, 0x19, 0x06, 0x19,
    0x06, 0x19, 0x06, 0x19, 0x06, 0x19, 0x06, 0x19, 0x06, 0x19, 0x06, 0x19, 0x06, 0x19, 0x06, 0x19,
    0x06, 0x19, 0x06, 0x19, 0x06, 0x19, 0x06, 0x19, 0x06, 0x19, 0x06, 0x19, 0x06, 0x19, 0x06, 0x19,
    0x06, 0x19, 0x06, 0x19, 0x06, 0x19, 0x06, 0x19, 0x06, 0x19, 0x06, 0x19, 0x06, 0x19, 0x06, 0x19,
    0x06, 0x19, 0x06, 0x19, 0x06, 0x19, 0x06, 0x19, 0x06, 0x19, 0x06, 0x19, 0x06, 0x19, 0x06, 0x19,
    0x06, 0x19, 0x06, 0x19, 0x06, 0x19, 0x06, 0x19, 0x06, 0x19, 0x06, 0x19, 0x06, 0x19, 0x06, 0x19,
    0x06, 0x19, 0x06, 0x19, 0x06, 0x19, 0x06, 0x19, 0x06, 0x19, 0x06, 0x19, 0x06, 0x19, 0x06, 0x19,
    0x06, 0x19, 0x06, 0x19, 0x06, 0x19, 0x06, 0x19, 0x06, 0x19, 0x06, 0x19, 0x06, 0x19, 0x06, 0x19,
    0x06, 0x19, 0x06, 0x19, 0x06, 0x19, 0x06, 0x19, 0x06, 0x19, 0x06, 0x19, 0x06, 0x19, 0x06, 0x19,
    0x06, 0x19, 0x06, 0x19, 0x06, 0x19, 0x06, 0x19, 0x06, 0x19, 0x06, 0x19, 0x06, 0x19, 0x06, 0x19,
    0x06, 0x19, 0x06, 0x19, 0x06, 0x19, 0x06, 0x19, 0x06, 0x19, 0x06, 0x19, 0x06, 0x19, 0x06, 0x19,
    0x06, 0x19, 0x06, 0x19, 0x06, 0x19, 0x06, 0x19, 0x06, 0x19, 0x06, 0x19, 0x06, 0x19, 0x06, 0x19,
    0x06, 0x19, 0x06, 0x19, 0x06, 0x19, 0x06, 0x19, 0x06, 0x19, 0x06, 0x19, 0x06, 0x19, 0x06, 0x19,
    0x06, 0x19, 0x06, 0x19, 0x06, 0x19, 0x06, 0x19, 0x06, 0x19, 0x06, 0x19, 0x06, 0x19, 0x06, 0x19,
    0x06, 0x19, 0x06, 0x19, 0x06, 0x19, 0x06, 0x19, 0x06, 0x19, 0x06, 0x19, 0x06, 0x19, 0x06, 0x19,
    0x06, 0x19, 0x06, 0x19, 0x06, 0x19, 0x06, 0x19, 0x06, 0x19, 0x06, 0x19, 0x06, 0x19, 0x06, 0x19,
    0x06, 0x19, 0x06, 0x19, 0x06, 0x19, 0x06, 0x19, 0x06, 0x19, 0x06, 0x19, 0x06, 0x19, 0x06, 0x19,
    0x06, 0x19, 0x06, 0x19, 0x06, 0x19, 0x06, 0x19, 0x06, 0x19, 0x06, 0x19, 0x06, 0x19, 0x06, 0x19,
    0x06, 0x19, 0x06, 0x19, 0x06, 0x19, 0x06, 0x19, 0x06, 0x19, 0x06, 0x19, 0x06, 0x19, 0x06, 0x19,
    0x06, 0x19, 0x06, 0x19, 0x06, 0x19, 0x06, 0x19, 0x06, 0x19, 0x06, 0x19, 0x06, 0x19, 0x06, 0x19,
    0x06, 0x19, 0x06, 0x19, 0x06, 0x19, 0x06, 0x19, 0x06, 0x19, 0x06, 0x19, 0x06, 0x19, 0x06, 0x19,
    0x06, 0x19, 0x06, 0x19, 0x06, 0x19, 0x05, 0x19, 0x62, 0x08, 0x62, 0x08, 0x62, 0x08, 0x62, 0x08,
    0x62, 0x08, 0x62, 0x08, 0x62, 0x08, 0x62, 0x08, 0x62, 0x08, 0x62, 0x08, 0x62, 0x08, 0x62, 0x08,
    0x62, 0x08, 0x62, 0x08, 0x62, 0x08, 0x62, 0x08, 0x62, 0x08, 0x62, 0x08, 0x62, 0x08, 0x62, 0x08,
    0x62, 0x08, 0x62, 0x08, 0x62, 0x08, 0x62, 0x08, 0x62, 0x08, 0x62, 0x08, 0x62, 0x08, 0x62, 0x08,
    0x62, 0x08, 0x62, 0x08, 0x62, 0x08, 0x62, 0x08, 0x62, 0x08, 0x62, 0x08, 0x62, 0x08, 0x62, 0x08,
    0x62, 0x08, 0x62, 0x08, 0x62, 0x08, 0x62, 0x08, 0x05, 0x19, 0x06, 0x19, 0x06, 0x19, 0x06, 0x19,
    0x06, 0x19, 0x06, 0x19, 0x06, 0x19, 0x06, 0x19, 0x06, 0x19, 0x06, 0x19, 0x06, 0x19, 0x06, 0x19,
    0x06, 0x19, 0x06, 0x19, 0x06, 0x19, 0x06, 0x19, 0x06, 0x19, 0x06, 0x19, 0x06, 0x19, 0x06, 0x19,
    0x06, 0x19, 0x06, 0x19, 0x06, 0x19, 0x06, 0x19, 0x06, 0x19, 0x06, 0x19, 0x06, 0x19, 0x06, 0x19,
    0x06, 0x19, 0x06, 0x19, 0x06, 0x19, 0x06, 0x19, 0x06, 0x19, 0x06, 0x19, 0x06, 0x19, 0x06, 0x19,
    0x06, 0x19, 0x06, 0x19, 0x06, 0x19, 0x06, 0x19, 0x06, 0x19, 0x06, 0x19, 0x06, 0x19, 0x06, 0x19,
    0x06, 0x19, 0x06, 0x19, 0x06, 0x19, 0x06, 0x19, 0x06, 0x19, 0x06, 0x19, 0x06, 0x19, 0x06, 0x19,
    0x06, 0x19, 0x06, 0x19, 0x06, 0x19, 0x06, 0x19, 0x06, 0x19, 0x06, 0x19, 0x06, 0x19, 0x06, 0x19,
    0x06, 0x19, 0x06, 0x19, 0x06, 0x19, 0x06, 0x19, 0x06, 0x19, 0x06, 0x19, 0x06, 0x19, 0x06, 0x19,
    0x06, 0x19, 0x06, 0x19, 0x06, 0x19, 0x06, 0x19, 0x06, 0x19, 0x06, 0x19, 0x06, 0x19, 0x06, 0x19,
    0x06, 0x19, 0x06, 0x19, 0x06, 0x19, 0x06, 0x19, 0x06, 0x19, 0x06, 0x19, 0x06, 0x19, 0x06, 0x19,
    0x06, 0x19, 0x06, 0x19, 0x06, 0x19, 0x06, 0x19, 0x06, 0x19, 0x06, 0x19, 0x06, 0x19, 0x06, 0x19,
    0x06, 0x19, 0x06, 0x19, 0x06, 0x19, 0x06, 0x19, 0x06, 0x19, 0x06, 0x19, 0x06, 0x19, 0x06, 0x19,
    0x06, 0x19, 0x06, 0x19, 0x06, 0x19, 0x06, 0x19, 0x06, 0x19, 0x06, 0x19, 0x06, 0x19, 0x06, 0x19,
    0x06, 0x19, 0x06, 0x19, 0x06, 0x19, 0x06, 0x19, 0x06, 0x19, 0x06, 0x19, 0x06, 0x19, 0x06, 0x19,
    0x06, 0x19, 0x06, 0x19, 0x06, 0x19, 0x06, 0x19, 0x06, 0x19, 0x06, 0x19, 0x06, 0x19, 0x06, 0x19,
    0x06, 0x19, 0x06, 0x19, 0x06, 0x19, 0x06, 0x19, 0x06, 0x19, 0x06, 0x19, 0x06, 0x19, 0x06, 0x19,
    0x06, 0x19, 0x06, 0x19, 0x06, 0x19, 0x06, 0x19, 0x06, 0x19, 0x06, 0x19, 0x06, 0x19, 0x06, 0x19,
    0x06, 0x19, 0x06, 0x19, 0x06, 0x19, 0x06, 0x19, 0x06, 0x19, 0x06, 0x19, 0x06, 0x19, 0x06, 0x19,
    0x06, 0x19, 0x06, 0x19, 0x06, 0x19, 0x06, 0x19, 0x06, 0x19, 0x06, 0x19, 0x06, 0x19, 0x06, 0x19,
    0x06, 0x19, 0x06, 0x19, 0x06, 0x19, 0x06, 0x19, 0x06, 0x19, 0x06, 0x19, 0x06, 0x19, 0x06, 0x19,
    0x06, 0x19, 0x06, 0x19, 0x06, 0x19, 0x06, 0x19, 0x06, 0x19, 0x06, 0x19, 0x06, 0x19, 0x06, 0x19,
    0x06, 0x19, 0x06, 0x19, 0x06, 0x19, 0x06, 0x19, 0x06, 0x19, 0x06, 0x19, 0x06, 0x19, 0x06, 0x19,
    0x06, 0x19, 0x06, 0x19, 0x06, 0x19, 0x06, 0x19, 0x06, 0x19, 0x06, 0x19, 0x06, 0x19, 0x06, 0x19,
    0x06, 0x19, 0x06, 0x19, 0x06, 0x19, 0x06, 0x19, 0x06, 0x19, 0x06, 0x19, 0x06, 0x19, 0x06, 0x19,
    0x06, 0x19, 0x06, 0x19, 0x06, 0x19, 0x06, 0x19, 0x06, 0x19, 0x06, 0x19, 0x06, 0x19, 0x06, 0x19,
    0x06, 0x19, 0x06, 0x19, 0x06, 0x19, 0x06, 0x19, 0x06, 0x19, 0x06, 0x19, 0x06, 0x19, 0x06, 0x19,
    0x06, 0x19, 0x06, 0x19, 0x06, 0x19, 0x06, 0x19, 0x06, 0x19, 0x06, 0x19, 0x06, 0x19, 0x06, 0x19,
    0x06, 0x19, 0x06, 0x19, 0x06, 0x19, 0x06, 0x19, 0x06, 0x19, 0x06, 0x19, 0x06, 0x19, 0x06, 0x19,
    0x06, 0x19, 0x06, 0x19, 0x06, 0x19, 0x06, 0x19, 0x06, 0x19, 0x06, 0x19, 0x06, 0x19, 0x06, 0x19,
    0x06, 0x19, 0x06, 0x19, 0x06, 0x19, 0x06, 0x19, 0x06, 0x19, 0x06, 0x19, 0x06, 0x19, 0x06, 0x19,
    0x06, 0x19, 0x06, 0x19, 0x06, 0x19, 0x06, 0x19, 0x06, 0x19, 0x06, 0x19, 0x06, 0x19, 0x06, 0x19,
    0x06, 0x19, 0x06, 0x19, 0x06, 0x19, 0x06, 0x19, 0x06, 0x19, 0x06, 0x19, 0x06, 0x19, 0x06, 0x19,
    0x06, 0x19, 0x06, 0x19, 0x06, 0x19, 0x06, 0x19, 0x06, 0x19, 0x06, 0x19, 0x06, 0x19, 0x06, 0x19,
    0x06, 0x19, 0x06, 0x19, 0x06, 0x19, 0x06, 0x19, 0x06, 0x19, 0x06, 0x19, 0x06, 0x19, 0x06, 0x19,
    0x06, 0x19, 0x06, 0x19, 0x06, 0x19, 0x06, 0x19, 0x06, 0x19, 0x06, 0x19, 0x06, 0x19, 0x06, 0x19,
    0x06, 0x19, 0x06, 0x19, 0x06, 0x19, 0x06, 0x19, 0x06, 0x19, 0x06, 0x19, 0x06, 0x19, 0x06, 0x19,
    0x06, 0x19, 0x06, 0x19, 0x06, 0x19, 0x06, 0x19, 0x06, 0x19, 0x06, 0x19, 0x06, 0x19, 0x06, 0x19,
    0x83, 0x08, 0x62, 0x08, 0x62, 0x08, 0x62, 0x08, 0x62, 0x08, 0x62, 0x08, 0x62, 0x08, 0x62, 0x08,
    0x62, 0x08, 0x62, 0x08, 0x62, 0x08, 0x62, 0x08, 0x62, 0x08, 0x62, 0x08, 0x62, 0x08, 0x62, 0x08,
    0x62, 0x08, 0x62, 0x08, 0x62, 0x08, 0x62, 0x08, 0x62, 0x08, 0x62, 0x08, 0x62, 0x08, 0x62, 0x08,
    0x62, 0x08, 0x62, 0x08, 0x62, 0x08, 0x62, 0x08, 0x62, 0x08, 0x62, 0x08, 0x62, 0x08, 0x62, 0x08,
    0x62, 0x08, 0x62, 0x08, 0x62, 0x08, 0x62, 0x08, 0x62, 0x08, 0x62, 0x08, 0x62, 0x08, 0x62, 0x08,
    0x05, 0x19, 0x06, 0x19, 0x06, 0x19, 0x06, 0x19, 0x06, 0x19, 0x06, 0x19, 0x06, 0x19, 0x06, 0x19,
    0x06, 0x19, 0x06, 0x19, 0x06, 0x19, 0x06, 0x19, 0x06, 0x19, 0x06, 0x19, 0x06, 0x19, 0x06, 0x19,
    0x06, 0x19, 0x06, 0x19, 0x06, 0x19, 0x06, 0x19, 0x06, 0x19, 0x06, 0x19, 0x06, 0x19, 0x06, 0x19,
    0x06, 0x19, 0x06, 0x19, 0x06, 0x19, 0x06, 0x19, 0x06, 0x19, 0x06, 0x19, 0x06, 0x19, 0x06, 0x19,
    0x06, 0x19, 0x06, 0x19, 0x06, 0x19, 0x06, 0x19, 0x06, 0x19, 0x06, 0x19, 0x06, 0x19, 0x06, 0x19,
    0x06, 0x19, 0x06, 0x19, 0x06, 0x19, 0x06, 0x19, 0x06, 0x19, 0x06, 0x19, 0x06, 0x19, 0x06, 0x19,
    0x06, 0x19, 0x06, 0x19, 0x06, 0x19, 0x06, 0x19, 0x06, 0x19, 0x06, 0x19, 0x06, 0x19, 0x06, 0x19,
    0x06, 0x19, 0x06, 0x19, 0x06, 0x19, 0x06, 0x19, 0x06, 0x19, 0x06, 0x19, 0x06, 0x19, 0x06, 0x19,
    0x06, 0x19, 0x06, 0x19, 0x06, 0x19, 0x06, 0x19, 0x06, 0x19, 0x06, 0x19, 0x06, 0x19, 0x06, 0x19,
    0x06, 0x19, 0x06, 0x19, 0x06, 0x19, 0x06, 0x19, 0x06, 0x19, 0x06, 0x19, 0x06, 0x19, 0x06, 0x19,
    0x06, 0x19, 0x06, 0x19, 0x06, 0x19, 0x06, 0x19, 0x06, 0x19, 0x06, 0x19, 0x06, 0x19, 0x06, 0x19,
    0x06, 0x19, 0x06, 0x19, 0x06, 0x19, 0x06, 0x19, 0x06, 0x19, 0x06, 0x19, 0x06, 0x19, 0x06, 0x19,
    0x06, 0x19, 0x06, 0x19, 0x06, 0x19, 0x06, 0x19, 0x06, 0x19, 0x06, 0x19, 0x06, 0x19, 0x06, 0x19,
    0x06, 0x19, 0x06, 0x19, 0x06, 0x19, 0x06, 0x19, 0x06, 0x19, 0x06, 0x19, 0x06, 0x19, 0x06, 0x19,
    0x06, 0x19, 0x06, 0x19, 0x06, 0x19, 0x06, 0x19, 0x06, 0x19, 0x06, 0x19, 0x06, 0x19, 0x06, 0x19,
    0x06, 0x19, 0x06, 0x19, 0x06, 0x19, 0x06, 0x19, 0x06, 0x19, 0x06, 0x19, 0x06, 0x19, 0x06, 0x19,
    0x06, 0x19, 0x06, 0x19, 0x06, 0x19, 0x06, 0x19, 0x06, 0x19, 0x06, 0x19, 0x06, 0x19, 0x06, 0x19,
    0x06, 0x19, 0x06, 0x19, 0x06, 0x19, 0x06, 0x19, 0x06, 0x19, 0x06, 0x19, 0x06, 0x19, 0x06, 0x19,
    0x06, 0x19, 0x06, 0x19, 0x06, 0x19, 0x06, 0x19, 0x06, 0x19, 0x06, 0x19, 0x06, 0x19, 0x06, 0x19,
    0x06, 0x19, 0x06, 0x19, 0x06, 0x19, 0x06, 0x19, 0x06, 0x19, 0x06, 0x19, 0x06, 0x19, 0x06, 0x19,
    0x06, 0x19, 0x06, 0x19, 0x06, 0x19, 0x06, 0x19, 0x06, 0x19, 0x06, 0x19, 0x06, 0x19, 0x06, 0x19,
    0x06, 0x19, 0x06, 0x19, 0x06, 0x19, 0x06, 0x19, 0x06, 0x19, 0x06, 0x19, 0x06, 0x19, 0x06, 0x19,
    0x06, 0x19, 0x06, 0x19, 0x06, 0x19, 0x06, 0x19, 0x06, 0x19, 0x06, 0x19, 0x06, 0x19, 0x06, 0x19,
    0x06, 0x19, 0x06, 0x19, 0x06, 0x19, 0x06, 0x19, 0x06, 0x19, 0x06, 0x19, 0x06, 0x19, 0x06, 0x19,
    0x06, 0x19, 0x06, 0x19, 0x06, 0x19, 0x06, 0x19, 0x06, 0x19, 0x06, 0x19, 0x06, 0x19, 0x06, 0x19,
    0x06, 0x19, 0x06, 0x19, 0x06, 0x19, 0x06, 0x19, 0x06, 0x19, 0x06, 0x19, 0x06, 0x19, 0x06, 0x19,
    0x06, 0x19, 0x06, 0x19, 0x06, 0x19, 0x06, 0x19, 0x06, 0x19, 0x06, 0x19, 0x06, 0x19, 0x06, 0x19,
    0x06, 0x19, 0x06, 0x19, 0x06, 0x19, 0x06, 0x19, 0x06, 0x19, 0x06, 0x19, 0x06, 0x19, 0x06, 0x19,
    0x06, 0x19, 0x06, 0x19, 0x06, 0x19, 0x06, 0x19, 0x06, 0x19, 0x06, 0x19, 0x06, 0x19, 0x06, 0x19,
    0x06, 0x19, 0x06, 0x19, 0x06, 0x19, 0x06, 0x19, 0x06, 0x19, 0x06, 0x19, 0x06, 0x19, 0x06, 0x19,
    0x06, 0x19, 0x06, 0x19, 0x06, 0x19, 0x06, 0x19, 0x06, 0x19, 0x06, 0x19, 0x06, 0x19, 0x06, 0x19,
    0x06, 0x19, 0x06, 0x19, 0x06, 0x19, 0x06, 0x19, 0x06, 0x19, 0x06, 0x19, 0x06, 0x19, 0x06, 0x19,
    0x06, 0x19, 0x06, 0x19, 0x06, 0x19, 0x06, 0x19, 0x06, 0x19, 0x06, 0x19, 0x06, 0x19, 0x06, 0x19,
    0x06, 0x19, 0x06, 0x19, 0x06, 0x19, 0x06, 0x19, 0x06, 0x19, 0x06, 0x19, 0x06, 0x19, 0x06, 0x19,
    0x06, 0x19, 0x06, 0x19, 0x06, 0x19, 0x06, 0x19, 0x06, 0x19, 0x06, 0x19, 0x06, 0x19, 0x06, 0x19,
    0x06, 0x19, 0x06, 0x19, 0x06, 0x19, 0x06, 0x19, 0x06, 0x19, 0x06, 0x19, 0x06, 0x19, 0x06, 0x19,
    0x06, 0x19, 0x06, 0x19, 0x06, 0x19, 0x06, 0x19, 0x06, 0x19, 0x06, 0x19, 0x06, 0x19, 0x06, 0x19,
    0x06, 0x19, 0x06, 0x19, 0x06, 0x19, 0x06, 0x19, 0x83, 0x08, 0x62, 0x08, 0x62, 0x08, 0x62, 0x08,
    0x62, 0x08, 0x62, 0x08, 0x62, 0x08, 0x62, 0x08, 0x62, 0x08, 0x62, 0x08, 0x62, 0x08, 0x62, 0x08,
    0x62, 0x08, 0x62, 0x08, 0x62, 0x08, 0x62, 0x08, 0x62, 0x08, 0x62, 0x08, 0x62, 0x08, 0x62, 0x08,
    0x62, 0x08, 0x62, 0x08, 0x62, 0x08, 0x62, 0x08, 0x62, 0x08, 0x62, 0x08, 0x62, 0x08, 0x62, 0x08,
    0x62, 0x08, 0x62, 0x08, 0x62, 0x08, 0x62, 0x08, 0x62, 0x08, 0x62, 0x08, 0x62, 0x08, 0x62, 0x08,
    0x62, 0x08, 0x62, 0x08, 0x62, 0x08, 0x62, 0x08, 0x05, 0x19, 0x06, 0x19, 0x06, 0x19, 0x06, 0x19,
    0x06, 0x19, 0x06, 0x19, 0x06, 0x19, 0x06, 0x19, 0x06, 0x19, 0x06, 0x19, 0x06, 0x19, 0x06, 0x19,
    0x06, 0x19, 0x06, 0x19, 0x06, 0x19, 0x06, 0x19, 0x06, 0x19, 0x06, 0x19, 0x06, 0x19, 0x06, 0x19,
    0x06, 0x19, 0x06, 0x19, 0x06, 0x19, 0x06, 0x19, 0x06, 0x19, 0x06, 0x19, 0x06, 0x19, 0x06, 0x19,
    0x06, 0x19, 0x06, 0x19, 0x06, 0x19, 0x06, 0x19, 0x06, 0x19, 0x06, 0x19, 0x06, 0x19, 0x06, 0x19,
    0x06, 0x19, 0x06, 0x19, 0x06, 0x19, 0x06, 0x19, 0x06, 0x19, 0x06, 0x19, 0x06, 0x19, 0x06, 0x19,
    0x06, 0x19, 0x06, 0x19, 0x06, 0x19, 0x06, 0x19, 0x06, 0x19, 0x06, 0x19, 0x06, 0x19, 0x06, 0x19,
    0x06, 0x19, 0x06, 0x19, 0x06, 0x19, 0x06, 0x19, 0x06, 0x19, 0x06, 0x19, 0x06, 0x19, 0x06, 0x19,
    0x06, 0x19, 0x06, 0x19, 0x06, 0x19, 0x06, 0x19, 0x06, 0x19, 0x06, 0x19, 0x06, 0x19, 0x06, 0x19,
    0x06, 0x19, 0x06, 0x19, 0x06, 0x19, 0x06, 0x19, 0x06, 0x19, 0x06, 0x19, 0x06, 0x19, 0x06, 0x19,
    0x06, 0x19, 0x06, 0x19, 0x06, 0x19, 0x06, 0x19, 0x06, 0x19, 0x06, 0x19, 0x06, 0x19, 0x06, 0x19,
    0x06, 0x19, 0x06, 0x19, 0x06, 0x19, 0x06, 0x19, 0x06, 0x19, 0x06, 0x19, 0x06, 0x19, 0x06, 0x19,
    0x06, 0x19, 0x06, 0x19, 0x06, 0x19, 0x06, 0x19, 0x06, 0x19, 0x06, 0x19, 0x06, 0x19, 0x06, 0x19,
    0x06, 0x19, 0x06, 0x19, 0x06, 0x19, 0x06, 0x19, 0x06, 0x19, 0x06, 0x19, 0x06, 0x19, 0x06, 0x19,
    0x06, 0x19, 0x06, 0x19, 0x06, 0x19, 0x06, 0x19, 0x06, 0x19, 0x06, 0x19, 0x06, 0x19, 0x06, 0x19,
    0x06, 0x19, 0x06, 0x19, 0x06, 0x19, 0x06, 0x19, 0x06, 0x19, 0x06, 0x19, 0x06, 0x19, 0x06, 0x19,
    0x06, 0x19, 0x06, 0x19, 0x06, 0x19, 0x06, 0x19, 0x06, 0x19, 0x06, 0x19, 0x06, 0x19, 0x06, 0x19,
    0x06, 0x19, 0x06, 0x19, 0x06, 0x19, 0x06, 0x19, 0x06, 0x19, 0x06, 0x19, 0x06, 0x19, 0x06, 0x19,
    0x06, 0x19, 0x06, 0x19, 0x06, 0x19, 0x06, 0x19, 0x06, 0x19, 0x06, 0x19, 0x06, 0x19, 0x06, 0x19,
    0x06, 0x19, 0x06, 0x19, 0x06, 0x19, 0x06, 0x19, 0x06, 0x19, 0x06, 0x19, 0x06, 0x19, 0x06, 0x19,
    0x06, 0x19, 0x06, 0x19, 0x06, 0x19, 0x06, 0x19, 0x06, 0x19, 0x06, 0x19, 0x06, 0x19, 0x06, 0x19,
    0x06, 0x19, 0x06, 0x19, 0x06, 0x19, 0x06, 0x19, 0x06, 0x19, 0x06, 0x19, 0x06, 0x19, 0x06, 0x19,
    0x06, 0x19, 0x06, 0x19, 0x06, 0x19, 0x06, 0x19, 0x06, 0x19, 0x06, 0x19, 0x06, 0x19, 0x06, 0x19,
    0x06, 0x19, 0x06, 0x19, 0x06, 0x19, 0x06, 0x19, 0x06, 0x19, 0x06, 0x19, 0x06, 0x19, 0x06, 0x19,
    0x06, 0x19, 0x06, 0x19, 0x06, 0x19, 0x06, 0x19, 0x06, 0x19, 0x06, 0x19, 0x06, 0x19, 0x06, 0x19,
    0x06, 0x19, 0x06, 0x19, 0x06, 0x19, 0x06, 0x19, 0x06, 0x19, 0x06, 0x19, 0x06, 0x19, 0x06, 0x19,
    0x06, 0x19, 0x06, 0x19, 0x06, 0x19, 0x06, 0x19, 0x06, 0x19, 0x06, 0x19, 0x06, 0x19, 0x06, 0x19,
    0x06, 0x19, 0x06, 0x19, 0x06, 0x19, 0x06, 0x19, 0x06, 0x19, 0x06, 0x19, 0x06, 0x19, 0x06, 0x19,
    0x06, 0x19, 0x06, 0x19, 0x06, 0x19, 0x06, 0x19, 0x06, 0x19, 0x06, 0x19, 0x06, 0x19, 0x06, 0x19,
    0x06, 0x19, 0x06, 0x19, 0x06, 0x19, 0x06, 0x19, 0x06, 0x19, 0x06, 0x19, 0x06, 0x19, 0x06, 0x19,
    0x06, 0x19, 0x06, 0x19, 0x06, 0x19, 0x06, 0x19, 0x06, 0x19, 0x06, 0x19, 0x06, 0x19, 0x06, 0x19,
    0x06, 0x19, 0x06, 0x19, 0x06, 0x19, 0x06, 0x19, 0x06, 0x19, 0x06, 0x19, 0x06, 0x19, 0x06, 0x19,
    0x06, 0x19, 0x06, 0x19, 0x06, 0x19, 0x06, 0x19, 0x06, 0x19, 0x06, 0x19, 0x06, 0x19, 0x06, 0x19,
    0x06, 0x19, 0x06, 0x19, 0x06, 0x19, 0x06, 0x19, 0x06, 0x19, 0x06, 0x19, 0x06, 0x19, 0x06, 0x19,
    0x06, 0x19, 0x06, 0x19, 0x06, 0x19, 0x06, 0x19, 0x06, 0x19, 0x06, 0x19, 0x06, 0x19, 0x06, 0x19,
    0x06, 0x19, 0x06, 0x19, 0x06, 0x19, 0x06, 0x19, 0x06, 0x19, 0x06, 0x19, 0x06, 0x19, 0x06, 0x19,
    0x06, 0x19, 0x06, 0x19, 0x06, 0x19, 0x06, 0x19, 0x06, 0x19, 0x06, 0x19, 0x06, 0x19, 0x06, 0x19,
    0x06, 0x19, 0x06, 0x19, 0x06, 0x19, 0x06, 0x19, 0x06, 0x19, 0x06, 0x19, 0x06, 0x19, 0x06, 0x19,
    0x83, 0x08, 0x62, 0x08, 0x62, 0x08, 0x62, 0x08, 0x62, 0x08, 0x62, 0x08, 0x62, 0x08, 0x62, 0x08,
    0x62, 0x08, 0x62, 0x08, 0x62, 0x08, 0x62, 0x08, 0x62, 0x08, 0x62, 0x08, 0x62, 0x08, 0x62, 0x08,
    0x62, 0x08, 0x62, 0x08, 0x62, 0x08, 0x62, 0x08, 0x62, 0x08, 0x62, 0x08, 0x62, 0x08, 0x62, 0x08,
    0x62, 0x08, 0x62, 0x08, 0x62, 0x08, 0x62, 0x08, 0x62, 0x08, 0x62, 0x08, 0x62, 0x08, 0x62, 0x08,
    0x62, 0x08, 0x62, 0x08, 0x62, 0x08, 0x62, 0x08, 0x62, 0x08, 0x62, 0x08, 0x62, 0x08, 0x62, 0x08,
    0x05, 0x19, 0x06, 0x19, 0x06, 0x19, 0x06, 0x19, 0x06, 0x19, 0x06, 0x19, 0x06, 0x19, 0x06, 0x19,
    0x06, 0x19, 0x06, 0x19, 0x06, 0x19, 0x06, 0x19, 0x06, 0x19, 0x06, 0x19, 0x06, 0x19, 0x06, 0x19,
    0x06, 0x19, 0x06, 0x19, 0x06, 0x19, 0x06, 0x19, 0x06, 0x19, 0x06, 0x19, 0x06, 0x19, 0x06, 0x19,
    0x06, 0x19, 0x06, 0x19, 0x06, 0x19, 0x06, 0x19, 0x06, 0x19, 0x06, 0x19, 0x06, 0x19, 0x06, 0x19,
    0x06, 0x19, 0x06, 0x19, 0x06, 0x19, 0x06, 0x19, 0x06, 0x19, 0x06, 0x19, 0x06, 0x19, 0x06, 0x19,
    0x06, 0x19, 0x06, 0x19, 0x06, 0x19, 0x06, 0x19, 0x06, 0x19, 0x06, 0x19, 0x06, 0x19, 0x06, 0x19,
    0x06, 0x19, 0x06, 0x19, 0x06, 0x19, 0x06, 0x19, 0x06, 0x19, 0x06, 0x19, 0x06, 0x19, 0x06, 0x19,
    0x06, 0x19, 0x06, 0x19, 0x06, 0x19, 0x06, 0x19, 0x06, 0x19, 0x06, 0x19, 0x06, 0x19, 0x06, 0x19,
    0x06, 0x19, 0x06, 0x19, 0x06, 0x19, 0x06, 0x19, 0x06, 0x19, 0x06, 0x19, 0x06, 0x19, 0x06, 0x19,
    0x06, 0x19, 0x06, 0x19, 0x06, 0x19, 0x06, 0x19, 0x06, 0x19, 0x06, 0x19, 0x06, 0x19, 0x06, 0x19,
    0x06, 0x19, 0x06, 0x19, 0x06, 0x19, 0x06, 0x19, 0x06, 0x19, 0x06, 0x19, 0x06, 0x19, 0x06, 0x19,
    0x06, 0x19, 0x06, 0x19, 0x06, 0x19, 0x06, 0x19, 0x06, 0x19, 0x06, 0x19, 0x06, 0x19, 0x06, 0x19,
    0x06, 0x19, 0x06, 0x19, 0x06, 0x19, 0x06, 0x19, 0x06, 0x19, 0x06, 0x19, 0x06, 0x19, 0x06, 0x19,
    0x06, 0x19, 0x06, 0x19, 0x06, 0x19, 0x06, 0x19, 0x06, 0x19, 0x06, 0x19, 0x06, 0x19, 0x06, 0x19,
    0x06, 0x19, 0x06, 0x19, 0x06, 0x19, 0x06, 0x19, 0x06, 0x19, 0x06, 0x19, 0x06, 0x19, 0x06, 0x19,
    0x06, 0x19, 0x06, 0x19, 0x06, 0x19, 0x06, 0x19, 0x06, 0x19, 0x06, 0x19, 0x06, 0x19, 0x06, 0x19,
    0x06, 0x19, 0x06, 0x19, 0x06, 0x19, 0x06, 0x19, 0x06, 0x19, 0x06, 0x19, 0x06, 0x19, 0x06, 0x19,
    0x06, 0x19, 0x06, 0x19, 0x06, 0x19, 0x06, 0x19, 0x06, 0x19, 0x06, 0x19, 0x06, 0x19, 0x06, 0x19,
    0x06, 0x19, 0x06, 0x19, 0x06, 0x19, 0x06, 0x19, 0x06, 0x19, 0x06, 0x19, 0x06, 0x19, 0x06, 0x19,
    0x06, 0x19, 0x06, 0x19, 0x06, 0x19, 0x06, 0x19, 0x06, 0x19, 0x06, 0x19, 0x06, 0x19, 0x06, 0x19,
    0x06, 0x19, 0x06, 0x19, 0x06, 0x19, 0x06, 0x19, 0x06, 0x19, 0x06, 0x19, 0x06, 0x19, 0x06, 0x19,
    0x06, 0x19, 0x06, 0x19, 0x06, 0x19, 0x06, 0x19, 0x06, 0x19, 0x06, 0x19, 0x06, 0x19, 0x06, 0x19,
    0x06, 0x19, 0x06, 0x19, 0x06, 0x19, 0x06, 0x19, 0x06, 0x19, 0x06, 0x19, 0x06, 0x19, 0x06, 0x19,
    0x06, 0x19, 0x06, 0x19, 0x06, 0x19, 0x06, 0x19, 0x06, 0x19, 0x06, 0x19, 0x06, 0x19, 0x06, 0x19,
    0x06, 0x19, 0x06, 0x19, 0x06, 0x19, 0x06, 0x19, 0x06, 0x19, 0x06, 0x19, 0x06, 0x19, 0x06, 0x19,
    0x06, 0x19, 0x06, 0x19, 0x06, 0x19, 0x06, 0x19, 0x06, 0x19, 0x06, 0x19, 0x06, 0x19, 0x06, 0x19,
    0x06, 0x19, 0x06, 0x19, 0x06, 0x19, 0x06, 0x19, 0x06, 0x19, 0x06, 0x19, 0x06, 0x19, 0x06, 0x19,
    0x06, 0x19, 0x06, 0x19, 0x06, 0x19, 0x06, 0x19, 0x06, 0x19, 0x06, 0x19, 0x06, 0x19, 0x06, 0x19,
    0x06, 0x19, 0x06, 0x19, 0x06, 0x19, 0x06, 0x19, 0x06, 0x19, 0x06, 0x19, 0x06, 0x19, 0x06, 0x19,
    0x06, 0x19, 0x06, 0x19, 0x06, 0x19, 0x06, 0x19, 0x06, 0x19, 0x06, 0x19, 0x06, 0x19, 0x06, 0x19,
    0x06, 0x19, 0x06, 0x19, 0x06, 0x19, 0x06, 0x19, 0x06, 0x19, 0x06, 0x19, 0x06, 0x19, 0x06, 0x19,
    0x06, 0x19, 0x06, 0x19, 0x06, 0x19, 0x06, 0x19, 0x06, 0x19, 0x06, 0x19, 0x06, 0x19, 0x06, 0x19,
    0x06, 0x19, 0x06, 0x19, 0x06, 0x19, 0x06, 0x19, 0x06, 0x19, 0x06, 0x19, 0x06, 0x19, 0x06, 0x19,
    0x06, 0x19, 0x06, 0x19, 0x06, 0x19, 0x06, 0x19, 0x06, 0x19, 0x06, 0x19, 0x06, 0x19, 0x06, 0x19,
    0x06, 0x19, 0x06, 0x19, 0x06, 0x19, 0x06, 0x19, 0x06, 0x19, 0x06, 0x19, 0x06, 0x19, 0x06, 0x19,
    0x06, 0x19, 0x06, 0x19, 0x06, 0x19, 0x06, 0x19, 0x06, 0x19, 0x06, 0x19, 0x06, 0x19, 0x06, 0x19,
    0x06, 0x19, 0x06, 0x19, 0x06, 0x19, 0x06, 0x19, 0x06, 0x19, 0x06, 0x19, 0x06, 0x19, 0x06, 0x19,
    0x06, 0x19, 0x06, 0x19, 0x06, 0x19, 0x06, 0x19, 0x83, 0x08, 0x62, 0x08, 0x62, 0x08, 0x62, 0x08,
    0x62, 0x08, 0x62, 0x08, 0x62, 0x08, 0x62, 0x08, 0x62, 0x08, 0x62, 0x08, 0x62, 0x08, 0x62, 0x08,
    0x62, 0x08, 0x62, 0x08, 0x62, 0x08, 0x62, 0x08, 0x62, 0x08, 0x62, 0x08, 0x62, 0x08, 0x62, 0x08,
    0x62, 0x08, 0x62, 0x08, 0x62, 0x08, 0x62, 0x08, 0x62, 0x08, 0x62, 0x08, 0x62, 0x08, 0x62, 0x08,
    0x62, 0x08, 0x62, 0x08, 0x62, 0x08, 0x62, 0x08, 0x62, 0x08, 0x62, 0x08, 0x62, 0x08, 0x62, 0x08,
    0x62, 0x08, 0x62, 0x08, 0x62, 0x08, 0x62, 0x08, 0xE5, 0x10, 0x06, 0x19, 0x06, 0x19, 0x06, 0x19,
    0x06, 0x19, 0x06, 0x19, 0x06, 0x19, 0x06, 0x19, 0x06, 0x19, 0x06, 0x19, 0x06, 0x19, 0x06, 0x19,
    0x06, 0x19, 0x06, 0x19, 0x06, 0x19, 0x06, 0x19, 0x06, 0x19, 0x06, 0x19, 0x06, 0x19, 0x06, 0x19,
    0x06, 0x19, 0x06, 0x19, 0x06, 0x19, 0x06, 0x19, 0x06, 0x19, 0x06, 0x19, 0x06, 0x19, 0x06, 0x19,
    0x06, 0x19, 0x06, 0x19, 0x06, 0x19, 0x06, 0x19, 0x06, 0x19, 0x06, 0x19, 0x06, 0x19, 0x06, 0x19,
    0x06, 0x19, 0x06, 0x19, 0x06, 0x19, 0x06, 0x19, 0x06, 0x19, 0x06, 0x19, 0x06, 0x19, 0x06, 0x19,
    0x06, 0x19, 0x06, 0x19, 0x06, 0x19, 0x06, 0x19, 0x06, 0x19, 0x06, 0x19, 0x06, 0x19, 0x06, 0x19,
    0x06, 0x19, 0x06, 0x19, 0x06, 0x19, 0x06, 0x19, 0x06, 0x19, 0x06, 0x19, 0x06, 0x19, 0x06, 0x19,
    0x06, 0x19, 0x06, 0x19, 0x06, 0x19, 0x06, 0x19, 0x06, 0x19, 0x06, 0x19, 0x06, 0x19, 0x06, 0x19,
    0x06, 0x19, 0x06, 0x19, 0x06, 0x19, 0x06, 0x19, 0x06, 0x19, 0x06, 0x19, 0x06, 0x19, 0x06, 0x19,
    0x06, 0x19, 0x06, 0x19, 0x06, 0x19, 0x06, 0x19, 0x06, 0x19, 0x06, 0x19, 0x06, 0x19, 0x06, 0x19,
    0x06, 0x19, 0x06, 0x19, 0x06, 0x19, 0x06, 0x19, 0x06, 0x19, 0x06, 0x19, 0x06, 0x19, 0x06, 0x19,
    0x06, 0x19, 0x06, 0x19, 0x06, 0x19, 0x06, 0x19, 0x06, 0x19, 0x06, 0x19, 0x06, 0x19, 0x06, 0x19,
    0x06, 0x19, 0x06, 0x19, 0x06, 0x19, 0x06, 0x19, 0x06, 0x19, 0x06, 0x19, 0x06, 0x19, 0x06, 0x19,
    0x06, 0x19, 0x06, 0x19, 0x06, 0x19, 0x06, 0x19, 0x06, 0x19, 0x06, 0x19, 0x06, 0x19, 0x06, 0x19,
    0x06, 0x19, 0x06, 0x19, 0x06, 0x19, 0x06, 0x19, 0x06, 0x19, 0x06, 0x19, 0x06, 0x19, 0x06, 0x19,
    0x06, 0x19, 0x06, 0x19, 0x06, 0x19, 0x06, 0x19, 0x06, 0x19, 0x06, 0x19, 0x06, 0x19, 0x06, 0x19,
    0x06, 0x19, 0x06, 0x19, 0x06, 0x19, 0x06, 0x19, 0x06, 0x19, 0x06, 0x19, 0x06, 0x19, 0x06, 0x19,
    0x06, 0x19, 0x06, 0x19, 0x06, 0x19, 0x06, 0x19, 0x06, 0x19, 0x06, 0x19, 0x06, 0x19, 0x06, 0x19,
    0x06, 0x19, 0x06, 0x19, 0x06, 0x19, 0x06, 0x19, 0x06, 0x19, 0x06, 0x19, 0x06, 0x19, 0x06, 0x19,
    0x06, 0x19, 0x06, 0x19, 0x06, 0x19, 0x06, 0x19, 0x06, 0x19, 0x06, 0x19, 0x06, 0x19, 0x06, 0x19,
    0x06, 0x19, 0x06, 0x19, 0x06, 0x19, 0x06, 0x19, 0x06, 0x19, 0x06, 0x19, 0x06, 0x19, 0x06, 0x19,
    0x06, 0x19, 0x06, 0x19, 0x06, 0x19, 0x06, 0x19, 0x06, 0x19, 0x06, 0x19, 0x06, 0x19, 0x06, 0x19,
    0x06, 0x19, 0x06, 0x19, 0x06, 0x19, 0x06, 0x19, 0x06, 0x19, 0x06, 0x19, 0x06, 0x19, 0x06, 0x19,
    0x06, 0x19, 0x06, 0x19, 0x06, 0x19, 0x06, 0x19, 0x06, 0x19, 0x06, 0x19, 0x06, 0x19, 0x06, 0x19,
    0x06, 0x19, 0x06, 0x19, 0x06, 0x19, 0x06, 0x19, 0x06, 0x19, 0x06, 0x19, 0x06, 0x19, 0x06, 0x19,
    0x06, 0x19, 0x06, 0x19, 0x06, 0x19, 0x06, 0x19, 0x06, 0x19, 0x06, 0x19, 0x06, 0x19, 0x06, 0x19,
    0x06, 0x19, 0x06, 0x19, 0x06, 0x19, 0x06, 0x19, 0x06, 0x19, 0x06, 0x19, 0x06, 0x19, 0x06, 0x19,
    0x06, 0x19, 0x06, 0x19, 0x06, 0x19, 0x06, 0x19, 0x06, 0x19, 0x06, 0x19, 0x06, 0x19, 0x06, 0x19,
    0x06, 0x19, 0x06, 0x19, 0x06, 0x19, 0x06, 0x19, 0x06, 0x19, 0x06, 0x19, 0x06, 0x19, 0x06, 0x19,
    0x06, 0x19, 0x06, 0x19, 0x06, 0x19, 0x06, 0x19, 0x06, 0x19, 0x06, 0x19, 0x06, 0x19, 0x06, 0x19,
    0x06, 0x19, 0x06, 0x19, 0x06, 0x19, 0x06, 0x19, 0x06, 0x19, 0x06, 0x19, 0x06, 0x19, 0x06, 0x19,
    0x06, 0x19, 0x06, 0x19, 0x06, 0x19, 0x06, 0x19, 0x06, 0x19, 0x06, 0x19, 0x06, 0x19, 0x06, 0x19,
    0x06, 0x19, 0x06, 0x19, 0x06, 0x19, 0x06, 0x19, 0x06, 0x19, 0x06, 0x19, 0x06, 0x19, 0x06, 0x19,
    0x06, 0x19, 0x06, 0x19, 0x06, 0x19, 0x06, 0x19, 0x06, 0x19, 0x06, 0x19, 0x06, 0x19, 0x06, 0x19,
    0x06, 0x19, 0x06, 0x19, 0x06, 0x19, 0x06, 0x19, 0x06, 0x19, 0x06, 0x19, 0x06, 0x19, 0x06, 0x19,
    0x06, 0x19, 0x06, 0x19, 0x06, 0x19, 0x06, 0x19, 0x06, 0x19, 0x06, 0x19, 0x06, 0x19, 0x06, 0x19,
    0x06, 0x19, 0x06, 0x19, 0x06, 0x19, 0x06, 0x19, 0x06, 0x19, 0x06, 0x19, 0x06, 0x19, 0x05, 0x19,
    0x62, 0x08, 0x62, 0x08, 0x62, 0x08, 0x62, 0x08, 0x62, 0x08, 0x62, 0x08, 0x62, 0x08, 0x62, 0x08,
    0x62, 0x08, 0x62, 0x08, 0x62, 0x08, 0x62, 0x08, 0x62, 0x08, 0x62, 0x08, 0x62, 0x08, 0x62, 0x08,
    0x62, 0x08, 0x62, 0x08, 0x62, 0x08, 0x62, 0x08, 0x62, 0x08, 0x62, 0x08, 0x62, 0x08, 0x62, 0x08,
    0x62, 0x08, 0x62, 0x08, 0x62, 0x08, 0x62, 0x08, 0x62, 0x08, 0x62, 0x08, 0x62, 0x08, 0x62, 0x08,
    0x62, 0x08, 0x62, 0x08, 0x62, 0x08, 0x62, 0x08, 0x62, 0x08, 0x62, 0x08, 0x62, 0x08, 0x62, 0x08,
    0xC4, 0x10, 0x26, 0x19, 0x06, 0x19, 0x06, 0x19, 0x06, 0x19, 0x06, 0x19, 0x06, 0x19, 0x06, 0x19,
    0x06, 0x19, 0x06, 0x19, 0x06, 0x19, 0x06, 0x19, 0x06, 0x19, 0x06, 0x19, 0x06, 0x19, 0x06, 0x19,
    0x06, 0x19, 0x06, 0x19, 0x06, 0x19, 0x06, 0x19, 0x06, 0x19, 0x06, 0x19, 0x06, 0x19, 0x06, 0x19,
    0x06, 0x19, 0x06, 0x19, 0x06, 0x19, 0x06, 0x19, 0x06, 0x19, 0x06, 0x19, 0x06, 0x19, 0x06, 0x19,
    0x06, 0x19, 0x06, 0x19, 0x06, 0x19, 0x06, 0x19, 0x06, 0x19, 0x06, 0x19, 0x06, 0x19, 0x06, 0x19,
    0x06, 0x19, 0x06, 0x19, 0x06, 0x19, 0x06, 0x19, 0x06, 0x19, 0x06, 0x19, 0x06, 0x19, 0x06, 0x19,
    0x06, 0x19, 0x06, 0x19, 0x06, 0x19, 0x06, 0x19, 0x06, 0x19, 0x06, 0x19, 0x06, 0x19, 0x06, 0x19,
    0x06, 0x19, 0x06, 0x19, 0x06, 0x19, 0x06, 0x19, 0x06, 0x19, 0x06, 0x19, 0x06, 0x19, 0x06, 0x19,
    0x06, 0x19, 0x06, 0x19, 0x06, 0x19, 0x06, 0x19, 0x06, 0x19, 0x06, 0x19, 0x06, 0x19, 0x06, 0x19,
    0x06, 0x19, 0x06, 0x19, 0x06, 0x19, 0x06, 0x19, 0x06, 0x19, 0x06, 0x19, 0x06, 0x19, 0x06, 0x19,
    0x06, 0x19, 0x06, 0x19, 0x06, 0x19, 0x06, 0x19, 0x06, 0x19, 0x06, 0x19, 0x06, 0x19, 0x06, 0x19,
    0x06, 0x19, 0x06, 0x19, 0x06, 0x19, 0x06, 0x19, 0x06, 0x19, 0x06, 0x19, 0x06, 0x19, 0x06, 0x19,
    0x06, 0x19, 0x06, 0x19, 0x06, 0x19, 0x06, 0x19, 0x06, 0x19, 0x06, 0x19, 0x06, 0x19, 0x06, 0x19,
    0x06, 0x19, 0x06, 0x19, 0x06, 0x19, 0x06, 0x19, 0x06, 0x19, 0x06, 0x19, 0x06, 0x19, 0x06, 0x19,
    0x06, 0x19, 0x06, 0x19, 0x06, 0x19, 0x06, 0x19, 0x06, 0x19, 0x06, 0x19, 0x06, 0x19, 0x06, 0x19,
    0x06, 0x19, 0x06, 0x19, 0x06, 0x19, 0x06, 0x19, 0x06, 0x19, 0x06, 0x19, 0x06, 0x19, 0x06, 0x19,
    0x06, 0x19, 0x06, 0x19, 0x06, 0x19, 0x06, 0x19, 0x06, 0x19, 0x06, 0x19, 0x06, 0x19, 0x06, 0x19,
    0x06, 0x19, 0x06, 0x19, 0x06, 0x19, 0x06, 0x19, 0x06, 0x19, 0x06, 0x19, 0x06, 0x19, 0x06, 0x19,
    0x06, 0x19, 0x06, 0x19, 0x06, 0x19, 0x06, 0x19, 0x06, 0x19, 0x06, 0x19, 0x06, 0x19, 0x06, 0x19,
    0x06, 0x19, 0x06, 0x19, 0x06, 0x19, 0x06, 0x19, 0x06, 0x19, 0x06, 0x19, 0x06, 0x19, 0x06, 0x19,
    0x06, 0x19, 0x06, 0x19, 0x06, 0x19, 0x06, 0x19, 0x06, 0x19, 0x06, 0x19, 0x06, 0x19, 0x06, 0x19,
    0x06, 0x19, 0x06, 0x19, 0x06, 0x19, 0x06, 0x19, 0x06, 0x19, 0x06, 0x19, 0x06, 0x19, 0x06, 0x19,
    0x06, 0x19, 0x06, 0x19, 0x06, 0x19, 0x06, 0x19, 0x06, 0x19, 0x06, 0x19, 0x06, 0x19, 0x06, 0x19,
    0x06, 0x19, 0x06, 0x19, 0x06, 0x19, 0x06, 0x19, 0x06, 0x19, 0x06, 0x19, 0x06, 0x19, 0x06, 0x19,
    0x06, 0x19, 0x06, 0x19, 0x06, 0x19, 0x06, 0x19, 0x06, 0x19, 0x06, 0x19, 0x06, 0x19, 0x06, 0x19,
    0x06, 0x19, 0x06, 0x19, 0x06, 0x19, 0x06, 0x19, 0x06, 0x19, 0x06, 0x19, 0x06, 0x19, 0x06, 0x19,
    0x06, 0x19, 0x06, 0x19, 0x06, 0x19, 0x06, 0x19, 0x06, 0x19, 0x06, 0x19, 0x06, 0x19, 0x06, 0x19,
    0x06, 0x19, 0x06, 0x19, 0x06, 0x19, 0x06, 0x19, 0x06, 0x19, 0x06, 0x19, 0x06, 0x19, 0x06, 0x19,
    0x06, 0x19, 0x06, 0x19, 0x06, 0x19, 0x06, 0x19, 0x06, 0x19, 0x06, 0x19, 0x06, 0x19, 0x06, 0x19,
    0x06, 0x19, 0x06, 0x19, 0x06, 0x19, 0x06, 0x19, 0x06, 0x19, 0x06, 0x19, 0x06, 0x19, 0x06, 0x19,
    0x06, 0x19, 0x06, 0x19, 0x06, 0x19, 0x06, 0x19, 0x06, 0x19, 0x06, 0x19, 0x06, 0x19, 0x06, 0x19,
    0x06, 0x19, 0x06, 0x19, 0x06, 0x19, 0x06, 0x19, 0x06, 0x19, 0x06, 0x19, 0x06, 0x19, 0x06, 0x19,
    0x06, 0x19, 0x06, 0x19, 0x06, 0x19, 0x06, 0x19, 0x06, 0x19, 0x06, 0x19, 0x06, 0x19, 0x06, 0x19,
    0x06, 0x19, 0x06, 0x19, 0x06, 0x19, 0x06, 0x19, 0x06, 0x19, 0x06, 0x19, 0x06, 0x19, 0x06, 0x19,
    0x06, 0x19, 0x06, 0x19, 0x06, 0x19, 0x06, 0x19, 0x06, 0x19, 0x06, 0x19, 0x06, 0x19, 0x06, 0x19,
    0x06, 0x19, 0x06, 0x19, 0x06, 0x19, 0x06, 0x19, 0x06, 0x19, 0x06, 0x19, 0x06, 0x19, 0x06, 0x19,
    0x06, 0x19, 0x06, 0x19, 0x06, 0x19, 0x06, 0x19, 0x06, 0x19, 0x06, 0x19, 0x06, 0x19, 0x06, 0x19,
    0x06, 0x19, 0x06, 0x19, 0x06, 0x19, 0xE5, 0x10, 0x62, 0x08, 0x62, 0x08, 0x62, 0x08, 0x62, 0x08,
    0x62, 0x08, 0x62, 0x08, 0x62, 0x08, 0x62, 0x08, 0x62, 0x08, 0x62, 0x08, 0x62, 0x08, 0x62, 0x08,
    0x62, 0x08, 0x62, 0x08, 0x62, 0x08, 0x62, 0x08, 0x62, 0x08, 0x62, 0x08, 0x62, 0x08, 0x62, 0x08,
    0x62, 0x08, 0x62, 0x08, 0x62, 0x08, 0x62, 0x08, 0x62, 0x08, 0x62, 0x08, 0x62, 0x08, 0x62, 0x08,
    0x62, 0x08, 0x62, 0x08, 0x62, 0x08, 0x62, 0x08, 0x62, 0x08, 0x62, 0x08, 0x62, 0x08, 0x62, 0x08,
    0x62, 0x08, 0x62, 0x08, 0x62, 0x08, 0x62, 0x08, 0xA3, 0x08, 0x06, 0x19, 0x06, 0x19, 0x06, 0x19,
    0x06, 0x19, 0x06, 0x19, 0x06, 0x19, 0x06, 0x19, 0x06, 0x19, 0x06, 0x19, 0x06, 0x19, 0x06, 0x19,
    0x06, 0x19, 0x06, 0x19, 0x06, 0x19, 0x06, 0x19, 0x06, 0x19, 0x06, 0x19, 0x06, 0x19, 0x06, 0x19,
    0x06, 0x19, 0x06, 0x19, 0x06, 0x19, 0x06, 0x19, 0x06, 0x19, 0x06, 0x19, 0x06, 0x19, 0x06, 0x19,
    0x06, 0x19, 0x06, 0x19, 0x06, 0x19, 0x06, 0x19, 0x06, 0x19, 0x06, 0x19, 0x06, 0x19, 0x06, 0x19,
    0x06, 0x19, 0x06, 0x19, 0x06, 0x19, 0x06, 0x19, 0x06, 0x19, 0x06, 0x19, 0x06, 0x19, 0x06, 0x19,
    0x06, 0x19, 0x06, 0x19, 0x06, 0x19, 0x06, 0x19, 0x06, 0x19, 0x06, 0x19, 0x06, 0x19, 0x06, 0x19,
    0x06, 0x19, 0x06, 0x19, 0x06, 0x19, 0x06, 0x19, 0x06, 0x19, 0x06, 0x19, 0x06, 0x19, 0x06, 0x19,
    0x06, 0x19, 0x06, 0x19, 0x06, 0x19, 0x06, 0x19, 0x06, 0x19, 0x06, 0x19, 0x06, 0x19, 0x06, 0x19,
    0x06, 0x19, 0x06, 0x19, 0x06, 0x19, 0x06, 0x19, 0x06, 0x19, 0x06, 0x19, 0x06, 0x19, 0x06, 0x19,
    0x06, 0x19, 0x06, 0x19, 0x06, 0x19, 0x06, 0x19, 0x06, 0x19, 0x06, 0x19, 0x06, 0x19, 0x06, 0x19,
    0x06, 0x19, 0x06, 0x19, 0x06, 0x19, 0x06, 0x19, 0x06, 0x19, 0x06, 0x19, 0x06, 0x19, 0x06, 0x19,
    0x06, 0x19, 0x06, 0x19, 0x06, 0x19, 0x06, 0x19, 0x06, 0x19, 0x06, 0x19, 0x06, 0x19, 0x06, 0x19,
    0x06, 0x19, 0x06, 0x19, 0x06, 0x19, 0x06, 0x19, 0x06, 0x19, 0x06, 0x19, 0x06, 0x19, 0x06, 0x19,
    0x06, 0x19, 0x06, 0x19, 0x06, 0x19, 0x06, 0x19, 0x06, 0x19, 0x06, 0x19, 0x06, 0x19, 0x06, 0x19,
    0x06, 0x19, 0x06, 0x19, 0x06, 0x19, 0x06, 0x19, 0x06, 0x19, 0x06, 0x19, 0x06, 0x19, 0x06, 0x19,
    0x06, 0x19, 0x06, 0x19, 0x06, 0x19, 0x06, 0x19, 0x06, 0x19, 0x06, 0x19, 0x06, 0x19, 0x06, 0x19,
    0x06, 0x19, 0x06, 0x19, 0x06, 0x19, 0x06, 0x19, 0x06, 0x19, 0x06, 0x19, 0x06, 0x19, 0x06, 0x19,
    0x06, 0x19, 0x06, 0x19, 0x06, 0x19, 0x06, 0x19, 0x06, 0x19, 0x06, 0x19, 0x06, 0x19, 0x06, 0x19,
    0x06, 0x19, 0x06, 0x19, 0x06, 0x19, 0x06, 0x19, 0x06, 0x19, 0x06, 0x19, 0x06, 0x19, 0x06, 0x19,
    0x06, 0x19, 0x06, 0x19, 0x06, 0x19, 0x06, 0x19, 0x06, 0x19, 0x06, 0x19, 0x06, 0x19, 0x06, 0x19,
    0x06, 0x19, 0x06, 0x19, 0x06, 0x19, 0x06, 0x19, 0x06, 0x19, 0x06, 0x19, 0x06, 0x19, 0x06, 0x19,
    0x06, 0x19, 0x06, 0x19, 0x06, 0x19, 0x06, 0x19, 0x06, 0x19, 0x06, 0x19, 0x06, 0x19, 0x06, 0x19,
    0x06, 0x19, 0x06, 0x19, 0x06, 0x19, 0x06, 0x19, 0x06, 0x19, 0x06, 0x19, 0x06, 0x19, 0x06, 0x19,
    0x06, 0x19, 0x06, 0x19, 0x06, 0x19, 0x06, 0x19, 0x06, 0x19, 0x06, 0x19, 0x06, 0x19, 0x06, 0x19,
    0x06, 0x19, 0x06, 0x19, 0x06, 0x19, 0x06, 0x19, 0x06, 0x19, 0x06, 0x19, 0x06, 0x19, 0x06, 0x19,
    0x06, 0x19, 0x06, 0x19, 0x06, 0x19, 0x06, 0x19, 0x06, 0x19, 0x06, 0x19, 0x06, 0x19, 0x06, 0x19,
    0x06, 0x19, 0x06, 0x19, 0x06, 0x19, 0x06, 0x19, 0x06, 0x19, 0x06, 0x19, 0x06, 0x19, 0x06, 0x19,
    0x06, 0x19, 0x06, 0x19, 0x06, 0x19, 0x06, 0x19, 0x06, 0x19, 0x06, 0x19, 0x06, 0x19, 0x06, 0x19,
    0x06, 0x19, 0x06, 0x19, 0x06, 0x19, 0x06, 0x19, 0x06, 0x19, 0x06, 0x19, 0x06, 0x19, 0x06, 0x19,
    0x06, 0x19, 0x06, 0x19, 0x06, 0x19, 0x06, 0x19, 0x06, 0x19, 0x06, 0x19, 0x06, 0x19, 0x06, 0x19,
    0x06, 0x19, 0x06, 0x19, 0x06, 0x19, 0x06, 0x19, 0x06, 0x19, 0x06, 0x19, 0x06, 0x19, 0x06, 0x19,
    0x06, 0x19, 0x06, 0x19, 0x06, 0x19, 0x06, 0x19, 0x06, 0x19, 0x06, 0x19, 0x06, 0x19, 0x06, 0x19,
    0x06, 0x19, 0x06, 0x19, 0x06, 0x19, 0x06, 0x19, 0x06, 0x19, 0x06, 0x19, 0x06, 0x19, 0x06, 0x19,
    0x06, 0x19, 0x06, 0x19, 0x06, 0x19, 0x06, 0x19, 0x06, 0x19, 0x06, 0x19, 0x06, 0x19, 0x06, 0x19,
    0x06, 0x19, 0x06, 0x19, 0x06, 0x19, 0x06, 0x19, 0x06, 0x19, 0x06, 0x19, 0x06, 0x19, 0x06, 0x19,
    0x06, 0x19, 0x06, 0x19, 0x06, 0x19, 0x06, 0x19, 0x06, 0x19, 0x06, 0x19, 0x06, 0x19, 0x06, 0x19,
    0x06, 0x19, 0x06, 0x19, 0x06, 0x19, 0x06, 0x19, 0x06, 0x19, 0x06, 0x19, 0x26, 0x19, 0xC4, 0x10,
    0x62, 0x08, 0x62, 0x08, 0x62, 0x08, 0x62, 0x08, 0x62, 0x08, 0x62, 0x08, 0x62, 0x08, 0x62, 0x08,
    0x62, 0x08, 0x62, 0x08, 0x62, 0x08, 0x62, 0x08, 0x62, 0x08, 0x62, 0x08, 0x62, 0x08, 0x62, 0x08,
    0x62, 0x08, 0x62, 0x08, 0x62, 0x08, 0x62, 0x08, 0x62, 0x08, 0x62, 0x08, 0x62, 0x08, 0x62, 0x08,
    0x62, 0x08, 0x62, 0x08, 0x62, 0x08, 0x62, 0x08, 0x62, 0x08, 0x62, 0x08, 0x62, 0x08, 0x62, 0x08,
    0x62, 0x08, 0x62, 0x08, 0x62, 0x08, 0x62, 0x08, 0x62, 0x08, 0x62, 0x08, 0x62, 0x08, 0x62, 0x08,
    0x62, 0x08, 0x05, 0x19, 0x06, 0x19, 0x06, 0x19, 0x06, 0x19, 0x06, 0x19, 0x06, 0x19, 0x06, 0x19,
    0x06, 0x19, 0x06, 0x19, 0x06, 0x19, 0x06, 0x19, 0x06, 0x19, 0x06, 0x19, 0x06, 0x19, 0x06, 0x19,
    0x06, 0x19, 0x06, 0x19, 0x06, 0x19, 0x06, 0x19, 0x06, 0x19, 0x06, 0x19, 0x06, 0x19, 0x06, 0x19,
    0x06, 0x19, 0x06, 0x19, 0x06, 0x19, 0x06, 0x19, 0x06, 0x19, 0x06, 0x19, 0x06, 0x19, 0x06, 0x19,
    0x06, 0x19, 0x06, 0x19, 0x06, 0x19, 0x06, 0x19, 0x06, 0x19, 0x06, 0x19, 0x06, 0x19, 0x06, 0x19,
    0x06, 0x19, 0x06, 0x19, 0x06, 0x19, 0x06, 0x19, 0x06, 0x19, 0x06, 0x19, 0x06, 0x19, 0x06, 0x19,
    0x06, 0x19, 0x06, 0x19, 0x06, 0x19, 0x06, 0x19, 0x06, 0x19, 0x06, 0x19, 0x06, 0x19, 0x06, 0x19,
    0x06, 0x19, 0x06, 0x19, 0x06, 0x19, 0x06, 0x19, 0x06, 0x19, 0x06, 0x19, 0x06, 0x19, 0x06, 0x19,
    0x06, 0x19, 0x06, 0x19, 0x06, 0x19, 0x06, 0x19, 0x06, 0x19, 0x06, 0x19, 0x06, 0x19, 0x06, 0x19,
    0x06, 0x19, 0x06, 0x19, 0x06, 0x19, 0x06, 0x19, 0x06, 0x19, 0x06, 0x19, 0x06, 0x19, 0x06, 0x19,
    0x06, 0x19, 0x06, 0x19, 0x06, 0x19, 0x06, 0x19, 0x06, 0x19, 0x06, 0x19, 0x06, 0x19, 0x06, 0x19,
    0x06, 0x19, 0x06, 0x19, 0x06, 0x19, 0x06, 0x19, 0x06, 0x19, 0x06, 0x19, 0x06, 0x19, 0x06, 0x19,
    0x06, 0x19, 0x06, 0x19, 0x06, 0x19, 0x06, 0x19, 0x06, 0x19, 0x06, 0x19, 0x06, 0x19, 0x06, 0x19,
    0x06, 0x19, 0x06, 0x19, 0x06, 0x19, 0x06, 0x19, 0x06, 0x19, 0x06, 0x19, 0x06, 0x19, 0x06, 0x19,
    0x06, 0x19, 0x06, 0x19, 0x06, 0x19, 0x06, 0x19, 0x06, 0x19, 0x06, 0x19, 0x06, 0x19, 0x06, 0x19,
    0x06, 0x19, 0x06, 0x19, 0x06, 0x19, 0x06, 0x19, 0x06, 0x19, 0x06, 0x19, 0x06, 0x19, 0x06, 0x19,
    0x06, 0x19, 0x06, 0x19, 0x06, 0x19, 0x06, 0x19, 0x06, 0x19, 0x06, 0x19, 0x06, 0x19, 0x06, 0x19,
    0x06, 0x19, 0x06, 0x19, 0x06, 0x19, 0x06, 0x19, 0x06, 0x19, 0x06, 0x19, 0x06, 0x19, 0x06, 0x19,
    0x06, 0x19, 0x06, 0x19, 0x06, 0x19, 0x06, 0x19, 0x06, 0x19, 0x06, 0x19, 0x06, 0x19, 0x06, 0x19,
    0x06, 0x19, 0x06, 0x19, 0x06, 0x19, 0x06, 0x19, 0x06, 0x19, 0x06, 0x19, 0x06, 0x19, 0x06, 0x19,
    0x06, 0x19, 0x06, 0x19, 0x06, 0x19, 0x06, 0x19, 0x06, 0x19, 0x06, 0x19, 0x06, 0x19, 0x06, 0x19,
    0x06, 0x19, 0x06, 0x19, 0x06, 0x19, 0x06, 0x19, 0x06, 0x19, 0x06, 0x19, 0x06, 0x19, 0x06, 0x19,
    0x06, 0x19, 0x06, 0x19, 0x06, 0x19, 0x06, 0x19, 0x06, 0x19, 0x06, 0x19, 0x06, 0x19, 0x06, 0x19,
    0x06, 0x19, 0x06, 0x19, 0x06, 0x19, 0x06, 0x19, 0x06, 0x19, 0x06, 0x19, 0x06, 0x19, 0x06, 0x19,
    0x06, 0x19, 0x06, 0x19, 0x06, 0x19, 0x06, 0x19, 0x06, 0x19, 0x06, 0x19, 0x06, 0x19, 0x06, 0x19,
    0x06, 0x19, 0x06, 0x19, 0x06, 0x19, 0x06, 0x19, 0x06, 0x19, 0x06, 0x19, 0x06, 0x19, 0x06, 0x19,
    0x06, 0x19, 0x06, 0x19, 0x06, 0x19, 0x06, 0x19, 0x06, 0x19, 0x06, 0x19, 0x06, 0x19, 0x06, 0x19,
    0x06, 0x19, 0x06, 0x19, 0x06, 0x19, 0x06, 0x19, 0x06, 0x19, 0x06, 0x19, 0x06, 0x19, 0x06, 0x19,
    0x06, 0x19, 0x06, 0x19, 0x06, 0x19, 0x06, 0x19, 0x06, 0x19, 0x06, 0x19, 0x06, 0x19, 0x06, 0x19,
    0x06, 0x19, 0x06, 0x19, 0x06, 0x19, 0x06, 0x19, 0x06, 0x19, 0x06, 0x19, 0x06, 0x19, 0x06, 0x19,
    0x06, 0x19, 0x06, 0x19, 0x06, 0x19, 0x06, 0x19, 0x06, 0x19, 0x06, 0x19, 0x06, 0x19, 0x06, 0x19,
    0x06, 0x19, 0x06, 0x19, 0x06, 0x19, 0x06, 0x19, 0x06, 0x19, 0x06, 0x19, 0x06, 0x19, 0x06, 0x19,
    0x06, 0x19, 0x06, 0x19, 0x06, 0x19, 0x06, 0x19, 0x06, 0x19, 0x06, 0x19, 0x06, 0x19, 0x06, 0x19,
    0x06, 0x19, 0x06, 0x19, 0x06, 0x19, 0x06, 0x19, 0x06, 0x19, 0x06, 0x19, 0x06, 0x19, 0x06, 0x19,
    0x06, 0x19, 0x06, 0x19, 0x06, 0x19, 0x06, 0x19, 0x06, 0x19, 0x06, 0x19, 0x06, 0x19, 0x06, 0x19,
    0x06, 0x19, 0x06, 0x19, 0x06, 0x19, 0x06, 0x19, 0x06, 0x19, 0x06, 0x19, 0x06, 0x19, 0x06, 0x19,
    0x06, 0x19, 0x06, 0x19, 0x06, 0x19, 0x06, 0x19, 0x06, 0x19, 0x06, 0x19, 0x06, 0x19, 0x06, 0x19,
    0x06, 0x19, 0x06, 0x19, 0x06, 0x19, 0x83, 0x08, 0x62, 0x08, 0x62, 0x08, 0x62, 0x08, 0x62, 0x08,
    0x62, 0x08, 0x62, 0x08, 0x62, 0x08, 0x62, 0x08, 0x62, 0x08, 0x62, 0x08, 0x62, 0x08, 0x62, 0x08,
    0x62, 0x08, 0x62, 0x08, 0x62, 0x08, 0x62, 0x08, 0x62, 0x08, 0x62, 0x08, 0x62, 0x08, 0x62, 0x08,
    0x62, 0x08, 0x62, 0x08, 0x62, 0x08, 0x62, 0x08, 0x62, 0x08, 0x62, 0x08, 0x62, 0x08, 0x62, 0x08,
    0x62, 0x08, 0x62, 0x08, 0x62, 0x08, 0x62, 0x08, 0x62, 0x08, 0x62, 0x08, 0x62, 0x08, 0x62, 0x08,
    0x62, 0x08, 0x62, 0x08, 0x62, 0x08, 0x62, 0x08, 0x62, 0x08, 0xC4, 0x10, 0x26, 0x19, 0x06, 0x19,
    0x06, 0x19, 0x06, 0x19, 0x06, 0x19, 0x06, 0x19, 0x06, 0x19, 0x06, 0x19, 0x06, 0x19, 0x06, 0x19,
    0x06, 0x19, 0x06, 0x19, 0x06, 0x19, 0x06, 0x19, 0x06, 0x19, 0x06, 0x19, 0x06, 0x19, 0x06, 0x19,
    0x06, 0x19, 0x06, 0x19, 0x06, 0x19, 0x06, 0x19, 0x06, 0x19, 0x06, 0x19, 0x06, 0x19, 0x06, 0x19,
    0x06, 0x19, 0x06, 0x19, 0x06, 0x19, 0x06, 0x19, 0x06, 0x19, 0x06, 0x19, 0x06, 0x19, 0x06, 0x19,
    0x06, 0x19, 0x06, 0x19, 0x06, 0x19, 0x06, 0x19, 0x06, 0x19, 0x06, 0x19, 0x06, 0x19, 0x06, 0x19,
    0x06, 0x19, 0x06, 0x19, 0x06, 0x19, 0x06, 0x19, 0x06, 0x19, 0x06, 0x19, 0x06, 0x19, 0x06, 0x19,
    0x06, 0x19, 0x06, 0x19, 0x06, 0x19, 0x06, 0x19, 0x06, 0x19, 0x06, 0x19, 0x06, 0x19, 0x06, 0x19,
    0x06, 0x19, 0x06, 0x19, 0x06, 0x19, 0x06, 0x19, 0x06, 0x19, 0x06, 0x19, 0x06, 0x19, 0x06, 0x19,
    0x06, 0x19, 0x06, 0x19, 0x06, 0x19, 0x06, 0x19, 0x06, 0x19, 0x06, 0x19, 0x06, 0x19, 0x06, 0x19,
    0x06, 0x19, 0x06, 0x19, 0x06, 0x19, 0x06, 0x19, 0x06, 0x19, 0x06, 0x19, 0x06, 0x19, 0x06, 0x19,
    0x06, 0x19, 0x06, 0x19, 0x06, 0x19, 0x06, 0x19, 0x06, 0x19, 0x06, 0x19, 0x06, 0x19, 0x06, 0x19,
    0x06, 0x19, 0x06, 0x19, 0x06, 0x19, 0x06, 0x19, 0x06, 0x19, 0x06, 0x19, 0x06, 0x19, 0x06, 0x19,
    0x06, 0x19, 0x06, 0x19, 0x06, 0x19, 0x06, 0x19, 0x06, 0x19, 0x06, 0x19, 0x06, 0x19, 0x06, 0x19,
    0x06, 0x19, 0x06, 0x19, 0x06, 0x19, 0x06, 0x19, 0x06, 0x19, 0x06, 0x19, 0x06, 0x19, 0x06, 0x19,
    0x06, 0x19, 0x06, 0x19, 0x06, 0x19, 0x06, 0x19, 0x06, 0x19, 0x06, 0x19, 0x06, 0x19, 0x06, 0x19,
    0x06, 0x19, 0x06, 0x19, 0x06, 0x19, 0x06, 0x19, 0x06, 0x19, 0x06, 0x19, 0x06, 0x19, 0x06, 0x19,
    0x06, 0x19, 0x06, 0x19, 0x06, 0x19, 0x06, 0x19, 0x06, 0x19, 0x06, 0x19, 0x06, 0x19, 0x06, 0x19,
    0x06, 0x19, 0x06, 0x19, 0x06, 0x19, 0x06, 0x19, 0x06, 0x19, 0x06, 0x19, 0x06, 0x19, 0x06, 0x19,
    0x06, 0x19, 0x06, 0x19, 0x06, 0x19, 0x06, 0x19, 0x06, 0x19, 0x06, 0x19, 0x06, 0x19, 0x06, 0x19,
    0x06, 0x19, 0x06, 0x19, 0x06, 0x19, 0x06, 0x19, 0x06, 0x19, 0x06, 0x19, 0x06, 0x19, 0x06, 0x19,
    0x06, 0x19, 0x06, 0x19, 0x06, 0x19, 0x06, 0x19, 0x06, 0x19, 0x06, 0x19, 0x06, 0x19, 0x06, 0x19,
    0x06, 0x19, 0x06, 0x19, 0x06, 0x19, 0x06, 0x19, 0x06, 0x19, 0x06, 0x19, 0x06, 0x19, 0x06, 0x19,
    0x06, 0x19, 0x06, 0x19, 0x06, 0x19, 0x06, 0x19, 0x06, 0x19, 0x06, 0x19, 0x06, 0x19, 0x06, 0x19,
    0x06, 0x19, 0x06, 0x19, 0x06, 0x19, 0x06, 0x19, 0x06, 0x19, 0x06, 0x19, 0x06, 0x19, 0x06, 0x19,
    0x06, 0x19, 0x06, 0x19, 0x06, 0x19, 0x06, 0x19, 0x06, 0x19, 0x06, 0x19, 0x06, 0x19, 0x06, 0x19,
    0x06, 0x19, 0x06, 0x19, 0x06, 0x19, 0x06, 0x19, 0x06, 0x19, 0x06, 0x19, 0x06, 0x19, 0x06, 0x19,
    0x06, 0x19, 0x06, 0x19, 0x06, 0x19, 0x06, 0x19, 0x06, 0x19, 0x06, 0x19, 0x06, 0x19, 0x06, 0x19,
    0x06, 0x19, 0x06, 0x19, 0x06, 0x19, 0x06, 0x19, 0x06, 0x19, 0x06, 0x19, 0x06, 0x19, 0x06, 0x19,
    0x06, 0x19, 0x06, 0x19, 0x06, 0x19, 0x06, 0x19, 0x06, 0x19, 0x06, 0x19, 0x06, 0x19, 0x06, 0x19,
    0x06, 0x19, 0x06, 0x19, 0x06, 0x19, 0x06, 0x19, 0x06, 0x19, 0x06, 0x19, 0x06, 0x19, 0x06, 0x19,
    0x06, 0x19, 0x06, 0x19, 0x06, 0x19, 0x06, 0x19, 0x06, 0x19, 0x06, 0x19, 0x06, 0x19, 0x06, 0x19,
    0x06, 0x19, 0x06, 0x19, 0x06, 0x19, 0x06, 0x19, 0x06, 0x19, 0x06, 0x19, 0x06, 0x19, 0x06, 0x19,
    0x06, 0x19, 0x06, 0x19, 0x06, 0x19, 0x06, 0x19, 0x06, 0x19, 0x06, 0x19, 0x06, 0x19, 0x06, 0x19,
    0x06, 0x19, 0x06, 0x19, 0x06, 0x19, 0x06, 0x19, 0x06, 0x19, 0x06, 0x19, 0x06, 0x19, 0x06, 0x19,
    0x06, 0x19, 0x06, 0x19, 0x06, 0x19, 0x06, 0x19, 0x06, 0x19, 0x06, 0x19, 0x06, 0x19, 0x06, 0x19,
    0x06, 0x19, 0x06, 0x19, 0x06, 0x19, 0x06, 0x19, 0x06, 0x19, 0x06, 0x19, 0x06, 0x19, 0x06, 0x19,
    0x06, 0x19, 0x06, 0x19, 0x06, 0x19, 0x06, 0x19, 0x06, 0x19, 0x06, 0x19, 0xE5, 0x10, 0x62, 0x08,
    0x62, 0x08, 0x62, 0x08, 0x62, 0x08, 0x62, 0x08, 0x62, 0x08, 0x62, 0x08, 0x62, 0x08, 0x62, 0x08,
    0x62, 0x08, 0x62, 0x08, 0x62, 0x08, 0x62, 0x08, 0x62, 0x08, 0x62, 0x08, 0x62, 0x08, 0x62, 0x08,
    0x62, 0x08, 0x62, 0x08, 0x62, 0x08, 0x62, 0x08, 0x62, 0x08, 0x62, 0x08, 0x62, 0x08, 0x62, 0x08,
    0x62, 0x08, 0x62, 0x08, 0x62, 0x08, 0x62, 0x08, 0x62, 0x08, 0x62, 0x08, 0x62, 0x08, 0x62, 0x08,
    0x62, 0x08, 0x62, 0x08, 0x62, 0x08, 0x62, 0x08, 0x62, 0x08, 0x62, 0x08, 0x62, 0x08, 0x62, 0x08,
    0x62, 0x08, 0x62, 0x08, 0xE5, 0x18, 0x06, 0x19, 0x06, 0x19, 0x06, 0x19, 0x06, 0x19, 0x06, 0x19,
    0x06, 0x19, 0x06, 0x19, 0x06, 0x19, 0x06, 0x19, 0x06, 0x19, 0x06, 0x19, 0x06, 0x19, 0x06, 0x19,
    0x06, 0x19, 0x06, 0x19, 0x06, 0x19, 0x06, 0x19, 0x06, 0x19, 0x06, 0x19, 0x06, 0x19, 0x06, 0x19,
    0x06, 0x19, 0x06, 0x19, 0x06, 0x19, 0x06, 0x19, 0x06, 0x19, 0x06, 0x19, 0x06, 0x19, 0x06, 0x19,
    0x06, 0x19, 0x06, 0x19, 0x06, 0x19, 0x06, 0x19, 0x06, 0x19, 0x06, 0x19, 0x06, 0x19, 0x06, 0x19,
    0x06, 0x19, 0x06, 0x19, 0x06, 0x19, 0x06, 0x19, 0x06, 0x19, 0x06, 0x19, 0x06, 0x19, 0x06, 0x19,
    0x06, 0x19, 0x06, 0x19, 0x06, 0x19, 0x06, 0x19, 0x06, 0x19, 0x06, 0x19, 0x06, 0x19, 0x06, 0x19,
    0x06, 0x19, 0x06, 0x19, 0x06, 0x19, 0x06, 0x19, 0x06, 0x19, 0x06, 0x19, 0x06, 0x19, 0x06, 0x19,
    0x06, 0x19, 0x06, 0x19, 0x06, 0x19, 0x06, 0x19, 0x06, 0x19, 0x06, 0x19, 0x06, 0x19, 0x06, 0x19,
    0x06, 0x19, 0x06, 0x19, 0x06, 0x19, 0x06, 0x19, 0x06, 0x19, 0x06, 0x19, 0x06, 0x19, 0x06, 0x19,
    0x06, 0x19, 0x06, 0x19, 0x06, 0x19, 0x06, 0x19, 0x06, 0x19, 0x06, 0x19, 0x06, 0x19, 0x06, 0x19,
    0x06, 0x19, 0x06, 0x19, 0x06, 0x19, 0x06, 0x19, 0x06, 0x19, 0x06, 0x19, 0x06, 0x19, 0x06, 0x19,
    0x06, 0x19, 0x06, 0x19, 0x06, 0x19, 0x06, 0x19, 0x06, 0x19, 0x06, 0x19, 0x06, 0x19, 0x06, 0x19,
    0x06, 0x19, 0x06, 0x19, 0x06, 0x19, 0x06, 0x19, 0x06, 0x19, 0x06, 0x19, 0x06, 0x19, 0x06, 0x19,
    0x06, 0x19, 0x06, 0x19, 0x06, 0x19, 0x06, 0x19, 0x06, 0x19, 0x06, 0x19, 0x06, 0x19, 0x06, 0x19,
    0x06, 0x19, 0x06, 0x19, 0x06, 0x19, 0x06, 0x19, 0x06, 0x19, 0x06, 0x19, 0x06, 0x19, 0x06, 0x19,
    0x06, 0x19, 0x06, 0x19, 0x06, 0x19, 0x06, 0x19, 0x06, 0x19, 0x06, 0x19, 0x06, 0x19, 0x06, 0x19,
    0x06, 0x19, 0x06, 0x19, 0x06, 0x19, 0x06, 0x19, 0x06, 0x19, 0x06, 0x19, 0x06, 0x19, 0x06, 0x19,
    0x06, 0x19, 0x06, 0x19, 0x06, 0x19, 0x06, 0x19, 0x06, 0x19, 0x06, 0x19, 0x06, 0x19, 0x06, 0x19,
    0x06, 0x19, 0x06, 0x19, 0x06, 0x19, 0x06, 0x19, 0x06, 0x19, 0x06, 0x19, 0x06, 0x19, 0x06, 0x19,
    0x06, 0x19, 0x06, 0x19, 0x06, 0x19, 0x06, 0x19, 0x06, 0x19, 0x06, 0x19, 0x06, 0x19, 0x06, 0x19,
    0x06, 0x19, 0x06, 0x19, 0x06, 0x19, 0x06, 0x19, 0x06, 0x19, 0x06, 0x19, 0x06, 0x19, 0x06, 0x19,
    0x06, 0x19, 0x06, 0x19, 0x06, 0x19, 0x06, 0x19, 0x06, 0x19, 0x06, 0x19, 0x06, 0x19, 0x06, 0x19,
    0x06, 0x19, 0x06, 0x19, 0x06, 0x19, 0x06, 0x19, 0x06, 0x19, 0x06, 0x19, 0x06, 0x19, 0x06, 0x19,
    0x06, 0x19, 0x06, 0x19, 0x06, 0x19, 0x06, 0x19, 0x06, 0x19, 0x06, 0x19, 0x06, 0x19, 0x06, 0x19,
    0x06, 0x19, 0x06, 0x19, 0x06, 0x19, 0x06, 0x19, 0x06, 0x19, 0x06, 0x19, 0x06, 0x19, 0x06, 0x19,
    0x06, 0x19, 0x06, 0x19, 0x06, 0x19, 0x06, 0x19, 0x06, 0x19, 0x06, 0x19, 0x06, 0x19, 0x06, 0x19,
    0x06, 0x19, 0x06, 0x19, 0x06, 0x19, 0x06, 0x19, 0x06, 0x19, 0x06, 0x19, 0x06, 0x19, 0x06, 0x19,
    0x06, 0x19, 0x06, 0x19, 0x06, 0x19, 0x06, 0x19, 0x06, 0x19, 0x06, 0x19, 0x06, 0x19, 0x06, 0x19,
    0x06, 0x19, 0x06, 0x19, 0x06, 0x19, 0x06, 0x19, 0x06, 0x19, 0x06, 0x19, 0x06, 0x19, 0x06, 0x19,
    0x06, 0x19, 0x06, 0x19, 0x06, 0x19, 0x06, 0x19, 0x06, 0x19, 0x06, 0x19, 0x06, 0x19, 0x06, 0x19,
    0x06, 0x19, 0x06, 0x19, 0x06, 0x19, 0x06, 0x19, 0x06, 0x19, 0x06, 0x19, 0x06, 0x19, 0x06, 0x19,
    0x06, 0x19, 0x06, 0x19, 0x06, 0x19, 0x06, 0x19, 0x06, 0x19, 0x06, 0x19, 0x06, 0x19, 0x06, 0x19,
    0x06, 0x19, 0x06, 0x19, 0x06, 0x19, 0x06, 0x19, 0x06, 0x19, 0x06, 0x19, 0x06, 0x19, 0x06, 0x19,
    0x06, 0x19, 0x06, 0x19, 0x06, 0x19, 0x06, 0x19, 0x06, 0x19, 0x06, 0x19, 0x06, 0x19, 0x06, 0x19,
    0x06, 0x19, 0x06, 0x19, 0x06, 0x19, 0x06, 0x19, 0x06, 0x19, 0x06, 0x19, 0x06, 0x19, 0x06, 0x19,
    0x06, 0x19, 0x06, 0x19, 0x06, 0x19, 0x06, 0x19, 0x06, 0x19, 0x06, 0x19, 0x06, 0x19, 0x06, 0x19,
    0x06, 0x19, 0x06, 0x19, 0x83, 0x08, 0x62, 0x08, 0x62, 0x08, 0x62, 0x08, 0x62, 0x08, 0x62, 0x08,
    0x62, 0x08, 0x62, 0x08, 0x62, 0x08, 0x62, 0x08, 0x62, 0x08, 0x62, 0x08, 0x62, 0x08, 0x62, 0x08,
    0x62, 0x08, 0x62, 0x08, 0x62, 0x08, 0x62, 0x08, 0x62, 0x08, 0x62, 0x08, 0x62, 0x08, 0x62, 0x08,
    0x62, 0x08, 0x62, 0x08, 0x62, 0x08, 0x62, 0x08, 0x62, 0x08, 0x62, 0x08, 0x62, 0x08, 0x62, 0x08,
    0x62, 0x08, 0x62, 0x08, 0x62, 0x08, 0x62, 0x08, 0x62, 0x08, 0x62, 0x08, 0x62, 0x08, 0x62, 0x08,
    0x62, 0x08, 0x62, 0x08, 0x62, 0x08, 0x62, 0x08, 0x62, 0x08, 0x62, 0x08, 0x83, 0x08, 0x06, 0x19,
    0x06, 0x19, 0x06, 0x19, 0x06, 0x19, 0x06, 0x19, 0x06, 0x19, 0x06, 0x19, 0x06, 0x19, 0x06, 0x19,
    0x06, 0x19, 0x06, 0x19, 0x06, 0x19, 0x06, 0x19, 0x06, 0x19, 0x06, 0x19, 0x06, 0x19, 0x06, 0x19,
    0x06, 0x19, 0x06, 0x19, 0x06, 0x19, 0x06, 0x19, 0x06, 0x19, 0x06, 0x19, 0x06, 0x19, 0x06, 0x19,
    0x06, 0x19, 0x06, 0x19, 0x06, 0x19, 0x06, 0x19, 0x06, 0x19, 0x06, 0x19, 0x06, 0x19, 0x06, 0x19,
    0x06, 0x19, 0x06, 0x19, 0x06, 0x19, 0x06, 0x19, 0x06, 0x19, 0x06, 0x19, 0x06, 0x19, 0x06, 0x19,
    0x06, 0x19, 0x06, 0x19, 0x06, 0x19, 0x06, 0x19, 0x06, 0x19, 0x06, 0x19, 0x06, 0x19, 0x06, 0x19,
    0x06, 0x19, 0x06, 0x19, 0x06, 0x19, 0x06, 0x19, 0x06, 0x19, 0x06, 0x19, 0x06, 0x19, 0x06, 0x19,
    0x06, 0x19, 0x06, 0x19, 0x06, 0x19, 0x06, 0x19, 0x06, 0x19, 0x06, 0x19, 0x06, 0x19, 0x06, 0x19,
    0x06, 0x19, 0x06, 0x19, 0x06, 0x19, 0x06, 0x19, 0x06, 0x19, 0x06, 0x19, 0x06, 0x19, 0x06, 0x19,
    0x06, 0x19, 0x06, 0x19, 0x06, 0x19, 0x06, 0x19, 0x06, 0x19, 0x06, 0x19, 0x06, 0x19, 0x06, 0x19,
    0x06, 0x19, 0x06, 0x19, 0x06, 0x19, 0x06, 0x19, 0x06, 0x19, 0x06, 0x19, 0x06, 0x19, 0x06, 0x19,
    0x06, 0x19, 0x06, 0x19, 0x06, 0x19, 0x06, 0x19, 0x06, 0x19, 0x06, 0x19, 0x06, 0x19, 0x06, 0x19,
    0x06, 0x19, 0x06, 0x19, 0x06, 0x19, 0x06, 0x19, 0x06, 0x19, 0x06, 0x19, 0x06, 0x19, 0x06, 0x19,
    0x06, 0x19, 0x06, 0x19, 0x06, 0x19, 0x06, 0x19, 0x06, 0x19, 0x06, 0x19, 0x06, 0x19, 0x06, 0x19,
    0x06, 0x19, 0x06, 0x19, 0x06, 0x19, 0x06, 0x19, 0x06, 0x19, 0x06, 0x19, 0x06, 0x19, 0x06, 0x19,
    0x06, 0x19, 0x06, 0x19, 0x06, 0x19, 0x06, 0x19, 0x06, 0x19, 0x06, 0x19, 0x06, 0x19, 0x06, 0x19,
    0x06, 0x19, 0x06, 0x19, 0x06, 0x19, 0x06, 0x19, 0x06, 0x19, 0x06, 0x19, 0x06, 0x19, 0x06, 0x19,
    0x06, 0x19, 0x06, 0x19, 0x06, 0x19, 0x06, 0x19, 0x06, 0x19, 0x06, 0x19, 0x06, 0x19, 0x06, 0x19,
    0x06, 0x19, 0x06, 0x19, 0x06, 0x19, 0x06, 0x19, 0x06, 0x19, 0x06, 0x19, 0x06, 0x19, 0x06, 0x19,
    0x06, 0x19, 0x06, 0x19, 0x06, 0x19, 0x06, 0x19, 0x06, 0x19, 0x06, 0x19, 0x06, 0x19, 0x06, 0x19,
    0x06, 0x19, 0x06, 0x19, 0x06, 0x19, 0x06, 0x19, 0x06, 0x19, 0x06, 0x19, 0x06, 0x19, 0x06, 0x19,
    0x06, 0x19, 0x06, 0x19, 0x06, 0x19, 0x06, 0x19, 0x06, 0x19, 0x06, 0x19, 0x06, 0x19, 0x06, 0x19,
    0x06, 0x19, 0x06, 0x19, 0x06, 0x19, 0x06, 0x19, 0x06, 0x19, 0x06, 0x19, 0x06, 0x19, 0x06, 0x19,
    0x06, 0x19, 0x06, 0x19, 0x06, 0x19, 0x06, 0x19, 0x06, 0x19, 0x06, 0x19, 0x06, 0x19, 0x06, 0x19,
    0x06, 0x19, 0x06, 0x19, 0x06, 0x19, 0x06, 0x19, 0x06, 0x19, 0x06, 0x19, 0x06, 0x19, 0x06, 0x19,
    0x06, 0x19, 0x06, 0x19, 0x06, 0x19, 0x06, 0x19, 0x06, 0x19, 0x06, 0x19, 0x06, 0x19, 0x06, 0x19,
    0x06, 0x19, 0x06, 0x19, 0x06, 0x19, 0x06, 0x19, 0x06, 0x19, 0x06, 0x19, 0x06, 0x19, 0x06, 0x19,
    0x06, 0x19, 0x06, 0x19, 0x06, 0x19, 0x06, 0x19, 0x06, 0x19, 0x06, 0x19, 0x06, 0x19, 0x06, 0x19,
    0x06, 0x19, 0x06, 0x19, 0x06, 0x19, 0x06, 0x19, 0x06, 0x19, 0x06, 0x19, 0x06, 0x19, 0x06, 0x19,
    0x06, 0x19, 0x06, 0x19, 0x06, 0x19, 0x06, 0x19, 0x06, 0x19, 0x06, 0x19, 0x06, 0x19, 0x06, 0x19,
    0x06, 0x19, 0x06, 0x19, 0x06, 0x19, 0x06, 0x19, 0x06, 0x19, 0x06, 0x19, 0x06, 0x19, 0x06, 0x19,
    0x06, 0x19, 0x06, 0x19, 0x06, 0x19, 0x06, 0x19, 0x06, 0x19, 0x06, 0x19, 0x06, 0x19, 0x06, 0x19,
    0x06, 0x19, 0x06, 0x19, 0x06, 0x19, 0x06, 0x19, 0x06, 0x19, 0x06, 0x19, 0x06, 0x19, 0x06, 0x19,
    0x06, 0x19, 0x06, 0x19, 0x06, 0x19, 0x06, 0x19, 0x06, 0x19, 0x06, 0x19, 0x06, 0x19, 0x06, 0x19,
    0x06, 0x19, 0x06, 0x19, 0x06, 0x19, 0x06, 0x19, 0x06, 0x19, 0x06, 0x19, 0x06, 0x19, 0x06, 0x19,
    0x06, 0x19, 0x06, 0x19, 0x06, 0x19, 0x06, 0x19, 0x06, 0x19, 0x06, 0x19, 0x06, 0x19, 0x06, 0x19,
    0x06, 0x19, 0x06, 0x19, 0x06, 0x19, 0x06, 0x19, 0x26, 0x19, 0xA4, 0x10, 0x62, 0x08, 0x62, 0x08,
    0x62, 0x08, 0x62, 0x08, 0x62, 0x08, 0x62, 0x08, 0x62, 0x08, 0x62, 0x08, 0x62, 0x08, 0x62, 0x08,
    0x62, 0x08, 0x62, 0x08, 0x62, 0x08, 0x62, 0x08, 0x62, 0x08, 0x62, 0x08, 0x62, 0x08, 0x62, 0x08,
    0x62, 0x08, 0x62, 0x08, 0x62, 0x08, 0x62, 0x08, 0x62, 0x08, 0x62, 0x08, 0x62, 0x08, 0x62, 0x08,
    0x62, 0x08, 0x62, 0x08, 0x62, 0x08, 0x62, 0x08, 0x62, 0x08, 0x62, 0x08, 0x62, 0x08, 0x62, 0x08,
    0x62, 0x08, 0x62, 0x08, 0x62, 0x08, 0x62, 0x08, 0x62, 0x08, 0x62, 0x08, 0x62, 0x08, 0x62, 0x08,
    0x62, 0x08, 0x62, 0x08, 0x62, 0x08, 0xA3, 0x10, 0x06, 0x19, 0x06, 0x19, 0x06, 0x19, 0x06, 0x19,
    0x06, 0x19, 0x06, 0x19, 0x06, 0x19, 0x06, 0x19, 0x06, 0x19, 0x06, 0x19, 0x06, 0x19, 0x06, 0x19,
    0x06, 0x19, 0x06, 0x19, 0x06, 0x19, 0x06, 0x19, 0x06, 0x19, 0x06, 0x19, 0x06, 0x19, 0x06, 0x19,
    0x06, 0x19, 0x06, 0x19, 0x06, 0x19, 0x06, 0x19, 0x06, 0x19, 0x06, 0x19, 0x06, 0x19, 0x06, 0x19,
    0x06, 0x19, 0x06, 0x19, 0x06, 0x19, 0x06, 0x19, 0x06, 0x19, 0x06, 0x19, 0x06, 0x19, 0x06, 0x19,
    0x06, 0x19, 0x06, 0x19, 0x06, 0x19, 0x06, 0x19, 0x06, 0x19, 0x06, 0x19, 0x06, 0x19, 0x06, 0x19,
    0x06, 0x19, 0x06, 0x19, 0x06, 0x19, 0x06, 0x19, 0x06, 0x19, 0x06, 0x19, 0x06, 0x19, 0x06, 0x19,
    0x06, 0x19, 0x06, 0x19, 0x06, 0x19, 0x06, 0x19, 0x06, 0x19, 0x06, 0x19, 0x06, 0x19, 0x06, 0x19,
    0x06, 0x19, 0x06, 0x19, 0x06, 0x19, 0x06, 0x19, 0x06, 0x19, 0x06, 0x19, 0x06, 0x19, 0x06, 0x19,
    0x06, 0x19, 0x06, 0x19, 0x06, 0x19, 0x06, 0x19, 0x06, 0x19, 0x06, 0x19, 0x06, 0x19, 0x06, 0x19,
    0x06, 0x19, 0x06, 0x19, 0x06, 0x19, 0x06, 0x19, 0x06, 0x19, 0x06, 0x19, 0x06, 0x19, 0x06, 0x19,
    0x06, 0x19, 0x06, 0x19, 0x06, 0x19, 0x06, 0x19, 0x06, 0x19, 0x06, 0x19, 0x06, 0x19, 0x06, 0x19,
    0x06, 0x19, 0x06, 0x19, 0x06, 0x19, 0x06, 0x19, 0x06, 0x19, 0x06, 0x19, 0x06, 0x19, 0x06, 0x19,
    0x06, 0x19, 0x06, 0x19, 0x06, 0x19, 0x06, 0x19, 0x06, 0x19, 0x06, 0x19, 0x06, 0x19, 0x06, 0x19,
    0x06, 0x19, 0x06, 0x19, 0x06, 0x19, 0x06, 0x19, 0x06, 0x19, 0x06, 0x19, 0x06, 0x19, 0x06, 0x19,
    0x06, 0x19, 0x06, 0x19, 0x06, 0x19, 0x06, 0x19, 0x06, 0x19, 0x06, 0x19, 0x06, 0x19, 0x06, 0x19,
    0x06, 0x19, 0x06, 0x19, 0x06, 0x19, 0x06, 0x19, 0x06, 0x19, 0x06, 0x19, 0x06, 0x19, 0x06, 0x19,
    0x06, 0x19, 0x06, 0x19, 0x06, 0x19, 0x06, 0x19, 0x06, 0x19, 0x06, 0x19, 0x06, 0x19, 0x06, 0x19,
    0x06, 0x19, 0x06, 0x19, 0x06, 0x19, 0x06, 0x19, 0x06, 0x19, 0x06, 0x19, 0x06, 0x19, 0x06, 0x19,
    0x06, 0x19, 0x06, 0x19, 0x06, 0x19, 0x06, 0x19, 0x06, 0x19, 0x06, 0x19, 0x06, 0x19, 0x06, 0x19,
    0x06, 0x19, 0x06, 0x19, 0x06, 0x19, 0x06, 0x19, 0x06, 0x19, 0x06, 0x19, 0x06, 0x19, 0x06, 0x19,
    0x06, 0x19, 0x06, 0x19, 0x06, 0x19, 0x06, 0x19, 0x06, 0x19, 0x06, 0x19, 0x06, 0x19, 0x06, 0x19,
    0x06, 0x19, 0x06, 0x19, 0x06, 0x19, 0x06, 0x19, 0x06, 0x19, 0x06, 0x19, 0x06, 0x19, 0x06, 0x19,
    0x06, 0x19, 0x06, 0x19, 0x06, 0x19, 0x06, 0x19, 0x06, 0x19, 0x06, 0x19, 0x06, 0x19, 0x06, 0x19,
    0x06, 0x19, 0x06, 0x19, 0x06, 0x19, 0x06, 0x19, 0x06, 0x19, 0x06, 0x19, 0x06, 0x19, 0x06, 0x19,
    0x06, 0x19, 0x06, 0x19, 0x06, 0x19, 0x06, 0x19, 0x06, 0x19, 0x06, 0x19, 0x06, 0x19, 0x06, 0x19,
    0x06, 0x19, 0x06, 0x19, 0x06, 0x19, 0x06, 0x19, 0x06, 0x19, 0x06, 0x19, 0x06, 0x19, 0x06, 0x19,
    0x06, 0x19, 0x06, 0x19, 0x06, 0x19, 0x06, 0x19, 0x06, 0x19, 0x06, 0x19, 0x06, 0x19, 0x06, 0x19,
    0x06, 0x19, 0x06, 0x19, 0x06, 0x19, 0x06, 0x19, 0x06, 0x19, 0x06, 0x19, 0x06, 0x19, 0x06, 0x19,
    0x06, 0x19, 0x06, 0x19, 0x06, 0x19, 0x06, 0x19, 0x06, 0x19, 0x06, 0x19, 0x06, 0x19, 0x06, 0x19,
    0x06, 0x19, 0x06, 0x19, 0x06, 0x19, 0x06, 0x19, 0x06, 0x19, 0x06, 0x19, 0x06, 0x19, 0x06, 0x19,
    0x06, 0x19, 0x06, 0x19, 0x06, 0x19, 0x06, 0x19, 0x06, 0x19, 0x06, 0x19, 0x06, 0x19, 0x06, 0x19,
    0x06, 0x19, 0x06, 0x19, 0x06, 0x19, 0x06, 0x19, 0x06, 0x19, 0x06, 0x19, 0x06, 0x19, 0x06, 0x19,
    0x06, 0x19, 0x06, 0x19, 0x06, 0x19, 0x06, 0x19, 0x06, 0x19, 0x06, 0x19, 0x06, 0x19, 0x06, 0x19,
    0x06, 0x19, 0x06, 0x19, 0x06, 0x19, 0x06, 0x19, 0x06, 0x19, 0x06, 0x19, 0x06, 0x19, 0x06, 0x19,
    0x06, 0x19, 0x06, 0x19, 0x06, 0x19, 0x06, 0x19, 0x06, 0x19, 0x06, 0x19, 0x06, 0x19, 0x06, 0x19,
    0x06, 0x19, 0x06, 0x19, 0x06, 0x19, 0x06, 0x19, 0x06, 0x19, 0x06, 0x19, 0x06, 0x19, 0x26, 0x19,
    0xC4, 0x10, 0x62, 0x08, 0x62, 0x08, 0x62, 0x08, 0x62, 0x08, 0x62, 0x08, 0x62, 0x08, 0x62, 0x08,
    0x62, 0x08, 0x62, 0x08, 0x62, 0x08, 0x62, 0x08, 0x62, 0x08, 0x62, 0x08, 0x62, 0x08, 0x62, 0x08,
    0x62, 0x08, 0x62, 0x08, 0x62, 0x08, 0x62, 0x08, 0x62, 0x08, 0x62, 0x08, 0x62, 0x08, 0x62, 0x08,
    0x62, 0x08, 0x62, 0x08, 0x62, 0x08, 0x62, 0x08, 0x62, 0x08, 0x62, 0x08, 0x62, 0x08, 0x62, 0x08,
    0x62, 0x08, 0x62, 0x08, 0x62, 0x08, 0x62, 0x08, 0x62, 0x08, 0x62, 0x08, 0x62, 0x08, 0x62, 0x08,
    0x62, 0x08, 0x62, 0x08, 0x62, 0x08, 0x62, 0x08, 0x62, 0x08, 0x62, 0x08, 0x62, 0x08, 0x62, 0x08,
    0xA3, 0x10, 0x06, 0x19, 0x06, 0x19, 0x06, 0x19, 0x06, 0x19, 0x06, 0x19, 0x06, 0x19, 0x06, 0x19,
    0x06, 0x19, 0x06, 0x19, 0x06, 0x19, 0x06, 0x19, 0x06, 0x19, 0x06, 0x19, 0x06, 0x19, 0x06, 0x19,
    0x06, 0x19, 0x06, 0x19, 0x06, 0x19, 0x06, 0x19, 0x06, 0x19, 0x06, 0x19, 0x06, 0x19, 0x06, 0x19,
    0x06, 0x19, 0x06, 0x19, 0x06, 0x19, 0x06, 0x19, 0x06, 0x19, 0x06, 0x19, 0x06, 0x19, 0x06, 0x19,
    0x06, 0x19, 0x06, 0x19, 0x06, 0x19, 0x06, 0x19, 0x06, 0x19, 0x06, 0x19, 0x06, 0x19, 0x06, 0x19,
    0x06, 0x19, 0x06, 0x19, 0x06, 0x19, 0x06, 0x19, 0x06, 0x19, 0x06, 0x19, 0x06, 0x19, 0x06, 0x19,
    0x06, 0x19, 0x06, 0x19, 0x06, 0x19, 0x06, 0x19, 0x06, 0x19, 0x06, 0x19, 0x06, 0x19, 0x06, 0x19,
    0x06, 0x19, 0x06, 0x19, 0x06, 0x19, 0x06, 0x19, 0x06, 0x19, 0x06, 0x19, 0x06, 0x19, 0x06, 0x19,
    0x06, 0x19, 0x06, 0x19, 0x06, 0x19, 0x06, 0x19, 0x06, 0x19, 0x06, 0x19, 0x06, 0x19, 0x06, 0x19,
    0x06, 0x19, 0x06, 0x19, 0x06, 0x19, 0x06, 0x19, 0x06, 0x19, 0x06, 0x19, 0x06, 0x19, 0x06, 0x19,
    0x06, 0x19, 0x06, 0x19, 0x06, 0x19, 0x06, 0x19, 0x06, 0x19, 0x06, 0x19, 0x06, 0x19, 0x06, 0x19,
    0x06, 0x19, 0x06, 0x19, 0x06, 0x19, 0x06, 0x19, 0x06, 0x19, 0x06, 0x19, 0x06, 0x19, 0x06, 0x19,
    0x06, 0x19, 0x06, 0x19, 0x06, 0x19, 0x06, 0x19, 0x06, 0x19, 0x06, 0x19, 0x06, 0x19, 0x06, 0x19,
    0x06, 0x19, 0x06, 0x19, 0x06, 0x19, 0x06, 0x19, 0x06, 0x19, 0x06, 0x19, 0x06, 0x19, 0x06, 0x19,
    0x06, 0x19, 0x06, 0x19, 0x06, 0x19, 0x06, 0x19, 0x06, 0x19, 0x06, 0x19, 0x06, 0x19, 0x06, 0x19,
    0x06, 0x19, 0x06, 0x19, 0x06, 0x19, 0x06, 0x19, 0x06, 0x19, 0x06, 0x19, 0x06, 0x19, 0x06, 0x19,
    0x06, 0x19, 0x06, 0x19, 0x06, 0x19, 0x06, 0x19, 0x06, 0x19, 0x06, 0x19, 0x06, 0x19, 0x06, 0x19,
    0x06, 0x19, 0x06, 0x19, 0x06, 0x19, 0x06, 0x19, 0x06, 0x19, 0x06, 0x19, 0x06, 0x19, 0x06, 0x19,
    0x06, 0x19, 0x06, 0x19, 0x06, 0x19, 0x06, 0x19, 0x06, 0x19, 0x06, 0x19, 0x06, 0x19, 0x06, 0x19,
    0x06, 0x19, 0x06, 0x19, 0x06, 0x19, 0x06, 0x19, 0x06, 0x19, 0x06, 0x19, 0x06, 0x19, 0x06, 0x19,
    0x06, 0x19, 0x06, 0x19, 0x06, 0x19, 0x06, 0x19, 0x06, 0x19, 0x06, 0x19, 0x06, 0x19, 0x06, 0x19,
    0x06, 0x19, 0x06, 0x19, 0x06, 0x19, 0x06, 0x19, 0x06, 0x19, 0x06, 0x19, 0x06, 0x19, 0x06, 0x19,
    0x06, 0x19, 0x06, 0x19, 0x06, 0x19, 0x06, 0x19, 0x06, 0x19, 0x06, 0x19, 0x06, 0x19, 0x06, 0x19,
    0x06, 0x19, 0x06, 0x19, 0x06, 0x19, 0x06, 0x19, 0x06, 0x19, 0x06, 0x19, 0x06, 0x19, 0x06, 0x19,
    0x06, 0x19, 0x06, 0x19, 0x06, 0x19, 0x06, 0x19, 0x06, 0x19, 0x06, 0x19, 0x06, 0x19, 0x06, 0x19,
    0x06, 0x19, 0x06, 0x19, 0x06, 0x19, 0x06, 0x19, 0x06, 0x19, 0x06, 0x19, 0x06, 0x19, 0x06, 0x19,
    0x06, 0x19, 0x06, 0x19, 0x06, 0x19, 0x06, 0x19, 0x06, 0x19, 0x06, 0x19, 0x06, 0x19, 0x06, 0x19,
    0x06, 0x19, 0x06, 0x19, 0x06, 0x19, 0x06, 0x19, 0x06, 0x19, 0x06, 0x19, 0x06, 0x19, 0x06, 0x19,
    0x06, 0x19, 0x06, 0x19, 0x06, 0x19, 0x06, 0x19, 0x06, 0x19, 0x06, 0x19, 0x06, 0x19, 0x06, 0x19,
    0x06, 0x19, 0x06, 0x19, 0x06, 0x19, 0x06, 0x19, 0x06, 0x19, 0x06, 0x19, 0x06, 0x19, 0x06, 0x19,
    0x06, 0x19, 0x06, 0x19, 0x06, 0x19, 0x06, 0x19, 0x06, 0x19, 0x06, 0x19, 0x06, 0x19, 0x06, 0x19,
    0x06, 0x19, 0x06, 0x19, 0x06, 0x19, 0x06, 0x19, 0x06, 0x19, 0x06, 0x19, 0x06, 0x19, 0x06, 0x19,
    0x06, 0x19, 0x06, 0x19, 0x06, 0x19, 0x06, 0x19, 0x06, 0x19, 0x06, 0x19, 0x06, 0x19, 0x06, 0x19,
    0x06, 0x19, 0x06, 0x19, 0x06, 0x19, 0x06, 0x19, 0x06, 0x19, 0x06, 0x19, 0x06, 0x19, 0x06, 0x19,
    0x06, 0x19, 0x06, 0x19, 0x06, 0x19, 0x06, 0x19, 0x06, 0x19, 0x06, 0x19, 0x06, 0x19, 0x06, 0x19,
    0x06, 0x19, 0x06, 0x19, 0x06, 0x19, 0x06, 0x19, 0x06, 0x19, 0x06, 0x19, 0x06, 0x19, 0x06, 0x19,
    0x06, 0x19, 0x06, 0x19, 0x26, 0x19, 0xC4, 0x10, 0x62, 0x08, 0x62, 0x08, 0x62, 0x08, 0x62, 0x08,
    0x62, 0x08, 0x62, 0x08, 0x62, 0x08, 0x62, 0x08, 0x62, 0x08, 0x62, 0x08, 0x62, 0x08, 0x62, 0x08,
    0x62, 0x08, 0x62, 0x08, 0x62, 0x08, 0x62, 0x08, 0x62, 0x08, 0x62, 0x08, 0x62, 0x08, 0x62, 0x08,
    0x62, 0x08, 0x62, 0x08, 0x62, 0x08, 0x62, 0x08, 0x62, 0x08, 0x62, 0x08, 0x62, 0x08, 0x62, 0x08,
    0x62, 0x08, 0x62, 0x08, 0x62, 0x08, 0x62, 0x08, 0x62, 0x08, 0x62, 0x08, 0x62, 0x08, 0x62, 0x08,
    0x62, 0x08, 0x62, 0x08, 0x62, 0x08, 0x62, 0x08, 0x62, 0x08, 0x62, 0x08, 0x62, 0x08, 0x62, 0x08,
    0x62, 0x08, 0x62, 0x08, 0x62, 0x08, 0x62, 0x08, 0x62, 0x08, 0x83, 0x08, 0x05, 0x19, 0x06, 0x19,
    0x06, 0x19, 0x06, 0x19, 0x06, 0x19, 0x06, 0x19, 0x06, 0x19, 0x06, 0x19, 0x06, 0x19, 0x06, 0x19,
    0x06, 0x19, 0x06, 0x19, 0x06, 0x19, 0x06, 0x19, 0x06, 0x19, 0x06, 0x19, 0x06, 0x19, 0x06, 0x19,
    0x06, 0x19, 0x06, 0x19, 0x06, 0x19, 0x06, 0x19, 0x06, 0x19, 0x06, 0x19, 0x06, 0x19, 0x06, 0x19,
    0x06, 0x19, 0x06, 0x19, 0x06, 0x19, 0x06, 0x19, 0x06, 0x19, 0x06, 0x19, 0x06, 0x19, 0x06, 0x19,
    0x06, 0x19, 0x06, 0x19, 0x06, 0x19, 0x06, 0x19, 0x06, 0x19, 0x06, 0x19, 0x06, 0x19, 0x06, 0x19,
    0x06, 0x19, 0x06, 0x19, 0x06, 0x19, 0x06, 0x19, 0x06, 0x19, 0x06, 0x19, 0x06, 0x19, 0x06, 0x19,
    0x06, 0x19, 0x06, 0x19, 0x06, 0x19, 0x06, 0x19, 0x06, 0x19, 0x06, 0x19, 0x06, 0x19, 0x06, 0x19,
    0x06, 0x19, 0x06, 0x19, 0x06, 0x19, 0x06, 0x19, 0x06, 0x19, 0x06, 0x19, 0x06, 0x19, 0x06, 0x19,
    0x06, 0x19, 0x06, 0x19, 0x06, 0x19, 0x06, 0x19, 0x06, 0x19, 0x06, 0x19, 0x06, 0x19, 0x06, 0x19,
    0x06, 0x19, 0x06, 0x19, 0x06, 0x19, 0x06, 0x19, 0x06, 0x19, 0x06, 0x19, 0x06, 0x19, 0x06, 0x19,
    0x06, 0x19, 0x06, 0x19, 0x06, 0x19, 0x06, 0x19, 0x06, 0x19, 0x06, 0x19, 0x06, 0x19, 0x06, 0x19,
    0x06, 0x19, 0x06, 0x19, 0x06, 0x19, 0x06, 0x19, 0x06, 0x19, 0x06, 0x19, 0x06, 0x19, 0x06, 0x19,
    0x06, 0x19, 0x06, 0x19, 0x06, 0x19, 0x06, 0x19, 0x06, 0x19, 0x06, 0x19, 0x06, 0x19, 0x06, 0x19,
    0x06, 0x19, 0x06, 0x19, 0x06, 0x19, 0x06, 0x19, 0x06, 0x19, 0x06, 0x19, 0x06, 0x19, 0x06, 0x19,
    0x06, 0x19, 0x06, 0x19, 0x06, 0x19, 0x06, 0x19, 0x06, 0x19, 0x06, 0x19, 0x06, 0x19, 0x06, 0x19,
    0x06, 0x19, 0x06, 0x19, 0x06, 0x19, 0x06, 0x19, 0x06, 0x19, 0x06, 0x19, 0x06, 0x19, 0x06, 0x19,
    0x06, 0x19, 0x06, 0x19, 0x06, 0x19, 0x06, 0x19, 0x06, 0x19, 0x06, 0x19, 0x06, 0x19, 0x06, 0x19,
    0x06, 0x19, 0x06, 0x19, 0x06, 0x19, 0x06, 0x19, 0x06, 0x19, 0x06, 0x19, 0x06, 0x19, 0x06, 0x19,
    0x06, 0x19, 0x06, 0x19, 0x06, 0x19, 0x06, 0x19, 0x06, 0x19, 0x06, 0x19, 0x06, 0x19, 0x06, 0x19,
    0x06, 0x19, 0x06, 0x19, 0x06, 0x19, 0x06, 0x19, 0x06, 0x19, 0x06, 0x19, 0x06, 0x19, 0x06, 0x19,
    0x06, 0x19, 0x06, 0x19, 0x06, 0x19, 0x06, 0x19, 0x06, 0x19, 0x06, 0x19, 0x06, 0x19, 0x06, 0x19,
    0x06, 0x19, 0x06, 0x19, 0x06, 0x19, 0x06, 0x19, 0x06, 0x19, 0x06, 0x19, 0x06, 0x19, 0x06, 0x19,
    0x06, 0x19, 0x06, 0x19, 0x06, 0x19, 0x06, 0x19, 0x06, 0x19, 0x06, 0x19, 0x06, 0x19, 0x06, 0x19,
    0x06, 0x19, 0x06, 0x19, 0x06, 0x19, 0x06, 0x19, 0x06, 0x19, 0x06, 0x19, 0x06, 0x19, 0x06, 0x19,
    0x06, 0x19, 0x06, 0x19, 0x06, 0x19, 0x06, 0x19, 0x06, 0x19, 0x06, 0x19, 0x06, 0x19, 0x06, 0x19,
    0x06, 0x19, 0x06, 0x19, 0x06, 0x19, 0x06, 0x19, 0x06, 0x19, 0x06, 0x19, 0x06, 0x19, 0x06, 0x19,
    0x06, 0x19, 0x06, 0x19, 0x06, 0x19, 0x06, 0x19, 0x06, 0x19, 0x06, 0x19, 0x06, 0x19, 0x06, 0x19,
    0x06, 0x19, 0x06, 0x19, 0x06, 0x19, 0x06, 0x19, 0x06, 0x19, 0x06, 0x19, 0x06, 0x19, 0x06, 0x19,
    0x06, 0x19, 0x06, 0x19, 0x06, 0x19, 0x06, 0x19, 0x06, 0x19, 0x06, 0x19, 0x06, 0x19, 0x06, 0x19,
    0x06, 0x19, 0x06, 0x19, 0x06, 0x19, 0x06, 0x19, 0x06, 0x19, 0x06, 0x19, 0x06, 0x19, 0x06, 0x19,
    0x06, 0x19, 0x06, 0x19, 0x06, 0x19, 0x06, 0x19, 0x06, 0x19, 0x06, 0x19, 0x06, 0x19, 0x06, 0x19,
    0x06, 0x19, 0x06, 0x19, 0x06, 0x19, 0x06, 0x19, 0x06, 0x19, 0x06, 0x19, 0x06, 0x19, 0x06, 0x19,
    0x06, 0x19, 0x06, 0x19, 0x06, 0x19, 0x06, 0x19, 0x06, 0x19, 0x06, 0x19, 0x06, 0x19, 0x06, 0x19,
    0x06, 0x19, 0x06, 0x19, 0x06, 0x19, 0x06, 0x19, 0x06, 0x19, 0x06, 0x19, 0x06, 0x19, 0x06, 0x19,
    0x06, 0x19, 0x06, 0x19, 0x06, 0x19, 0x06, 0x19, 0x06, 0x19, 0x06, 0x19, 0x06, 0x19, 0x06, 0x19,
    0x06, 0x19, 0x06, 0x19, 0x06, 0x19, 0x06, 0x19, 0x06, 0x19, 0x06, 0x19, 0xA4, 0x10, 0x62, 0x08,
    0x62, 0x08, 0x62, 0x08, 0x62, 0x08, 0x62, 0x08, 0x62, 0x08, 0x62, 0x08, 0x62, 0x08, 0x62, 0x08,
    0x62, 0x08, 0x62, 0x08, 0x62, 0x08, 0x62, 0x08, 0x62, 0x08, 0x62, 0x08, 0x62, 0x08, 0x62, 0x08,
    0x62, 0x08, 0x62, 0x08, 0x62, 0x08, 0x62, 0x08, 0x62, 0x08, 0x62, 0x08, 0x62, 0x08, 0x62, 0x08,
    0x62, 0x08, 0x62, 0x08, 0x62, 0x08, 0x62, 0x08, 0x62, 0x08, 0x62, 0x08, 0x62, 0x08, 0x62, 0x08,
    0x62, 0x08, 0x62, 0x08, 0x62, 0x08, 0x62, 0x08, 0x62, 0x08, 0x62, 0x08, 0x62, 0x08, 0x62, 0x08,
    0x62, 0x08, 0x62, 0x08, 0x62, 0x08, 0x62, 0x08, 0x62, 0x08, 0x62, 0x08, 0x62, 0x08, 0x62, 0x08,
    0x62, 0x08, 0x62, 0x08, 0x62, 0x08, 0xC4, 0x10, 0x06, 0x19, 0x06, 0x19, 0x06, 0x19, 0x06, 0x19,
    0x06, 0x19, 0x06, 0x19, 0x06, 0x19, 0x06, 0x19, 0x06, 0x19, 0x06, 0x19, 0x06, 0x19, 0x06, 0x19,
    0x06, 0x19, 0x06, 0x19, 0x06, 0x19, 0x06, 0x19, 0x06, 0x19, 0x06, 0x19, 0x06, 0x19, 0x06, 0x19,
    0x06, 0x19, 0x06, 0x19, 0x06, 0x19, 0x06, 0x19, 0x06, 0x19, 0x06, 0x19, 0x06, 0x19, 0x06, 0x19,
    0x06, 0x19, 0x06, 0x19, 0x06, 0x19, 0x06, 0x19, 0x06, 0x19, 0x06, 0x19, 0x06, 0x19, 0x06, 0x19,
    0x06, 0x19, 0x06, 0x19, 0x06, 0x19, 0x06, 0x19, 0x06, 0x19, 0x06, 0x19, 0x06, 0x19, 0x06, 0x19,
    0x06, 0x19, 0x06, 0x19, 0x06, 0x19, 0x06, 0x19, 0x06, 0x19, 0x06, 0x19, 0x06, 0x19, 0x06, 0x19,
    0x06, 0x19, 0x06, 0x19, 0x06, 0x19, 0x06, 0x19, 0x06, 0x19, 0x06, 0x19, 0x06, 0x19, 0x06, 0x19,
    0x06, 0x19, 0x06, 0x19, 0x06, 0x19, 0x06, 0x19, 0x06, 0x19, 0x06, 0x19, 0x06, 0x19, 0x06, 0x19,
    0x06, 0x19, 0x06, 0x19, 0x06, 0x19, 0x06, 0x19, 0x06, 0x19, 0x06, 0x19, 0x06, 0x19, 0x06, 0x19,
    0x06, 0x19, 0x06, 0x19, 0x06, 0x19, 0x06, 0x19, 0x06, 0x19, 0x06, 0x19, 0x06, 0x19, 0x06, 0x19,
    0x06, 0x19, 0x06, 0x19, 0x06, 0x19, 0x06, 0x19, 0x06, 0x19, 0x06, 0x19, 0x06, 0x19, 0x06, 0x19,
    0x06, 0x19, 0x06, 0x19, 0x06, 0x19, 0x06, 0x19, 0x06, 0x19, 0x06, 0x19, 0x06, 0x19, 0x06, 0x19,
    0x06, 0x19, 0x06, 0x19, 0x06, 0x19, 0x06, 0x19, 0x06, 0x19, 0x06, 0x19, 0x06, 0x19, 0x06, 0x19,
    0x06, 0x19, 0x06, 0x19, 0x06, 0x19, 0x06, 0x19, 0x06, 0x19, 0x06, 0x19, 0x06, 0x19, 0x06, 0x19,
    0x06, 0x19, 0x06, 0x19, 0x06, 0x19, 0x06, 0x19, 0x06, 0x19, 0x06, 0x19, 0x06, 0x19, 0x06, 0x19,
    0x06, 0x19, 0x06, 0x19, 0x06, 0x19, 0x06, 0x19, 0x06, 0x19, 0x06, 0x19, 0x06, 0x19, 0x06, 0x19,
    0x06, 0x19, 0x06, 0x19, 0x06, 0x19, 0x06, 0x19, 0x06, 0x19, 0x06, 0x19, 0x06, 0x19, 0x06, 0x19,
    0x06, 0x19, 0x06, 0x19, 0x06, 0x19, 0x06, 0x19, 0x06, 0x19, 0x06, 0x19, 0x06, 0x19, 0x06, 0x19,
    0x06, 0x19, 0x06, 0x19, 0x06, 0x19, 0x06, 0x19, 0x06, 0x19, 0x06, 0x19, 0x06, 0x19, 0x06, 0x19,
    0x06, 0x19, 0x06, 0x19, 0x06, 0x19, 0x06, 0x19, 0x06, 0x19, 0x06, 0x19, 0x06, 0x19, 0x06, 0x19,
    0x06, 0x19, 0x06, 0x19, 0x06, 0x19, 0x06, 0x19, 0x06, 0x19, 0x06, 0x19, 0x06, 0x19, 0x06, 0x19,
    0x06, 0x19, 0x06, 0x19, 0x06, 0x19, 0x06, 0x19, 0x06, 0x19, 0x06, 0x19, 0x06, 0x19, 0x06, 0x19,
    0x06, 0x19, 0x06, 0x19, 0x06, 0x19, 0x06, 0x19, 0x06, 0x19, 0x06, 0x19, 0x06, 0x19, 0x06, 0x19,
    0x06, 0x19, 0x06, 0x19, 0x06, 0x19, 0x06, 0x19, 0x06, 0x19, 0x06, 0x19, 0x06, 0x19, 0x06, 0x19,
    0x06, 0x19, 0x06, 0x19, 0x06, 0x19, 0x06, 0x19, 0x06, 0x19, 0x06, 0x19, 0x06, 0x19, 0x06, 0x19,
    0x06, 0x19, 0x06, 0x19, 0x06, 0x19, 0x06, 0x19, 0x06, 0x19, 0x06, 0x19, 0x06, 0x19, 0x06, 0x19,
    0x06, 0x19, 0x06, 0x19, 0x06, 0x19, 0x06, 0x19, 0x06, 0x19, 0x06, 0x19, 0x06, 0x19, 0x06, 0x19,
    0x06, 0x19, 0x06, 0x19, 0x06, 0x19, 0x06, 0x19, 0x06, 0x19, 0x06, 0x19, 0x06, 0x19, 0x06, 0x19,
    0x06, 0x19, 0x06, 0x19, 0x06, 0x19, 0x06, 0x19, 0x06, 0x19, 0x06, 0x19, 0x06, 0x19, 0x06, 0x19,
    0x06, 0x19, 0x06, 0x19, 0x06, 0x19, 0x06, 0x19, 0x06, 0x19, 0x06, 0x19, 0x06, 0x19, 0x06, 0x19,
    0x06, 0x19, 0x06, 0x19, 0x06, 0x19, 0x06, 0x19, 0x06, 0x19, 0x06, 0x19, 0x06, 0x19, 0x06, 0x19,
    0x06, 0x19, 0x06, 0x19, 0x06, 0x19, 0x06, 0x19, 0x06, 0x19, 0x06, 0x19, 0x06, 0x19, 0x06, 0x19,
    0x06, 0x19, 0x06, 0x19, 0x06, 0x19, 0x06, 0x19, 0x06, 0x19, 0x06, 0x19, 0x06, 0x19, 0x06, 0x19,
    0x06, 0x19, 0x06, 0x19, 0x06, 0x19, 0x06, 0x19, 0x06, 0x19, 0x06, 0x19, 0x06, 0x19, 0x06, 0x19,
    0x06, 0x19, 0x06, 0x19, 0x06, 0x19, 0x06, 0x19, 0x06, 0x19, 0x06, 0x19, 0x26, 0x19, 0x06, 0x19,
    0xE5, 0x10, 0x83, 0x08, 0x62, 0x08, 0x62, 0x08, 0x62, 0x08, 0x62, 0x08, 0x62, 0x08, 0x62, 0x08,
    0x62, 0x08, 0x62, 0x08, 0x62, 0x08, 0x62, 0x08, 0x62, 0x08, 0x62, 0x08, 0x62, 0x08, 0x62, 0x08,
    0x62, 0x08, 0x62, 0x08, 0x62, 0x08, 0x62, 0x08, 0x62, 0x08, 0x62, 0x08, 0x62, 0x08, 0x62, 0x08,
    0x62, 0x08, 0x62, 0x08, 0x62, 0x08, 0x62, 0x08, 0x62, 0x08, 0x62, 0x08, 0x62, 0x08, 0x62, 0x08,
    0x62, 0x08, 0x62, 0x08, 0x62, 0x08, 0x62, 0x08, 0x62, 0x08, 0x62, 0x08, 0x62, 0x08, 0x62, 0x08,
    0x62, 0x08, 0x62, 0x08, 0x62, 0x08, 0x62, 0x08, 0x62, 0x08, 0x62, 0x08, 0x62, 0x08, 0x62, 0x08,
    0x62, 0x08, 0x62, 0x08, 0x62, 0x08, 0x62, 0x08, 0x62, 0x08, 0x62, 0x08, 0x62, 0x08, 0x62, 0x08,
    0x82, 0x08, 0xA4, 0x10, 0xE5, 0x10, 0x05, 0x19, 0x06, 0x19, 0x06, 0x19, 0x06, 0x19, 0x06, 0x19,
    0x06, 0x19, 0x06, 0x19, 0x06, 0x19, 0x06, 0x19, 0x06, 0x19, 0x06, 0x19, 0x06, 0x19, 0x06, 0x19,
    0x06, 0x19, 0x06, 0x19, 0x06, 0x19, 0x06, 0x19, 0x06, 0x19, 0x06, 0x19, 0x06, 0x19, 0x06, 0x19,
    0x06, 0x19, 0x06, 0x19, 0x06, 0x19, 0x06, 0x19, 0x06, 0x19, 0x06, 0x19, 0x06, 0x19, 0x06, 0x19,
    0x06, 0x19, 0x06, 0x19, 0x06, 0x19, 0x06, 0x19, 0x06, 0x19, 0x06, 0x19, 0x06, 0x19, 0x06, 0x19,
    0x06, 0x19, 0x06, 0x19, 0x06, 0x19, 0x06, 0x19, 0x06, 0x19, 0x06, 0x19, 0x06, 0x19, 0x06, 0x19,
    0x06, 0x19, 0x06, 0x19, 0x06, 0x19, 0x06, 0x19, 0x06, 0x19, 0x06, 0x19, 0x06, 0x19, 0x06, 0x19,
    0x06, 0x19, 0x06, 0x19, 0x06, 0x19, 0x06, 0x19, 0x06, 0x19, 0x06, 0x19, 0x06, 0x19, 0x06, 0x19,
    0x06, 0x19, 0x06, 0x19, 0x06, 0x19, 0x06, 0x19, 0x06, 0x19, 0x06, 0x19, 0x06, 0x19, 0x06, 0x19,
    0x06, 0x19, 0x06, 0x19, 0x06, 0x19, 0x06, 0x19, 0x06, 0x19, 0x06, 0x19, 0x06, 0x19, 0x06, 0x19,
    0x06, 0x19, 0x06, 0x19, 0x06, 0x19, 0x06, 0x19, 0x06, 0x19, 0x06, 0x19, 0x06, 0x19, 0x06, 0x19,
    0x06, 0x19, 0x06, 0x19, 0x06, 0x19, 0x06, 0x19, 0x06, 0x19, 0x06, 0x19, 0x06, 0x19, 0x06, 0x19,
    0x05, 0x19, 0x05, 0x19, 0x05, 0x19, 0x05, 0x19, 0x05, 0x19, 0x05, 0x19, 0x05, 0x19, 0x05, 0x19,
    0x05, 0x19, 0x05, 0x19, 0x05, 0x19, 0x05, 0x19, 0x05, 0x19, 0x05, 0x19, 0x05, 0x19, 0x05, 0x19,
    0x05, 0x19, 0x05, 0x19, 0x05, 0x19, 0x05, 0x19, 0x05, 0x19, 0x05, 0x19, 0x05, 0x19, 0x05, 0x19,
    0x05, 0x19, 0x05, 0x19, 0x05, 0x19, 0x05, 0x19, 0x05, 0x19, 0x05, 0x19, 0x05, 0x19, 0x05, 0x19,
    0x05, 0x19, 0x05, 0x19, 0x05, 0x19, 0x05, 0x19, 0x05, 0x19, 0x05, 0x19, 0x05, 0x19, 0x05, 0x19,
    0x05, 0x19, 0x05, 0x19, 0x05, 0x19, 0x05, 0x19, 0x05, 0x19, 0x05, 0x19, 0x05, 0x19, 0x05, 0x19,
    0x05, 0x19, 0x05, 0x19, 0x05, 0x19, 0x05, 0x19, 0x05, 0x19, 0x05, 0x19, 0x05, 0x19, 0x05, 0x19,
    0x05, 0x19, 0x05, 0x19, 0x05, 0x19, 0x05, 0x19, 0x05, 0x19, 0x05, 0x19, 0x05, 0x19, 0x05, 0x19,
    0x05, 0x19, 0x05, 0x19, 0x05, 0x19, 0x05, 0x19, 0x05, 0x19, 0x05, 0x19, 0x05, 0x19, 0x05, 0x19,
    0x05, 0x19, 0x05, 0x19, 0x05, 0x19, 0x05, 0x19, 0x05, 0x19, 0x05, 0x19, 0x05, 0x19, 0x05, 0x19,
    0x05, 0x19, 0x05, 0x19, 0x05, 0x19, 0x05, 0x19, 0x05, 0x19, 0x05, 0x19, 0x05, 0x19, 0x05, 0x19,
    0x05, 0x19, 0x05, 0x19, 0x05, 0x19, 0x06, 0x19, 0x06, 0x19, 0x06, 0x19, 0x06, 0x19, 0x06, 0x19,
    0x06, 0x19, 0x06, 0x19, 0x06, 0x19, 0x06, 0x19, 0x06, 0x19, 0x06, 0x19, 0x06, 0x19, 0x06, 0x19,
    0x06, 0x19, 0x06, 0x19, 0x06, 0x19, 0x06, 0x19, 0x06, 0x19, 0x06, 0x19, 0x06, 0x19, 0x06, 0x19,
    0x06, 0x19, 0x06, 0x19, 0x06, 0x19, 0x06, 0x19, 0x06, 0x19, 0x06, 0x19, 0x06, 0x19, 0x06, 0x19,
    0x06, 0x19, 0x06, 0x19, 0x06, 0x19, 0x06, 0x19, 0x06, 0x19, 0x06, 0x19, 0x06, 0x19, 0x06, 0x19,
    0x06, 0x19, 0x06, 0x19, 0x06, 0x19, 0x06, 0x19, 0x06, 0x19, 0x06, 0x19, 0x06, 0x19, 0x06, 0x19,
    0x06, 0x19, 0x06, 0x19, 0x06, 0x19, 0x06, 0x19, 0x06, 0x19, 0x06, 0x19, 0x06, 0x19, 0x06, 0x19,
    0x06, 0x19, 0x06, 0x19, 0x06, 0x19, 0x06, 0x19, 0x06, 0x19, 0x06, 0x19, 0x06, 0x19, 0x06, 0x19,
    0x06, 0x19, 0x06, 0x19, 0x06, 0x19, 0x06, 0x19, 0x06, 0x19, 0x06, 0x19, 0x06, 0x19, 0x06, 0x19,
    0x06, 0x19, 0x06, 0x19, 0x06, 0x19, 0x06, 0x19, 0x06, 0x19, 0x06, 0x19, 0x06, 0x19, 0x06, 0x19,
    0x06, 0x19, 0x06, 0x19, 0x06, 0x19, 0x06, 0x19, 0x06, 0x19, 0x06, 0x19, 0x06, 0x19, 0x06, 0x19,
    0x06, 0x19, 0x06, 0x19, 0x06, 0x19, 0x06, 0x19, 0x06, 0x19, 0x06, 0x19, 0x06, 0x19, 0x06, 0x19,
    0x05, 0x19, 0xE5, 0x10, 0xC4, 0x10, 0x83, 0x08, 0x62, 0x08, 0x62, 0x08, 0x62, 0x08, 0x62, 0x08,
    0x62, 0x08, 0x62, 0x08, 0x62, 0x08, 0x62, 0x08, 0x62, 0x08, 0x62, 0x08, 0x62, 0x08, 0x62, 0x08,
    0x62, 0x08, 0x62, 0x08, 0x62, 0x08, 0x62, 0x08, 0x62, 0x08, 0x62, 0x08, 0x62, 0x08, 0x62, 0x08,
    0x62, 0x08, 0x62, 0x08, 0x62, 0x08, 0x62, 0x08, 0x62, 0x08, 0x62, 0x08, 0x62, 0x08, 0x62, 0x08,
    0x62, 0x08, 0x62, 0x08, 0x62, 0x08, 0x62, 0x08, 0x62, 0x08, 0x62, 0x08, 0x62, 0x08, 0x62, 0x08,
    0x62, 0x08, 0x62, 0x08, 0x62, 0x08, 0x62, 0x08, 0x62, 0x08, 0x62, 0x08, 0x62, 0x08, 0x62, 0x08,
    0x62, 0x08, 0x62, 0x08, 0x62, 0x08, 0x62, 0x08, 0x62, 0x08, 0x62, 0x08, 0x62, 0x08, 0x62, 0x08,
    0x62, 0x08, 0x62, 0x08, 0x62, 0x08, 0x62, 0x08, 0x62, 0x08, 0x62, 0x08, 0x62, 0x08, 0x62, 0x08,
    0x83, 0x08, 0x83, 0x08, 0x83, 0x08, 0x83, 0x08, 0x83, 0x08, 0xA3, 0x08, 0xA3, 0x08, 0xA3, 0x08,
    0xA3, 0x08, 0xA3, 0x08, 0xA3, 0x08, 0xA3, 0x08, 0xA3, 0x08, 0xA3, 0x08, 0xA3, 0x08, 0xA3, 0x08,
    0xA3, 0x08, 0xA3, 0x08, 0xA3, 0x08, 0xA3, 0x08, 0xA3, 0x08, 0xA3, 0x08, 0xA3, 0x08, 0xA3, 0x08,
    0xA3, 0x08, 0xA3, 0x08, 0xA3, 0x08, 0xA3, 0x08, 0xA3, 0x08, 0xA4, 0x08, 0xC4, 0x08, 0xC4, 0x08,
    0xC4, 0x08, 0xC4, 0x08, 0xC4, 0x08, 0xC4, 0x08, 0xC4, 0x08, 0xC4, 0x08, 0xC4, 0x08, 0xC4, 0x08,
    0xC4, 0x08, 0xC4, 0x08, 0xC4, 0x08, 0xC4, 0x08, 0xC4, 0x10, 0xC4, 0x10, 0xC4, 0x10, 0xE4, 0x10,
    0xE4, 0x10, 0xE4, 0x10, 0xE4, 0x10, 0xE4, 0x10, 0xE4, 0x10, 0xE4, 0x10, 0xE4, 0x10, 0xE4, 0x10,
    0xE5, 0x10, 0xE5, 0x10, 0x05, 0x11, 0x05, 0x11, 0x05, 0x11, 0x05, 0x11, 0x05, 0x11, 0x05, 0x11,
    0x05, 0x11, 0x05, 0x11, 0x05, 0x11, 0x05, 0x11, 0x05, 0x11, 0x25, 0x11, 0x25, 0x11, 0x25, 0x11,
    0x25, 0x11, 0x25, 0x11, 0x25, 0x11, 0x25, 0x11, 0x26, 0x11, 0x26, 0x11, 0x46, 0x11, 0x46, 0x11,
    0x46, 0x11, 0x46, 0x11, 0x46, 0x11, 0x46, 0x11, 0x46, 0x11, 0x46, 0x11, 0x66, 0x11, 0x66, 0x11,
    0x66, 0x11, 0x66, 0x11, 0x66, 0x11, 0x66, 0x11, 0x67, 0x11, 0x67, 0x11, 0x87, 0x11, 0x87, 0x11,
    0x87, 0x11, 0x87, 0x11, 0x87, 0x11, 0x87, 0x11, 0x87, 0x11, 0xA7, 0x11, 0xA7, 0x11, 0xA7, 0x11,
    0xA7, 0x11, 0xA8, 0x11, 0xA8, 0x11, 0xA8, 0x11, 0xA8, 0x11, 0xC8, 0x11, 0xC8, 0x11, 0xC8, 0x11,
    0xC8, 0x11, 0xC8, 0x11, 0xC8, 0x11, 0xC8, 0x11, 0xE8, 0x11, 0xE8, 0x11, 0xE8, 0x11, 0xE9, 0x11,
    0xE9, 0x11, 0xE9, 0x11, 0xE9, 0x11, 0x09, 0x12, 0x09, 0x12, 0x09, 0x12, 0x09, 0x12, 0x09, 0x12,
    0x09, 0x12, 0x09, 0x12, 0x09, 0x12, 0x09, 0x12, 0x09, 0x12, 0x09, 0x12, 0x09, 0x12, 0x29, 0x12,
    0x29, 0x12, 0x29, 0x12, 0x29, 0x12, 0x29, 0x12, 0x29, 0x12, 0x09, 0x12, 0x09, 0x12, 0x09, 0x12,
    0x09, 0x12, 0x09, 0x12, 0x09, 0x12, 0x09, 0x12, 0x09, 0x12, 0x09, 0x12, 0x09, 0x12, 0x09, 0x12,
    0x09, 0x12, 0xE9, 0x11, 0xE9, 0x11, 0xE9, 0x11, 0xE9, 0x11, 0xE8, 0x11, 0xE8, 0x11, 0xE8, 0x11,
    0xC8, 0x11, 0xC8, 0x11, 0xC8, 0x11, 0xC8, 0x11, 0xC8, 0x11, 0xC8, 0x11, 0xC8, 0x11, 0xC8, 0x11,
    0xA8, 0x11, 0xA8, 0x11, 0xA8, 0x11, 0xA7, 0x11, 0xA7, 0x11, 0xA7, 0x11, 0xA7, 0x11, 0x87, 0x11,
    0x87, 0x11, 0x87, 0x11, 0x87, 0x11, 0x87, 0x11, 0x87, 0x11, 0x87, 0x11, 0x67, 0x11, 0x67, 0x11,
    0x66, 0x11, 0x66, 0x11, 0x66, 0x11, 0x66, 0x11, 0x66, 0x11, 0x66, 0x11, 0x46, 0x11, 0x46, 0x11,
    0x46, 0x11, 0x46, 0x11, 0x46, 0x11, 0x46, 0x11, 0x46, 0x11, 0x46, 0x11, 0x26, 0x11, 0x26, 0x11,
    0x25, 0x11, 0x25, 0x11, 0x25, 0x11, 0x25, 0x11, 0x25, 0x11, 0x25, 0x11, 0x25, 0x11, 0x05, 0x11,
    0x05, 0x11, 0x05, 0x11, 0x05, 0x11, 0x05, 0x11, 0x05, 0x11, 0x05, 0x11, 0x05, 0x11, 0x05, 0x11,
    0x05, 0x11, 0x05, 0x11, 0xE5, 0x10, 0xE5, 0x10, 0xE4, 0x10, 0xE4, 0x10, 0xE4, 0x10, 0xE4, 0x10,
    0xE4, 0x10, 0xE4, 0x10, 0xE4, 0x10, 0xE4, 0x10, 0xE4, 0x10, 0xC4, 0x10, 0xC4, 0x10, 0xC4, 0x10,
    0xC4, 0x08, 0xC4, 0x08, 0xC4, 0x08, 0xC4, 0x08, 0xC4, 0x08, 0xC4, 0x08, 0xC4, 0x08, 0xC4, 0x08,
    0xC4, 0x08, 0xC4, 0x08, 0xC4, 0x08, 0xC4, 0x08, 0xC4, 0x08, 0xC4, 0x08, 0xA4, 0x08, 0xA3, 0x08,
    0xA3, 0x08, 0xA3, 0x08, 0xA3, 0x08, 0xA3, 0x08, 0xA3, 0x08, 0xA3, 0x08, 0xA3, 0x08, 0xA3, 0x08,
    0xA3, 0x08, 0xA3, 0x08, 0xA3, 0x08, 0xA3, 0x08, 0xA3, 0x08, 0xA3, 0x08, 0xA3, 0x08, 0xA3, 0x08,
    0xA3, 0x08, 0xA3, 0x08, 0xA3, 0x08, 0xA3, 0x08, 0xA3, 0x08, 0xA3, 0x08, 0xA3, 0x08, 0x83, 0x08,
    0x83, 0x08, 0x83, 0x08, 0x83, 0x08, 0x83, 0x08, 0x82, 0x08, 0x62, 0x08, 0x62, 0x08, 0x62, 0x08,
    0x62, 0x08, 0x62, 0x08, 0x62, 0x08, 0x62, 0x08, 0x62, 0x08, 0x62, 0x08, 0x62, 0x08, 0x62, 0x08,
    0x62, 0x08, 0x62, 0x08, 0x62, 0x08, 0x62, 0x08, 0x62, 0x08, 0x62, 0x08, 0x62, 0x08, 0x62, 0x08,
    0x62, 0x08, 0x62, 0x08, 0x62, 0x08, 0x62, 0x08, 0x62, 0x08, 0x62, 0x08, 0x62, 0x08, 0x62, 0x08,
    0x62, 0x08, 0x62, 0x08, 0x62, 0x08, 0x62, 0x08, 0x62, 0x08, 0x62, 0x08, 0x62, 0x08, 0x62, 0x08,
    0x62, 0x08, 0x62, 0x08, 0x62, 0x08, 0x62, 0x08, 0x62, 0x08, 0x62, 0x08, 0x62, 0x08, 0x62, 0x08,
    0x62, 0x08, 0x62, 0x08, 0x62, 0x08, 0x62, 0x08, 0x62, 0x08, 0x62, 0x08, 0x62, 0x08, 0x62, 0x08,
    0x62, 0x08, 0x62, 0x08, 0x62, 0x08, 0x62, 0x08, 0x62, 0x08, 0x62, 0x08, 0x62, 0x08, 0x62, 0x08,
    0x62, 0x08, 0x62, 0x08, 0x62, 0x08, 0x62, 0x08, 0x62, 0x08, 0x62, 0x08, 0x62, 0x08, 0x62, 0x08,
    0x62, 0x08, 0x62, 0x08, 0x62, 0x08, 0x62, 0x08, 0x62, 0x08, 0x62, 0x08, 0x62, 0x08, 0x62, 0x08,
    0x62, 0x08, 0x62, 0x08, 0x62, 0x08, 0x62, 0x08, 0x62, 0x08, 0x62, 0x08, 0x82, 0x08, 0x82, 0x08,
    0x82, 0x08, 0x82, 0x08, 0x82, 0x08, 0x82, 0x08, 0x82, 0x08, 0x83, 0x08, 0x83, 0x08, 0x83, 0x08,
    0x83, 0x08, 0x83, 0x08, 0x83, 0x08, 0x83, 0x08, 0x83, 0x08, 0xA3, 0x08, 0xA3, 0x08, 0xA3, 0x08,
    0xA3, 0x08, 0xA3, 0x08, 0xA3, 0x08, 0xA3, 0x08, 0xA3, 0x08, 0xA3, 0x08, 0xA3, 0x08, 0xA3, 0x08,
    0xA3, 0x08, 0xC3, 0x08, 0xC3, 0x08, 0xC3, 0x08, 0xC4, 0x08, 0xC4, 0x08, 0xC4, 0x08, 0xC4, 0x08,
    0xE4, 0x08, 0xE4, 0x08, 0xE4, 0x08, 0xE4, 0x08, 0xE4, 0x08, 0xE4, 0x08, 0xE4, 0x08, 0xE4, 0x08,
    0x04, 0x09, 0x04, 0x09, 0x04, 0x09, 0x05, 0x09, 0x05, 0x09, 0x05, 0x09, 0x05, 0x09, 0x05, 0x09,
    0x25, 0x09, 0x25, 0x09, 0x25, 0x09, 0x25, 0x09, 0x25, 0x09, 0x25, 0x09, 0x25, 0x09, 0x45, 0x09,
    0x46, 0x09, 0x46, 0x09, 0x46, 0x09, 0x46, 0x09, 0x46, 0x09, 0x66, 0x09, 0x66, 0x09, 0x66, 0x09,
    0x66, 0x09, 0x66, 0x09, 0x86, 0x09, 0x86, 0x09, 0x87, 0x09, 0x87, 0x09, 0x87, 0x09, 0x87, 0x09,
    0xA7, 0x09, 0xA7, 0x09, 0xA7, 0x11, 0xA7, 0x11, 0xA7, 0x11, 0xA7, 0x11, 0xC8, 0x11, 0xC8, 0x11,
    0xC8, 0x11, 0xC8, 0x11, 0xC8, 0x11, 0xE8, 0x11, 0xE8, 0x11, 0xE8, 0x11, 0xE8, 0x11, 0xE8, 0x11,
    0x09, 0x12, 0x09, 0x12, 0x09, 0x12, 0x09, 0x12, 0x09, 0x12, 0x29, 0x12, 0x29, 0x12, 0x29, 0x12,
    0x29, 0x12, 0x2A, 0x12, 0x4A, 0x12, 0x4A, 0x12, 0x4A, 0x12, 0x4A, 0x12, 0x4A, 0x12, 0x4A, 0x12,
    0x6A, 0x12, 0x6A, 0x12, 0x6A, 0x12, 0x6A, 0x12, 0x6A, 0x12, 0x6B, 0x12, 0x6B, 0x12, 0x8B, 0x12,
    0x8B, 0x12, 0x8B, 0x12, 0x8B, 0x12, 0x8B, 0x12, 0x8B, 0x12, 0x8B, 0x12, 0x8B, 0x12, 0x8B, 0x12,
    0x8B, 0x12, 0x8B, 0x12, 0x8B, 0x12, 0x8B, 0x12, 0x8B, 0x12, 0x6B, 0x12, 0x6B, 0x12, 0x6A, 0x12,
    0x6A, 0x12, 0x6A, 0x12, 0x6A, 0x12, 0x6A, 0x12, 0x4A, 0x12, 0x4A, 0x12, 0x4A, 0x12, 0x4A, 0x12,
    0x4A, 0x12, 0x4A, 0x12, 0x2A, 0x12, 0x29, 0x12, 0x29, 0x12, 0x29, 0x12, 0x29, 0x12, 0x09, 0x12,
    0x09, 0x12, 0x09, 0x12, 0x09, 0x12, 0x09, 0x12, 0xE8, 0x11, 0xE8, 0x11, 0xE8, 0x11, 0xE8, 0x11,
    0xE8, 0x11, 0xC8, 0x11, 0xC8, 0x11, 0xC8, 0x11, 0xC8, 0x11, 0xC8, 0x11, 0xC7, 0x11, 0xA7, 0x11,
    0xA7, 0x11, 0xA7, 0x11, 0xA7, 0x11, 0xA7, 0x09, 0x87, 0x09, 0x87, 0x09, 0x87, 0x09, 0x87, 0x09,
    0x86, 0x09, 0x86, 0x09, 0x66, 0x09, 0x66, 0x09, 0x66, 0x09, 0x66, 0x09, 0x66, 0x09, 0x46, 0x09,
    0x46, 0x09, 0x46, 0x09, 0x46, 0x09, 0x46, 0x09, 0x45, 0x09, 0x25, 0x09, 0x25, 0x09, 0x25, 0x09,
    0x25, 0x09, 0x25, 0x09, 0x25, 0x09, 0x25, 0x09, 0x05, 0x09, 0x05, 0x09, 0x05, 0x09, 0x05, 0x09,
    0x05, 0x09, 0x04, 0x09, 0x04, 0x09, 0x04, 0x09, 0xE4, 0x08, 0xE4, 0x08, 0xE4, 0x08, 0xE4, 0x08,
    0xE4, 0x08, 0xE4, 0x08, 0xE4, 0x08, 0xE4, 0x08, 0xC4, 0x08, 0xC4, 0x08, 0xC4, 0x08, 0xC4, 0x08,
    0xC3, 0x08, 0xC3, 0x08, 0xC3, 0x08, 0xC3, 0x08, 0xA3, 0x08, 0xA3, 0x08, 0xA3, 0x08, 0xA3, 0x08,
    0xA3, 0x08, 0xA3, 0x08, 0xA3, 0x08, 0xA3, 0x08, 0xA3, 0x08, 0xA3, 0x08, 0xA3, 0x08, 0x83, 0x08,
    0x83, 0x08, 0x83, 0x08, 0x83, 0x08, 0x83, 0x08, 0x83, 0x08, 0x83, 0x08, 0x83, 0x08, 0x82, 0x08,
    0x82, 0x08, 0x82, 0x08, 0x82, 0x08, 0x82, 0x08, 0x82, 0x08, 0x82, 0x08, 0x62, 0x08, 0x62, 0x08,
    0x62, 0x08, 0x62, 0x08, 0x62, 0x08, 0x62, 0x08, 0x62, 0x08, 0x62, 0x08, 0x62, 0x08, 0x62, 0x08,
    0x62, 0x08, 0x62, 0x08, 0x62, 0x08, 0x62, 0x08, 0x62, 0x08, 0x62, 0x08, 0x62, 0x08, 0x62, 0x08,
    0x62, 0x08, 0x62, 0x08, 0x62, 0x08, 0x62, 0x08, 0x62, 0x08, 0x62, 0x08, 0x62, 0x08, 0x62, 0x08,
    0x62, 0x08, 0x62, 0x08, 0x62, 0x08, 0x62, 0x08, 0x62, 0x08, 0x62, 0x08, 0x62, 0x08, 0x62, 0x08,
    0x62, 0x08, 0x62, 0x08, 0x62, 0x08, 0x62, 0x08, 0x62, 0x08, 0x62, 0x08, 0x62, 0x08, 0x62, 0x08,
    0x62, 0x08, 0x62, 0x08, 0x62, 0x08, 0x62, 0x08, 0x62, 0x08, 0x62, 0x08, 0x62, 0x08, 0x62, 0x08,
    0x62, 0x08, 0x62, 0x08, 0x62, 0x08, 0x62, 0x08, 0x62, 0x08, 0x62, 0x08, 0x62, 0x08, 0x62, 0x08,
    0x62, 0x08, 0x62, 0x08, 0x62, 0x08, 0x62, 0x08, 0x62, 0x08, 0x62, 0x08, 0x62, 0x08, 0x62, 0x08,
    0x62, 0x08, 0x62, 0x08, 0x62, 0x08, 0x62, 0x08, 0x62, 0x08, 0x62, 0x08, 0x62, 0x08, 0x62, 0x08,
    0x62, 0x08, 0x62, 0x08, 0x62, 0x08, 0x62, 0x08, 0x62, 0x08, 0x62, 0x08, 0x62, 0x08, 0x62, 0x08,
    0x62, 0x08, 0x62, 0x08, 0x62, 0x08, 0x62, 0x08, 0x62, 0x08, 0x62, 0x08, 0x62, 0x08, 0x62, 0x08,
    0x62, 0x08, 0x62, 0x08, 0x62, 0x08, 0x62, 0x08, 0x62, 0x08, 0x82, 0x08, 0x82, 0x08, 0x82, 0x08,
    0x82, 0x08, 0x82, 0x08, 0x82, 0x08, 0x82, 0x08, 0x82, 0x08, 0x82, 0x08, 0x83, 0x08, 0x83, 0x08,
    0x83, 0x08, 0x83, 0x08, 0x83, 0x08, 0x83, 0x08, 0x83, 0x08, 0x83, 0x08, 0xA3, 0x08, 0xA3, 0x08,
    0xA3, 0x08, 0xA3, 0x08, 0xA3, 0x08, 0xA3, 0x08, 0xA3, 0x08, 0xA3, 0x08, 0xA3, 0x08, 0xA3, 0x08,
    0xA3, 0x08, 0xA3, 0x08, 0xC3, 0x08, 0xC3, 0x08, 0xC3, 0x08, 0xC3, 0x08, 0xC4, 0x08, 0xC4, 0x08,
    0xC4, 0x08, 0xC4, 0x08, 0xC4, 0x08, 0xC4, 0x08, 0xE4, 0x08, 0xE4, 0x08, 0xE4, 0x08, 0xE4, 0x08,
    0xE4, 0x08, 0xE4, 0x08, 0xE4, 0x08, 0xE4, 0x08, 0x04, 0x09, 0x04, 0x09, 0x04, 0x09, 0x05, 0x09,
    0x05, 0x09, 0x05, 0x09, 0x05, 0x09, 0x05, 0x09, 0x25, 0x09, 0x25, 0x09, 0x25, 0x09, 0x25, 0x09,
    0x25, 0x09, 0x25, 0x09, 0x25, 0x09, 0x45, 0x09, 0x46, 0x09, 0x46, 0x09, 0x46, 0x09, 0x46, 0x09,
    0x46, 0x09, 0x46, 0x09, 0x66, 0x09, 0x66, 0x09, 0x66, 0x09, 0x66, 0x09, 0x66, 0x11, 0x66, 0x11,
    0x87, 0x11, 0x87, 0x11, 0x87, 0x11, 0x87, 0x11, 0x87, 0x11, 0x87, 0x11, 0xA7, 0x11, 0xA7, 0x11,
    0xA7, 0x11, 0xA7, 0x11, 0xA7, 0x11, 0xA7, 0x11, 0xC8, 0x11, 0xC8, 0x11, 0xC8, 0x11, 0xC8, 0x11,
    0xC8, 0x11, 0xE8, 0x11, 0xE8, 0x11, 0xE8, 0x11, 0xE8, 0x11, 0xE8, 0x11, 0xE9, 0x11, 0x09, 0x12,
    0x09, 0x12, 0x09, 0x12, 0x09, 0x12, 0x09, 0x12, 0x09, 0x12, 0x29, 0x12, 0x29, 0x12, 0x29, 0x12,
    0x29, 0x12, 0x2A, 0x12, 0x2A, 0x12, 0x4A, 0x12, 0x4A, 0x12, 0x4A, 0x12, 0x4A, 0x12, 0x4A, 0x12,
    0x4A, 0x12, 0x4A, 0x12, 0x4A, 0x12, 0x6A, 0x12, 0x6A, 0x12, 0x6A, 0x12, 0x6A, 0x12, 0x6A, 0x12,
    0x6A, 0x12, 0x6A, 0x12, 0x6A, 0x12, 0x6A, 0x12, 0x6A, 0x12, 0x6A, 0x12, 0x6A, 0x12, 0x6A, 0x12,
    0x6A, 0x12, 0x6A, 0x12, 0x4A, 0x12, 0x4A, 0x12, 0x4A, 0x12, 0x4A, 0x12, 0x4A, 0x12, 0x4A, 0x12,
    0x4A, 0x12, 0x4A, 0x12, 0x2A, 0x12, 0x29, 0x12, 0x29, 0x12, 0x29, 0x12, 0x29, 0x12, 0x29, 0x12,
    0x09, 0x12, 0x09, 0x12, 0x09, 0x12, 0x09, 0x12, 0x09, 0x12, 0xE9, 0x11, 0xE8, 0x11, 0xE8, 0x11,
    0xE8, 0x11, 0xE8, 0x11, 0xE8, 0x11, 0xC8, 0x11, 0xC8, 0x11, 0xC8, 0x11, 0xC8, 0x11, 0xC8, 0x11,
    0xA8, 0x11, 0xA7, 0x11, 0xA7, 0x11, 0xA7, 0x11, 0xA7, 0x11, 0xA7, 0x11, 0x87, 0x11, 0x87, 0x11,
    0x87, 0x11, 0x87, 0x11, 0x87, 0x11, 0x87, 0x11, 0x66, 0x11, 0x66, 0x11, 0x66, 0x09, 0x66, 0x09,
    0x66, 0x09, 0x66, 0x09, 0x46, 0x09, 0x46, 0x09, 0x46, 0x09, 0x46, 0x09, 0x46, 0x09, 0x46, 0x09,
    0x45, 0x09, 0x25, 0x09, 0x25, 0x09, 0x25, 0x09, 0x25, 0x09, 0x25, 0x09, 0x25, 0x09, 0x25, 0x09,
    0x05, 0x09, 0x05, 0x09, 0x05, 0x09, 0x05, 0x09, 0x05, 0x09, 0x04, 0x09, 0x04, 0x09, 0x04, 0x09,
    0xE4, 0x08, 0xE4, 0x08, 0xE4, 0x08, 0xE4, 0x08, 0xE4, 0x08, 0xE4, 0x08, 0xE4, 0x08, 0xE4, 0x08,
    0xC4, 0x08, 0xC4, 0x08, 0xC4, 0x08, 0xC4, 0x08, 0xC4, 0x08, 0xC4, 0x08, 0xC3, 0x08, 0xC3, 0x08,
    0xC3, 0x08, 0xC3, 0x08, 0xA3, 0x08, 0xA3, 0x08, 0xA3, 0x08, 0xA3, 0x08, 0xA3, 0x08, 0xA3, 0x08,
    0xA3, 0x08, 0xA3, 0x08, 0xA3, 0x08, 0xA3, 0x08, 0xA3, 0x08, 0xA3, 0x08, 0x83, 0x08, 0x83, 0x08,
    0x83, 0x08, 0x83, 0x08, 0x83, 0x08, 0x83, 0x08, 0x83, 0x08, 0x83, 0x08, 0x83, 0x08, 0x82, 0x08,
    0x82, 0x08, 0x82, 0x08, 0x82, 0x08, 0x82, 0x08, 0x82, 0x08, 0x82, 0x08, 0x82, 0x08, 0x82, 0x08,
    0x62, 0x08, 0x62, 0x08, 0x62, 0x08, 0x62, 0x08, 0x62, 0x08, 0x62, 0x08, 0x62, 0x08, 0x62, 0x08,
    0x62, 0x08, 0x62, 0x08, 0x62, 0x08, 0x62, 0x08, 0x62, 0x08, 0x62, 0x08, 0x62, 0x08, 0x62, 0x08,
    0x62, 0x08, 0x62, 0x08, 0x62, 0x08, 0x62, 0x08, 0x62, 0x08, 0x62, 0x08, 0x62, 0x08, 0x62, 0x08,
    0x62, 0x08, 0x62, 0x08, 0x62, 0x08, 0x62, 0x08, 0x62, 0x08, 0x62, 0x08, 0x62, 0x08, 0x62, 0x08,
    0x62, 0x08, 0x62, 0x08, 0x62, 0x08, 0x62, 0x08, 0x62, 0x08, 0x62, 0x08, 0x62, 0x08, 0x62, 0x08,
    0x62, 0x08, 0x62, 0x08, 0x62, 0x08, 0x62, 0x08, 0x62, 0x08, 0x62, 0x08, 0x62, 0x08, 0x62, 0x08,
    0x62, 0x08, 0x62, 0x08, 0x62, 0x08, 0x62, 0x08, 0x62, 0x08, 0x62, 0x08, 0x62, 0x08, 0x62, 0x08,
    0x62, 0x08, 0x62, 0x08, 0x62, 0x08, 0x62, 0x08, 0x62, 0x08, 0x62, 0x08, 0x62, 0x08, 0x62, 0x08,
    0x62, 0x08, 0x62, 0x08, 0x62, 0x08, 0x62, 0x08, 0x62, 0x08, 0x62, 0x08, 0x62, 0x08, 0x62, 0x08,
    0x62, 0x08, 0x62, 0x08, 0x62, 0x08, 0x62, 0x08, 0x62, 0x08, 0x62, 0x08, 0x62, 0x08, 0x62, 0x08,
    0x62, 0x08, 0x62, 0x08, 0x62, 0x08, 0x62, 0x08, 0x62, 0x08, 0x62, 0x08, 0x62, 0x08, 0x62, 0x08,
    0x62, 0x08, 0x82, 0x08, 0x82, 0x08, 0x82, 0x08, 0x82, 0x08, 0x82, 0x08, 0x82, 0x08, 0x82, 0x08,
    0x82, 0x08, 0x82, 0x08, 0x83, 0x08, 0x83, 0x08, 0x83, 0x08, 0x83, 0x08, 0x83, 0x08, 0x83, 0x08,
    0x83, 0x08, 0x83, 0x08, 0xA3, 0x08, 0xA3, 0x08, 0xA3, 0x08, 0xA3, 0x08, 0xA3, 0x08, 0xA3, 0x08,
    0xA3, 0x08, 0xA3, 0x08, 0xA3, 0x08, 0xA3, 0x08, 0xA3, 0x08, 0xA3, 0x08, 0xC3, 0x08, 0xC3, 0x08,
    0xC3, 0x08, 0xC3, 0x08, 0xC4, 0x08, 0xC4, 0x08, 0xC4, 0x08, 0xC4, 0x08, 0xC4, 0x08, 0xC4, 0x08,
    0xE4, 0x08, 0xE4, 0x08, 0xE4, 0x08, 0xE4, 0x08, 0xE4, 0x08, 0xE4, 0x08, 0xE4, 0x08, 0xE4, 0x08,
    0xE4, 0x08, 0x04, 0x09, 0x04, 0x09, 0x05, 0x09, 0x05, 0x09, 0x05, 0x09, 0x05, 0x09, 0x05, 0x09,
    0x05, 0x09, 0x25, 0x09, 0x25, 0x09, 0x25, 0x09, 0x25, 0x09, 0x25, 0x09, 0x25, 0x09, 0x45, 0x09,
    0x45, 0x09, 0x46, 0x09, 0x46, 0x09, 0x46, 0x09, 0x46, 0x09, 0x46, 0x09, 0x66, 0x09, 0x66, 0x09,
    0x66, 0x09, 0x66, 0x09, 0x66, 0x11, 0x66, 0x11, 0x86, 0x11, 0x87, 0x11, 0x87, 0x11, 0x87, 0x11,
    0x87, 0x11, 0x87, 0x11, 0xA7, 0x11, 0xA7, 0x11, 0xA7, 0x11, 0xA7, 0x11, 0xA7, 0x11, 0xA7, 0x11,
    0xC8, 0x11, 0xC8, 0x11, 0xC8, 0x11, 0xC8, 0x11, 0xC8, 0x11, 0xC8, 0x11, 0xE8, 0x11, 0xE8, 0x11,
    0xE8, 0x11, 0xE8, 0x11, 0xE8, 0x11, 0x09, 0x12, 0x09, 0x12, 0x09, 0x12, 0x09, 0x12, 0x09, 0x12,
    0x09, 0x12, 0x29, 0x12, 0x29, 0x12, 0x29, 0x12, 0x29, 0x12, 0x29, 0x12, 0x2A, 0x12, 0x4A, 0x12,
    0x4A, 0x12, 0x4A, 0x12, 0x4A, 0x12, 0x4A, 0x12, 0x4A, 0x12, 0x4A, 0x12, 0x4A, 0x12, 0x6A, 0x12,
    0x6A, 0x12, 0x6A, 0x12, 0x6A, 0x12, 0x6A, 0x12, 0x6A, 0x12, 0x6A, 0x12, 0x6A, 0x12, 0x6A, 0x12,
    0x6A, 0x12, 0x6A, 0x12, 0x6A, 0x12, 0x6A, 0x12, 0x4A, 0x12, 0x4A, 0x12, 0x4A, 0x12, 0x4A, 0x12,
    0x4A, 0x12, 0x4A, 0x12, 0x4A, 0x12, 0x4A, 0x12, 0x4A, 0x12, 0x2A, 0x12, 0x29, 0x12, 0x29, 0x12,
    0x29, 0x12, 0x29, 0x12, 0x29, 0x12, 0x29, 0x12, 0x09, 0x12, 0x09, 0x12, 0x09, 0x12, 0x09, 0x12,
    0x09, 0x12, 0xE9, 0x11, 0xE8, 0x11, 0xE8, 0x11, 0xE8, 0x11, 0xE8, 0x11, 0xE8, 0x11, 0xC8, 0x11,
    0xC8, 0x11, 0xC8, 0x11, 0xC8, 0x11, 0xC8, 0x11, 0xA7, 0x11, 0xA7, 0x11, 0xA7, 0x11, 0xA7, 0x11,
    0xA7, 0x11, 0xA7, 0x11, 0x87, 0x11, 0x87, 0x11, 0x87, 0x11, 0x87, 0x11, 0x87, 0x11, 0x86, 0x11,
    0x66, 0x11, 0x66, 0x11, 0x66, 0x09, 0x66, 0x09, 0x66, 0x09, 0x66, 0x09, 0x46, 0x09, 0x46, 0x09,
    0x46, 0x09, 0x46, 0x09, 0x46, 0x09, 0x46, 0x09, 0x45, 0x09, 0x25, 0x09, 0x25, 0x09, 0x25, 0x09,
    0x25, 0x09, 0x25, 0x09, 0x25, 0x09, 0x25, 0x09, 0x05, 0x09, 0x05, 0x09, 0x05, 0x09, 0x05, 0x09,
    0x05, 0x09, 0x04, 0x09, 0x04, 0x09, 0x04, 0x09, 0xE4, 0x08, 0xE4, 0x08, 0xE4, 0x08, 0xE4, 0x08,
    0xE4, 0x08, 0xE4, 0x08, 0xE4, 0x08, 0xE4, 0x08, 0xC4, 0x08, 0xC4, 0x08, 0xC4, 0x08, 0xC4, 0x08,
    0xC4, 0x08, 0xC4, 0x08, 0xC3, 0x08, 0xC3, 0x08, 0xC3, 0x08, 0xC3, 0x08, 0xA3, 0x08, 0xA3, 0x08,
    0xA3, 0x08, 0xA3, 0x08, 0xA3, 0x08, 0xA3, 0x08, 0xA3, 0x08, 0xA3, 0x08, 0xA3, 0x08, 0xA3, 0x08,
    0xA3, 0x08, 0xA3, 0x08, 0x83, 0x08, 0x83, 0x08, 0x83, 0x08, 0x83, 0x08, 0x83, 0x08, 0x83, 0x08,
    0x83, 0x08, 0x83, 0x08, 0x82, 0x08, 0x82, 0x08, 0x82, 0x08, 0x82, 0x08, 0x82, 0x08, 0x82, 0x08,
    0x82, 0x08, 0x82, 0x08, 0x82, 0x08, 0x62, 0x08, 0x62, 0x08, 0x62, 0x08, 0x62, 0x08, 0x62, 0x08,
    0x62, 0x08, 0x62, 0x08, 0x62, 0x08, 0x62, 0x08, 0x62, 0x08, 0x62, 0x08, 0x62, 0x08, 0x62, 0x08,
    0x62, 0x08, 0x62, 0x08, 0x62, 0x08, 0x62, 0x08, 0x62, 0x08, 0x62, 0x08, 0x62, 0x08, 0x62, 0x08,
    0x62, 0x08, 0x62, 0x08, 0x62, 0x08, 0x62, 0x08, 0x62, 0x08, 0x62, 0x08, 0x62, 0x08, 0x62, 0x08,
    0x62, 0x08, 0x62, 0x08, 0x62, 0x08, 0x62, 0x08, 0x62, 0x08, 0x62, 0x08, 0x62, 0x08, 0x62, 0x08,
    0x62, 0x08, 0x62, 0x08, 0x62, 0x08, 0x62, 0x08, 0x62, 0x08, 0x62, 0x08, 0x62, 0x08, 0x62, 0x08,
    0x62, 0x08, 0x62, 0x08, 0x62, 0x08, 0x62, 0x08, 0x62, 0x08, 0x62, 0x08, 0x62, 0x08, 0x62, 0x08,
    0x62, 0x08, 0x62, 0x08, 0x62, 0x08, 0x62, 0x08, 0x62, 0x08, 0x62, 0x08, 0x62, 0x08, 0x62, 0x08,
    0x62, 0x08, 0x62, 0x08, 0x62, 0x08, 0x62, 0x08, 0x62, 0x08, 0x62, 0x08, 0x62, 0x08, 0x62, 0x08,
    0x62, 0x08, 0x62, 0x08, 0x62, 0x08, 0x62, 0x08, 0x62, 0x08, 0x62, 0x08, 0x62, 0x08, 0x62, 0x08,
    0x62, 0x08, 0x62, 0x08, 0x62, 0x08, 0x62, 0x08, 0x62, 0x08, 0x62, 0x08, 0x62, 0x08, 0x62, 0x08,
    0x62, 0x08, 0x62, 0x08, 0x62, 0x08, 0x62, 0x08, 0x62, 0x08, 0x82, 0x08, 0x82, 0x08, 0x82, 0x08,
    0x82, 0x08, 0x82, 0x08, 0x82, 0x08, 0x82, 0x08, 0x82, 0x08, 0x82, 0x08, 0x83, 0x08, 0x83, 0x08,
    0x83, 0x08, 0x83, 0x08, 0x83, 0x08, 0x83, 0x08, 0x83, 0x08, 0x83, 0x08, 0xA3, 0x08, 0xA3, 0x08,
    0xA3, 0x08, 0xA3, 0x08, 0xA3, 0x08, 0xA3, 0x08, 0xA3, 0x08, 0xA3, 0x08, 0xA3, 0x08, 0xA3, 0x08,
    0xA3, 0x08, 0xA3, 0x08, 0xC3, 0x08, 0xC3, 0x08, 0xC3, 0x08, 0xC3, 0x08, 0xC4, 0x08, 0xC4, 0x08,
    0xC4, 0x08, 0xC4, 0x08, 0xC4, 0x08, 0xC4, 0x08, 0xE4, 0x08, 0xE4, 0x08, 0xE4, 0x08, 0xE4, 0x08,
    0xE4, 0x08, 0xE4, 0x08, 0xE4, 0x08, 0xE4, 0x08, 0xE4, 0x08, 0x04, 0x09, 0x04, 0x09, 0x05, 0x09,
    0x05, 0x09, 0x05, 0x09, 0x05, 0x09, 0x05, 0x09, 0x05, 0x09, 0x25, 0x09, 0x25, 0x09, 0x25, 0x09,
    0x25, 0x09, 0x25, 0x09, 0x25, 0x09, 0x25, 0x09, 0x45, 0x09, 0x46, 0x09, 0x46, 0x09, 0x46, 0x09,
    0x46, 0x09, 0x46, 0x09, 0x66, 0x09, 0x66, 0x09, 0x66, 0x09, 0x66, 0x09, 0x66, 0x09, 0x66, 0x11,
    0x66, 0x11, 0x87, 0x11, 0x87, 0x11, 0x87, 0x11, 0x87, 0x11, 0x87, 0x11, 0x87, 0x11, 0xA7, 0x11,
    0xA7, 0x11, 0xA7, 0x11, 0xA7, 0x11, 0xA7, 0x11, 0xC8, 0x11, 0xC8, 0x11, 0xC8, 0x11, 0xC8, 0x11,
    0xC8, 0x11, 0xC8, 0x11, 0xE8, 0x11, 0xE8, 0x11, 0xE8, 0x11, 0xE8, 0x11, 0xE8, 0x11, 0xE9, 0x11,
    0x09, 0x12, 0x09, 0x12, 0x09, 0x12, 0x09, 0x12, 0x09, 0x12, 0x09, 0x12, 0x29, 0x12, 0x29, 0x12,
    0x29, 0x12, 0x29, 0x12, 0x29, 0x12, 0x2A, 0x12, 0x4A, 0x12, 0x4A, 0x12, 0x4A, 0x12, 0x4A, 0x12,
    0x4A, 0x12, 0x4A, 0x12, 0x4A, 0x12, 0x4A, 0x12, 0x4A, 0x12, 0x4A, 0x12, 0x6A, 0x12, 0x4A, 0x12,
    0x6A, 0x12, 0x6A, 0x12, 0x6A, 0x12, 0x6A, 0x12, 0x4A, 0x12, 0x6A, 0x12, 0x4A, 0x12, 0x4A, 0x12,
    0x4A, 0x12, 0x4A, 0x12, 0x4A, 0x12, 0x4A, 0x12, 0x4A, 0x12, 0x4A, 0x12, 0x4A, 0x12, 0x4A, 0x12,
    0x2A, 0x12, 0x2A, 0x12, 0x29, 0x12, 0x29, 0x12, 0x29, 0x12, 0x29, 0x12, 0x29, 0x12, 0x09, 0x12,
    0x09, 0x12, 0x09, 0x12, 0x09, 0x12, 0x09, 0x12, 0xE9, 0x11, 0xE8, 0x11, 0xE8, 0x11, 0xE8, 0x11,
    0xE8, 0x11, 0xE8, 0x11, 0xC8, 0x11, 0xC8, 0x11, 0xC8, 0x11, 0xC8, 0x11, 0xC8, 0x11, 0xC8, 0x11,
    0xA7, 0x11, 0xA7, 0x11, 0xA7, 0x11, 0xA7, 0x11, 0xA7, 0x11, 0xA7, 0x11, 0x87, 0x11, 0x87, 0x11,
    0x87, 0x11, 0x87, 0x11, 0x87, 0x11, 0x86, 0x11, 0x66, 0x11, 0x66, 0x11, 0x66, 0x09, 0x66, 0x09,
    0x66, 0x09, 0x66, 0x09, 0x46, 0x09, 0x46, 0x09, 0x46, 0x09, 0x46, 0x09, 0x46, 0x09, 0x45, 0x09,
    0x25, 0x09, 0x25, 0x09, 0x25, 0x09, 0x25, 0x09, 0x25, 0x09, 0x25, 0x09, 0x25, 0x09, 0x05, 0x09,
    0x05, 0x09, 0x05, 0x09, 0x05, 0x09, 0x05, 0x09, 0x05, 0x09, 0x04, 0x09, 0x04, 0x09, 0xE4, 0x08,
    0xE4, 0x08, 0xE4, 0x08, 0xE4, 0x08, 0xE4, 0x08, 0xE4, 0x08, 0xE4, 0x08, 0xE4, 0x08, 0xE4, 0x08,
    0xC4, 0x08, 0xC4, 0x08, 0xC4, 0x08, 0xC4, 0x08, 0xC4, 0x08, 0xC4, 0x08, 0xC3, 0x08, 0xC3, 0x08,
    0xC3, 0x08, 0xC3, 0x08, 0xA3, 0x08, 0xA3, 0x08, 0xA3, 0x08, 0xA3, 0x08, 0xA3, 0x08, 0xA3, 0x08,
    0xA3, 0x08, 0xA3, 0x08, 0xA3, 0x08, 0xA3, 0x08, 0xA3, 0x08, 0xA3, 0x08, 0x83, 0x08, 0x83, 0x08,
    0x83, 0x08, 0x83, 0x08, 0x83, 0x08, 0x83, 0x08, 0x83, 0x08, 0x83, 0x08, 0x82, 0x08, 0x82, 0x08,
    0x82, 0x08, 0x82, 0x08, 0x82, 0x08, 0x82, 0x08, 0x82, 0x08, 0x82, 0x08, 0x82, 0x08, 0x62, 0x08,
    0x62, 0x08, 0x62, 0x08, 0x62, 0x08, 0x62, 0x08, 0x62, 0x08, 0x62, 0x08, 0x62, 0x08, 0x62, 0x08,
    0x62, 0x08, 0x62, 0x08, 0x62, 0x08, 0x62, 0x08, 0x62, 0x08, 0x62, 0x08, 0x62, 0x08, 0x62, 0x08,
    0x62, 0x08, 0x62, 0x08, 0x62, 0x08, 0x62, 0x08, 0x62, 0x08, 0x62, 0x08, 0x62, 0x08, 0x62, 0x08,
    0x62, 0x08, 0x62, 0x08, 0x62, 0x08, 0x62, 0x08, 0x62, 0x08, 0x62, 0x08, 0x62, 0x08, 0x62, 0x08,
    0x62, 0x08, 0x62, 0x08, 0x62, 0x08, 0x62, 0x08, 0x62, 0x08, 0x62, 0x08, 0x62, 0x08, 0x62, 0x08,
    0x62, 0x08, 0x62, 0x08, 0x62, 0x08, 0x62, 0x08, 0x62, 0x08, 0x62, 0x08, 0x62, 0x08, 0x62, 0x08,
    0x62, 0x08, 0x62, 0x08, 0x62, 0x08, 0x62, 0x08, 0x62, 0x08, 0x62, 0x08, 0x62, 0x08, 0x62, 0x08,
    0x62, 0x08, 0x62, 0x08, 0x62, 0x08, 0x62, 0x08, 0x62, 0x08, 0x62, 0x08, 0x62, 0x08, 0x62, 0x08,
    0x62, 0x08, 0x62, 0x08, 0x62, 0x08, 0x62, 0x08, 0x62, 0x08, 0x62, 0x08, 0x62, 0x08, 0x62, 0x08,
    0x62, 0x08, 0x62, 0x08, 0x62, 0x08, 0x62, 0x08, 0x62, 0x08, 0x62, 0x08, 0x62, 0x08, 0x62, 0x08,
    0x62, 0x08, 0x62, 0x08, 0x62, 0x08, 0x62, 0x08, 0x62, 0x08, 0x62, 0x08, 0x62, 0x08, 0x62, 0x08,
    0x62, 0x08, 0x82, 0x08, 0x82, 0x08, 0x82, 0x08, 0x82, 0x08, 0x82, 0x08, 0x82, 0x08, 0x82, 0x08,
    0x82, 0x08, 0x82, 0x08, 0x83, 0x08, 0x83, 0x08, 0x83, 0x08, 0x83, 0x08, 0x83, 0x08, 0x83, 0x08,
    0x83, 0x08, 0x83, 0x08, 0x83, 0x08, 0xA3, 0x08, 0xA3, 0x08, 0xA3, 0x08, 0xA3, 0x08, 0xA3, 0x08,
    0xA3, 0x08, 0xA3, 0x08, 0xA3, 0x08, 0xA3, 0x08, 0xA3, 0x08, 0xA3, 0x08, 0xA3, 0x08, 0xC3, 0x08,
    0xC3, 0x08, 0xC3, 0x08, 0xC4, 0x08, 0xC4, 0x08, 0xC4, 0x08, 0xC4, 0x08, 0xC4, 0x08, 0xC4, 0x08,
    0xC4, 0x08, 0xE4, 0x08, 0xE4, 0x08, 0xE4, 0x08, 0xE4, 0x08, 0xE4, 0x08, 0xE4, 0x08, 0xE4, 0x08,
    0xE4, 0x08, 0x04, 0x09, 0x04, 0x09, 0x05, 0x09, 0x05, 0x09, 0x05, 0x09, 0x05, 0x09, 0x05, 0x09,
    0x05, 0x09, 0x25, 0x09, 0x25, 0x09, 0x25, 0x09, 0x25, 0x09, 0x25, 0x09, 0x25, 0x09, 0x25, 0x09,
    0x45, 0x09, 0x46, 0x09, 0x46, 0x09, 0x46, 0x09, 0x46, 0x09, 0x46, 0x09, 0x46, 0x09, 0x66, 0x09,
    0x66, 0x09, 0x66, 0x09, 0x66, 0x09, 0x66, 0x11, 0x66, 0x11, 0x87, 0x11, 0x87, 0x11, 0x87, 0x11,
    0x87, 0x11, 0x87, 0x11, 0x87, 0x11, 0xA7, 0x11, 0xA7, 0x11, 0xA7, 0x11, 0xA7, 0x11, 0xA7, 0x11,
    0xA7, 0x11, 0xC8, 0x11, 0xC8, 0x11, 0xC8, 0x11, 0xC8, 0x11, 0xC8, 0x11, 0xC8, 0x11, 0xE8, 0x11,
    0xE8, 0x11, 0xE8, 0x11, 0xE8, 0x11, 0xE8, 0x11, 0xE9, 0x11, 0x09, 0x12, 0x09, 0x12, 0x09, 0x12,
    0x09, 0x12, 0x09, 0x12, 0x09, 0x12, 0x29, 0x12, 0x29, 0x12, 0x29, 0x12, 0x29, 0x12, 0x29, 0x12,
    0x2A, 0x12, 0x2A, 0x12, 0x4A, 0x12, 0x4A, 0x12, 0x4A, 0x12, 0x4A, 0x12, 0x4A, 0x12, 0x4A, 0x12,
    0x4A, 0x12, 0x4A, 0x12, 0x4A, 0x12, 0x4A, 0x12, 0x4A, 0x12, 0x4A, 0x12, 0x4A, 0x12, 0x4A, 0x12,
    0x4A, 0x12, 0x4A, 0x12, 0x4A, 0x12, 0x4A, 0x12, 0x4A, 0x12, 0x4A, 0x12, 0x4A, 0x12, 0x4A, 0x12,
    0x4A, 0x12, 0x4A, 0x12, 0x2A, 0x12, 0x2A, 0x12, 0x29, 0x12, 0x29, 0x12, 0x29, 0x12, 0x29, 0x12,
    0x29, 0x12, 0x09, 0x12, 0x09, 0x12, 0x09, 0x12, 0x09, 0x12, 0x09, 0x12, 0x09, 0x12, 0x09, 0x12,
    0xE8, 0x11, 0xE8, 0x11, 0xE8, 0x11, 0xE8, 0x11, 0xE8, 0x11, 0xC8, 0x11, 0xC8, 0x11, 0xC8, 0x11,
    0xC8, 0x11, 0xC8, 0x11, 0xC8, 0x11, 0xA7, 0x11, 0xA7, 0x11, 0xA7, 0x11, 0xA7, 0x11, 0xA7, 0x11,
    0xA7, 0x11, 0x87, 0x11, 0x87, 0x11, 0x87, 0x11, 0x87, 0x11, 0x87, 0x11, 0x87, 0x11, 0x66, 0x11,
    0x66, 0x11, 0x66, 0x09, 0x66, 0x09, 0x66, 0x09, 0x66, 0x09, 0x66, 0x09, 0x46, 0x09, 0x46, 0x09,
    0x46, 0x09, 0x46, 0x09, 0x46, 0x09, 0x45, 0x09, 0x25, 0x09, 0x25, 0x09, 0x25, 0x09, 0x25, 0x09,
    0x25, 0x09, 0x25, 0x09, 0x25, 0x09, 0x05, 0x09, 0x05, 0x09, 0x05, 0x09, 0x05, 0x09, 0x05, 0x09,
    0x05, 0x09, 0x04, 0x09, 0x04, 0x09, 0xE4, 0x08, 0xE4, 0x08, 0xE4, 0x08, 0xE4, 0x08, 0xE4, 0x08,
    0xE4, 0x08, 0xE4, 0x08, 0xE4, 0x08, 0xE4, 0x08, 0xC4, 0x08, 0xC4, 0x08, 0xC4, 0x08, 0xC4, 0x08,
    0xC4, 0x08, 0xC4, 0x08, 0xC3, 0x08, 0xC3, 0x08, 0xC3, 0x08, 0xC3, 0x08, 0xA3, 0x08, 0xA3, 0x08,
    0xA3, 0x08, 0xA3, 0x08, 0xA3, 0x08, 0xA3, 0x08, 0xA3, 0x08, 0xA3, 0x08, 0xA3, 0x08, 0xA3, 0x08,
    0xA3, 0x08, 0xA3, 0x08, 0x83, 0x08, 0x83, 0x08, 0x83, 0x08, 0x83, 0x08, 0x83, 0x08, 0x83, 0x08,
    0x83, 0x08, 0x83, 0x08, 0x82, 0x08, 0x82, 0x08, 0x82, 0x08, 0x82, 0x08, 0x82, 0x08, 0x82, 0x08,
    0x82, 0x08, 0x82, 0x08, 0x82, 0x08, 0x62, 0x08, 0x62, 0x08, 0x62, 0x08, 0x62, 0x08, 0x62, 0x08,
    0x62, 0x08, 0x62, 0x08, 0x62, 0x08, 0x62, 0x08, 0x62, 0x08, 0x62, 0x08, 0x62, 0x08, 0x62, 0x08,
    0x62, 0x08, 0x62, 0x08, 0x62, 0x08, 0x62, 0x08, 0x62, 0x08, 0x62, 0x08, 0x62, 0x08, 0x62, 0x08,
    0x62, 0x08, 0x62, 0x08, 0x62, 0x08, 0x62, 0x08, 0x62, 0x08, 0x62, 0x08, 0x62, 0x08, 0x62, 0x08,
    0x62, 0x08, 0x62, 0x08, 0x62, 0x08, 0x62, 0x08, 0x62, 0x08, 0x62, 0x08, 0x62, 0x08, 0x62, 0x08,
    0x62, 0x08, 0x62, 0x08, 0x62, 0x08, 0x62, 0x08, 0x62, 0x08, 0x62, 0x08, 0x62, 0x08, 0x62, 0x08,
    0x62, 0x08, 0x62, 0x08, 0x62, 0x08, 0x62, 0x08, 0x62, 0x08, 0x62, 0x08, 0x62, 0x08, 0x62, 0x08,
    0x62, 0x08, 0x62, 0x08, 0x62, 0x08, 0x62, 0x08, 0x62, 0x08, 0x62, 0x08, 0x62, 0x08, 0x62, 0x08,
    0x62, 0x08, 0x62, 0x08, 0x62, 0x08, 0x62, 0x08, 0x62, 0x08, 0x62, 0x08, 0x62, 0x08, 0x62, 0x08,
    0x62, 0x08, 0x62, 0x08, 0x62, 0x08, 0x62, 0x08, 0x62, 0x08, 0x62, 0x08, 0x62, 0x08, 0x62, 0x08,
    0x62, 0x08, 0x62, 0x08, 0x62, 0x08, 0x62, 0x08, 0x62, 0x08, 0x62, 0x08, 0x62, 0x08, 0x62, 0x08,
    0x62, 0x08, 0x62, 0x08, 0x62, 0x08, 0x62, 0x08, 0x62, 0x08, 0x82, 0x08, 0x82, 0x08, 0x82, 0x08,
    0x82, 0x08, 0x82, 0x08, 0x82, 0x08, 0x82, 0x08, 0x82, 0x08, 0x82, 0x08, 0x83, 0x08, 0x83, 0x08,
    0x83, 0x08, 0x83, 0x08, 0x83, 0x08, 0x83, 0x08, 0x83, 0x08, 0x83, 0x08, 0x83, 0x08, 0xA3, 0x08,
    0xA3, 0x08, 0xA3, 0x08, 0xA3, 0x08, 0xA3, 0x08, 0xA3, 0x08, 0xA3, 0x08, 0xA3, 0x08, 0xA3, 0x08,
    0xA3, 0x08, 0xA3, 0x08, 0xA3, 0x08, 0xC3, 0x08, 0xC3, 0x08, 0xC3, 0x08, 0xC3, 0x08, 0xC4, 0x08,
    0xC4, 0x08, 0xC4, 0x08, 0xC4, 0x08, 0xC4, 0x08, 0xC4, 0x08, 0xE4, 0x08, 0xE4, 0x08, 0xE4, 0x08,
    0xE4, 0x08, 0xE4, 0x08, 0xE4, 0x08, 0xE4, 0x08, 0xE4, 0x08, 0x04, 0x09, 0x04, 0x09, 0x04, 0x09,
    0x05, 0x09, 0x05, 0x09, 0x05, 0x09, 0x05, 0x09, 0x05, 0x09, 0x25, 0x09, 0x25, 0x09, 0x25, 0x09,
    0x25, 0x09, 0x25, 0x09, 0x25, 0x09, 0x25, 0x09, 0x45, 0x09, 0x45, 0x09, 0x46, 0x09, 0x46, 0x09,
    0x46, 0x09, 0x46, 0x09, 0x46, 0x09, 0x66, 0x09, 0x66, 0x09, 0x66, 0x09, 0x66, 0x09, 0x66, 0x11,
    0x66, 0x11, 0x86, 0x11, 0x87, 0x11, 0x87, 0x11, 0x87, 0x11, 0x87, 0x11, 0x87, 0x11, 0x87, 0x11,
    0xA7, 0x11, 0xA7, 0x11, 0xA7, 0x11, 0xA7, 0x11, 0xA7, 0x11, 0xC8, 0x11, 0xC8, 0x11, 0xC8, 0x11,
    0xC8, 0x11, 0xC8, 0x11, 0xC8, 0x11, 0xE8, 0x11, 0xE8, 0x11, 0xE8, 0x11, 0xE8, 0x11, 0xE8, 0x11,
    0xE8, 0x11, 0x09, 0x12, 0x09, 0x12, 0x09, 0x12, 0x09, 0x12, 0x09, 0x12, 0x09, 0x12, 0x09, 0x12,
    0x29, 0x12, 0x29, 0x12, 0x29, 0x12, 0x29, 0x12, 0x29, 0x12, 0x2A, 0x12, 0x2A, 0x12, 0x2A, 0x12,
    0x4A, 0x12, 0x4A, 0x12, 0x4A, 0x12, 0x4A, 0x12, 0x4A, 0x12, 0x4A, 0x12, 0x4A, 0x12, 0x4A, 0x12,
    0x4A, 0x12, 0x4A, 0x12, 0x4A, 0x12, 0x4A, 0x12, 0x4A, 0x12, 0x4A, 0x12, 0x4A, 0x12, 0x4A, 0x12,
    0x4A, 0x12, 0x4A, 0x12, 0x4A, 0x12, 0x4A, 0x12, 0x4A, 0x12, 0x2A, 0x12, 0x2A, 0x12, 0x29, 0x12,
    0x29, 0x12, 0x29, 0x12, 0x29, 0x12, 0x29, 0x12, 0x29, 0x12, 0x09, 0x12, 0x09, 0x12, 0x09, 0x12,
    0x09, 0x12, 0x09, 0x12, 0x09, 0x12, 0xE8, 0x11, 0xE8, 0x11, 0xE8, 0x11, 0xE8, 0x11, 0xE8, 0x11,
    0xE8, 0x11, 0xC8, 0x11, 0xC8, 0x11, 0xC8, 0x11, 0xC8, 0x11, 0xC8, 0x11, 0xC8, 0x11, 0xA7, 0x11,
    0xA7, 0x11, 0xA7, 0x11, 0xA7, 0x11, 0xA7, 0x11, 0xA7, 0x11, 0x87, 0x11, 0x87, 0x11, 0x87, 0x11,
    0x87, 0x11, 0x87, 0x11, 0x86, 0x11, 0x66, 0x11, 0x66, 0x11, 0x66, 0x09, 0x66, 0x09, 0x66, 0x09,
    0x66, 0x09, 0x46, 0x09, 0x46, 0x09, 0x46, 0x09, 0x46, 0x09, 0x46, 0x09, 0x46, 0x09, 0x45, 0x09,
    0x25, 0x09, 0x25, 0x09, 0x25, 0x09, 0x25, 0x09, 0x25, 0x09, 0x25, 0x09, 0x25, 0x09, 0x05, 0x09,
    0x05, 0x09, 0x05, 0x09, 0x05, 0x09, 0x05, 0x09, 0x04, 0x09, 0x04, 0x09, 0x04, 0x09, 0xE4, 0x08,
    0xE4, 0x08, 0xE4, 0x08, 0xE4, 0x08, 0xE4, 0x08, 0xE4, 0x08, 0xE4, 0x08, 0xE4, 0x08, 0xC4, 0x08,
    0xC4, 0x08, 0xC4, 0x08, 0xC4, 0x08, 0xC4, 0x08, 0xC4, 0x08, 0xC4, 0x08, 0xC3, 0x08, 0xC3, 0x08,
    0xC3, 0x08, 0xA3, 0x08, 0xA3, 0x08, 0xA3, 0x08, 0xA3, 0x08, 0xA3, 0x08, 0xA3, 0x08, 0xA3, 0x08,
    0xA3, 0x08, 0xA3, 0x08, 0xA3, 0x08, 0xA3, 0x08, 0xA3, 0x08, 0x83, 0x08, 0x83, 0x08, 0x83, 0x08,
    0x83, 0x08, 0x83, 0x08, 0x83, 0x08, 0x83, 0x08, 0x83, 0x08, 0x83, 0x08, 0x82, 0x08, 0x82, 0x08,
    0x82, 0x08, 0x82, 0x08, 0x82, 0x08, 0x82, 0x08, 0x82, 0x08, 0x82, 0x08, 0x82, 0x08, 0x62, 0x08,
    0x62, 0x08, 0x62, 0x08, 0x62, 0x08, 0x62, 0x08, 0x62, 0x08, 0x62, 0x08, 0x62, 0x08, 0x62, 0x08,
    0x62, 0x08, 0x62, 0x08, 0x62, 0x08, 0x62, 0x08, 0x62, 0x08, 0x62, 0x08, 0x62, 0x08, 0x62, 0x08,
    0x62, 0x08, 0x62, 0x08, 0x62, 0x08, 0x62, 0x08, 0x62, 0x08, 0x62, 0x08, 0x62, 0x08, 0x62, 0x08,
    0x62, 0x08, 0x62, 0x08, 0x62, 0x08, 0x62, 0x08, 0x62, 0x08, 0x62, 0x08, 0x62, 0x08, 0x62, 0x08,
    0x62, 0x08, 0x62, 0x08, 0x62, 0x08, 0x62, 0x08, 0x62, 0x08, 0x62, 0x08, 0x62, 0x08, 0x62, 0x08,
    0x62, 0x08, 0x62, 0x08, 0x62, 0x08, 0x62, 0x08, 0x62, 0x08, 0x62, 0x08, 0x62, 0x08, 0x62, 0x08,
    0x62, 0x08, 0x62, 0x08, 0x62, 0x08, 0x62, 0x08, 0x62, 0x08, 0x62, 0x08, 0x62, 0x08, 0x62, 0x08,
    0x62, 0x08, 0x62, 0x08, 0x62, 0x08, 0x62, 0x08, 0x62, 0x08, 0x62, 0x08, 0x62, 0x08, 0x62, 0x08,
    0x62, 0x08, 0x62, 0x08, 0x62, 0x08, 0x62, 0x08, 0x62, 0x08, 0x62, 0x08, 0x62, 0x08, 0x62, 0x08,
    0x62, 0x08, 0x62, 0x08, 0x62, 0x08, 0x62, 0x08, 0x62, 0x08, 0x62, 0x08, 0x62, 0x08, 0x62, 0x08,
    0x62, 0x08, 0x62, 0x08, 0x62, 0x08, 0x62, 0x08, 0x62, 0x08, 0x62, 0x08, 0x62, 0x08, 0x62, 0x08,
    0x62, 0x08, 0x82, 0x08, 0x82, 0x08, 0x82, 0x08, 0x82, 0x08, 0x82, 0x08, 0x82, 0x08, 0x82, 0x08,
    0x82, 0x08, 0x82, 0x08, 0x82, 0x08, 0x83, 0x08, 0x83, 0x08, 0x83, 0x08, 0x83, 0x08, 0x83, 0x08,
    0x83, 0x08, 0x83, 0x08, 0x83, 0x08, 0xA3, 0x08, 0xA3, 0x08, 0xA3, 0x08, 0xA3, 0x08, 0xA3, 0x08,
    0xA3, 0x08, 0xA3, 0x08, 0xA3, 0x08, 0xA3, 0x08, 0xA3, 0x08, 0xA3, 0x08, 0xA3, 0x08, 0xC3, 0x08,
    0xC3, 0x08, 0xC3, 0x08, 0xC3, 0x08, 0xC4, 0x08, 0xC4, 0x08, 0xC4, 0x08, 0xC4, 0x08, 0xC4, 0x08,
    0xC4, 0x08, 0xE4, 0x08, 0xE4, 0x08, 0xE4, 0x08, 0xE4, 0x08, 0xE4, 0x08, 0xE4, 0x08, 0xE4, 0x08,
    0xE4, 0x08, 0xE4, 0x08, 0x04, 0x09, 0x04, 0x09, 0x05, 0x09, 0x05, 0x09, 0x05, 0x09, 0x05, 0x09,
    0x05, 0x09, 0x05, 0x09, 0x25, 0x09, 0x25, 0x09, 0x25, 0x09, 0x25, 0x09, 0x25, 0x09, 0x25, 0x09,
    0x25, 0x09, 0x45, 0x09, 0x46, 0x09, 0x46, 0x09, 0x46, 0x09, 0x46, 0x09, 0x46, 0x09, 0x66, 0x09,
    0x66, 0x09, 0x66, 0x09, 0x66, 0x09, 0x66, 0x09, 0x66, 0x11, 0x66, 0x11, 0x87, 0x11, 0x87, 0x11,
    0x87, 0x11, 0x87, 0x11, 0x87, 0x11, 0x87, 0x11, 0xA7, 0x11, 0xA7, 0x11, 0xA7, 0x11, 0xA7, 0x11,
    0xA7, 0x11, 0xA7, 0x11, 0xC8, 0x11, 0xC8, 0x11, 0xC8, 0x11, 0xC8, 0x11, 0xC8, 0x11, 0xC8, 0x11,
    0xE8, 0x11, 0xE8, 0x11, 0xE8, 0x11, 0xE8, 0x11, 0xE8, 0x11, 0xE9, 0x11, 0xE9, 0x11, 0x09, 0x12,
    0x09, 0x12, 0x09, 0x12, 0x09, 0x12, 0x09, 0x12, 0x09, 0x12, 0x29, 0x12, 0x29, 0x12, 0x29, 0x12,
    0x29, 0x12, 0x29, 0x12, 0x29, 0x12, 0x2A, 0x12, 0x2A, 0x12, 0x2A, 0x12, 0x4A, 0x12, 0x4A, 0x12,
    0x4A, 0x12, 0x4A, 0x12, 0x4A, 0x12, 0x4A, 0x12, 0x4A, 0x12, 0x4A, 0x12, 0x4A, 0x12, 0x4A, 0x12,
    0x4A, 0x12, 0x4A, 0x12, 0x4A, 0x12, 0x4A, 0x12, 0x4A, 0x12, 0x4A, 0x12, 0x4A, 0x12, 0x2A, 0x12,
    0x2A, 0x12, 0x29, 0x12, 0x29, 0x12, 0x29, 0x12, 0x29, 0x12, 0x29, 0x12, 0x29, 0x12, 0x29, 0x12,
    0x09, 0x12, 0x09, 0x12, 0x09, 0x12, 0x09, 0x12, 0x09, 0x12, 0x09, 0x12, 0xE9, 0x11, 0xE8, 0x11,
    0xE8, 0x11, 0xE8, 0x11, 0xE8, 0x11, 0xE8, 0x11, 0xC8, 0x11, 0xC8, 0x11, 0xC8, 0x11, 0xC8, 0x11,
    0xC8, 0x11, 0xC8, 0x11, 0xA7, 0x11, 0xA7, 0x11, 0xA7, 0x11, 0xA7, 0x11, 0xA7, 0x11, 0xA7, 0x11,
    0x87, 0x11, 0x87, 0x11, 0x87, 0x11, 0x87, 0x11, 0x87, 0x11, 0x87, 0x11, 0x66, 0x11, 0x66, 0x11,
    0x66, 0x09, 0x66, 0x09, 0x66, 0x09, 0x66, 0x09, 0x66, 0x09, 0x46, 0x09, 0x46, 0x09, 0x46, 0x09,
    0x46, 0x09, 0x46, 0x09, 0x45, 0x09, 0x45, 0x09, 0x25, 0x09, 0x25, 0x09, 0x25, 0x09, 0x25, 0x09,
    0x25, 0x09, 0x25, 0x09, 0x25, 0x09, 0x05, 0x09, 0x05, 0x09, 0x05, 0x09, 0x05, 0x09, 0x05, 0x09,
    0x04, 0x09, 0x04, 0x09, 0x04, 0x09, 0xE4, 0x08, 0xE4, 0x08, 0xE4, 0x08, 0xE4, 0x08, 0xE4, 0x08,
    0xE4, 0x08, 0xE4, 0x08, 0xE4, 0x08, 0xC4, 0x08, 0xC4, 0x08, 0xC4, 0x08, 0xC4, 0x08, 0xC4, 0x08,
    0xC4, 0x08, 0xC3, 0x08, 0xC3, 0x08, 0xC3, 0x08, 0xC3, 0x08, 0xA3, 0x08, 0xA3, 0x08, 0xA3, 0x08,
    0xA3, 0x08, 0xA3, 0x08, 0xA3, 0x08, 0xA3, 0x08, 0xA3, 0x08, 0xA3, 0x08, 0xA3, 0x08, 0xA3, 0x08,
    0xA3, 0x08, 0x83, 0x08, 0x83, 0x08, 0x83, 0x08, 0x83, 0x08, 0x83, 0x08, 0x83, 0x08, 0x83, 0x08,
    0x83, 0x08, 0x83, 0x08, 0x82, 0x08, 0x82, 0x08, 0x82, 0x08, 0x82, 0x08, 0x82, 0x08, 0x82, 0x08,
    0x82, 0x08, 0x82, 0x08, 0x82, 0x08, 0x62, 0x08, 0x62, 0x08, 0x62, 0x08, 0x62, 0x08, 0x62, 0x08,
    0x62, 0x08, 0x62, 0x08, 0x62, 0x08, 0x62, 0x08, 0x62, 0x08, 0x62, 0x08, 0x62, 0x08, 0x62, 0x08,
    0x62, 0x08, 0x62, 0x08, 0x62, 0x08, 0x62, 0x08, 0x62, 0x08, 0x62, 0x08, 0x62, 0x08, 0x62, 0x08,
    0x62, 0x08, 0x62, 0x08, 0x62, 0x08, 0x62, 0x08, 0x62, 0x08, 0x62, 0x08, 0x62, 0x08, 0x62, 0x08,
    0x62, 0x08, 0x62, 0x08, 0x62, 0x08, 0x62, 0x08, 0x62, 0x08, 0x62, 0x08, 0x62, 0x08, 0x62, 0x08,
    0x62, 0x08, 0x62, 0x08, 0x62, 0x08, 0x62, 0x08, 0x62, 0x08, 0x62, 0x08, 0x62, 0x08, 0x62, 0x08,
    0x62, 0x08, 0x62, 0x08, 0x62, 0x08, 0x62, 0x08, 0x62, 0x08, 0x62, 0x08, 0x62, 0x08, 0x62, 0x08,
    0x62, 0x08, 0x62, 0x08, 0x62, 0x08, 0x62, 0x08, 0x62, 0x08, 0x62, 0x08, 0x62, 0x08, 0x62, 0x08,
    0x62, 0x08, 0x62, 0x08, 0x62, 0x08, 0x62, 0x08, 0x62, 0x08, 0x62, 0x08, 0x62, 0x08, 0x62, 0x08,
    0x62, 0x08, 0x62, 0x08, 0x62, 0x08, 0x62, 0x08, 0x62, 0x08, 0x62, 0x08, 0x62, 0x08, 0x62, 0x08,
    0x62, 0x08, 0x62, 0x08, 0x62, 0x08, 0x62, 0x08, 0x62, 0x08, 0x62, 0x08, 0x62, 0x08, 0x62, 0x08,
    0x62, 0x08, 0x62, 0x08, 0x62, 0x08, 0x62, 0x08, 0x62, 0x08, 0x62, 0x08, 0x82, 0x08, 0x82, 0x08,
    0x82, 0x08, 0x82, 0x08, 0x82, 0x08, 0x82, 0x08, 0x82, 0x08, 0x82, 0x08, 0x82, 0x08, 0x83, 0x08,
    0x83, 0x08, 0x83, 0x08, 0x83, 0x08, 0x83, 0x08, 0x83, 0x08, 0x83, 0x08, 0x83, 0x08, 0xA3, 0x08,
    0xA3, 0x08, 0xA3, 0x08, 0xA3, 0x08, 0xA3, 0x08, 0xA3, 0x08, 0xA3, 0x08, 0xA3, 0x08, 0xA3, 0x08,
    0xA3, 0x08, 0xA3, 0x08, 0xA3, 0x08, 0xC3, 0x08, 0xC3, 0x08, 0xC3, 0x08, 0xC3, 0x08, 0xC4, 0x08,
    0xC4, 0x08, 0xC4, 0x08, 0xC4, 0x08, 0xC4, 0x08, 0xC4, 0x08, 0xE4, 0x08, 0xE4, 0x08, 0xE4, 0x08,
    0xE4, 0x08, 0xE4, 0x08, 0xE4, 0x08, 0xE4, 0x08, 0xE4, 0x08, 0xE4, 0x08, 0x04, 0x09, 0x04, 0x09,
    0x05, 0x09, 0x05, 0x09, 0x05, 0x09, 0x05, 0x09, 0x05, 0x09, 0x05, 0x09, 0x25, 0x09, 0x25, 0x09,
    0x25, 0x09, 0x25, 0x09, 0x25, 0x09, 0x25, 0x09, 0x25, 0x09, 0x45, 0x09, 0x46, 0x09, 0x46, 0x09,
    0x46, 0x09, 0x46, 0x09, 0x46, 0x09, 0x46, 0x09, 0x66, 0x09, 0x66, 0x09, 0x66, 0x09, 0x66, 0x09,
    0x66, 0x11, 0x66, 0x11, 0x86, 0x11, 0x87, 0x11, 0x87, 0x11, 0x87, 0x11, 0x87, 0x11, 0x87, 0x11,
    0x87, 0x11, 0xA7, 0x11, 0xA7, 0x11, 0xA7, 0x11, 0xA7, 0x11, 0xA7, 0x11, 0xA7, 0x11, 0xC8, 0x11,
    0xC8, 0x11, 0xC8, 0x11, 0xC8, 0x11, 0xC8, 0x11, 0xC8, 0x11, 0xE8, 0x11, 0xE8, 0x11, 0xE8, 0x11,
    0xE8, 0x11, 0xE8, 0x11, 0xE8, 0x11, 0x09, 0x12, 0x09, 0x12, 0x09, 0x12, 0x09, 0x12, 0x09, 0x12,
    0x09, 0x12, 0x09, 0x12, 0x29, 0x12, 0x29, 0x12, 0x29, 0x12, 0x29, 0x12, 0x29, 0x12, 0x29, 0x12,
    0x29, 0x12, 0x29, 0x12, 0x2A, 0x12, 0x2A, 0x12, 0x2A, 0x12, 0x2A, 0x12, 0x4A, 0x12, 0x4A, 0x12,
    0x4A, 0x12, 0x4A, 0x12, 0x4A, 0x12, 0x4A, 0x12, 0x4A, 0x12, 0x4A, 0x12, 0x4A, 0x12, 0x4A, 0x12,
    0x2A, 0x12, 0x2A, 0x12, 0x2A, 0x12, 0x29, 0x12, 0x29, 0x12, 0x29, 0x12, 0x29, 0x12, 0x29, 0x12,
    0x29, 0x12, 0x29, 0x12, 0x09, 0x12, 0x09, 0x12, 0x09, 0x12, 0x09, 0x12, 0x09, 0x12, 0x09, 0x12,
    0x09, 0x12, 0xE9, 0x11, 0xE8, 0x11, 0xE8, 0x11, 0xE8, 0x11, 0xE8, 0x11, 0xE8, 0x11, 0xC8, 0x11,
    0xC8, 0x11, 0xC8, 0x11, 0xC8, 0x11, 0xC8, 0x11, 0xC8, 0x11, 0xC8, 0x11, 0xA7, 0x11, 0xA7, 0x11,
    0xA7, 0x11, 0xA7, 0x11, 0xA7, 0x11, 0xA7, 0x11, 0x87, 0x11, 0x87, 0x11, 0x87, 0x11, 0x87, 0x11,
    0x87, 0x11, 0x86, 0x11, 0x66, 0x11, 0x66, 0x11, 0x66, 0x09, 0x66, 0x09, 0x66, 0x09, 0x66, 0x09,
    0x46, 0x09, 0x46, 0x09, 0x46, 0x09, 0x46, 0x09, 0x46, 0x09, 0x46, 0x09, 0x45, 0x09, 0x25, 0x09,
    0x25, 0x09, 0x25, 0x09, 0x25, 0x09, 0x25, 0x09, 0x25, 0x09, 0x25, 0x09, 0x05, 0x09, 0x05, 0x09,
    0x05, 0x09, 0x05, 0x09, 0x05, 0x09, 0x05, 0x09, 0x04, 0x09, 0x04, 0x09, 0xE4, 0x08, 0xE4, 0x08,
    0xE4, 0x08, 0xE4, 0x08, 0xE4, 0x08, 0xE4, 0x08, 0xE4, 0x08, 0xE4, 0x08, 0xE4, 0x08, 0xC4, 0x08,
    0xC4, 0x08, 0xC4, 0x08, 0xC4, 0x08, 0xC4, 0x08, 0xC4, 0x08, 0xC3, 0x08, 0xC3, 0x08, 0xC3, 0x08,
    0xC3, 0x08, 0xA3, 0x08, 0xA3, 0x08, 0xA3, 0x08, 0xA3, 0x08, 0xA3, 0x08, 0xA3, 0x08, 0xA3, 0x08,
    0xA3, 0x08, 0xA3, 0x08, 0xA3, 0x08, 0xA3, 0x08, 0xA3, 0x08, 0x83, 0x08, 0x83, 0x08, 0x83, 0x08,
    0x83, 0x08, 0x83, 0x08, 0x83, 0x08, 0x83, 0x08, 0x83, 0x08, 0x83, 0x08, 0x82, 0x08, 0x82, 0x08,
    0x82, 0x08, 0x82, 0x08, 0x82, 0x08, 0x82, 0x08, 0x82, 0x08, 0x82, 0x08, 0x82, 0x08, 0x62, 0x08,
    0x62, 0x08, 0x62, 0x08, 0x62, 0x08, 0x62, 0x08, 0x62, 0x08, 0x62, 0x08, 0x62, 0x08, 0x62, 0x08,
    0x62, 0x08, 0x62, 0x08, 0x62, 0x08, 0x62, 0x08, 0x62, 0x08, 0x62, 0x08, 0x62, 0x08, 0x62, 0x08,
    0x62, 0x08, 0x62, 0x08, 0x62, 0x08, 0x62, 0x08, 0x62, 0x08, 0x62, 0x08, 0x62, 0x08, 0x62, 0x08,
    0x62, 0x08, 0x62, 0x08, 0x62, 0x08, 0x62, 0x08, 0x62, 0x08, 0x62, 0x08, 0x62, 0x08, 0x62, 0x08,
    0x62, 0x08, 0x62, 0x08, 0x62, 0x08, 0x62, 0x08, 0x62, 0x08, 0x62, 0x08, 0x62, 0x08, 0x62, 0x08,
    0x62, 0x08, 0x62, 0x08, 0x62, 0x08, 0x62, 0x08, 0x62, 0x08, 0x62, 0x08, 0x62, 0x08, 0x62, 0x08,
    0x62, 0x08, 0x62, 0x08, 0x62, 0x08, 0x62, 0x08, 0x62, 0x08, 0x62, 0x08, 0x62, 0x08, 0x62, 0x08,
    0x62, 0x08, 0x62, 0x08, 0x62, 0x08, 0x62, 0x08, 0x62, 0x08, 0x62, 0x08, 0x62, 0x08, 0x62, 0x08,
    0x62, 0x08, 0x62, 0x08, 0x62, 0x08, 0x62, 0x08, 0x62, 0x08, 0x62, 0x08, 0x62, 0x08, 0x62, 0x08,
    0x62, 0x08, 0x62, 0x08, 0x62, 0x08, 0x62, 0x08, 0x62, 0x08, 0x62, 0x08, 0x62, 0x08, 0x62, 0x08,
    0x62, 0x08, 0x62, 0x08, 0x62, 0x08, 0x62, 0x08, 0x62, 0x08, 0x62, 0x08, 0x62, 0x08, 0x62, 0x08,
    0x62, 0x08, 0x62, 0x08, 0x82, 0x08, 0x82, 0x08, 0x82, 0x08, 0x82, 0x08, 0x82, 0x08, 0x82, 0x08,
    0x82, 0x08, 0x82, 0x08, 0x82, 0x08, 0x83, 0x08, 0x83, 0x08, 0x83, 0x08, 0x83, 0x08, 0x83, 0x08,
    0x83, 0x08, 0x83, 0x08, 0x83, 0x08, 0xA3, 0x08, 0xA3, 0x08, 0xA3, 0x08, 0xA3, 0x08, 0xA3, 0x08,
    0xA3, 0x08, 0xA3, 0x08, 0xA3, 0x08, 0xA3, 0x08, 0xA3, 0x08, 0xA3, 0x08, 0xA3, 0x08, 0xA3, 0x08,
    0xC3, 0x08, 0xC3, 0x08, 0xC3, 0x08, 0xC4, 0x08, 0xC4, 0x08, 0xC4, 0x08, 0xC4, 0x08, 0xC4, 0x08,
    0xC4, 0x08, 0xC4, 0x08, 0xE4, 0x08, 0xE4, 0x08, 0xE4, 0x08, 0xE4, 0x08, 0xE4, 0x08, 0xE4, 0x08,
    0xE4, 0x08, 0xE4, 0x08, 0x04, 0x09, 0x04, 0x09, 0x04, 0x09, 0x05, 0x09, 0x05, 0x09, 0x05, 0x09,
    0x05, 0x09, 0x05, 0x09, 0x25, 0x09, 0x25, 0x09, 0x25, 0x09, 0x25, 0x09, 0x25, 0x09, 0x25, 0x09,
    0x25, 0x09, 0x45, 0x09, 0x45, 0x09, 0x46, 0x09, 0x46, 0x09, 0x46, 0x09, 0x46, 0x09, 0x46, 0x09,
    0x66, 0x09, 0x66, 0x09, 0x66, 0x09, 0x66, 0x09, 0x66, 0x09, 0x66, 0x11, 0x66, 0x11, 0x87, 0x11,
    0x87, 0x11, 0x87, 0x11, 0x87, 0x11, 0x87, 0x11, 0x87, 0x11, 0xA7, 0x11, 0xA7, 0x11, 0xA7, 0x11,
    0xA7, 0x11, 0xA7, 0x11, 0xA7, 0x11, 0xC8, 0x11, 0xC8, 0x11, 0xC8, 0x11, 0xC8, 0x11, 0xC8, 0x11,
    0xC8, 0x11, 0xE8, 0x11, 0xE8, 0x11, 0xE8, 0x11, 0xE8, 0x11, 0xE8, 0x11, 0xE8, 0x11, 0xE9, 0x11,
    0x09, 0x12, 0x09, 0x12, 0x09, 0x12, 0x09, 0x12, 0x09, 0x12, 0x09, 0x12, 0x09, 0x12, 0x09, 0x12,
    0x29, 0x12, 0x29, 0x12, 0x29, 0x12, 0x29, 0x12, 0x29, 0x12, 0x29, 0x12, 0x29, 0x12, 0x29, 0x12,
    0x29, 0x12, 0x2A, 0x12, 0x2A, 0x12, 0x2A, 0x12, 0x2A, 0x12, 0x2A, 0x12, 0x2A, 0x12, 0x2A, 0x12,
    0x2A, 0x12, 0x2A, 0x12, 0x29, 0x12, 0x29, 0x12, 0x29, 0x12, 0x29, 0x12, 0x29, 0x12, 0x29, 0x12,
    0x29, 0x12, 0x29, 0x12, 0x29, 0x12, 0x29, 0x12, 0x29, 0x12, 0x09, 0x12, 0x09, 0x12, 0x09, 0x12,
    0x09, 0x12, 0x09, 0x12, 0x09, 0x12, 0x09, 0x12, 0xE9, 0x11, 0xE8, 0x11, 0xE8, 0x11, 0xE8, 0x11,
    0xE8, 0x11, 0xE8, 0x11, 0xE8, 0x11, 0xC8, 0x11, 0xC8, 0x11, 0xC8, 0x11, 0xC8, 0x11, 0xC8, 0x11,
    0xC8, 0x11, 0xA7, 0x11, 0xA7, 0x11, 0xA7, 0x11, 0xA7, 0x11, 0xA7, 0x11, 0xA7, 0x11, 0x87, 0x11,
    0x87, 0x11, 0x87, 0x11, 0x87, 0x11, 0x87, 0x11, 0x87, 0x11, 0x66, 0x11, 0x66, 0x11, 0x66, 0x11,
    0x66, 0x09, 0x66, 0x09, 0x66, 0x09, 0x66, 0x09, 0x46, 0x09, 0x46, 0x09, 0x46, 0x09, 0x46, 0x09,
    0x46, 0x09, 0x46, 0x09, 0x45, 0x09, 0x25, 0x09, 0x25, 0x09, 0x25, 0x09, 0x25, 0x09, 0x25, 0x09,
    0x25, 0x09, 0x25, 0x09, 0x05, 0x09, 0x05, 0x09, 0x05, 0x09, 0x05, 0x09, 0x05, 0x09, 0x05, 0x09,
    0x04, 0x09, 0x04, 0x09, 0xE4, 0x08, 0xE4, 0x08, 0xE4, 0x08, 0xE4, 0x08, 0xE4, 0x08, 0xE4, 0x08,
    0xE4, 0x08, 0xE4, 0x08, 0xE4, 0x08, 0xC4, 0x08, 0xC4, 0x08, 0xC4, 0x08, 0xC4, 0x08, 0xC4, 0x08,
    0xC4, 0x08, 0xC3, 0x08, 0xC3, 0x08, 0xC3, 0x08, 0xC3, 0x08, 0xA3, 0x08, 0xA3, 0x08, 0xA3, 0x08,
    0xA3, 0x08, 0xA3, 0x08, 0xA3, 0x08, 0xA3, 0x08, 0xA3, 0x08, 0xA3, 0x08, 0xA3, 0x08, 0xA3, 0x08,
    0xA3, 0x08, 0x83, 0x08, 0x83, 0x08, 0x83, 0x08, 0x83, 0x08, 0x83, 0x08, 0x83, 0x08, 0x83, 0x08,
    0x83, 0x08, 0x82, 0x08, 0x82, 0x08, 0x82, 0x08, 0x82, 0x08, 0x82, 0x08, 0x82, 0x08, 0x82, 0x08,
    0x82, 0x08, 0x82, 0x08, 0x62, 0x08, 0x62, 0x08, 0x62, 0x08, 0x62, 0x08, 0x62, 0x08, 0x62, 0x08,
    0x62, 0x08, 0x62, 0x08, 0x62, 0x08, 0x62, 0x08, 0x62, 0x08, 0x62, 0x08, 0x62, 0x08, 0x62, 0x08,
    0x62, 0x08, 0x62, 0x08, 0x62, 0x08, 0x62, 0x08, 0x62, 0x08, 0x62, 0x08, 0x62, 0x08, 0x62, 0x08,
    0x62, 0x08, 0x62, 0x08, 0x62, 0x08, 0x62, 0x08, 0x62, 0x08, 0x62, 0x08, 0x62, 0x08, 0x62, 0x08,
    0x62, 0x08, 0x62, 0x08, 0x62, 0x08, 0x62, 0x08, 0x62, 0x08, 0x62, 0x08, 0x62, 0x08, 0x62, 0x08,
    0x62, 0x08, 0x62, 0x08, 0x62, 0x08, 0x62, 0x08, 0x62, 0x08, 0x62, 0x08, 0x62, 0x08, 0x62, 0x08,
    0x62, 0x08, 0x62, 0x08, 0x62, 0x08, 0x62, 0x08, 0x62, 0x08, 0x62, 0x08, 0x62, 0x08, 0x62, 0x08,
    0x62, 0x08, 0x62, 0x08, 0x62, 0x08, 0x62, 0x08, 0x62, 0x08, 0x62, 0x08, 0x62, 0x08, 0x62, 0x08,
    0x62, 0x08, 0x62, 0x08, 0x62, 0x08, 0x62, 0x08, 0x62, 0x08, 0x62, 0x08, 0x62, 0x08, 0x62, 0x08,
    0x62, 0x08, 0x62, 0x08, 0x62, 0x08, 0x62, 0x08, 0x62, 0x08, 0x62, 0x08, 0x62, 0x08, 0x62, 0x08,
    0x62, 0x08, 0x62, 0x08, 0x62, 0x08, 0x62, 0x08, 0x62, 0x08, 0x62, 0x08, 0x62, 0x08, 0x62, 0x08,
    0x62, 0x08, 0x62, 0x08, 0x62, 0x08, 0x62, 0x08, 0x62, 0x08, 0x62, 0x08, 0x82, 0x08, 0x82, 0x08,
    0x82, 0x08, 0x82, 0x08, 0x82, 0x08, 0x82, 0x08, 0x82, 0x08, 0x82, 0x08, 0x82, 0x08, 0x83, 0x08,
    0x83, 0x08, 0x83, 0x08, 0x83, 0x08, 0x83, 0x08, 0x83, 0x08, 0x83, 0x08, 0x83, 0x08, 0x83, 0x08,
    0xA3, 0x08, 0xA3, 0x08, 0xA3, 0x08, 0xA3, 0x08, 0xA3, 0x08, 0xA3, 0x08, 0xA3, 0x08, 0xA3, 0x08,
    0xA3, 0x08, 0xA3, 0x08, 0xA3, 0x08, 0xA3, 0x08, 0xC3, 0x08, 0xC3, 0x08, 0xC3, 0x08, 0xC3, 0x08,
    0xC4, 0x08, 0xC4, 0x08, 0xC4, 0x08, 0xC4, 0x08, 0xC4, 0x08, 0xC4, 0x08, 0xE4, 0x08, 0xE4, 0x08,
    0xE4, 0x08, 0xE4, 0x08, 0xE4, 0x08, 0xE4, 0x08, 0xE4, 0x08, 0xE4, 0x08, 0xE4, 0x08, 0x04, 0x09,
    0x04, 0x09, 0x05, 0x09, 0x05, 0x09, 0x05, 0x09, 0x05, 0x09, 0x05, 0x09, 0x05, 0x09, 0x25, 0x09,
    0x25, 0x09, 0x25, 0x09, 0x25, 0x09, 0x25, 0x09, 0x25, 0x09, 0x25, 0x09, 0x45, 0x09, 0x46, 0x09,
    0x46, 0x09, 0x46, 0x09, 0x46, 0x09, 0x46, 0x09, 0x46, 0x09, 0x66, 0x09, 0x66, 0x09, 0x66, 0x09,
    0x66, 0x09, 0x66, 0x11, 0x66, 0x11, 0x86, 0x11, 0x87, 0x11, 0x87, 0x11, 0x87, 0x11, 0x87, 0x11,
    0x87, 0x11, 0x87, 0x11, 0xA7, 0x11, 0xA7, 0x11, 0xA7, 0x11, 0xA7, 0x11, 0xA7, 0x11, 0xA7, 0x11,
    0xC8, 0x11, 0xC8, 0x11, 0xC8, 0x11, 0xC8, 0x11, 0xC8, 0x11, 0xC8, 0x11, 0xC8, 0x11, 0xE8, 0x11,
    0xE8, 0x11, 0xE8, 0x11, 0xE8, 0x11, 0xE8, 0x11, 0xE9, 0x11, 0x09, 0x12, 0x09, 0x12, 0x09, 0x12,
    0x09, 0x12, 0x09, 0x12, 0x09, 0x12, 0x09, 0x12, 0x09, 0x12, 0x29, 0x12, 0x29, 0x12, 0x29, 0x12,
    0x29, 0x12, 0x29, 0x12, 0x29, 0x12, 0x29, 0x12, 0x29, 0x12, 0x29, 0x12, 0x29, 0x12, 0x29, 0x12,
    0x29, 0x12, 0x29, 0x12, 0x29, 0x12, 0x29, 0x12, 0x29, 0x12, 0x29, 0x12, 0x29, 0x12, 0x29, 0x12,
    0x29, 0x12, 0x29, 0x12, 0x29, 0x12, 0x29, 0x12, 0x29, 0x12, 0x29, 0x12, 0x29, 0x12, 0x09, 0x12,
    0x09, 0x12, 0x09, 0x12, 0x09, 0x12, 0x09, 0x12, 0x09, 0x12, 0x09, 0x12, 0x09, 0x12, 0xE9, 0x11,
    0xE8, 0x11, 0xE8, 0x11, 0xE8, 0x11, 0xE8, 0x11, 0xE8, 0x11, 0xE8, 0x11, 0xC8, 0x11, 0xC8, 0x11,
    0xC8, 0x11, 0xC8, 0x11, 0xC8, 0x11, 0xC8, 0x11, 0xA7, 0x11, 0xA7, 0x11, 0xA7, 0x11, 0xA7, 0x11,
    0xA7, 0x11, 0xA7, 0x11, 0xA7, 0x11, 0x87, 0x11, 0x87, 0x11, 0x87, 0x11, 0x87, 0x11, 0x87, 0x11,
    0x86, 0x11, 0x66, 0x11, 0x66, 0x11, 0x66, 0x09, 0x66, 0x09, 0x66, 0x09, 0x66, 0x09, 0x46, 0x09,
    0x46, 0x09, 0x46, 0x09, 0x46, 0x09, 0x46, 0x09, 0x46, 0x09, 0x45, 0x09, 0x25, 0x09, 0x25, 0x09,
    0x25, 0x09, 0x25, 0x09, 0x25, 0x09, 0x25, 0x09, 0x25, 0x09, 0x25, 0x09, 0x05, 0x09, 0x05, 0x09,
    0x05, 0x09, 0x05, 0x09, 0x05, 0x09, 0x04, 0x09, 0x04, 0x09, 0x04, 0x09, 0xE4, 0x08, 0xE4, 0x08,
    0xE4, 0x08, 0xE4, 0x08, 0xE4, 0x08, 0xE4, 0x08, 0xE4, 0x08, 0xE4, 0x08, 0xC4, 0x08, 0xC4, 0x08,
    0xC4, 0x08, 0xC4, 0x08, 0xC4, 0x08, 0xC4, 0x08, 0xC4, 0x08, 0xC3, 0x08, 0xC3, 0x08, 0xC3, 0x08,
    0xA3, 0x08, 0xA3, 0x08, 0xA3, 0x08, 0xA3, 0x08, 0xA3, 0x08, 0xA3, 0x08, 0xA3, 0x08, 0xA3, 0x08,
    0xA3, 0x08, 0xA3, 0x08, 0xA3, 0x08, 0xA3, 0x08, 0xA3, 0x08, 0x83, 0x08, 0x83, 0x08, 0x83, 0x08,
    0x83, 0x08, 0x83, 0x08, 0x83, 0x08, 0x83, 0x08, 0x83, 0x08, 0x82, 0x08, 0x82, 0x08, 0x82, 0x08,
    0x82, 0x08, 0x82, 0x08, 0x82, 0x08, 0x82, 0x08, 0x82, 0x08, 0x82, 0x08, 0x62, 0x08, 0x62, 0x08,
    0x62, 0x08, 0x62, 0x08, 0x62, 0x08, 0x62, 0x08, 0x62, 0x08, 0x62, 0x08, 0x62, 0x08, 0x62, 0x08,
    0x62, 0x08, 0x62, 0x08, 0x62, 0x08, 0x62, 0x08, 0x62, 0x08, 0x62, 0x08, 0x62, 0x08, 0x62, 0x08,
    0x62, 0x08, 0x62, 0x08, 0x62, 0x08, 0x62, 0x08, 0x62, 0x08, 0x62, 0x08, 0x62, 0x08, 0x62, 0x08,
    0x62, 0x08, 0x62, 0x08, 0x62, 0x08, 0x62, 0x08, 0x62, 0x08, 0x62, 0x08, 0x62, 0x08, 0x62, 0x08,
    0x62, 0x08, 0x62, 0x08, 0x62, 0x08, 0x62, 0x08, 0x62, 0x08, 0x62, 0x08, 0x62, 0x08, 0x62, 0x08,
    0x62, 0x08, 0x62, 0x08, 0x62, 0x08, 0x62, 0x08, 0x62, 0x08, 0x62, 0x08, 0x62, 0x08, 0x62, 0x08,
    0x62, 0x08, 0x62, 0x08, 0x62, 0x08, 0x62, 0x08, 0x62, 0x08, 0x62, 0x08, 0x62, 0x08, 0x62, 0x08,
    0x62, 0x08, 0x62, 0x08, 0x62, 0x08, 0x62, 0x08, 0x62, 0x08, 0x62, 0x08, 0x62, 0x08, 0x62, 0x08,
    0x62, 0x08, 0x62, 0x08, 0x62, 0x08, 0x62, 0x08, 0x62, 0x08, 0x62, 0x08, 0x62, 0x08, 0x62, 0x08,
    0x62, 0x08, 0x62, 0x08, 0x62, 0x08, 0x62, 0x08, 0x62, 0x08, 0x62, 0x08, 0x62, 0x08, 0x62, 0x08,
    0x62, 0x08, 0x62, 0x08, 0x62, 0x08, 0x62, 0x08, 0x62, 0x08, 0x62, 0x08, 0x62, 0x08, 0x62, 0x08,
    0x62, 0x08, 0x62, 0x08, 0x82, 0x08, 0x82, 0x08, 0x82, 0x08, 0x82, 0x08, 0x82, 0x08, 0x82, 0x08,
    0x82, 0x08, 0x82, 0x08, 0x82, 0x08, 0x83, 0x08, 0x83, 0x08, 0x83, 0x08, 0x83, 0x08, 0x83, 0x08,
    0x83, 0x08, 0x83, 0x08, 0x83, 0x08, 0x83, 0x08, 0xA3, 0x08, 0xA3, 0x08, 0xA3, 0x08, 0xA3, 0x08,
    0xA3, 0x08, 0xA3, 0x08, 0xA3, 0x08, 0xA3, 0x08, 0xA3, 0x08, 0xA3, 0x08, 0xA3, 0x08, 0xA3, 0x08,
    0xC3, 0x08, 0xC3, 0x08, 0xC3, 0x08, 0xC3, 0x08, 0xC4, 0x08, 0xC4, 0x08, 0xC4, 0x08, 0xC4, 0x08,
    0xC4, 0x08, 0xC4, 0x08, 0xE4, 0x08, 0xE4, 0x08, 0xE4, 0x08, 0xE4, 0x08, 0xE4, 0x08, 0xE4, 0x08,
    0xE4, 0x08, 0xE4, 0x08, 0xE4, 0x08, 0x04, 0x09, 0x04, 0x09, 0x05, 0x09, 0x05, 0x09, 0x05, 0x09,
    0x05, 0x09, 0x05, 0x09, 0x05, 0x09, 0x25, 0x09, 0x25, 0x09, 0x25, 0x09, 0x25, 0x09, 0x25, 0x09,
    0x25, 0x09, 0x25, 0x09, 0x45, 0x09, 0x45, 0x09, 0x46, 0x09, 0x46, 0x09, 0x46, 0x09, 0x46, 0x09,
    0x46, 0x09, 0x66, 0x09, 0x66, 0x09, 0x66, 0x09, 0x66, 0x09, 0x66, 0x09, 0x66, 0x11, 0x66, 0x11,
    0x87, 0x11, 0x87, 0x11, 0x87, 0x11, 0x87, 0x11, 0x87, 0x11, 0x87, 0x11, 0xA7, 0x11, 0xA7, 0x11,
    0xA7, 0x11, 0xA7, 0x11, 0xA7, 0x11, 0xA7, 0x11, 0xA8, 0x11, 0xC8, 0x11, 0xC8, 0x11, 0xC8, 0x11,
    0xC8, 0x11, 0xC8, 0x11, 0xC8, 0x11, 0xE8, 0x11, 0xE8, 0x11, 0xE8, 0x11, 0xE8, 0x11, 0xE8, 0x11,
    0xE8, 0x11, 0xE9, 0x11, 0xE9, 0x11, 0x09, 0x12, 0x09, 0x12, 0x09, 0x12, 0x09, 0x12, 0x09, 0x12,
    0x09, 0x12, 0x09, 0x12, 0x09, 0x12, 0x09, 0x12, 0x29, 0x12, 0x29, 0x12, 0x29, 0x12, 0x29, 0x12,
    0x29, 0x12, 0x29, 0x12, 0x29, 0x12, 0x29, 0x12, 0x29, 0x12, 0x29, 0x12, 0x29, 0x12, 0x29, 0x12,
    0x29, 0x12, 0x29, 0x12, 0x29, 0x12, 0x29, 0x12, 0x29, 0x12, 0x29, 0x12, 0x29, 0x12, 0x29, 0x12,
    0x29, 0x12, 0x09, 0x12, 0x09, 0x12, 0x09, 0x12, 0x09, 0x12, 0x09, 0x12, 0x09, 0x12, 0x09, 0x12,
    0x09, 0x12, 0x09, 0x12, 0xE9, 0x11, 0xE8, 0x11, 0xE8, 0x11, 0xE8, 0x11, 0xE8, 0x11, 0xE8, 0x11,
    0xE8, 0x11, 0xC8, 0x11, 0xC8, 0x11, 0xC8, 0x11, 0xC8, 0x11, 0xC8, 0x11, 0xC8, 0x11, 0xC8, 0x11,
    0xA7, 0x11, 0xA7, 0x11, 0xA7, 0x11, 0xA7, 0x11, 0xA7, 0x11, 0xA7, 0x11, 0x87, 0x11, 0x87, 0x11,
    0x87, 0x11, 0x87, 0x11, 0x87, 0x11, 0x87, 0x11, 0x66, 0x11, 0x66, 0x11, 0x66, 0x11, 0x66, 0x09,
    0x66, 0x09, 0x66, 0x09, 0x66, 0x09, 0x46, 0x09, 0x46, 0x09, 0x46, 0x09, 0x46, 0x09, 0x46, 0x09,
    0x46, 0x09, 0x45, 0x09, 0x25, 0x09, 0x25, 0x09, 0x25, 0x09, 0x25, 0x09, 0x25, 0x09, 0x25, 0x09,
    0x25, 0x09, 0x05, 0x09, 0x05, 0x09, 0x05, 0x09, 0x05, 0x09, 0x05, 0x09, 0x05, 0x09, 0x04, 0x09,
    0x04, 0x09, 0xE4, 0x08, 0xE4, 0x08, 0xE4, 0x08, 0xE4, 0x08, 0xE4, 0x08, 0xE4, 0x08, 0xE4, 0x08,
    0xE4, 0x08, 0xE4, 0x08, 0xC4, 0x08, 0xC4, 0x08, 0xC4, 0x08, 0xC4, 0x08, 0xC4, 0x08, 0xC4, 0x08,
    0xC3, 0x08, 0xC3, 0x08, 0xC3, 0x08, 0xC3, 0x08, 0xA3, 0x08, 0xA3, 0x08, 0xA3, 0x08, 0xA3, 0x08,
    0xA3, 0x08, 0xA3, 0x08, 0xA3, 0x08, 0xA3, 0x08, 0xA3, 0x08, 0xA3, 0x08, 0xA3, 0x08, 0xA3, 0x08,
    0x83, 0x08, 0x83, 0x08, 0x83, 0x08, 0x83, 0x08, 0x83, 0x08, 0x83, 0x08, 0x83, 0x08, 0x83, 0x08,
    0x83, 0x08, 0x82, 0x08, 0x82, 0x08, 0x82, 0x08, 0x82, 0x08, 0x82, 0x08, 0x82, 0x08, 0x82, 0x08,
    0x82, 0x08, 0x82, 0x08, 0x62, 0x08, 0x62, 0x08, 0x62, 0x08, 0x62, 0x08, 0x62, 0x08, 0x62, 0x08,
    0x62, 0x08, 0x62, 0x08, 0x62, 0x08, 0x62, 0x08, 0x62, 0x08, 0x62, 0x08, 0x62, 0x08, 0x62, 0x08,
    0x62, 0x08, 0x62, 0x08, 0x62, 0x08, 0x62, 0x08, 0x62, 0x08, 0x62, 0x08, 0x62, 0x08, 0x62, 0x08,
    0x62, 0x08, 0x62, 0x08, 0x62, 0x08, 0x62, 0x08, 0x62, 0x08, 0x62, 0x08, 0x62, 0x08, 0x62, 0x08,
    0x62, 0x08, 0x62, 0x08, 0x62, 0x08, 0x62, 0x08, 0x62, 0x08, 0x62, 0x08, 0x62, 0x08, 0x62, 0x08,
    0x62, 0x08, 0x62, 0x08, 0x62, 0x08, 0x62, 0x08, 0x62, 0x08, 0x62, 0x08, 0x62, 0x08, 0x62, 0x08,
    0x62, 0x08, 0x62, 0x08, 0x62, 0x08, 0x62, 0x08, 0x62, 0x08, 0x62, 0x08, 0x62, 0x08, 0x62, 0x08,
    0x62, 0x08, 0x62, 0x08, 0x62, 0x08, 0x62, 0x08, 0x62, 0x08, 0x62, 0x08, 0x62, 0x08, 0x62, 0x08,
    0x62, 0x08, 0x62, 0x08, 0x62, 0x08, 0x62, 0x08, 0x62, 0x08, 0x62, 0x08, 0x62, 0x08, 0x62, 0x08,
    0x62, 0x08, 0x62, 0x08, 0x62, 0x08, 0x62, 0x08, 0x62, 0x08, 0x62, 0x08, 0x62, 0x08, 0x62, 0x08,
    0x62, 0x08, 0x62, 0x08, 0x62, 0x08, 0x62, 0x08, 0x62, 0x08, 0x62, 0x08, 0x62, 0x08, 0x62, 0x08,
    0x62, 0x08, 0x62, 0x08, 0x62, 0x08, 0x62, 0x08, 0x62, 0x08, 0x62, 0x08, 0x82, 0x08, 0x82, 0x08,
    0x82, 0x08, 0x82, 0x08, 0x82, 0x08, 0x82, 0x08, 0x82, 0x08, 0x82, 0x08, 0x82, 0x08, 0x82, 0x08,
    0x83, 0x08, 0x83, 0x08, 0x83, 0x08, 0x83, 0x08, 0x83, 0x08, 0x83, 0x08, 0x83, 0x08, 0x83, 0x08,
    0xA3, 0x08, 0xA3, 0x08, 0xA3, 0x08, 0xA3, 0x08, 0xA3, 0x08, 0xA3, 0x08, 0xA3, 0x08, 0xA3, 0x08,
    0xA3, 0x08, 0xA3, 0x08, 0xA3, 0x08, 0xA3, 0x08, 0xC3, 0x08, 0xC3, 0x08, 0xC3, 0x08, 0xC3, 0x08,
    0xC4, 0x08, 0xC4, 0x08, 0xC4, 0x08, 0xC4, 0x08, 0xC4, 0x08, 0xC4, 0x08, 0xC4, 0x08, 0xE4, 0x08,
    0xE4, 0x08, 0xE4, 0x08, 0xE4, 0x08, 0xE4, 0x08, 0xE4, 0x08, 0xE4, 0x08, 0xE4, 0x08, 0x04, 0x09,
    0x04, 0x09, 0x04, 0x09, 0x05, 0x09, 0x05, 0x09, 0x05, 0x09, 0x05, 0x09, 0x05, 0x09, 0x25, 0x09,
    0x25, 0x09, 0x25, 0x09, 0x25, 0x09, 0x25, 0x09, 0x25, 0x09, 0x25, 0x09, 0x25, 0x09, 0x45, 0x09,
    0x46, 0x09, 0x46, 0x09, 0x46, 0x09, 0x46, 0x09, 0x46, 0x09, 0x46, 0x09, 0x66, 0x09, 0x66, 0x09,
    0x66, 0x09, 0x66, 0x09, 0x66, 0x11, 0x66, 0x11, 0x66, 0x11, 0x87, 0x11, 0x87, 0x11, 0x87, 0x11,
    0x87, 0x11, 0x87, 0x11, 0x87, 0x11, 0xA7, 0x11, 0xA7, 0x11, 0xA7, 0x11, 0xA7, 0x11, 0xA7, 0x11,
    0xA7, 0x11, 0xA8, 0x11, 0xC8, 0x11, 0xC8, 0x11, 0xC8, 0x11, 0xC8, 0x11, 0xC8, 0x11, 0xC8, 0x11,
    0xE8, 0x11, 0xE8, 0x11, 0xE8, 0x11, 0xE8, 0x11, 0xE8, 0x11, 0xE8, 0x11, 0xE8, 0x11, 0xE9, 0x11,
    0x09, 0x12, 0x09, 0x12, 0x09, 0x12, 0x09, 0x12, 0x09, 0x12, 0x09, 0x12, 0x09, 0x12, 0x09, 0x12,
    0x09, 0x12, 0x09, 0x12, 0x09, 0x12, 0x29, 0x12, 0x29, 0x12, 0x29, 0x12, 0x29, 0x12, 0x29, 0x12,
    0x29, 0x12, 0x29, 0x12, 0x29, 0x12, 0x29, 0x12, 0x29, 0x12, 0x29, 0x12, 0x29, 0x12, 0x29, 0x12,
    0x29, 0x12, 0x29, 0x12, 0x09, 0x12, 0x09, 0x12, 0x09, 0x12, 0x09, 0x12, 0x09, 0x12, 0x09, 0x12,
    0x09, 0x12, 0x09, 0x12, 0x09, 0x12, 0x09, 0x12, 0xE9, 0x11, 0xE8, 0x11, 0xE8, 0x11, 0xE8, 0x11,
    0xE8, 0x11, 0xE8, 0x11, 0xE8, 0x11, 0xE8, 0x11, 0xC8, 0x11, 0xC8, 0x11, 0xC8, 0x11, 0xC8, 0x11,
    0xC8, 0x11, 0xC8, 0x11, 0xC8, 0x11, 0xA7, 0x11, 0xA7, 0x11, 0xA7, 0x11, 0xA7, 0x11, 0xA7, 0x11,
    0xA7, 0x11, 0x87, 0x11, 0x87, 0x11, 0x87, 0x11, 0x87, 0x11, 0x87, 0x11, 0x87, 0x11, 0x86, 0x11,
    0x66, 0x11, 0x66, 0x11, 0x66, 0x09, 0x66, 0x09, 0x66, 0x09, 0x66, 0x09, 0x66, 0x09, 0x46, 0x09,
    0x46, 0x09, 0x46, 0x09, 0x46, 0x09, 0x46, 0x09, 0x45, 0x09, 0x45, 0x09, 0x25, 0x09, 0x25, 0x09,
    0x25, 0x09, 0x25, 0x09, 0x25, 0x09, 0x25, 0x09, 0x25, 0x09, 0x05, 0x09, 0x05, 0x09, 0x05, 0x09,
    0x05, 0x09, 0x05, 0x09, 0x05, 0x09, 0x04, 0x09, 0x04, 0x09, 0xE4, 0x08, 0xE4, 0x08, 0xE4, 0x08,
    0xE4, 0x08, 0xE4, 0x08, 0xE4, 0x08, 0xE4, 0x08, 0xE4, 0x08, 0xE4, 0x08, 0xC4, 0x08, 0xC4, 0x08,
    0xC4, 0x08, 0xC4, 0x08, 0xC4, 0x08, 0xC4, 0x08, 0xC3, 0x08, 0xC3, 0x08, 0xC3, 0x08, 0xC3, 0x08,
    0xA3, 0x08, 0xA3, 0x08, 0xA3, 0x08, 0xA3, 0x08, 0xA3, 0x08, 0xA3, 0x08, 0xA3, 0x08, 0xA3, 0x08,
    0xA3, 0x08, 0xA3, 0x08, 0xA3, 0x08, 0xA3, 0x08, 0x83, 0x08, 0x83, 0x08, 0x83, 0x08, 0x83, 0x08,
    0x83, 0x08, 0x83, 0x08, 0x83, 0x08, 0x83, 0x08, 0x83, 0x08, 0x82, 0x08, 0x82, 0x08, 0x82, 0x08,
    0x82, 0x08, 0x82, 0x08, 0x82, 0x08, 0x82, 0x08, 0x82, 0x08, 0x82, 0x08, 0x62, 0x08, 0x62, 0x08,
    0x62, 0x08, 0x62, 0x08, 0x62, 0x08, 0x62, 0x08, 0x62, 0x08, 0x62, 0x08, 0x62, 0x08, 0x62, 0x08,
    0x62, 0x08, 0x62, 0x08, 0x62, 0x08, 0x62, 0x08, 0x62, 0x08, 0x62, 0x08, 0x62, 0x08, 0x62, 0x08,
    0x62, 0x08, 0x62, 0x08, 0x62, 0x08, 0x62, 0x08, 0x62, 0x08, 0x62, 0x08, 0x62, 0x08, 0x62, 0x08,
    0x62, 0x08, 0x62, 0x08, 0x62, 0x08, 0x62, 0x08, 0x62, 0x08, 0x62, 0x08, 0x62, 0x08, 0x62, 0x08,
    0x62, 0x08, 0x62, 0x08, 0x62, 0x08, 0x62, 0x08, 0x62, 0x08, 0x62, 0x08, 0x62, 0x08, 0x62, 0x08,
    0x62, 0x08, 0x62, 0x08, 0x62, 0x08, 0x62, 0x08, 0x62, 0x08, 0x62, 0x08, 0x62, 0x08, 0x62, 0x08,
    0x62, 0x08, 0x62, 0x08, 0x62, 0x08, 0x62, 0x08, 0x62, 0x08, 0x62, 0x08, 0x62, 0x08, 0x62, 0x08,
    0x62, 0x08, 0x62, 0x08, 0x62, 0x08, 0x62, 0x08, 0x62, 0x08, 0x62, 0x08, 0x62, 0x08, 0x62, 0x08,
    0x62, 0x08, 0x62, 0x08, 0x62, 0x08, 0x62, 0x08, 0x62, 0x08, 0x62, 0x08, 0x62, 0x08, 0x62, 0x08,
    0x62, 0x08, 0x62, 0x08, 0x62, 0x08, 0x62, 0x08, 0x62, 0x08, 0x62, 0x08, 0x62, 0x08, 0x62, 0x08,
    0x62, 0x08, 0x62, 0x08, 0x62, 0x08, 0x62, 0x08, 0x62, 0x08, 0x62, 0x08, 0x62, 0x08, 0x62, 0x08,
    0x62, 0x08, 0x62, 0x08, 0x62, 0x08, 0x82, 0x08, 0x82, 0x08, 0x82, 0x08, 0x82, 0x08, 0x82, 0x08,
    0x82, 0x08, 0x82, 0x08, 0x82, 0x08, 0x82, 0x08, 0x83, 0x08, 0x83, 0x08, 0x83, 0x08, 0x83, 0x08,
    0x83, 0x08, 0x83, 0x08, 0x83, 0x08, 0x83, 0x08, 0xA3, 0x08, 0xA3, 0x08, 0xA3, 0x08, 0xA3, 0x08,
    0xA3, 0x08, 0xA3, 0x08, 0xA3, 0x08, 0xA3, 0x08, 0xA3, 0x08, 0xA3, 0x08, 0xA3, 0x08, 0xA3, 0x08,
    0xA3, 0x08, 0xC3, 0x08, 0xC3, 0x08, 0xC3, 0x08, 0xC4, 0x08, 0xC4, 0x08, 0xC4, 0x08, 0xC4, 0x08,
    0xC4, 0x08, 0xC4, 0x08, 0xC4, 0x08, 0xE4, 0x08, 0xE4, 0x08, 0xE4, 0x08, 0xE4, 0x08, 0xE4, 0x08,
    0xE4, 0x08, 0xE4, 0x08, 0xE4, 0x08, 0xE4, 0x08, 0x04, 0x09, 0x04, 0x09, 0x05, 0x09, 0x05, 0x09,
    0x05, 0x09, 0x05, 0x09, 0x05, 0x09, 0x05, 0x09, 0x25, 0x09, 0x25, 0x09, 0x25, 0x09, 0x25, 0x09,
    0x25, 0x09, 0x25, 0x09, 0x25, 0x09, 0x45, 0x09, 0x46, 0x09, 0x46, 0x09, 0x46, 0x09, 0x46, 0x09,
    0x46, 0x09, 0x46, 0x09, 0x66, 0x09, 0x66, 0x09, 0x66, 0x09, 0x66, 0x09, 0x66, 0x09, 0x66, 0x11,
    0x66, 0x11, 0x86, 0x11, 0x87, 0x11, 0x87, 0x11, 0x87, 0x11, 0x87, 0x11, 0x87, 0x11, 0x87, 0x11,
    0xA7, 0x11, 0xA7, 0x11, 0xA7, 0x11, 0xA7, 0x11, 0xA7, 0x11, 0xA7, 0x11, 0xC7, 0x11, 0xC8, 0x11,
    0xC8, 0x11, 0xC8, 0x11, 0xC8, 0x11, 0xC8, 0x11, 0xC8, 0x11, 0xC8, 0x11, 0xE8, 0x11, 0xE8, 0x11,
    0xE8, 0x11, 0xE8, 0x11, 0xE8, 0x11, 0xE8, 0x11, 0xE9, 0x11, 0x09, 0x12, 0x09, 0x12, 0x09, 0x12,
    0x09, 0x12, 0x09, 0x12, 0x09, 0x12, 0x09, 0x12, 0x09, 0x12, 0x09, 0x12, 0x09, 0x12, 0x09, 0x12,
    0x09, 0x12, 0x09, 0x12, 0x09, 0x12, 0x29, 0x12, 0x29, 0x12, 0x29, 0x12, 0x29, 0x12, 0x29, 0x12,
    0x29, 0x12, 0x09, 0x12, 0x09, 0x12, 0x09, 0x12, 0x09, 0x12, 0x09, 0x12, 0x09, 0x12, 0x09, 0x12,
    0x09, 0x12, 0x09, 0x12, 0x09, 0x12, 0x09, 0x12, 0x09, 0x12, 0x09, 0x12, 0xE9, 0x11, 0xE8, 0x11,
    0xE8, 0x11, 0xE8, 0x11, 0xE8, 0x11, 0xE8, 0x11, 0xE8, 0x11, 0xE8, 0x11, 0xC8, 0x11, 0xC8, 0x11,
    0xC8, 0x11, 0xC8, 0x11, 0xC8, 0x11, 0xC8, 0x11, 0xC8, 0x11, 0xC8, 0x11, 0xA7, 0x11, 0xA7, 0x11,
    0xA7, 0x11, 0xA7, 0x11, 0xA7, 0x11, 0xA7, 0x11, 0xA7, 0x11, 0x87, 0x11, 0x87, 0x11, 0x87, 0x11,
    0x87, 0x11, 0x87, 0x11, 0x87, 0x11, 0x66, 0x11, 0x66, 0x11, 0x66, 0x09, 0x66, 0x09, 0x66, 0x09,
    0x66, 0x09, 0x66, 0x09, 0x46, 0x09, 0x46, 0x09, 0x46, 0x09, 0x46, 0x09, 0x46, 0x09, 0x46, 0x09,
    0x45, 0x09, 0x25, 0x09, 0x25, 0x09, 0x25, 0x09, 0x25, 0x09, 0x25, 0x09, 0x25, 0x09, 0x25, 0x09,
    0x05, 0x09, 0x05, 0x09, 0x05, 0x09, 0x05, 0x09, 0x05, 0x09, 0x05, 0x09, 0x04, 0x09, 0x04, 0x09,
    0x04, 0x09, 0xE4, 0x08, 0xE4, 0x08, 0xE4, 0x08, 0xE4, 0x08, 0xE4, 0x08, 0xE4, 0x08, 0xE4, 0x08,
    0xE4, 0x08, 0xC4, 0x08, 0xC4, 0x08, 0xC4, 0x08, 0xC4, 0x08, 0xC4, 0x08, 0xC4, 0x08, 0xC4, 0x08,
    0xC3, 0x08, 0xC3, 0x08, 0xC3, 0x08, 0xC3, 0x08, 0xA3, 0x08, 0xA3, 0x08, 0xA3, 0x08, 0xA3, 0x08,
    0xA3, 0x08, 0xA3, 0x08, 0xA3, 0x08, 0xA3, 0x08, 0xA3, 0x08, 0xA3, 0x08, 0xA3, 0x08, 0xA3, 0x08,
    0x83, 0x08, 0x83, 0x08, 0x83, 0x08, 0x83, 0x08, 0x83, 0x08, 0x83, 0x08, 0x83, 0x08, 0x83, 0x08,
    0x82, 0x08, 0x82, 0x08, 0x82, 0x08, 0x82, 0x08, 0x82, 0x08, 0x82, 0x08, 0x82, 0x08, 0x82, 0x08,
    0x82, 0x08, 0x82, 0x08, 0x62, 0x08, 0x62, 0x08, 0x62, 0x08, 0x62, 0x08, 0x62, 0x08, 0x62, 0x08,
    0x62, 0x08, 0x62, 0x08, 0x62, 0x08, 0x62, 0x08, 0x62, 0x08, 0x62, 0x08, 0x62, 0x08, 0x62, 0x08,
    0x62, 0x08, 0x62, 0x08, 0x62, 0x08, 0x62, 0x08, 0x62, 0x08, 0x62, 0x08, 0x62, 0x08, 0x62, 0x08,
    0x62, 0x08, 0x62, 0x08, 0x62, 0x08, 0x62, 0x08, 0x62, 0x08, 0x62, 0x08, 0x62, 0x08, 0x62, 0x08,
    0x62, 0x08, 0x62, 0x08, 0x62, 0x08, 0x62, 0x08, 0x62, 0x08, 0x62, 0x08, 0x62, 0x08, 0x62, 0x08,
    0x62, 0x08, 0x62, 0x08, 0x62, 0x08, 0x62, 0x08, 0x62, 0x08, 0x62, 0x08, 0x62, 0x08, 0x62, 0x08,
    0x62, 0x08, 0x62, 0x08, 0x62, 0x08, 0x62, 0x08, 0x62, 0x08, 0x62, 0x08, 0x62, 0x08, 0x62, 0x08,
    0x62, 0x08, 0x62, 0x08, 0x62, 0x08, 0x62, 0x08, 0x62, 0x08, 0x62, 0x08, 0x62, 0x08, 0x62, 0x08,
    0x62, 0x08, 0x62, 0x08, 0x62, 0x08, 0x62, 0x08, 0x62, 0x08, 0x62, 0x08, 0x62, 0x08, 0x62, 0x08,
    0x62, 0x08, 0x62, 0x08, 0x62, 0x08, 0x62, 0x08, 0x62, 0x08, 0x62, 0x08, 0x62, 0x08, 0x62, 0x08,
    0x62, 0x08, 0x62, 0x08, 0x62, 0x08, 0x62, 0x08, 0x62, 0x08, 0x62, 0x08, 0x62, 0x08, 0x62, 0x08,
    0x62, 0x08, 0x62, 0x08, 0x62, 0x08, 0x62, 0x08, 0x62, 0x08, 0x62, 0x08, 0x62, 0x08, 0x82, 0x08,
    0x82, 0x08, 0x82, 0x08, 0x82, 0x08, 0x82, 0x08, 0x82, 0x08, 0x82, 0x08, 0x82, 0x08, 0x82, 0x08,
    0x83, 0x08, 0x83, 0x08, 0x83, 0x08, 0x83, 0x08, 0x83, 0x08, 0x83, 0x08, 0x83, 0x08, 0x83, 0x08,
    0x83, 0x08, 0xA3, 0x08, 0xA3, 0x08, 0xA3, 0x08, 0xA3, 0x08, 0xA3, 0x08, 0xA3, 0x08, 0xA3, 0x08,
    0xA3, 0x08, 0xA3, 0x08, 0xA3, 0x08, 0xA3, 0x08, 0xA3, 0x08, 0xC3, 0x08, 0xC3, 0x08, 0xC3, 0x08,
    0xC3, 0x08, 0xC4, 0x08, 0xC4, 0x08, 0xC4, 0x08, 0xC4, 0x08, 0xC4, 0x08, 0xC4, 0x08, 0xE4, 0x08,
    0xE4, 0x08, 0xE4, 0x08, 0xE4, 0x08, 0xE4, 0x08, 0xE4, 0x08, 0xE4, 0x08, 0xE4, 0x08, 0xE4, 0x08,
    0x04, 0x09, 0x04, 0x09, 0x05, 0x09, 0x05, 0x09, 0x05, 0x09, 0x05, 0x09, 0x05, 0x09, 0x05, 0x09,
    0x25, 0x09, 0x25, 0x09, 0x25, 0x09, 0x25, 0x09, 0x25, 0x09, 0x25, 0x09, 0x25, 0x09, 0x25, 0x09,
    0x45, 0x09, 0x46, 0x09, 0x46, 0x09, 0x46, 0x09, 0x46, 0x09, 0x46, 0x09, 0x46, 0x09, 0x66, 0x09,
    0x66, 0x09, 0x66, 0x09, 0x66, 0x09, 0x66, 0x11, 0x66, 0x11, 0x66, 0x11, 0x87, 0x11, 0x87, 0x11,
    0x87, 0x11, 0x87, 0x11, 0x87, 0x11, 0x87, 0x11, 0x87, 0x11, 0xA7, 0x11, 0xA7, 0x11, 0xA7, 0x11,
    0xA7, 0x11, 0xA7, 0x11, 0xA7, 0x11, 0xC8, 0x11, 0xC8, 0x11, 0xC8, 0x11, 0xC8, 0x11, 0xC8, 0x11,
    0xC8, 0x11, 0xC8, 0x11, 0xE8, 0x11, 0xE8, 0x11, 0xE8, 0x11, 0xE8, 0x11, 0xE8, 0x11, 0xE8, 0x11,
    0xE8, 0x11, 0xE8, 0x11, 0xE8, 0x11, 0x09, 0x12, 0x09, 0x12, 0x09, 0x12, 0x09, 0x12, 0x09, 0x12,
    0x09, 0x12, 0x09, 0x12, 0x09, 0x12, 0x09, 0x12, 0x09, 0x12, 0x09, 0x12, 0x09, 0x12, 0x09, 0x12,
    0x09, 0x12, 0x09, 0x12, 0x09, 0x12, 0x09, 0x12, 0x09, 0x12, 0x09, 0x12, 0x09, 0x12, 0x09, 0x12,
    0x09, 0x12, 0x09, 0x12, 0x09, 0x12, 0x09, 0x12, 0x09, 0x12, 0x09, 0x12, 0x09, 0x12, 0x09, 0x12,
    0x09, 0x12, 0xE9, 0x11, 0xE8, 0x11, 0xE8, 0x11, 0xE8, 0x11, 0xE8, 0x11, 0xE8, 0x11, 0xE8, 0x11,
    0xE8, 0x11, 0xE8, 0x11, 0xC8, 0x11, 0xC8, 0x11, 0xC8, 0x11, 0xC8, 0x11, 0xC8, 0x11, 0xC8, 0x11,
    0xC8, 0x11, 0xA7, 0x11, 0xA7, 0x11, 0xA7, 0x11, 0xA7, 0x11, 0xA7, 0x11, 0xA7, 0x11, 0xA7, 0x11,
    0x87, 0x11, 0x87, 0x11, 0x87, 0x11, 0x87, 0x11, 0x87, 0x11, 0x87, 0x11, 0x86, 0x11, 0x66, 0x11,
    0x66, 0x11, 0x66, 0x09, 0x66, 0x09, 0x66, 0x09, 0x66, 0x09, 0x46, 0x09, 0x46, 0x09, 0x46, 0x09,
    0x46, 0x09, 0x46, 0x09, 0x46, 0x09, 0x45, 0x09, 0x45, 0x09, 0x25, 0x09, 0x25, 0x09, 0x25, 0x09,
    0x25, 0x09, 0x25, 0x09, 0x25, 0x09, 0x25, 0x09, 0x05, 0x09, 0x05, 0x09, 0x05, 0x09, 0x05, 0x09,
    0x05, 0x09, 0x05, 0x09, 0x04, 0x09, 0x04, 0x09, 0xE4, 0x08, 0xE4, 0x08, 0xE4, 0x08, 0xE4, 0x08,
    0xE4, 0x08, 0xE4, 0x08, 0xE4, 0x08, 0xE4, 0x08, 0xE4, 0x08, 0xC4, 0x08, 0xC4, 0x08, 0xC4, 0x08,
    0xC4, 0x08, 0xC4, 0x08, 0xC4, 0x08, 0xC3, 0x08, 0xC3, 0x08, 0xC3, 0x08, 0xC3, 0x08, 0xA3, 0x08,
    0xA3, 0x08, 0xA3, 0x08, 0xA3, 0x08, 0xA3, 0x08, 0xA3, 0x08, 0xA3, 0x08, 0xA3, 0x08, 0xA3, 0x08,
    0xA3, 0x08, 0xA3, 0x08, 0xA3, 0x08, 0xA3, 0x08, 0x83, 0x08, 0x83, 0x08, 0x83, 0x08, 0x83, 0x08,
    0x83, 0x08, 0x83, 0x08, 0x83, 0x08, 0x83, 0x08, 0x82, 0x08, 0x82, 0x08, 0x82, 0x08, 0x82, 0x08,
    0x82, 0x08, 0x82, 0x08, 0x82, 0x08, 0x82, 0x08, 0x82, 0x08, 0x62, 0x08, 0x62, 0x08, 0x62, 0x08,
    0x62, 0x08, 0x62, 0x08, 0x62, 0x08, 0x62, 0x08, 0x62, 0x08, 0x62, 0x08, 0x62, 0x08, 0x62, 0x08,
    0x62, 0x08, 0x62, 0x08, 0x62, 0x08, 0x62, 0x08, 0x62, 0x08, 0x62, 0x08, 0x62, 0x08, 0x62, 0x08,
    0x62, 0x08, 0x62, 0x08, 0x62, 0x08, 0x62, 0x08, 0x62, 0x08, 0x62, 0x08, 0x62, 0x08, 0x62, 0x08,
    0x62, 0x08, 0x62, 0x08, 0x62, 0x08, 0x62, 0x08, 0x62, 0x08, 0x62, 0x08, 0x62, 0x08, 0x62, 0x08,
    0x62, 0x08, 0x62, 0x08, 0x62, 0x08, 0x62, 0x08, 0x62, 0x08, 0x62, 0x08, 0x62, 0x08, 0x62, 0x08,
    0x62, 0x08, 0x62, 0x08, 0x62, 0x08, 0x62, 0x08, 0x62, 0x08, 0x62, 0x08, 0x62, 0x08, 0x62, 0x08,
    0x62, 0x08, 0x62, 0x08, 0x62, 0x08, 0x62, 0x08, 0x62, 0x08, 0x62, 0x08, 0x62, 0x08, 0x62, 0x08,
    0x62, 0x08, 0x62, 0x08, 0x62, 0x08, 0x62, 0x08, 0x62, 0x08, 0x62, 0x08, 0x62, 0x08, 0x62, 0x08,
    0x62, 0x08, 0x62, 0x08, 0x62, 0x08, 0x62, 0x08, 0x62, 0x08, 0x62, 0x08, 0x62, 0x08, 0x62, 0x08,
    0x62, 0x08, 0x62, 0x08, 0x62, 0x08, 0x62, 0x08, 0x62, 0x08, 0x62, 0x08, 0x62, 0x08, 0x62, 0x08,
    0x62, 0x08, 0x62, 0x08, 0x62, 0x08, 0x62, 0x08, 0x62, 0x08, 0x62, 0x08, 0x62, 0x08, 0x62, 0x08,
    0x62, 0x08, 0x62, 0x08, 0x62, 0x08, 0x82, 0x08, 0x82, 0x08, 0x82, 0x08, 0x82, 0x08, 0x82, 0x08,
    0x82, 0x08, 0x82, 0x08, 0x82, 0x08, 0x82, 0x08, 0x83, 0x08, 0x83, 0x08, 0x83, 0x08, 0x83, 0x08,
    0x83, 0x08, 0x83, 0x08, 0x83, 0x08, 0x83, 0x08, 0x83, 0x08, 0xA3, 0x08, 0xA3, 0x08, 0xA3, 0x08,
    0xA3, 0x08, 0xA3, 0x08, 0xA3, 0x08, 0xA3, 0x08, 0xA3, 0x08, 0xA3, 0x08, 0xA3, 0x08, 0xA3, 0x08,
    0xA3, 0x08, 0xC3, 0x08, 0xC3, 0x08, 0xC3, 0x08, 0xC3, 0x08, 0xC4, 0x08, 0xC4, 0x08, 0xC4, 0x08,
    0xC4, 0x08, 0xC4, 0x08, 0xC4, 0x08, 0xC4, 0x08, 0xE4, 0x08, 0xE4, 0x08, 0xE4, 0x08, 0xE4, 0x08,
    0xE4, 0x08, 0xE4, 0x08, 0x04, 0x09, 0x04, 0x09, 0x04, 0x09, 0x04, 0x09, 0x04, 0x09, 0x05, 0x09,
    0x05, 0x09, 0x05, 0x09, 0x05, 0x09, 0x05, 0x09, 0x05, 0x09, 0x25, 0x09, 0x25, 0x09, 0x25, 0x09,
    0x25, 0x09, 0x25, 0x09, 0x25, 0x09, 0x25, 0x09, 0x45, 0x09, 0x46, 0x09, 0x46, 0x09, 0x46, 0x09,
    0x46, 0x09, 0x46, 0x09, 0x46, 0x09, 0x66, 0x09, 0x66, 0x09, 0x66, 0x09, 0x66, 0x09, 0x66, 0x09,
    0x66, 0x11, 0x66, 0x11, 0x86, 0x11, 0x87, 0x11, 0x87, 0x11, 0x87, 0x11, 0x87, 0x11, 0x87, 0x11,
    0x87, 0x11, 0xA7, 0x11, 0xA7, 0x11, 0xA7, 0x11, 0xA7, 0x11, 0xA7, 0x11, 0xA7, 0x11, 0xA7, 0x11,
    0xC8, 0x11, 0xC8, 0x11, 0xC8, 0x11, 0xC8, 0x11, 0xC8, 0x11, 0xC8, 0x11, 0xC8, 0x11, 0xC8, 0x11,
    0xE8, 0x11, 0xE8, 0x11, 0xE8, 0x11, 0xE8, 0x11, 0xE8, 0x11, 0xE8, 0x11, 0xE8, 0x11, 0xE8, 0x11,
    0xE9, 0x11, 0x09, 0x12, 0x09, 0x12, 0x09, 0x12, 0x09, 0x12, 0x09, 0x12, 0x09, 0x12, 0x09, 0x12,
    0x09, 0x12, 0x09, 0x12, 0x09, 0x12, 0x09, 0x12, 0x09, 0x12, 0x09, 0x12, 0x09, 0x12, 0x09, 0x12,
    0x09, 0x12, 0x09, 0x12, 0x09, 0x12, 0x09, 0x12, 0x09, 0x12, 0x09, 0x12, 0x09, 0x12, 0x09, 0x12,
    0x09, 0x12, 0x09, 0x12, 0xE9, 0x11, 0xE9, 0x11, 0xE8, 0x11, 0xE8, 0x11, 0xE8, 0x11, 0xE8, 0x11,
    0xE8, 0x11, 0xE8, 0x11, 0xE8, 0x11, 0xE8, 0x11, 0xE8, 0x11, 0xC8, 0x11, 0xC8, 0x11, 0xC8, 0x11,
    0xC8, 0x11, 0xC8, 0x11, 0xC8, 0x11, 0xC8, 0x11, 0xA7, 0x11, 0xA7, 0x11, 0xA7, 0x11, 0xA7, 0x11,
    0xA7, 0x11, 0xA7, 0x11, 0xA7, 0x11, 0x87, 0x11, 0x87, 0x11, 0x87, 0x11, 0x87, 0x11, 0x87, 0x11,
    0x87, 0x11, 0x86, 0x11, 0x66, 0x11, 0x66, 0x11, 0x66, 0x09, 0x66, 0x09, 0x66, 0x09, 0x66, 0x09,
    0x66, 0x09, 0x46, 0x09, 0x46, 0x09, 0x46, 0x09, 0x46, 0x09, 0x46, 0x09, 0x46, 0x09, 0x45, 0x09,
    0x25, 0x09, 0x25, 0x09, 0x25, 0x09, 0x25, 0x09, 0x25, 0x09, 0x25, 0x09, 0x25, 0x09, 0x25, 0x09,
    0x05, 0x09, 0x05, 0x09, 0x05, 0x09, 0x05, 0x09, 0x05, 0x09, 0x05, 0x09, 0x04, 0x09, 0x04, 0x09,
    0x04, 0x09, 0x04, 0x09, 0xE4, 0x08, 0xE4, 0x08, 0xE4, 0x08, 0xE4, 0x08, 0xE4, 0x08, 0xE4, 0x08,
    0xE4, 0x08, 0xC4, 0x08, 0xC4, 0x08, 0xC4, 0x08, 0xC4, 0x08, 0xC4, 0x08, 0xC4, 0x08, 0xC3, 0x08,
    0xC3, 0x08, 0xC3, 0x08, 0xC3, 0x08, 0xA3, 0x08, 0xA3, 0x08, 0xA3, 0x08, 0xA3, 0x08, 0xA3, 0x08,
    0xA3, 0x08, 0xA3, 0x08, 0xA3, 0x08, 0xA3, 0x08, 0xA3, 0x08, 0xA3, 0x08, 0xA3, 0x08, 0x83, 0x08,
    0x83, 0x08, 0x83, 0x08, 0x83, 0x08, 0x83, 0x08, 0x83, 0x08, 0x83, 0x08, 0x83, 0x08, 0x83, 0x08,
    0x82, 0x08, 0x82, 0x08, 0x82, 0x08, 0x82, 0x08, 0x82, 0x08, 0x82, 0x08, 0x82, 0x08, 0x82, 0x08,
    0x82, 0x08, 0x62, 0x08, 0x62, 0x08, 0x62, 0x08, 0x62, 0x08, 0x62, 0x08, 0x62, 0x08, 0x62, 0x08,
    0x62, 0x08, 0x62, 0x08, 0x62, 0x08, 0x62, 0x08, 0x62, 0x08, 0x62, 0x08, 0x62, 0x08, 0x62, 0x08,
    0x62, 0x08, 0x62, 0x08, 0x62, 0x08, 0x62, 0x08, 0x62, 0x08, 0x62, 0x08, 0x62, 0x08, 0x62, 0x08,
    0x62, 0x08, 0x62, 0x08, 0x62, 0x08, 0x62, 0x08, 0x62, 0x08, 0x62, 0x08, 0x62, 0x08, 0x62, 0x08,
    0x62, 0x08, 0x62, 0x08, 0x62, 0x08, 0x62, 0x08, 0x62, 0x08, 0x62, 0x08, 0x62, 0x08, 0x62, 0x08,
    0x62, 0x08, 0x62, 0x08, 0x62, 0x08, 0x62, 0x08, 0x62, 0x08, 0x62, 0x08, 0x62, 0x08, 0x62, 0x08,
    0x62, 0x08, 0x62, 0x08, 0x62, 0x08, 0x62, 0x08, 0x62, 0x08, 0x62, 0x08, 0x62, 0x08, 0x62, 0x08,
    0x62, 0x08, 0x62, 0x08, 0x62, 0x08, 0x62, 0x08, 0x62, 0x08, 0x62, 0x08, 0x62, 0x08, 0x62, 0x08,
    0x62, 0x08, 0x62, 0x08, 0x62, 0x08, 0x42, 0x00, 0x42, 0x00, 0x42, 0x00, 0x62, 0x08, 0x62, 0x08,
    0x62, 0x08, 0x62, 0x08, 0x62, 0x08, 0x62, 0x08, 0x62, 0x08, 0x62, 0x08, 0x62, 0x08, 0x62, 0x08,
    0x62, 0x08, 0x62, 0x08, 0x62, 0x08, 0x62, 0x08, 0x62, 0x08, 0x62, 0x08, 0x62, 0x08, 0x62, 0x08,
    0x62, 0x08, 0x62, 0x08, 0x62, 0x08, 0x62, 0x08, 0x62, 0x08, 0x62, 0x08, 0x62, 0x08, 0x82, 0x08,
    0x82, 0x08, 0x82, 0x08, 0x82, 0x08, 0x82, 0x08, 0x82, 0x08, 0x82, 0x08, 0x82, 0x08, 0x82, 0x08,
    0x82, 0x08, 0x83, 0x08, 0x83, 0x08, 0x83, 0x08, 0x83, 0x08, 0x83, 0x08, 0x83, 0x08, 0x83, 0x08,
    0x83, 0x08, 0xA3, 0x08, 0xA3, 0x08, 0xA3, 0x08, 0xA3, 0x08, 0xA3, 0x08, 0xA3, 0x08, 0xA3, 0x08,
    0xA3, 0x08, 0xA3, 0x08, 0xA3, 0x08, 0xA3, 0x08, 0xA3, 0x08, 0xA3, 0x08, 0xC3, 0x08, 0xC3, 0x08,
    0xC3, 0x08, 0xC4, 0x08, 0xC4, 0x08, 0xC4, 0x08, 0xC4, 0x08, 0xC4, 0x08, 0xC4, 0x08, 0xC4, 0x08,
    0xE4, 0x08, 0xE4, 0x08, 0xE4, 0x08, 0xE4, 0x08, 0xE4, 0x08, 0xE4, 0x08, 0xC4, 0x08, 0xC4, 0x08,
    0xE4, 0x08, 0x04, 0x09, 0x04, 0x09, 0x05, 0x09, 0x05, 0x09, 0x05, 0x09, 0x05, 0x09, 0x05, 0x09,
    0x05, 0x09, 0x25, 0x09, 0x25, 0x09, 0x25, 0x09, 0x25, 0x09, 0x25, 0x09, 0x25, 0x09, 0x25, 0x09,
    0x25, 0x09, 0x45, 0x09, 0x46, 0x09, 0x46, 0x09, 0x46, 0x09, 0x46, 0x09, 0x46, 0x09, 0x46, 0x09,
    0x66, 0x09, 0x66, 0x09, 0x66, 0x09, 0x66, 0x09, 0x66, 0x09, 0x66, 0x11, 0x66, 0x11, 0x86, 0x11,
    0x87, 0x11, 0x87, 0x11, 0x87, 0x11, 0x87, 0x11, 0x87, 0x11, 0x87, 0x11, 0xA7, 0x11, 0xA7, 0x11,
    0xA7, 0x11, 0xA7, 0x11, 0xA7, 0x11, 0xA7, 0x11, 0xA7, 0x11, 0xA8, 0x11, 0xC8, 0x11, 0xC8, 0x11,
    0xC8, 0x11, 0xC8, 0x11, 0xC8, 0x11, 0xC8, 0x11, 0xC8, 0x11, 0xE8, 0x11, 0xE8, 0x11, 0xE8, 0x11,
    0xE8, 0x11, 0xE8, 0x11, 0xE8, 0x11, 0xE8, 0x11, 0xE8, 0x11, 0xE8, 0x11, 0xE9, 0x11, 0xE9, 0x11,
    0x09, 0x12, 0x09, 0x12, 0x09, 0x12, 0x09, 0x12, 0x09, 0x12, 0x09, 0x12, 0x09, 0x12, 0x09, 0x12,
    0x09, 0x12, 0xE8, 0x09, 0xE8, 0x09, 0xE8, 0x11, 0x09, 0x12, 0x09, 0x12, 0x09, 0x12, 0x09, 0x12,
    0x09, 0x12, 0x09, 0x12, 0x09, 0x12, 0x09, 0x12, 0x09, 0x12, 0xE9, 0x11, 0xE8, 0x11, 0xE8, 0x11,
    0xE8, 0x11, 0xE8, 0x11, 0xE8, 0x11, 0xE8, 0x11, 0xE8, 0x11, 0xE8, 0x11, 0xE8, 0x11, 0xC8, 0x11,
    0xC8, 0x11, 0xC8, 0x11, 0xC8, 0x11, 0xC8, 0x11, 0xC8, 0x11, 0xC8, 0x11, 0xC8, 0x11, 0xA7, 0x11,
    0xA7, 0x11, 0xA7, 0x11, 0xA7, 0x11, 0xA7, 0x11, 0xA7, 0x11, 0xA7, 0x11, 0x87, 0x11, 0x87, 0x11,
    0x87, 0x11, 0x87, 0x11, 0x87, 0x11, 0x87, 0x11, 0x87, 0x11, 0x66, 0x11, 0x66, 0x11, 0x66, 0x11,
    0x66, 0x09, 0x66, 0x09, 0x66, 0x09, 0x66, 0x09, 0x46, 0x09, 0x46, 0x09, 0x46, 0x09, 0x46, 0x09,
    0x46, 0x09, 0x46, 0x09, 0x45, 0x09, 0x45, 0x09, 0x25, 0x09, 0x25, 0x09, 0x25, 0x09, 0x25, 0x09,
    0x25, 0x09, 0x25, 0x09, 0x25, 0x09, 0x05, 0x09, 0x05, 0x09, 0x05, 0x09, 0x05, 0x09, 0x05, 0x09,
    0x05, 0x09, 0x04, 0x09, 0x04, 0x09, 0xE4, 0x08, 0xC4, 0x08, 0xC4, 0x08, 0xC4, 0x08, 0xE4, 0x08,
    0xE4, 0x08, 0xE4, 0x08, 0xE4, 0x08, 0xE4, 0x08, 0xC4, 0x08, 0xC4, 0x08, 0xC4, 0x08, 0xC4, 0x08,
    0xC4, 0x08, 0xC4, 0x08, 0xC4, 0x08, 0xC3, 0x08, 0xC3, 0x08, 0xC3, 0x08, 0xC3, 0x08, 0xA3, 0x08,
    0xA3, 0x08, 0xA3, 0x08, 0xA3, 0x08, 0xA3, 0x08, 0xA3, 0x08, 0xA3, 0x08, 0xA3, 0x08, 0xA3, 0x08,
    0xA3, 0x08, 0xA3, 0x08, 0xA3, 0x08, 0x83, 0x08, 0x83, 0x08, 0x83, 0x08, 0x83, 0x08, 0x83, 0x08,
    0x83, 0x08, 0x83, 0x08, 0x83, 0x08, 0x83, 0x08, 0x82, 0x08, 0x82, 0x08, 0x82, 0x08, 0x82, 0x08,
    0x82, 0x08, 0x82, 0x08, 0x82, 0x08, 0x82, 0x08, 0x82, 0x08, 0x62, 0x08, 0x62, 0x08, 0x62, 0x08,
    0x62, 0x08, 0x62, 0x08, 0x62, 0x08, 0x62, 0x08, 0x62, 0x08, 0x62, 0x08, 0x62, 0x08, 0x62, 0x08,
    0x62, 0x08, 0x62, 0x08, 0x62, 0x08, 0x62, 0x08, 0x62, 0x08, 0x62, 0x08, 0x62, 0x08, 0x62, 0x08,
    0x62, 0x08, 0x62, 0x08, 0x62, 0x08, 0x62, 0x08, 0x62, 0x08, 0x62, 0x08, 0x62, 0x08, 0x42, 0x00,
    0x42, 0x00, 0x42, 0x00, 0x62, 0x08, 0x62, 0x08, 0x62, 0x08, 0x62, 0x08, 0x62, 0x08, 0x62, 0x08,
    0x62, 0x08, 0x62, 0x08, 0x62, 0x08, 0x62, 0x08, 0x62, 0x08, 0x62, 0x08, 0x62, 0x08, 0x62, 0x08,
    0x62, 0x08, 0x62, 0x08, 0x62, 0x08, 0x62, 0x08, 0x62, 0x08, 0x62, 0x08, 0x62, 0x08, 0x62, 0x08,
    0x62, 0x08, 0x62, 0x08, 0x62, 0x08, 0x62, 0x08, 0x62, 0x08, 0x62, 0x08, 0x62, 0x08, 0x62, 0x08,
    0x62, 0x08, 0x62, 0x08, 0x62, 0x08, 0x62, 0x08, 0x62, 0x08, 0x62, 0x08, 0x83, 0x08, 0xE4, 0x18,
    0xE4, 0x18, 0xC3, 0x10, 0x62, 0x08, 0x62, 0x08, 0x62, 0x08, 0x62, 0x08, 0x62, 0x08, 0x62, 0x08,
    0x62, 0x08, 0x62, 0x08, 0x62, 0x08, 0x62, 0x08, 0x62, 0x08, 0x62, 0x08, 0x62, 0x08, 0x62, 0x08,
    0x62, 0x08, 0x62, 0x08, 0x62, 0x08, 0x62, 0x08, 0x62, 0x08, 0x62, 0x08, 0x62, 0x08, 0x62, 0x08,
    0x62, 0x08, 0x62, 0x08, 0x62, 0x08, 0x62, 0x08, 0x82, 0x08, 0x82, 0x08, 0x82, 0x08, 0x82, 0x08,
    0x82, 0x08, 0x82, 0x08, 0x82, 0x08, 0x82, 0x08, 0x82, 0x08, 0x83, 0x08, 0x83, 0x08, 0x83, 0x08,
    0x83, 0x08, 0x83, 0x08, 0x83, 0x08, 0x83, 0x08, 0x83, 0x08, 0xA3, 0x08, 0xA3, 0x08, 0xA3, 0x08,
    0xA3, 0x08, 0xA3, 0x08, 0xA3, 0x08, 0xA3, 0x08, 0xA3, 0x08, 0xA3, 0x08, 0xA3, 0x08, 0xA3, 0x08,
    0xA3, 0x08, 0xA3, 0x08, 0xC3, 0x08, 0xC3, 0x08, 0xC3, 0x08, 0xC3, 0x08, 0xC4, 0x08, 0xC4, 0x08,
    0xC4, 0x08, 0xC4, 0x08, 0xC4, 0x08, 0xC4, 0x08, 0xE4, 0x08, 0xE4, 0x08, 0xE4, 0x08, 0xE4, 0x08,
    0xE4, 0x08, 0x05, 0x11, 0x66, 0x19, 0x66, 0x19, 0x46, 0x19, 0xE4, 0x08, 0x04, 0x09, 0x05, 0x09,
    0x05, 0x09, 0x05, 0x09, 0x05, 0x09, 0x05, 0x09, 0x05, 0x09, 0x25, 0x09, 0x25, 0x09, 0x25, 0x09,
    0x25, 0x09, 0x25, 0x09, 0x25, 0x09, 0x25, 0x09, 0x25, 0x09, 0x45, 0x09, 0x45, 0x09, 0x46, 0x09,
    0x46, 0x09, 0x46, 0x09, 0x46, 0x09, 0x46, 0x09, 0x46, 0x09, 0x66, 0x09, 0x66, 0x09, 0x66, 0x09,
    0x66, 0x09, 0x66, 0x11, 0x66, 0x11, 0x66, 0x11, 0x87, 0x11, 0x87, 0x11, 0x87, 0x11, 0x87, 0x11,
    0x87, 0x11, 0x87, 0x11, 0x87, 0x11, 0xA7, 0x11, 0xA7, 0x11, 0xA7, 0x11, 0xA7, 0x11, 0xA7, 0x11,
    0xA7, 0x11, 0xA7, 0x11, 0xC7, 0x11, 0xC8, 0x11, 0xC8, 0x11, 0xC8, 0x11, 0xC8, 0x11, 0xC8, 0x11,
    0xC8, 0x11, 0xC8, 0x11, 0xC8, 0x11, 0xE8, 0x11, 0xE8, 0x11, 0xE8, 0x11, 0xE8, 0x11, 0xE8, 0x11,
    0xE8, 0x11, 0xE8, 0x11, 0xE8, 0x11, 0xE8, 0x11, 0xE8, 0x11, 0xE9, 0x11, 0xE9, 0x11, 0x09, 0x12,
    0x09, 0x12, 0x09, 0x12, 0x09, 0x12, 0xE9, 0x11, 0x09, 0x12, 0x6A, 0x22, 0x6A, 0x22, 0x4A, 0x1A,
    0xE9, 0x11, 0x09, 0x12, 0x09, 0x12, 0x09, 0x12, 0x09, 0x12, 0xE9, 0x11, 0xE8, 0x11, 0xE8, 0x11,
    0xE8, 0x11, 0xE8, 0x11, 0xE8, 0x11, 0xE8, 0x11, 0xE8, 0x11, 0xE8, 0x11, 0xE8, 0x11, 0xE8, 0x11,
    0xE8, 0x11, 0xE8, 0x11, 0xC8, 0x11, 0xC8, 0x11, 0xC8, 0x11, 0xC8, 0x11, 0xC8, 0x11, 0xC8, 0x11,
    0xC8, 0x11, 0xC8, 0x11, 0xA7, 0x11, 0xA7, 0x11, 0xA7, 0x11, 0xA7, 0x11, 0xA7, 0x11, 0xA7, 0x11,
    0xA7, 0x11, 0x87, 0x11, 0x87, 0x11, 0x87, 0x11, 0x87, 0x11, 0x87, 0x11, 0x87, 0x11, 0x87, 0x11,
    0x86, 0x11, 0x66, 0x11, 0x66, 0x11, 0x66, 0x09, 0x66, 0x09, 0x66, 0x09, 0x66, 0x09, 0x66, 0x09,
    0x46, 0x09, 0x46, 0x09, 0x46, 0x09, 0x46, 0x09, 0x46, 0x09, 0x46, 0x09, 0x45, 0x09, 0x25, 0x09,
    0x25, 0x09, 0x25, 0x09, 0x25, 0x09, 0x25, 0x09, 0x25, 0x09, 0x25, 0x09, 0x25, 0x09, 0x05, 0x09,
    0x05, 0x09, 0x05, 0x09, 0x05, 0x09, 0x05, 0x09, 0x05, 0x09, 0x04, 0x09, 0xE4, 0x08, 0x05, 0x11,
    0x66, 0x19, 0x66, 0x19, 0x45, 0x19, 0xE4, 0x08, 0xE4, 0x08, 0xE4, 0x08, 0xE4, 0x08, 0xE4, 0x08,
    0xC4, 0x08, 0xC4, 0x08, 0xC4, 0x08, 0xC4, 0x08, 0xC4, 0x08, 0xC4, 0x08, 0xC3, 0x08, 0xC3, 0x08,
    0xC3, 0x08, 0xC3, 0x08, 0xA3, 0x08, 0xA3, 0x08, 0xA3, 0x08, 0xA3, 0x08, 0xA3, 0x08, 0xA3, 0x08,
    0xA3, 0x08, 0xA3, 0x08, 0xA3, 0x08, 0xA3, 0x08, 0xA3, 0x08, 0xA3, 0x08, 0xA3, 0x08, 0x83, 0x08,
    0x83, 0x08, 0x83, 0x08, 0x83, 0x08, 0x83, 0x08, 0x83, 0x08, 0x83, 0x08, 0x83, 0x08, 0x82, 0x08,
    0x82, 0x08, 0x82, 0x08, 0x82, 0x08, 0x82, 0x08, 0x82, 0x08, 0x82, 0x08, 0x82, 0x08, 0x82, 0x08,
    0x82, 0x08, 0x62, 0x08, 0x62, 0x08, 0x62, 0x08, 0x62, 0x08, 0x62, 0x08, 0x62, 0x08, 0x62, 0x08,
    0x62, 0x08, 0x62, 0x08, 0x62, 0x08, 0x62, 0x08, 0x62, 0x08, 0x62, 0x08, 0x62, 0x08, 0x62, 0x08,
    0x62, 0x08, 0x62, 0x08, 0x62, 0x08, 0x62, 0x08, 0x62, 0x08, 0x62, 0x08, 0x62, 0x08, 0x62, 0x08,
    0x62, 0x08, 0x62, 0x08, 0x83, 0x08, 0xE4, 0x18, 0xE4, 0x18, 0xC3, 0x10, 0x62, 0x08, 0x62, 0x08,
    0x62, 0x08, 0x62, 0x08, 0x62, 0x08, 0x62, 0x08, 0x62, 0x08, 0x62, 0x08, 0x62, 0x08, 0x62, 0x08,
    0x62, 0x08, 0x62, 0x08, 0x62, 0x08, 0x62, 0x08, 0x62, 0x08, 0x62, 0x08, 0x62, 0x08, 0x62, 0x08,
    0x62, 0x08, 0x62, 0x08, 0x62, 0x08, 0x62, 0x08, 0x62, 0x08, 0x62, 0x08, 0x62, 0x08, 0x62, 0x08,
    0x62, 0x08, 0x62, 0x08, 0x62, 0x08, 0x62, 0x08, 0x62, 0x08, 0x62, 0x08, 0x62, 0x08, 0x62, 0x08,
    0x82, 0x08, 0x01, 0x00, 0x49, 0x42, 0x7E, 0xEF, 0x7E, 0xEF, 0xB7, 0xB5, 0x21, 0x00, 0x82, 0x08,
    0x62, 0x08, 0x62, 0x08, 0x62, 0x08, 0x62, 0x08, 0x62, 0x08, 0x62, 0x08, 0x62, 0x08, 0x62, 0x08,
    0x62, 0x08, 0x62, 0x08, 0x62, 0x08, 0x62, 0x08, 0x62, 0x08, 0x62, 0x08, 0x62, 0x08, 0x62, 0x08,
    0x62, 0x08, 0x62, 0x08, 0x62, 0x08, 0x62, 0x08, 0x62, 0x08, 0x62, 0x08, 0x62, 0x08, 0x62, 0x08,
    0x82, 0x08, 0x82, 0x08, 0x82, 0x08, 0x82, 0x08, 0x82, 0x08, 0x82, 0x08, 0x82, 0x08, 0x82, 0x08,
    0x82, 0x08, 0x62, 0x08, 0x82, 0x08, 0x83, 0x08, 0x83, 0x08, 0x83, 0x08, 0x83, 0x08, 0x83, 0x08,
    0x83, 0x08, 0x83, 0x08, 0xA3, 0x08, 0xA3, 0x08, 0xA3, 0x08, 0xA3, 0x08, 0xA3, 0x08, 0xA3, 0x08,
    0xA3, 0x08, 0xA3, 0x08, 0xA3, 0x08, 0xA3, 0x08, 0xA3, 0x08, 0xA3, 0x08, 0xC3, 0x08, 0xC3, 0x08,
    0xC3, 0x08, 0xC3, 0x08, 0xC4, 0x08, 0xC4, 0x08, 0xC4, 0x08, 0xC4, 0x08, 0xC4, 0x08, 0xC4, 0x08,
    0xC4, 0x08, 0xE4, 0x08, 0xE4, 0x08, 0xE4, 0x08, 0x83, 0x00, 0x8B, 0x42, 0x9E, 0xEF, 0x9E, 0xEF,
    0xD7, 0xB5, 0xA3, 0x00, 0x05, 0x09, 0x04, 0x09, 0x05, 0x09, 0x05, 0x09, 0x05, 0x09, 0x05, 0x09,
    0x05, 0x09, 0x05, 0x09, 0x25, 0x09, 0x25, 0x09, 0x25, 0x09, 0x25, 0x09, 0x25, 0x09, 0x25, 0x09,
    0x25, 0x09, 0x25, 0x09, 0x45, 0x09, 0x46, 0x09, 0x46, 0x09, 0x46, 0x09, 0x46, 0x09, 0x46, 0x09,
    0x46, 0x09, 0x66, 0x09, 0x66, 0x09, 0x66, 0x09, 0x66, 0x09, 0x66, 0x09, 0x66, 0x11, 0x66, 0x11,
    0x86, 0x11, 0x87, 0x11, 0x87, 0x11, 0x87, 0x11, 0x87, 0x09, 0x87, 0x09, 0x87, 0x11, 0x87, 0x11,
    0xA7, 0x11, 0xA7, 0x11, 0xA7, 0x11, 0xA7, 0x11, 0xA7, 0x11, 0xA7, 0x11, 0xA7, 0x11, 0xC8, 0x11,
    0xC8, 0x11, 0xC8, 0x11, 0xC8, 0x11, 0xC8, 0x11, 0xC8, 0x11, 0xC8, 0x11, 0xC8, 0x11, 0xC8, 0x11,
    0xE8, 0x11, 0xE8, 0x11, 0xE8, 0x11, 0xE8, 0x11, 0xE8, 0x11, 0xE8, 0x11, 0xE8, 0x11, 0xE8, 0x11,
    0xE8, 0x11, 0xE8, 0x11, 0xE8, 0x11, 0xE8, 0x11, 0xE8, 0x11, 0xE8, 0x11, 0x09, 0x12, 0xA7, 0x01,
    0x6E, 0x4B, 0x9E, 0xF7, 0x9E, 0xF7, 0x38, 0xB6, 0xA8, 0x09, 0x09, 0x12, 0xE9, 0x11, 0xE8, 0x11,
    0xE8, 0x11, 0xE8, 0x11, 0xE8, 0x11, 0xE8, 0x11, 0xE8, 0x11, 0xE8, 0x11, 0xE8, 0x11, 0xE8, 0x11,
    0xE8, 0x11, 0xE8, 0x11, 0xE8, 0x11, 0xC8, 0x11, 0xC8, 0x11, 0xC8, 0x11, 0xC8, 0x11, 0xC8, 0x11,
    0xC8, 0x11, 0xC8, 0x11, 0xC8, 0x11, 0xC8, 0x11, 0xC8, 0x11, 0xA7, 0x11, 0xA7, 0x11, 0xA7, 0x11,
    0xA7, 0x11, 0xA7, 0x11, 0xA7, 0x11, 0xA7, 0x11, 0xA7, 0x11, 0x87, 0x11, 0x87, 0x11, 0x87, 0x09,
    0x87, 0x09, 0x87, 0x11, 0x87, 0x11, 0x86, 0x11, 0x66, 0x11, 0x66, 0x11, 0x66, 0x09, 0x66, 0x09,
    0x66, 0x09, 0x66, 0x09, 0x66, 0x09, 0x46, 0x09, 0x46, 0x09, 0x46, 0x09, 0x46, 0x09, 0x46, 0x09,
    0x46, 0x09, 0x45, 0x09, 0x25, 0x09, 0x25, 0x09, 0x25, 0x09, 0x25, 0x09, 0x25, 0x09, 0x25, 0x09,
    0x25, 0x09, 0x25, 0x09, 0x05, 0x09, 0x05, 0x09, 0x05, 0x09, 0x05, 0x09, 0x05, 0x09, 0x05, 0x09,
    0x04, 0x09, 0x05, 0x11, 0xA3, 0x00, 0xAB, 0x42, 0x9E, 0xEF, 0x9E, 0xEF, 0xD7, 0xB5, 0xA3, 0x00,
    0xE4, 0x08, 0xE4, 0x08, 0xE4, 0x08, 0xE4, 0x08, 0xC4, 0x08, 0xC4, 0x08, 0xC4, 0x08, 0xC4, 0x08,
    0xC4, 0x08, 0xC4, 0x08, 0xC3, 0x08, 0xC3, 0x08, 0xC3, 0x08, 0xC3, 0x08, 0xA3, 0x08, 0xA3, 0x08,
    0xA3, 0x08, 0xA3, 0x08, 0xA3, 0x08, 0xA3, 0x08, 0xA3, 0x08, 0xA3, 0x08, 0xA3, 0x08, 0xA3, 0x08,
    0xA3, 0x08, 0xA3, 0x08, 0xA3, 0x08, 0x83, 0x08, 0x83, 0x08, 0x83, 0x08, 0x83, 0x08, 0x83, 0x08,
    0x83, 0x08, 0x83, 0x08, 0x62, 0x08, 0x82, 0x08, 0x82, 0x08, 0x82, 0x08, 0x82, 0x08, 0x82, 0x08,
    0x82, 0x08, 0x82, 0x08, 0x82, 0x08, 0x82, 0x08, 0x62, 0x08, 0x62, 0x08, 0x62, 0x08, 0x62, 0x08,
    0x62, 0x08, 0x62, 0x08, 0x62, 0x08, 0x62, 0x08, 0x62, 0x08, 0x62, 0x08, 0x62, 0x08, 0x62, 0x08,
    0x62, 0x08, 0x62, 0x08, 0x62, 0x08, 0x62, 0x08, 0x62, 0x08, 0x62, 0x08, 0x62, 0x08, 0x62, 0x08,
    0x62, 0x08, 0x62, 0x08, 0x62, 0x08, 0x62, 0x08, 0x82, 0x08, 0x01, 0x00, 0x49, 0x42, 0x7E, 0xEF,
    0x7E, 0xEF, 0xB7, 0xB5, 0x21, 0x00, 0x82, 0x08, 0x62, 0x08, 0x62, 0x08, 0x62, 0x08, 0x62, 0x08,
    0x62, 0x08, 0x62, 0x08, 0x62, 0x08, 0x62, 0x08, 0x62, 0x08, 0x62, 0x08, 0x62, 0x08, 0x62, 0x08,
    0x62, 0x08, 0x62, 0x08, 0x62, 0x08, 0x62, 0x08, 0x62, 0x08, 0x62, 0x08, 0x62, 0x08, 0x62, 0x08,
    0x62, 0x08, 0x62, 0x08, 0x62, 0x08, 0x62, 0x08, 0x62, 0x08, 0x62, 0x08, 0x62, 0x08, 0x62, 0x08,
    0x62, 0x08, 0x62, 0x08, 0x62, 0x08, 0x62, 0x08, 0x82, 0x08, 0x00, 0x00, 0x6A, 0x4A, 0xFF, 0xFF,
    0xFF, 0xFF, 0x38, 0xC6, 0x01, 0x00, 0x82, 0x08, 0x62, 0x08, 0x62, 0x08, 0x62, 0x08, 0x62, 0x08,
    0x62, 0x08, 0x62, 0x08, 0x62, 0x08, 0x62, 0x08, 0x62, 0x08, 0x62, 0x08, 0x62, 0x08, 0x62, 0x08,
    0x62, 0x08, 0x62, 0x08, 0x62, 0x08, 0x62, 0x08, 0x62, 0x08, 0x62, 0x08, 0x62, 0x08, 0x62, 0x08,
    0x62, 0x08, 0x62, 0x08, 0x62, 0x08, 0x62, 0x08, 0x82, 0x08, 0x82, 0x08, 0x82, 0x08, 0x82, 0x08,
    0x82, 0x08, 0x82, 0x08, 0x82, 0x08, 0x82, 0x08, 0x82, 0x08, 0xC3, 0x10, 0xA3, 0x08, 0x82, 0x08,
    0x83, 0x08, 0x83, 0x08, 0x83, 0x08, 0x83, 0x08, 0x83, 0x08, 0x83, 0x08, 0xA3, 0x08, 0xA3, 0x08,
    0xA3, 0x08, 0xA3, 0x08, 0xA3, 0x08, 0xA3, 0x08, 0xA3, 0x08, 0xA3, 0x08, 0xA3, 0x08, 0xA3, 0x08,
    0xA3, 0x08, 0xA3, 0x08, 0xA3, 0x08, 0xC3, 0x08, 0xC3, 0x08, 0xC3, 0x08, 0xC3, 0x08, 0xC4, 0x08,
    0xC4, 0x08, 0xC4, 0x08, 0xC4, 0x08, 0xC4, 0x08, 0xC4, 0x08, 0xE4, 0x08, 0xE4, 0x08, 0xE4, 0x08,
    0x83, 0x00, 0xCB, 0x4A, 0xFF, 0xFF, 0xFF, 0xFF, 0x59, 0xC6, 0xA3, 0x00, 0x05, 0x09, 0x04, 0x09,
    0x05, 0x09, 0x05, 0x09, 0x05, 0x09, 0x05, 0x09, 0x05, 0x09, 0x05, 0x09, 0x25, 0x09, 0x25, 0x09,
    0x25, 0x09, 0x25, 0x09, 0x25, 0x09, 0x25, 0x09, 0x25, 0x09, 0x25, 0x09, 0x45, 0x09, 0x45, 0x09,
    0x46, 0x09, 0x46, 0x09, 0x46, 0x09, 0x46, 0x09, 0x46, 0x09, 0x46, 0x09, 0x66, 0x09, 0x66, 0x09,
    0x66, 0x09, 0x66, 0x09, 0x66, 0x09, 0x66, 0x11, 0x66, 0x11, 0x86, 0x11, 0x87, 0x11, 0x87, 0x11,
    0xA7, 0x11, 0xA7, 0x11, 0x87, 0x09, 0x87, 0x11, 0x87, 0x11, 0xA7, 0x11, 0xA7, 0x11, 0xA7, 0x11,
    0xA7, 0x11, 0xA7, 0x11, 0xA7, 0x11, 0xA7, 0x11, 0xA8, 0x11, 0xC8, 0x11, 0xC8, 0x11, 0xC8, 0x11,
    0xC8, 0x11, 0xC8, 0x11, 0xC8, 0x11, 0xC8, 0x11, 0xC8, 0x11, 0xC8, 0x11, 0xE8, 0x11, 0xE8, 0x11,
    0xE8, 0x11, 0xE8, 0x11, 0xE8, 0x11, 0xE8, 0x11, 0xE8, 0x11, 0xE8, 0x11, 0xE8, 0x11, 0xE8, 0x11,
    0xE8, 0x11, 0xE8, 0x11, 0x09, 0x12, 0xA7, 0x01, 0x8E, 0x53, 0xFF, 0xFF, 0xFF, 0xFF, 0x9A, 0xC6,
    0xA7, 0x01, 0x09, 0x12, 0xE8, 0x11, 0xE8, 0x11, 0xE8, 0x11, 0xE8, 0x11, 0xE8, 0x11, 0xE8, 0x11,
    0xE8, 0x11, 0xE8, 0x11, 0xE8, 0x11, 0xE8, 0x11, 0xE8, 0x11, 0xC8, 0x11, 0xC8, 0x11, 0xC8, 0x11,
    0xC8, 0x11, 0xC8, 0x11, 0xC8, 0x11, 0xC8, 0x11, 0xC8, 0x11, 0xC8, 0x11, 0xC8, 0x11, 0xC8, 0x11,
    0xA7, 0x11, 0xA7, 0x11, 0xA7, 0x11, 0xA7, 0x11, 0xA7, 0x11, 0xA7, 0x11, 0xA7, 0x11, 0x87, 0x11,
    0x87, 0x11, 0x87, 0x11, 0x87, 0x11, 0xA7, 0x11, 0x87, 0x11, 0x66, 0x09, 0x87, 0x11, 0x66, 0x11,
    0x66, 0x11, 0x66, 0x09, 0x66, 0x09, 0x66, 0x09, 0x66, 0x09, 0x66, 0x09, 0x46, 0x09, 0x46, 0x09,
    0x46, 0x09, 0x46, 0x09, 0x46, 0x09, 0x46, 0x09, 0x46, 0x09, 0x45, 0x09, 0x25, 0x09, 0x25, 0x09,
    0x25, 0x09, 0x25, 0x09, 0x25, 0x09, 0x25, 0x09, 0x25, 0x09, 0x25, 0x09, 0x05, 0x09, 0x05, 0x09,
    0x05, 0x09, 0x05, 0x09, 0x05, 0x09, 0x05, 0x09, 0x04, 0x09, 0x05, 0x11, 0x83, 0x00, 0xCB, 0x4A,
    0xFF, 0xFF, 0xFF, 0xFF, 0x59, 0xC6, 0x83, 0x00, 0xE4, 0x08, 0xE4, 0x08, 0xE4, 0x08, 0xC4, 0x08,
    0xC4, 0x08, 0xC4, 0x08, 0xC4, 0x08, 0xC4, 0x08, 0xC4, 0x08, 0xC4, 0x08, 0xC3, 0x08, 0xC3, 0x08,
    0xC3, 0x08, 0xC3, 0x08, 0xA3, 0x08, 0xA3, 0x08, 0xA3, 0x08, 0xA3, 0x08, 0xA3, 0x08, 0xA3, 0x08,
    0xA3, 0x08, 0xA3, 0x08, 0xA3, 0x08, 0xA3, 0x08, 0xA3, 0x08, 0xA3, 0x08, 0x83, 0x08, 0x83, 0x08,
    0x83, 0x08, 0x83, 0x08, 0x83, 0x08, 0x83, 0x08, 0x83, 0x08, 0x82, 0x08, 0xC3, 0x10, 0xA3, 0x08,
    0x82, 0x08, 0x82, 0x08, 0x82, 0x08, 0x82, 0x08, 0x82, 0x08, 0x82, 0x08, 0x82, 0x08, 0x82, 0x08,
    0x62, 0x08, 0x62, 0x08, 0x62, 0x08, 0x62, 0x08, 0x62, 0x08, 0x62, 0x08, 0x62, 0x08, 0x62, 0x08,
    0x62, 0x08, 0x62, 0x08, 0x62, 0x08, 0x62, 0x08, 0x62, 0x08, 0x62, 0x08, 0x62, 0x08, 0x62, 0x08,
    0x62, 0x08, 0x62, 0x08, 0x62, 0x08, 0x62, 0x08, 0x62, 0x08, 0x62, 0x08, 0x62, 0x08, 0x62, 0x08,
    0x82, 0x08, 0x00, 0x00, 0x6A, 0x4A, 0xFF, 0xFF, 0xFF, 0xFF, 0x38, 0xC6, 0x01, 0x00, 0x82, 0x08,
    0x62, 0x08, 0x62, 0x08, 0x62, 0x08, 0x62, 0x08, 0x62, 0x08, 0x62, 0x08, 0x62, 0x08, 0x62, 0x08,
    0x62, 0x08, 0x62, 0x08, 0x62, 0x08, 0x62, 0x08, 0x62, 0x08, 0x62, 0x08, 0x62, 0x08, 0x62, 0x08,
    0x62, 0x08, 0x62, 0x08, 0x62, 0x08, 0x62, 0x08, 0x62, 0x08, 0x62, 0x08, 0x62, 0x08, 0x62, 0x08,
    0x62, 0x08, 0x62, 0x08, 0x62, 0x08, 0x62, 0x08, 0x62, 0x08, 0x62, 0x08, 0x62, 0x08, 0x62, 0x08,
    0x82, 0x08, 0x00, 0x00, 0x6A, 0x4A, 0xFF, 0xFF, 0xFF, 0xFF, 0x18, 0xBE, 0x01, 0x00, 0x82, 0x08,
    0x62, 0x08, 0x62, 0x08, 0x62, 0x08, 0x62, 0x08, 0x62, 0x08, 0x62, 0x08, 0x62, 0x08, 0x62, 0x08,
    0x62, 0x08, 0x62, 0x08, 0x62, 0x08, 0x62, 0x08, 0x62, 0x08, 0x62, 0x08, 0x62, 0x08, 0x62, 0x08,
    0x62, 0x08, 0x62, 0x08, 0x62, 0x08, 0x62, 0x08, 0x62, 0x08, 0x62, 0x08, 0x62, 0x08, 0x62, 0x08,
    0x82, 0x08, 0x82, 0x08, 0x82, 0x08, 0x82, 0x08, 0x82, 0x08, 0x82, 0x08, 0x82, 0x08, 0x83, 0x08,
    0x42, 0x00, 0xB0, 0x6B, 0xC8, 0x29, 0x42, 0x00, 0xA3, 0x08, 0x83, 0x08, 0x83, 0x08, 0x83, 0x08,
    0x83, 0x08, 0x83, 0x08, 0xA3, 0x08, 0xA3, 0x08, 0xA3, 0x08, 0xA3, 0x08, 0xA3, 0x08, 0xA3, 0x08,
    0xA3, 0x08, 0xA3, 0x08, 0xA3, 0x08, 0xA3, 0x08, 0xA3, 0x08, 0xA3, 0x08, 0xA3, 0x08, 0xC3, 0x08,
    0xC3, 0x08, 0xC3, 0x08, 0xC3, 0x08, 0xC4, 0x08, 0xC4, 0x08, 0xC4, 0x08, 0xC4, 0x08, 0xC4, 0x08,
    0xC4, 0x08, 0xE4, 0x08, 0xE4, 0x08, 0xE4, 0x08, 0x83, 0x00, 0xAB, 0x4A, 0xFF, 0xFF, 0xFF, 0xFF,
    0x38, 0xC6, 0xA3, 0x00, 0x05, 0x09, 0x04, 0x09, 0x04, 0x09, 0x05, 0x09, 0x05, 0x09, 0x05, 0x09,
    0x05, 0x09, 0x05, 0x09, 0x05, 0x09, 0x25, 0x09, 0x25, 0x09, 0x25, 0x09, 0x25, 0x09, 0x25, 0x09,
    0x25, 0x09, 0x25, 0x09, 0x25, 0x09, 0x45, 0x09, 0x46, 0x09, 0x46, 0x09, 0x46, 0x09, 0x46, 0x09,
    0x46, 0x09, 0x46, 0x09, 0x46, 0x09, 0x66, 0x09, 0x66, 0x09, 0x66, 0x09, 0x66, 0x09, 0x66, 0x09,
    0x66, 0x11, 0x66, 0x11, 0x87, 0x11, 0x46, 0x09, 0xF1, 0x6B, 0x6B, 0x32, 0x46, 0x09, 0x87, 0x11,
    0x87, 0x11, 0x87, 0x11, 0xA7, 0x11, 0xA7, 0x11, 0xA7, 0x11, 0xA7, 0x11, 0xA7, 0x11, 0xA7, 0x11,
    0xA7, 0x11, 0xA7, 0x11, 0xC8, 0x11, 0xC8, 0x11, 0xC8, 0x11, 0xC8, 0x11, 0xC8, 0x11, 0xC8, 0x11,
    0xC8, 0x11, 0xC8, 0x11, 0xC8, 0x11, 0xC8, 0x11, 0xE8, 0x11, 0xE8, 0x11, 0xE8, 0x11, 0xE8, 0x11,
    0xE8, 0x11, 0xE8, 0x11, 0xE8, 0x11, 0xE8, 0x11, 0xE8, 0x11, 0xE8, 0x11, 0xE9, 0x11, 0xA7, 0x01,
    0x6E, 0x4B, 0xFF, 0xFF, 0xFF, 0xFF, 0x79, 0xC6, 0xA7, 0x01, 0xE9, 0x11, 0xE8, 0x11, 0xE8, 0x11,
    0xE8, 0x11, 0xE8, 0x11, 0xE8, 0x11, 0xE8, 0x11, 0xE8, 0x11, 0xE8, 0x11, 0xE8, 0x11, 0xE8, 0x11,
    0xC8, 0x11, 0xC8, 0x11, 0xC8, 0x11, 0xC8, 0x11, 0xC8, 0x11, 0xC8, 0x11, 0xC8, 0x11, 0xC8, 0x11,
    0xC8, 0x11, 0xC8, 0x11, 0xA7, 0x11, 0xA7, 0x11, 0xA7, 0x11, 0xA7, 0x11, 0xA7, 0x11, 0xA7, 0x11,
    0xA7, 0x11, 0xA7, 0x11, 0xA7, 0x11, 0x87, 0x11, 0x87, 0x11, 0x87, 0x11, 0x66, 0x09, 0xF1, 0x6B,
    0x6B, 0x32, 0x46, 0x09, 0x87, 0x11, 0x66, 0x11, 0x66, 0x11, 0x66, 0x09, 0x66, 0x09, 0x66, 0x09,
    0x66, 0x09, 0x66, 0x09, 0x46, 0x09, 0x46, 0x09, 0x46, 0x09, 0x46, 0x09, 0x46, 0x09, 0x46, 0x09,
    0x45, 0x09, 0x25, 0x09, 0x25, 0x09, 0x25, 0x09, 0x25, 0x09, 0x25, 0x09, 0x25, 0x09, 0x25, 0x09,
    0x25, 0x09, 0x05, 0x09, 0x05, 0x09, 0x05, 0x09, 0x05, 0x09, 0x05, 0x09, 0x05, 0x09, 0x04, 0x09,
    0x04, 0x09, 0x05, 0x11, 0x83, 0x00, 0xCB, 0x4A, 0xFF, 0xFF, 0xFF, 0xFF, 0x38, 0xC6, 0x83, 0x00,
    0xE4, 0x08, 0xE4, 0x08, 0xE4, 0x08, 0xC4, 0x08, 0xC4, 0x08, 0xC4, 0x08, 0xC4, 0x08, 0xC4, 0x08,
    0xC4, 0x08, 0xC3, 0x08, 0xC3, 0x08, 0xC3, 0x08, 0xC3, 0x08, 0xA3, 0x08, 0xA3, 0x08, 0xA3, 0x08,
    0xA3, 0x08, 0xA3, 0x08, 0xA3, 0x08, 0xA3, 0x08, 0xA3, 0x08, 0xA3, 0x08, 0xA3, 0x08, 0xA3, 0x08,
    0xA3, 0x08, 0xA3, 0x08, 0x83, 0x08, 0x83, 0x08, 0x83, 0x08, 0x83, 0x08, 0x83, 0x08, 0x83, 0x08,
    0x83, 0x08, 0x42, 0x00, 0xB0, 0x6B, 0xC8, 0x29, 0x41, 0x00, 0x83, 0x08, 0x82, 0x08, 0x82, 0x08,
    0x82, 0x08, 0x82, 0x08, 0x82, 0x08, 0x82, 0x08, 0x62, 0x08, 0x62, 0x08, 0x62, 0x08, 0x62, 0x08,
    0x62, 0x08, 0x62, 0x08, 0x62, 0x08, 0x62, 0x08, 0x62, 0x08, 0x62, 0x08, 0x62, 0x08, 0x62, 0x08,
    0x62, 0x08, 0x62, 0x08, 0x62, 0x08, 0x62, 0x08, 0x62, 0x08, 0x62, 0x08, 0x62, 0x08, 0x62, 0x08,
    0x62, 0x08, 0x62, 0x08, 0x62, 0x08, 0x62, 0x08, 0x82, 0x08, 0x00, 0x00, 0x6A, 0x4A, 0xFF, 0xFF,
    0xFF, 0xFF, 0x18, 0xBE, 0x01, 0x00, 0x82, 0x08, 0x62, 0x08, 0x62, 0x08, 0x62, 0x08, 0x62, 0x08,
    0x62, 0x08, 0x62, 0x08, 0x62, 0x08, 0x62, 0x08, 0x62, 0x08, 0x62, 0x08, 0x62, 0x08, 0x62, 0x08,
    0x62, 0x08, 0x62, 0x08, 0x62, 0x08, 0x62, 0x08, 0x62, 0x08, 0x62, 0x08, 0x62, 0x08, 0x62, 0x08,
    0x62, 0x08, 0x62, 0x08, 0x62, 0x08, 0x62, 0x08, 0x62, 0x08, 0x62, 0x08, 0x62, 0x08, 0x62, 0x08,
    0x62, 0x08, 0x62, 0x08, 0x62, 0x08, 0x62, 0x08, 0x82, 0x08, 0x00, 0x00, 0x6A, 0x4A, 0xFF, 0xFF,
    0xFF, 0xFF, 0x18, 0xC6, 0x01, 0x00, 0x82, 0x08, 0x62, 0x08, 0x62, 0x08, 0x62, 0x08, 0x62, 0x08,
    0x62, 0x08, 0x62, 0x08, 0x62, 0x08, 0x62, 0x08, 0x62, 0x08, 0x62, 0x08, 0x62, 0x08, 0x62, 0x08,
    0x62, 0x08, 0x62, 0x08, 0x62, 0x08, 0x62, 0x08, 0x62, 0x08, 0x62, 0x08, 0x62, 0x08, 0x62, 0x08,
    0x62, 0x08, 0x62, 0x08, 0x62, 0x08, 0x62, 0x08, 0x62, 0x08, 0x82, 0x08, 0x82, 0x08, 0x82, 0x08,
    0x82, 0x08, 0x82, 0x08, 0x82, 0x08, 0x83, 0x08, 0x41, 0x00, 0xF1, 0x73, 0xE8, 0x31, 0x41, 0x00,
    0xA3, 0x08, 0x83, 0x08, 0x83, 0x08, 0x83, 0x08, 0x83, 0x08, 0x83, 0x08, 0x83, 0x08, 0xA3, 0x08,
    0xA3, 0x08, 0xA3, 0x08, 0xA3, 0x08, 0xA3, 0x08, 0xA3, 0x08, 0xA3, 0x08, 0xA3, 0x08, 0xA3, 0x08,
    0xA3, 0x08, 0xA3, 0x08, 0xA3, 0x08, 0xC3, 0x08, 0xC3, 0x08, 0xC3, 0x08, 0xC3, 0x08, 0xC4, 0x08,
    0xC4, 0x08, 0xC4, 0x08, 0xC4, 0x08, 0xC4, 0x08, 0xC4, 0x08, 0xC4, 0x08, 0xE4, 0x08, 0xE4, 0x08,
    0x82, 0x00, 0xAB, 0x4A, 0xFF, 0xFF, 0xFF, 0xFF, 0x38, 0xC6, 0xA3, 0x00, 0x05, 0x09, 0x04, 0x09,
    0x04, 0x09, 0x05, 0x09, 0x05, 0x09, 0x05, 0x09, 0x05, 0x09, 0x05, 0x09, 0x05, 0x09, 0x05, 0x09,
    0x25, 0x09, 0x25, 0x09, 0x25, 0x09, 0x25, 0x09, 0x25, 0x09, 0x25, 0x09, 0x25, 0x09, 0x25, 0x09,
    0x45, 0x09, 0x46, 0x09, 0x46, 0x09, 0x46, 0x09, 0x46, 0x09, 0x46, 0x09, 0x46, 0x09, 0x66, 0x09,
    0x66, 0x09, 0x66, 0x09, 0x66, 0x09, 0x66, 0x09, 0x66, 0x11, 0x66, 0x11, 0x87, 0x11, 0x46, 0x09,
    0x12, 0x74, 0x8B, 0x32, 0x46, 0x09, 0x87, 0x11, 0x87, 0x11, 0x87, 0x11, 0x87, 0x11, 0xA7, 0x11,
    0xA7, 0x11, 0xA7, 0x11, 0xA7, 0x11, 0xA7, 0x11, 0xA7, 0x11, 0xA7, 0x11, 0xA7, 0x11, 0xA8, 0x11,
    0xC8, 0x11, 0xC8, 0x11, 0xC8, 0x11, 0xC8, 0x11, 0xC8, 0x11, 0xC8, 0x11, 0xC8, 0x11, 0xC8, 0x11,
    0xC8, 0x11, 0xC8, 0x11, 0xC8, 0x11, 0xC8, 0x11, 0xE8, 0x11, 0xE8, 0x11, 0xE8, 0x11, 0xE8, 0x11,
    0xE8, 0x11, 0xE8, 0x11, 0xE8, 0x11, 0x87, 0x01, 0x6E, 0x4B, 0xFF, 0xFF, 0xFF, 0xFF, 0x79, 0xC6,
    0xA7, 0x01, 0xE8, 0x11, 0xE8, 0x11, 0xE8, 0x11, 0xE8, 0x11, 0xE8, 0x11, 0xE8, 0x11, 0xE8, 0x11,
    0xE8, 0x11, 0xC8, 0x11, 0xC8, 0x11, 0xC8, 0x11, 0xC8, 0x11, 0xC8, 0x11, 0xC8, 0x11, 0xC8, 0x11,
    0xC8, 0x11, 0xC8, 0x11, 0xC8, 0x11, 0xC8, 0x11, 0xC7, 0x11, 0xA7, 0x11, 0xA7, 0x11, 0xA7, 0x11,
    0xA7, 0x11, 0xA7, 0x11, 0xA7, 0x11, 0xA7, 0x11, 0xA7, 0x11, 0x87, 0x11, 0x87, 0x11, 0x87, 0x11,
    0x87, 0x11, 0x87, 0x11, 0x46, 0x09, 0x12, 0x74, 0x8B, 0x32, 0x46, 0x09, 0x87, 0x11, 0x66, 0x11,
    0x66, 0x09, 0x66, 0x09, 0x66, 0x09, 0x66, 0x09, 0x66, 0x09, 0x46, 0x09, 0x46, 0x09, 0x46, 0x09,
    0x46, 0x09, 0x46, 0x09, 0x46, 0x09, 0x45, 0x09, 0x45, 0x09, 0x25, 0x09, 0x25, 0x09, 0x25, 0x09,
    0x25, 0x09, 0x25, 0x09, 0x25, 0x09, 0x25, 0x09, 0x25, 0x09, 0x05, 0x09, 0x05, 0x09, 0x05, 0x09,
    0x05, 0x09, 0x05, 0x09, 0x05, 0x09, 0x04, 0x09, 0x04, 0x09, 0x05, 0x11, 0x83, 0x00, 0xCB, 0x4A,
    0xFF, 0xFF, 0xFF, 0xFF, 0x38, 0xC6, 0x83, 0x00, 0xE4, 0x08, 0xE4, 0x08, 0xC4, 0x08, 0xC4, 0x08,
    0xC4, 0x08, 0xC4, 0x08, 0xC4, 0x08, 0xC4, 0x08, 0xC4, 0x08, 0xC3, 0x08, 0xC3, 0x08, 0xC3, 0x08,
    0xC3, 0x08, 0xA3, 0x08, 0xA3, 0x08, 0xA3, 0x08, 0xA3, 0x08, 0xA3, 0x08, 0xA3, 0x08, 0xA3, 0x08,
    0xA3, 0x08, 0xA3, 0x08, 0xA3, 0x08, 0xA3, 0x08, 0xA3, 0x08, 0xA3, 0x08, 0x83, 0x08, 0x83, 0x08,
    0x83, 0x08, 0x83, 0x08, 0x83, 0x08, 0x83, 0x08, 0x83, 0x08, 0x42, 0x00, 0xF1, 0x73, 0xE8, 0x31,
    0x41, 0x00, 0x83, 0x08, 0x82, 0x08, 0x82, 0x08, 0x82, 0x08, 0x82, 0x08, 0x82, 0x08, 0x82, 0x08,
    0x62, 0x08, 0x62, 0x08, 0x62, 0x08, 0x62, 0x08, 0x62, 0x08, 0x62, 0x08, 0x62, 0x08, 0x62, 0x08,
    0x62, 0x08, 0x62, 0x08, 0x62, 0x08, 0x62, 0x08, 0x62, 0x08, 0x62, 0x08, 0x62, 0x08, 0x62, 0x08,
    0x62, 0x08, 0x62, 0x08, 0x62, 0x08, 0x62, 0x08, 0x62, 0x08, 0x62, 0x08, 0x62, 0x08, 0x62, 0x08,
    0x82, 0x08, 0x00, 0x00, 0x6A, 0x4A, 0xFF, 0xFF, 0xFF, 0xFF, 0x18, 0xC6, 0x01, 0x00, 0x82, 0x08,
    0x62, 0x08, 0x62, 0x08, 0x62, 0x08, 0x62, 0x08, 0x62, 0x08, 0x62, 0x08, 0x62, 0x08, 0x62, 0x08,
    0x62, 0x08, 0x62, 0x08, 0x62, 0x08, 0x62, 0x08, 0x62, 0x08, 0x62, 0x08, 0x62, 0x08, 0x62, 0x08,
    0x62, 0x08, 0x62, 0x08, 0x62, 0x08, 0x62, 0x08, 0x62, 0x08, 0x62, 0x08, 0x62, 0x08, 0x62, 0x08,
    0x62, 0x08, 0x62, 0x08, 0x62, 0x08, 0x62, 0x08, 0x62, 0x08, 0x62, 0x08, 0x62, 0x08, 0x62, 0x08,
    0x82, 0x08, 0x00, 0x00, 0x6A, 0x4A, 0xFF, 0xFF, 0xFF, 0xFF, 0x18, 0xC6, 0x01, 0x00, 0x82, 0x08,
    0x62, 0x08, 0x62, 0x08, 0x62, 0x08, 0x62, 0x08, 0x62, 0x08, 0x62, 0x08, 0x62, 0x08, 0x62, 0x08,
    0x62, 0x08, 0x62, 0x08, 0x62, 0x08, 0x62, 0x08, 0x62, 0x08, 0x62, 0x08, 0x62, 0x08, 0x62, 0x08,
    0x62, 0x08, 0x62, 0x08, 0x62, 0x08, 0x62, 0x08, 0x62, 0x08, 0x62, 0x08, 0x62, 0x08, 0x62, 0x08,
    0x62, 0x08, 0x82, 0x08, 0x82, 0x08, 0x82, 0x08, 0x82, 0x08, 0x82, 0x08, 0x82, 0x08, 0x83, 0x08,
    0x41, 0x00, 0xD1, 0x6B, 0xC8, 0x31, 0x41, 0x00, 0xA3, 0x08, 0x83, 0x08, 0x83, 0x08, 0x83, 0x08,
    0x83, 0x08, 0x83, 0x08, 0x83, 0x08, 0xA3, 0x08, 0xA3, 0x08, 0xA3, 0x08, 0xA3, 0x08, 0xA3, 0x08,
    0xA3, 0x08, 0xA3, 0x08, 0xA3, 0x08, 0xA3, 0x08, 0xA3, 0x08, 0xA3, 0x08, 0xA3, 0x08, 0xA3, 0x08,
    0xC3, 0x08, 0xC3, 0x08, 0xC3, 0x08, 0xC3, 0x08, 0xC4, 0x08, 0xC4, 0x08, 0xC4, 0x08, 0xC4, 0x08,
    0xC4, 0x08, 0xC4, 0x08, 0xE4, 0x08, 0xE4, 0x08, 0x82, 0x00, 0xAB, 0x4A, 0xFF, 0xFF, 0xFF, 0xFF,
    0x38, 0xC6, 0xA3, 0x00, 0x05, 0x09, 0xE4, 0x08, 0x04, 0x09, 0x04, 0x09, 0x05, 0x09, 0x05, 0x09,
    0x05, 0x09, 0x05, 0x09, 0x05, 0x09, 0x05, 0x09, 0x25, 0x09, 0x25, 0x09, 0x25, 0x09, 0x25, 0x09,
    0x25, 0x09, 0x25, 0x09, 0x25, 0x09, 0x25, 0x09, 0x45, 0x09, 0x45, 0x09, 0x46, 0x09, 0x46, 0x09,
    0x46, 0x09, 0x46, 0x09, 0x46, 0x09, 0x46, 0x09, 0x66, 0x09, 0x66, 0x09, 0x66, 0x09, 0x66, 0x09,
    0x66, 0x09, 0x66, 0x11, 0x86, 0x11, 0x46, 0x09, 0x12, 0x74, 0x8B, 0x32, 0x46, 0x09, 0x87, 0x11,
    0x87, 0x11, 0x87, 0x11, 0x87, 0x11, 0x87, 0x11, 0xA7, 0x11, 0xA7, 0x11, 0xA7, 0x11, 0xA7, 0x11,
    0xA7, 0x11, 0xA7, 0x11, 0xA7, 0x11, 0xA7, 0x11, 0xA7, 0x11, 0xC8, 0x11, 0xC8, 0x11, 0xC8, 0x11,
    0xC8, 0x11, 0xC8, 0x11, 0xC8, 0x11, 0xC8, 0x11, 0xC8, 0x11, 0xC8, 0x11, 0xC8, 0x11, 0xC8, 0x11,
    0xC8, 0x11, 0xC8, 0x11, 0xC8, 0x11, 0xC8, 0x11, 0xE8, 0x11, 0xE8, 0x11, 0xE8, 0x11, 0x87, 0x01,
    0x6E, 0x4B, 0xFF, 0xFF, 0xFF, 0xFF, 0x79, 0xC6, 0x87, 0x01, 0xE8, 0x11, 0xE8, 0x11, 0xE8, 0x11,
    0xE8, 0x11, 0xC8, 0x11, 0xC8, 0x11, 0xC8, 0x11, 0xC8, 0x11, 0xC8, 0x11, 0xC8, 0x11, 0xC8, 0x11,
    0xC8, 0x11, 0xC8, 0x11, 0xC8, 0x11, 0xC8, 0x11, 0xC8, 0x11, 0xC8, 0x11, 0xC8, 0x11, 0xA7, 0x11,
    0xA7, 0x11, 0xA7, 0x11, 0xA7, 0x11, 0xA7, 0x11, 0xA7, 0x11, 0xA7, 0x11, 0xA7, 0x11, 0xA7, 0x11,
    0x87, 0x11, 0x87, 0x11, 0x87, 0x11, 0x87, 0x11, 0x87, 0x11, 0x87, 0x11, 0x46, 0x09, 0x12, 0x74,
    0x6B, 0x32, 0x45, 0x09, 0x66, 0x11, 0x66, 0x09, 0x66, 0x09, 0x66, 0x09, 0x66, 0x09, 0x66, 0x09,
    0x46, 0x09, 0x46, 0x09, 0x46, 0x09, 0x46, 0x09, 0x46, 0x09, 0x46, 0x09, 0x46, 0x09, 0x45, 0x09,
    0x25, 0x09, 0x25, 0x09, 0x25, 0x09, 0x25, 0x09, 0x25, 0x09, 0x25, 0x09, 0x25, 0x09, 0x25, 0x09,
    0x05, 0x09, 0x05, 0x09, 0x05, 0x09, 0x05, 0x09, 0x05, 0x09, 0x05, 0x09, 0x04, 0x09, 0x04, 0x09,
    0x04, 0x09, 0x05, 0x11, 0x83, 0x00, 0xCB, 0x4A, 0xFF, 0xFF, 0xFF, 0xFF, 0x38, 0xC6, 0x83, 0x00,
    0xE4, 0x08, 0xE4, 0x08, 0xC4, 0x08, 0xC4, 0x08, 0xC4, 0x08, 0xC4, 0x08, 0xC4, 0x08, 0xC4, 0x08,
    0xC4, 0x08, 0xC3, 0x08, 0xC3, 0x08, 0xC3, 0x08, 0xA3, 0x08, 0xA3, 0x08, 0xA3, 0x08, 0xA3, 0x08,
    0xA3, 0x08, 0xA3, 0x08, 0xA3, 0x08, 0xA3, 0x08, 0xA3, 0x08, 0xA3, 0x08, 0xA3, 0x08, 0xA3, 0x08,
    0xA3, 0x08, 0x83, 0x08, 0x83, 0x08, 0x83, 0x08, 0x83, 0x08, 0x83, 0x08, 0x83, 0x08, 0x83, 0x08,
    0x83, 0x08, 0x42, 0x00, 0xD1, 0x6B, 0xC8, 0x31, 0x41, 0x00, 0x83, 0x08, 0x82, 0x08, 0x82, 0x08,
    0x82, 0x08, 0x82, 0x08, 0x82, 0x08, 0x62, 0x08, 0x62, 0x08, 0x62, 0x08, 0x62, 0x08, 0x62, 0x08,
    0x62, 0x08, 0x62, 0x08, 0x62, 0x08, 0x62, 0x08, 0x62, 0x08, 0x62, 0x08, 0x62, 0x08, 0x62, 0x08,
    0x62, 0x08, 0x62, 0x08, 0x62, 0x08, 0x62, 0x08, 0x62, 0x08, 0x62, 0x08, 0x62, 0x08, 0x62, 0x08,
    0x62, 0x08, 0x62, 0x08, 0x62, 0x08, 0x62, 0x08, 0x82, 0x08, 0x00, 0x00, 0x6A, 0x4A, 0xFF, 0xFF,
    0xFF, 0xFF, 0x18, 0xC6, 0x01, 0x00, 0x82, 0x08, 0x62, 0x08, 0x62, 0x08, 0x62, 0x08, 0x62, 0x08,
    0x62, 0x08, 0x62, 0x08, 0x62, 0x08, 0x62, 0x08, 0x62, 0x08, 0x62, 0x08, 0x62, 0x08, 0x62, 0x08,
    0x62, 0x08, 0x62, 0x08, 0x62, 0x08, 0x62, 0x08, 0x62, 0x08, 0x62, 0x08, 0x62, 0x08, 0x62, 0x08,
    0x62, 0x08, 0x62, 0x08, 0x62, 0x08, 0x62, 0x08, 0x62, 0x08, 0x62, 0x08, 0x62, 0x08, 0x62, 0x08,
    0x62, 0x08, 0x62, 0x08, 0x62, 0x08, 0x62, 0x08, 0x82, 0x08, 0x00, 0x00, 0x6A, 0x4A, 0xFF, 0xFF,
    0xFF, 0xFF, 0x18, 0xC6, 0x01, 0x00, 0x82, 0x08, 0x62, 0x08, 0x62, 0x08, 0x62, 0x08, 0x62, 0x08,
    0x62, 0x08, 0x62, 0x08, 0x62, 0x08, 0x62, 0x08, 0x62, 0x08, 0x62, 0x08, 0x62, 0x08, 0x62, 0x08,
    0x62, 0x08, 0x62, 0x08, 0x62, 0x08, 0x62, 0x08, 0x62, 0x08, 0x62, 0x08, 0x62, 0x08, 0x62, 0x08,
    0x62, 0x08, 0x62, 0x08, 0x62, 0x08, 0x62, 0x08, 0x62, 0x08, 0x82, 0x08, 0x82, 0x08, 0x82, 0x08,
    0x82, 0x08, 0x82, 0x08, 0x82, 0x08, 0x83, 0x08, 0x41, 0x00, 0xD1, 0x6B, 0xC8, 0x31, 0x41, 0x00,
    0xA3, 0x08, 0x83, 0x08, 0x83, 0x08, 0x83, 0x08, 0x83, 0x08, 0x83, 0x08, 0x83, 0x08, 0xA3, 0x08,
    0xA3, 0x08, 0xA3, 0x08, 0xA3, 0x08, 0xA3, 0x08, 0xA3, 0x08, 0xA3, 0x08, 0xA3, 0x08, 0xA3, 0x08,
    0xA3, 0x08, 0xA3, 0x08, 0xA3, 0x08, 0xA3, 0x08, 0xC3, 0x08, 0xC3, 0x08, 0xC3, 0x08, 0xC3, 0x08,
    0xC4, 0x08, 0xC4, 0x08, 0xC4, 0x08, 0xC4, 0x08, 0xC4, 0x08, 0xC4, 0x08, 0xC4, 0x08, 0xE4, 0x08,
    0x82, 0x00, 0xAB, 0x4A, 0xFF, 0xFF, 0xFF, 0xFF, 0x38, 0xC6, 0xA3, 0x00, 0x05, 0x09, 0xE4, 0x08,
    0x04, 0x09, 0x04, 0x09, 0x05, 0x09, 0x05, 0x09, 0x05, 0x09, 0x05, 0x09, 0x05, 0x09, 0x05, 0x09,
    0x05, 0x09, 0x25, 0x09, 0x25, 0x09, 0x25, 0x09, 0x25, 0x09, 0x25, 0x09, 0x25, 0x09, 0x25, 0x09,
    0x25, 0x09, 0x45, 0x09, 0x46, 0x09, 0x46, 0x09, 0x46, 0x09, 0x46, 0x09, 0x46, 0x09, 0x46, 0x09,
    0x46, 0x09, 0x66, 0x09, 0x66, 0x09, 0x66, 0x09, 0x66, 0x09, 0x66, 0x09, 0x66, 0x11, 0x46, 0x09,
    0x12, 0x74, 0x8B, 0x32, 0x46, 0x09, 0x87, 0x11, 0x87, 0x11, 0x87, 0x11, 0x87, 0x11, 0x87, 0x11,
    0x87, 0x11, 0xA7, 0x11, 0xA7, 0x11, 0xA7, 0x11, 0xA7, 0x11, 0xA7, 0x11, 0xA7, 0x11, 0xA7, 0x11,
    0xA7, 0x11, 0xA7, 0x11, 0xA7, 0x11, 0xA8, 0x11, 0xC8, 0x11, 0xC8, 0x11, 0xC8, 0x11, 0xC8, 0x11,
    0xC8, 0x11, 0xC8, 0x11, 0xC8, 0x11, 0xC8, 0x11, 0xC8, 0x11, 0xC8, 0x11, 0xC8, 0x11, 0xC8, 0x11,
    0xC8, 0x11, 0xC8, 0x11, 0xE8, 0x11, 0x87, 0x01, 0x6E, 0x4B, 0xFF, 0xFF, 0xFF, 0xFF, 0x79, 0xC6,
    0x87, 0x01, 0xE8, 0x11, 0xC8, 0x11, 0xC8, 0x11, 0xC8, 0x11, 0xC8, 0x11, 0xC8, 0x11, 0xC8, 0x11,
    0xC8, 0x11, 0xC8, 0x11, 0xC8, 0x11, 0xC8, 0x11, 0xC8, 0x11, 0xC8, 0x11, 0xC8, 0x11, 0xC8, 0x11,
    0xC8, 0x11, 0xA7, 0x11, 0xA7, 0x11, 0xA7, 0x11, 0xA7, 0x11, 0xA7, 0x11, 0xA7, 0x11, 0xA7, 0x11,
    0xA7, 0x11, 0xA7, 0x11, 0xA7, 0x11, 0x87, 0x11, 0x87, 0x11, 0x87, 0x11, 0x87, 0x11, 0x87, 0x11,
    0x87, 0x11, 0x87, 0x11, 0x46, 0x09, 0x12, 0x74, 0x6B, 0x32, 0x25, 0x09, 0x66, 0x11, 0x66, 0x09,
    0x66, 0x09, 0x66, 0x09, 0x66, 0x09, 0x46, 0x09, 0x46, 0x09, 0x46, 0x09, 0x46, 0x09, 0x46, 0x09,
    0x46, 0x09, 0x46, 0x09, 0x45, 0x09, 0x25, 0x09, 0x25, 0x09, 0x25, 0x09, 0x25, 0x09, 0x25, 0x09,
    0x25, 0x09, 0x25, 0x09, 0x25, 0x09, 0x05, 0x09, 0x05, 0x09, 0x05, 0x09, 0x05, 0x09, 0x05, 0x09,
    0x05, 0x09, 0x05, 0x09, 0x04, 0x09, 0x04, 0x09, 0xE4, 0x08, 0x05, 0x11, 0x83, 0x00, 0xCB, 0x4A,
    0xFF, 0xFF, 0xFF, 0xFF, 0x38, 0xC6, 0x83, 0x00, 0xE4, 0x08, 0xC4, 0x08, 0xC4, 0x08, 0xC4, 0x08,
    0xC4, 0x08, 0xC4, 0x08, 0xC4, 0x08, 0xC4, 0x08, 0xC3, 0x08, 0xC3, 0x08, 0xC3, 0x08, 0xC3, 0x08,
    0xA3, 0x08, 0xA3, 0x08, 0xA3, 0x08, 0xA3, 0x08, 0xA3, 0x08, 0xA3, 0x08, 0xA3, 0x08, 0xA3, 0x08,
    0xA3, 0x08, 0xA3, 0x08, 0xA3, 0x08, 0xA3, 0x08, 0xA3, 0x08, 0x83, 0x08, 0x83, 0x08, 0x83, 0x08,
    0x83, 0x08, 0x83, 0x08, 0x83, 0x08, 0x83, 0x08, 0x83, 0x08, 0x42, 0x00, 0xD1, 0x6B, 0xC8, 0x31,
    0x41, 0x00, 0x83, 0x08, 0x82, 0x08, 0x82, 0x08, 0x82, 0x08, 0x82, 0x08, 0x82, 0x08, 0x62, 0x08,
    0x62, 0x08, 0x62, 0x08, 0x62, 0x08, 0x62, 0x08, 0x62, 0x08, 0x62, 0x08, 0x62, 0x08, 0x62, 0x08,
    0x62, 0x08, 0x62, 0x08, 0x62, 0x08, 0x62, 0x08, 0x62, 0x08, 0x62, 0x08, 0x62, 0x08, 0x62, 0x08,
    0x62, 0x08, 0x62, 0x08, 0x62, 0x08, 0x62, 0x08, 0x62, 0x08, 0x62, 0x08, 0x62, 0x08, 0x62, 0x08,
    0x82, 0x08, 0x00, 0x00, 0x6A, 0x4A, 0xFF, 0xFF, 0xFF, 0xFF, 0x18, 0xC6, 0x01, 0x00, 0x82, 0x08,
    0x62, 0x08, 0x62, 0x08, 0x62, 0x08, 0x62, 0x08, 0x62, 0x08, 0x62, 0x08, 0x62, 0x08, 0x62, 0x08,
    0x62, 0x08, 0x62, 0x08, 0x62, 0x08, 0x62, 0x08, 0x62, 0x08, 0x62, 0x08, 0x62, 0x08, 0x62, 0x08,
    0x62, 0x08, 0x62, 0x08, 0x62, 0x08, 0x62, 0x08, 0x62, 0x08, 0x62, 0x08, 0x62, 0x08, 0x62, 0x08,
    0x62, 0x08, 0x62, 0x08, 0x62, 0x08, 0x62, 0x08, 0x62, 0x08, 0x62, 0x08, 0x62, 0x08, 0x62, 0x08,
    0x82, 0x08, 0x00, 0x00, 0x6A, 0x4A, 0xFF, 0xFF, 0xFF, 0xFF, 0x18, 0xC6, 0x01, 0x00, 0x82, 0x08,
    0x62, 0x08, 0x62, 0x08, 0x62, 0x08, 0x62, 0x08, 0x62, 0x08, 0x62, 0x08, 0x62, 0x08, 0x62, 0x08,
    0x62, 0x08, 0x62, 0x08, 0x62, 0x08, 0x62, 0x08, 0x62, 0x08, 0x62, 0x08, 0x62, 0x08, 0x62, 0x08,
    0x62, 0x08, 0x62, 0x08, 0x62, 0x08, 0x62, 0x08, 0x62, 0x08, 0x62, 0x08, 0x62, 0x08, 0x62, 0x08,
    0x62, 0x08, 0x62, 0x08, 0x82, 0x08, 0x82, 0x08, 0x82, 0x08, 0x82, 0x08, 0x82, 0x08, 0x83, 0x08,
    0x41, 0x00, 0xD1, 0x6B, 0xC8, 0x31, 0x41, 0x00, 0xA3, 0x08, 0x83, 0x08, 0x83, 0x08, 0x83, 0x08,
    0x83, 0x08, 0x83, 0x08, 0x83, 0x08, 0x83, 0x08, 0xA3, 0x08, 0xA3, 0x08, 0xA3, 0x08, 0xA3, 0x08,
    0xA3, 0x08, 0xA3, 0x08, 0xA3, 0x08, 0xA3, 0x08, 0xA3, 0x08, 0xA3, 0x08, 0xA3, 0x08, 0xA3, 0x08,
    0xA3, 0x08, 0xC3, 0x08, 0xC3, 0x08, 0xC3, 0x08, 0xC3, 0x08, 0xC4, 0x08, 0xC4, 0x08, 0xC4, 0x08,
    0xC4, 0x08, 0xC4, 0x08, 0xC4, 0x08, 0xE4, 0x08, 0x82, 0x00, 0xAB, 0x4A, 0xFF, 0xFF, 0xFF, 0xFF,
    0x38, 0xC6, 0xA3, 0x00, 0x04, 0x09, 0xE4, 0x08, 0xE4, 0x08, 0x04, 0x09, 0x04, 0x09, 0x05, 0x09,
    0x05, 0x09, 0x05, 0x09, 0x05, 0x09, 0x05, 0x09, 0x05, 0x09, 0x25, 0x09, 0x25, 0x09, 0x25, 0x09,
    0x25, 0x09, 0x25, 0x09, 0x25, 0x09, 0x25, 0x09, 0x25, 0x09, 0x25, 0x09, 0x45, 0x09, 0x46, 0x09,
    0x46, 0x09, 0x46, 0x09, 0x46, 0x09, 0x46, 0x09, 0x46, 0x09, 0x46, 0x09, 0x66, 0x09, 0x66, 0x09,
    0x66, 0x09, 0x66, 0x09, 0x66, 0x11, 0x46, 0x09, 0x12, 0x74, 0x6B, 0x32, 0x46, 0x09, 0x87, 0x11,
    0x87, 0x11, 0x87, 0x11, 0x87, 0x11, 0x87, 0x11, 0x87, 0x11, 0x87, 0x11, 0x87, 0x11, 0xA7, 0x11,
    0xA7, 0x11, 0xA7, 0x11, 0xA7, 0x11, 0xA7, 0x11, 0xA7, 0x11, 0xA7, 0x11, 0xA7, 0x11, 0xA7, 0x11,
    0xA7, 0x11, 0xA8, 0x11, 0xC8, 0x11, 0xC8, 0x11, 0xC8, 0x11, 0xC8, 0x11, 0xC8, 0x11, 0xC8, 0x11,
    0xC8, 0x11, 0xC8, 0x11, 0xC8, 0x11, 0xC8, 0x11, 0xC8, 0x11, 0xC8, 0x11, 0xE8, 0x11, 0x67, 0x01,
    0x6E, 0x4B, 0xFF, 0xFF, 0xFF, 0xFF, 0x79, 0xC6, 0x87, 0x01, 0xE8, 0x11, 0xC8, 0x11, 0xC8, 0x11,
    0xC8, 0x11, 0xC8, 0x11, 0xC8, 0x11, 0xC8, 0x11, 0xC8, 0x11, 0xC8, 0x11, 0xC8, 0x11, 0xC8, 0x11,
    0xC8, 0x11, 0xC8, 0x11, 0xC8, 0x11, 0xA7, 0x11, 0xA7, 0x11, 0xA7, 0x11, 0xA7, 0x11, 0xA7, 0x11,
    0xA7, 0x11, 0xA7, 0x11, 0xA7, 0x11, 0xA7, 0x11, 0xA7, 0x11, 0x87, 0x11, 0x87, 0x11, 0x87, 0x11,
    0x87, 0x11, 0x87, 0x11, 0x87, 0x11, 0x87, 0x11, 0x87, 0x11, 0x87, 0x11, 0x46, 0x09, 0x12, 0x74,
    0x6B, 0x32, 0x25, 0x01, 0x66, 0x11, 0x66, 0x09, 0x66, 0x09, 0x66, 0x09, 0x66, 0x09, 0x46, 0x09,
    0x46, 0x09, 0x46, 0x09, 0x46, 0x09, 0x46, 0x09, 0x46, 0x09, 0x45, 0x09, 0x45, 0x09, 0x25, 0x09,
    0x25, 0x09, 0x25, 0x09, 0x25, 0x09, 0x25, 0x09, 0x25, 0x09, 0x25, 0x09, 0x25, 0x09, 0x05, 0x09,
    0x05, 0x09, 0x05, 0x09, 0x05, 0x09, 0x05, 0x09, 0x05, 0x09, 0x04, 0x09, 0x04, 0x09, 0x04, 0x09,
    0xE4, 0x08, 0x05, 0x11, 0x83, 0x00, 0xCB, 0x4A, 0xFF, 0xFF, 0xFF, 0xFF, 0x38, 0xC6, 0x83, 0x00,
    0xE4, 0x08, 0xC4, 0x08, 0xC4, 0x08, 0xC4, 0x08, 0xC4, 0x08, 0xC4, 0x08, 0xC4, 0x08, 0xC4, 0x08,
    0xC3, 0x08, 0xC3, 0x08, 0xC3, 0x08, 0xC3, 0x08, 0xA3, 0x08, 0xA3, 0x08, 0xA3, 0x08, 0xA3, 0x08,
    0xA3, 0x08, 0xA3, 0x08, 0xA3, 0x08, 0xA3, 0x08, 0xA3, 0x08, 0xA3, 0x08, 0xA3, 0x08, 0xA3, 0x08,
    0x83, 0x08, 0x83, 0x08, 0x83, 0x08, 0x83, 0x08, 0x83, 0x08, 0x83, 0x08, 0x83, 0x08, 0x83, 0x08,
    0x83, 0x08, 0x41, 0x00, 0xD1, 0x6B, 0xC8, 0x31, 0x41, 0x00, 0x83, 0x08, 0x82, 0x08, 0x82, 0x08,
    0x82, 0x08, 0x82, 0x08, 0x82, 0x08, 0x62, 0x08, 0x62, 0x08, 0x62, 0x08, 0x62, 0x08, 0x62, 0x08,
    0x62, 0x08, 0x62, 0x08, 0x62, 0x08, 0x62, 0x08, 0x62, 0x08, 0x62, 0x08, 0x62, 0x08, 0x62, 0x08,
    0x62, 0x08, 0x62, 0x08, 0x62, 0x08, 0x62, 0x08, 0x62, 0x08, 0x62, 0x08, 0x62, 0x08, 0x62, 0x08,
    0x62, 0x08, 0x62, 0x08, 0x62, 0x08, 0x62, 0x08, 0x82, 0x08, 0x00, 0x00, 0x6A, 0x4A, 0xFF, 0xFF,
    0xFF, 0xFF, 0x18, 0xC6, 0x01, 0x00, 0x82, 0x08, 0x62, 0x08, 0x62, 0x08, 0x62, 0x08, 0x62, 0x08,
    0x62, 0x08, 0x62, 0x08, 0x62, 0x08, 0x62, 0x08, 0x62, 0x08, 0x62, 0x08, 0x62, 0x08, 0x62, 0x08,
    0x62, 0x08, 0x62, 0x08, 0x62, 0x08, 0x62, 0x08, 0x62, 0x08, 0x62, 0x08, 0x62, 0x08, 0x62, 0x08,
    0x62, 0x08, 0x62, 0x08, 0x62, 0x08, 0x62, 0x08, 0x62, 0x08, 0x62, 0x08, 0x62, 0x08, 0x62, 0x08,
    0x62, 0x08, 0x62, 0x08, 0x62, 0x08, 0x62, 0x08, 0x82, 0x08, 0x00, 0x00, 0x6A, 0x4A, 0xFF, 0xFF,
    0xFF, 0xFF, 0x18, 0xC6, 0x01, 0x00, 0x82, 0x08, 0x62, 0x08, 0x62, 0x08, 0x62, 0x08, 0x62, 0x08,
    0x62, 0x08, 0x62, 0x08, 0x62, 0x08, 0x62, 0x08, 0x62, 0x08, 0x62, 0x08, 0x62, 0x08, 0x62, 0x08,
    0x62, 0x08, 0x62, 0x08, 0x62, 0x08, 0x62, 0x08, 0x62, 0x08, 0x62, 0x08, 0x62, 0x08, 0x62, 0x08,
    0x62, 0x08, 0x62, 0x08, 0x62, 0x08, 0x62, 0x08, 0x62, 0x08, 0x62, 0x08, 0x82, 0x08, 0x82, 0x08,
    0x82, 0x08, 0x82, 0x08, 0x82, 0x08, 0x83, 0x08, 0x41, 0x00, 0xD1, 0x6B, 0xC8, 0x31, 0x41, 0x00,
    0x83, 0x08, 0x83, 0x08, 0x83, 0x08, 0x83, 0x08, 0x83, 0x08, 0x83, 0x08, 0x83, 0x08, 0x83, 0x08,
    0xA3, 0x08, 0xA3, 0x08, 0xA3, 0x08, 0xA3, 0x08, 0xA3, 0x08, 0xA3, 0x08, 0xA3, 0x08, 0xA3, 0x08,
    0xA3, 0x08, 0xA3, 0x08, 0xA3, 0x08, 0xA3, 0x08, 0xA3, 0x08, 0xC3, 0x08, 0xC3, 0x08, 0xC3, 0x08,
    0xC3, 0x08, 0xC4, 0x08, 0xC4, 0x08, 0xC4, 0x08, 0xC4, 0x08, 0xC4, 0x08, 0xC4, 0x08, 0xE4, 0x08,
    0x82, 0x00, 0xAB, 0x4A, 0xFF, 0xFF, 0xFF, 0xFF, 0x38, 0xC6, 0xA3, 0x00, 0x04, 0x09, 0xE4, 0x08,
    0xE4, 0x08, 0x04, 0x09, 0x04, 0x09, 0x04, 0x09, 0x05, 0x09, 0x05, 0x09, 0x05, 0x09, 0x05, 0x09,
    0x05, 0x09, 0x05, 0x09, 0x25, 0x09, 0x25, 0x09, 0x25, 0x09, 0x25, 0x09, 0x25, 0x09, 0x25, 0x09,
    0x25, 0x09, 0x25, 0x09, 0x45, 0x09, 0x45, 0x09, 0x46, 0x09, 0x46, 0x09, 0x46, 0x09, 0x46, 0x09,
    0x46, 0x09, 0x46, 0x09, 0x46, 0x09, 0x66, 0x09, 0x66, 0x09, 0x66, 0x09, 0x66, 0x11, 0x45, 0x09,
    0x12, 0x74, 0x6B, 0x32, 0x45, 0x09, 0x87, 0x11, 0x87, 0x11, 0x87, 0x11, 0x87, 0x11, 0x87, 0x11,
    0x87, 0x11, 0x87, 0x11, 0x87, 0x11, 0x87, 0x11, 0xA7, 0x11, 0xA7, 0x11, 0xA7, 0x11, 0xA7, 0x11,
    0xA7, 0x11, 0xA7, 0x11, 0xA7, 0x11, 0xA7, 0x11, 0xA7, 0x11, 0xA7, 0x11, 0xA7, 0x11, 0xC8, 0x11,
    0xC8, 0x11, 0xC8, 0x11, 0xC8, 0x11, 0xC8, 0x11, 0xC8, 0x11, 0xC8, 0x11, 0xC8, 0x11, 0xC8, 0x11,
    0xC8, 0x11, 0xC8, 0x11, 0xC8, 0x11, 0x67, 0x01, 0x6E, 0x4B, 0xFF, 0xFF, 0xFF, 0xFF, 0x79, 0xC6,
    0x87, 0x01, 0xC8, 0x11, 0xC8, 0x11, 0xC8, 0x11, 0xC8, 0x11, 0xC8, 0x11, 0xC8, 0x11, 0xC8, 0x11,
    0xC8, 0x11, 0xC8, 0x11, 0xC8, 0x11, 0xC8, 0x11, 0xC7, 0x11, 0xA7, 0x11, 0xA7, 0x11, 0xA7, 0x11,
    0xA7, 0x11, 0xA7, 0x11, 0xA7, 0x11, 0xA7, 0x11, 0xA7, 0x11, 0xA7, 0x11, 0xA7, 0x11, 0xA7, 0x11,
    0x87, 0x11, 0x87, 0x11, 0x87, 0x11, 0x87, 0x11, 0x87, 0x11, 0x87, 0x11, 0x87, 0x11, 0x87, 0x11,
    0x86, 0x11, 0x87, 0x11, 0x46, 0x09, 0x12, 0x74, 0x6B, 0x32, 0x25, 0x01, 0x66, 0x11, 0x66, 0x09,
    0x66, 0x09, 0x46, 0x09, 0x46, 0x09, 0x46, 0x09, 0x46, 0x09, 0x46, 0x09, 0x46, 0x09, 0x46, 0x09,
    0x45, 0x09, 0x45, 0x09, 0x25, 0x09, 0x25, 0x09, 0x25, 0x09, 0x25, 0x09, 0x25, 0x09, 0x25, 0x09,
    0x25, 0x09, 0x25, 0x09, 0x05, 0x09, 0x05, 0x09, 0x05, 0x09, 0x05, 0x09, 0x05, 0x09, 0x05, 0x09,
    0x05, 0x09, 0x04, 0x09, 0x04, 0x09, 0xE4, 0x08, 0xE4, 0x08, 0x05, 0x11, 0x83, 0x00, 0xAB, 0x4A,
    0xFF, 0xFF, 0xFF, 0xFF, 0x38, 0xC6, 0x83, 0x00, 0xE4, 0x08, 0xC4, 0x08, 0xC4, 0x08, 0xC4, 0x08,
    0xC4, 0x08, 0xC4, 0x08, 0xC4, 0x08, 0xC3, 0x08, 0xC3, 0x08, 0xC3, 0x08, 0xC3, 0x08, 0xA3, 0x08,
    0xA3, 0x08, 0xA3, 0x08, 0xA3, 0x08, 0xA3, 0x08, 0xA3, 0x08, 0xA3, 0x08, 0xA3, 0x08, 0xA3, 0x08,
    0xA3, 0x08, 0xA3, 0x08, 0xA3, 0x08, 0xA3, 0x08, 0x83, 0x08, 0x83, 0x08, 0x83, 0x08, 0x83, 0x08,
    0x83, 0x08, 0x83, 0x08, 0x83, 0x08, 0x83, 0x08, 0x83, 0x08, 0x41, 0x00, 0xD1, 0x6B, 0xC8, 0x31,
    0x41, 0x00, 0x83, 0x08, 0x82, 0x08, 0x82, 0x08, 0x82, 0x08, 0x82, 0x08, 0x62, 0x08, 0x62, 0x08,
    0x62, 0x08, 0x62, 0x08, 0x62, 0x08, 0x62, 0x08, 0x62, 0x08, 0x62, 0x08, 0x62, 0x08, 0x62, 0x08,
    0x62, 0x08, 0x62, 0x08, 0x62, 0x08, 0x62, 0x08, 0x62, 0x08, 0x62, 0x08, 0x62, 0x08, 0x62, 0x08,
    0x62, 0x08, 0x62, 0x08, 0x62, 0x08, 0x62, 0x08, 0x62, 0x08, 0x62, 0x08, 0x62, 0x08, 0x62, 0x08,
    0x82, 0x08, 0x00, 0x00, 0x6A, 0x4A, 0xFF, 0xFF, 0xFF, 0xFF, 0x18, 0xC6, 0x01, 0x00, 0x82, 0x08,
    0x62, 0x08, 0x62, 0x08, 0x62, 0x08, 0x62, 0x08, 0x62, 0x08, 0x62, 0x08, 0x62, 0x08, 0x62, 0x08,
    0x62, 0x08, 0x62, 0x08, 0x62, 0x08, 0x62, 0x08, 0x62, 0x08, 0x62, 0x08, 0x62, 0x08, 0x62, 0x08,
    0x62, 0x08, 0x62, 0x08, 0x62, 0x08, 0x62, 0x08, 0x62, 0x08, 0x62, 0x08, 0x62, 0x08, 0x62, 0x08,
    0x62, 0x08, 0x62, 0x08, 0x62, 0x08, 0x62, 0x08, 0x62, 0x08, 0x62, 0x08, 0x62, 0x08, 0x62, 0x08,
    0x82, 0x08, 0x00, 0x00, 0x6A, 0x4A, 0xFF, 0xFF, 0xFF, 0xFF, 0x18, 0xC6, 0x01, 0x00, 0x82, 0x08,
    0x62, 0x08, 0x62, 0x08, 0x62, 0x08, 0x62, 0x08, 0x62, 0x08, 0x62, 0x08, 0x62, 0x08, 0x62, 0x08,
    0x62, 0x08, 0x62, 0x08, 0x62, 0x08, 0x62, 0x08, 0x62, 0x08, 0x62, 0x08, 0x62, 0x08, 0x62, 0x08,
    0x62, 0x08, 0x62, 0x08, 0x62, 0x08, 0x62, 0x08, 0x62, 0x08, 0x62, 0x08, 0x62, 0x08, 0x62, 0x08,
    0x62, 0x08, 0x62, 0x08, 0x82, 0x08, 0x82, 0x08, 0x82, 0x08, 0x82, 0x08, 0x82, 0x08, 0x83, 0x08,
    0x41, 0x00, 0xD1, 0x6B, 0xC8, 0x31, 0x41, 0x00, 0x83, 0x08, 0x83, 0x08, 0x83, 0x08, 0x83, 0x08,
    0x83, 0x08, 0x83, 0x08, 0x83, 0x08, 0x83, 0x08, 0x83, 0x08, 0xA3, 0x08, 0xA3, 0x08, 0xA3, 0x08,
    0xA3, 0x08, 0xA3, 0x08, 0xA3, 0x08, 0xA3, 0x08, 0xA3, 0x08, 0xA3, 0x08, 0xA3, 0x08, 0xA3, 0x08,
    0xA3, 0x08, 0xA3, 0x08, 0xC3, 0x08, 0xC3, 0x08, 0xC3, 0x08, 0xC3, 0x08, 0xC4, 0x08, 0xC4, 0x08,
    0xC4, 0x08, 0xC4, 0x08, 0xC4, 0x08, 0xE4, 0x08, 0x82, 0x00, 0xAB, 0x4A, 0xFF, 0xFF, 0xFF, 0xFF,
    0x38, 0xC6, 0xA3, 0x00, 0x04, 0x09, 0xE4, 0x08, 0xE4, 0x08, 0xE4, 0x08, 0x04, 0x09, 0x04, 0x09,
    0x05, 0x09, 0x05, 0x09, 0x05, 0x09, 0x05, 0x09, 0x05, 0x09, 0x05, 0x09, 0x05, 0x09, 0x25, 0x09,
    0x25, 0x09, 0x25, 0x09, 0x25, 0x09, 0x25, 0x09, 0x25, 0x09, 0x25, 0x09, 0x25, 0x09, 0x45, 0x09,
    0x45, 0x09, 0x46, 0x09, 0x46, 0x09, 0x46, 0x09, 0x46, 0x09, 0x46, 0x09, 0x46, 0x09, 0x46, 0x09,
    0x66, 0x09, 0x66, 0x09, 0x66, 0x11, 0x45, 0x09, 0x11, 0x6C, 0x6B, 0x32, 0x45, 0x09, 0x87, 0x11,
    0x86, 0x11, 0x87, 0x11, 0x87, 0x11, 0x87, 0x11, 0x87, 0x11, 0x87, 0x11, 0x87, 0x11, 0x87, 0x11,
    0x87, 0x11, 0x87, 0x11, 0xA7, 0x11, 0xA7, 0x11, 0xA7, 0x11, 0xA7, 0x11, 0xA7, 0x11, 0xA7, 0x11,
    0xA7, 0x11, 0xA7, 0x11, 0xA7, 0x11, 0xA7, 0x11, 0xA7, 0x11, 0xA7, 0x11, 0xA8, 0x11, 0xC8, 0x11,
    0xC8, 0x11, 0xC8, 0x11, 0xC8, 0x11, 0xC8, 0x11, 0xC8, 0x11, 0xC8, 0x11, 0xC8, 0x11, 0x66, 0x01,
    0x6E, 0x4B, 0xFF, 0xFF, 0xFF, 0xFF, 0x79, 0xC6, 0x87, 0x01, 0xC8, 0x11, 0xC8, 0x11, 0xC8, 0x11,
    0xC8, 0x11, 0xC8, 0x11, 0xC8, 0x11, 0xC8, 0x11, 0xC8, 0x11, 0xC8, 0x11, 0xA7, 0x11, 0xA7, 0x11,
    0xA7, 0x11, 0xA7, 0x11, 0xA7, 0x11, 0xA7, 0x11, 0xA7, 0x11, 0xA7, 0x11, 0xA7, 0x11, 0xA7, 0x11,
    0xA7, 0x11, 0xA7, 0x11, 0xA7, 0x11, 0x87, 0x11, 0x87, 0x11, 0x87, 0x11, 0x87, 0x11, 0x87, 0x11,
    0x87, 0x11, 0x87, 0x11, 0x87, 0x11, 0x86, 0x11, 0x66, 0x11, 0x86, 0x11, 0x46, 0x09, 0x11, 0x6C,
    0x6B, 0x32, 0x25, 0x01, 0x66, 0x11, 0x66, 0x09, 0x66, 0x09, 0x46, 0x09, 0x46, 0x09, 0x46, 0x09,
    0x46, 0x09, 0x46, 0x09, 0x46, 0x09, 0x46, 0x09, 0x45, 0x09, 0x25, 0x09, 0x25, 0x09, 0x25, 0x09,
    0x25, 0x09, 0x25, 0x09, 0x25, 0x09, 0x25, 0x09, 0x25, 0x09, 0x25, 0x09, 0x05, 0x09, 0x05, 0x09,
    0x05, 0x09, 0x05, 0x09, 0x05, 0x09, 0x05, 0x09, 0x04, 0x09, 0x04, 0x09, 0xE4, 0x08, 0xE4, 0x08,
    0xE4, 0x08, 0x05, 0x11, 0x83, 0x00, 0xAB, 0x4A, 0xFF, 0xFF, 0xFF, 0xFF, 0x38, 0xC6, 0x83, 0x00,
    0xE4, 0x08, 0xC4, 0x08, 0xC4, 0x08, 0xC4, 0x08, 0xC4, 0x08, 0xC4, 0x08, 0xC4, 0x08, 0xC3, 0x08,
    0xC3, 0x08, 0xC3, 0x08, 0xC3, 0x08, 0xA3, 0x08, 0xA3, 0x08, 0xA3, 0x08, 0xA3, 0x08, 0xA3, 0x08,
    0xA3, 0x08, 0xA3, 0x08, 0xA3, 0x08, 0xA3, 0x08, 0xA3, 0x08, 0xA3, 0x08, 0xA3, 0x08, 0xA3, 0x08,
    0x83, 0x08, 0x83, 0x08, 0x83, 0x08, 0x83, 0x08, 0x83, 0x08, 0x83, 0x08, 0x83, 0x08, 0x83, 0x08,
    0x83, 0x08, 0x41, 0x00, 0xD1, 0x6B, 0xC8, 0x31, 0x21, 0x00, 0x83, 0x08, 0x82, 0x08, 0x82, 0x08,
    0x82, 0x08, 0x82, 0x08, 0x62, 0x08, 0x62, 0x08, 0x62, 0x08, 0x62, 0x08, 0x62, 0x08, 0x62, 0x08,
    0x62, 0x08, 0x62, 0x08, 0x62, 0x08, 0x62, 0x08, 0x62, 0x08, 0x62, 0x08, 0x62, 0x08, 0x62, 0x08,
    0x62, 0x08, 0x62, 0x08, 0x62, 0x08, 0x62, 0x08, 0x62, 0x08, 0x62, 0x08, 0x62, 0x08, 0x62, 0x08,
    0x62, 0x08, 0x62, 0x08, 0x62, 0x08, 0x62, 0x08, 0x82, 0x08, 0x00, 0x00, 0x6A, 0x4A, 0xFF, 0xFF,
    0xFF, 0xFF, 0x18, 0xC6, 0x01, 0x00, 0x82, 0x08, 0x62, 0x08, 0x62, 0x08, 0x62, 0x08, 0x62, 0x08,
    0x62, 0x08, 0x62, 0x08, 0x62, 0x08, 0x62, 0x08, 0x62, 0x08, 0x62, 0x08, 0x62, 0x08, 0x62, 0x08,
    0x62, 0x08, 0x62, 0x08, 0x62, 0x08, 0x62, 0x08, 0x62, 0x08, 0x62, 0x08, 0x62, 0x08, 0x62, 0x08,
    0x62, 0x08, 0x62, 0x08, 0x62, 0x08, 0x62, 0x08, 0x62, 0x08, 0x62, 0x08, 0x62, 0x08, 0x62, 0x08,
    0x62, 0x08, 0x62, 0x08, 0x62, 0x08, 0x62, 0x08, 0x82, 0x08, 0x00, 0x00, 0x6A, 0x4A, 0xFF, 0xFF,
    0xFF, 0xFF, 0x18, 0xC6, 0x01, 0x00, 0x82, 0x08, 0x62, 0x08, 0x62, 0x08, 0x62, 0x08, 0x62, 0x08,
    0x62, 0x08, 0x62, 0x08, 0x62, 0x08, 0x62, 0x08, 0x62, 0x08, 0x62, 0x08, 0x62, 0x08, 0x62, 0x08,
    0x62, 0x08, 0x62, 0x08, 0x62, 0x08, 0x62, 0x08, 0x62, 0x08, 0x62, 0x08, 0x62, 0x08, 0x62, 0x08,
    0x62, 0x08, 0x62, 0x08, 0x62, 0x08, 0x62, 0x08, 0x62, 0x08, 0x62, 0x08, 0x62, 0x08, 0x82, 0x08,
    0x82, 0x08, 0x82, 0x08, 0x82, 0x08, 0x83, 0x08, 0x41, 0x00, 0x11, 0x74, 0xE8, 0x31, 0x41, 0x00,
    0x83, 0x08, 0x83, 0x08, 0x83, 0x08, 0x83, 0x08, 0x83, 0x08, 0x83, 0x08, 0x83, 0x08, 0x83, 0x08,
    0x83, 0x08, 0xA3, 0x08, 0xA3, 0x08, 0xA3, 0x08, 0xA3, 0x08, 0xA3, 0x08, 0xA3, 0x08, 0xA3, 0x08,
    0xA3, 0x08, 0xA3, 0x08, 0xA3, 0x08, 0xA3, 0x08, 0xA3, 0x08, 0xA3, 0x08, 0xC3, 0x08, 0xC3, 0x08,
    0xC3, 0x08, 0xC3, 0x08, 0xC4, 0x08, 0xC4, 0x08, 0xC4, 0x08, 0xC4, 0x08, 0xC4, 0x08, 0xE4, 0x08,
    0x62, 0x00, 0xAB, 0x4A, 0xFF, 0xFF, 0xFF, 0xFF, 0x38, 0xC6, 0x83, 0x00, 0x04, 0x09, 0xE4, 0x08,
    0xE4, 0x08, 0xE4, 0x08, 0x04, 0x09, 0x04, 0x09, 0x04, 0x09, 0x05, 0x09, 0x05, 0x09, 0x05, 0x09,
    0x05, 0x09, 0x05, 0x09, 0x05, 0x09, 0x25, 0x09, 0x25, 0x09, 0x25, 0x09, 0x25, 0x09, 0x25, 0x09,
    0x25, 0x09, 0x25, 0x09, 0x25, 0x09, 0x25, 0x09, 0x45, 0x09, 0x46, 0x09, 0x46, 0x09, 0x46, 0x09,
    0x46, 0x09, 0x46, 0x09, 0x46, 0x09, 0x46, 0x09, 0x66, 0x09, 0x66, 0x09, 0x66, 0x11, 0x25, 0x09,
    0x32, 0x74, 0x8B, 0x32, 0x25, 0x01, 0x87, 0x11, 0x66, 0x11, 0x86, 0x11, 0x87, 0x11, 0x87, 0x11,
    0x87, 0x11, 0x87, 0x11, 0x87, 0x11, 0x87, 0x11, 0x87, 0x11, 0x87, 0x11, 0x87, 0x11, 0xA7, 0x11,
    0xA7, 0x11, 0xA7, 0x11, 0xA7, 0x11, 0xA7, 0x11, 0xA7, 0x11, 0xA7, 0x11, 0xA7, 0x11, 0xA7, 0x11,
    0xA7, 0x11, 0xA7, 0x11, 0xA7, 0x11, 0xA7, 0x11, 0xA7, 0x11, 0xA7, 0x11, 0xA8, 0x11, 0xC8, 0x11,
    0xA8, 0x11, 0xC8, 0x11, 0xC8, 0x11, 0x66, 0x01, 0x4E, 0x4B, 0xFF, 0xFF, 0xFF, 0xFF, 0x79, 0xC6,
    0x66, 0x01, 0xC8, 0x11, 0xC8, 0x11, 0xC8, 0x11, 0xC8, 0x11, 0xA8, 0x11, 0xA7, 0x11, 0xA7, 0x11,
    0xA7, 0x11, 0xA7, 0x11, 0xA7, 0x11, 0xA7, 0x11, 0xA7, 0x11, 0xA7, 0x11, 0xA7, 0x11, 0xA7, 0x11,
    0xA7, 0x11, 0xA7, 0x11, 0xA7, 0x11, 0xA7, 0x11, 0x87, 0x11, 0x87, 0x11, 0x87, 0x11, 0x87, 0x11,
    0x87, 0x11, 0x87, 0x11, 0x87, 0x11, 0x87, 0x11, 0x87, 0x11, 0x87, 0x11, 0x86, 0x11, 0x66, 0x11,
    0x66, 0x11, 0x66, 0x11, 0x45, 0x09, 0x32, 0x74, 0x8B, 0x32, 0x25, 0x01, 0x66, 0x11, 0x66, 0x09,
    0x46, 0x09, 0x46, 0x09, 0x46, 0x09, 0x46, 0x09, 0x46, 0x09, 0x46, 0x09, 0x46, 0x09, 0x45, 0x09,
    0x25, 0x09, 0x25, 0x09, 0x25, 0x09, 0x25, 0x09, 0x25, 0x09, 0x25, 0x09, 0x25, 0x09, 0x25, 0x09,
    0x25, 0x09, 0x05, 0x09, 0x05, 0x09, 0x05, 0x09, 0x05, 0x09, 0x05, 0x09, 0x05, 0x09, 0x04, 0x09,
    0x04, 0x09, 0x04, 0x09, 0xE4, 0x08, 0xE4, 0x08, 0xE4, 0x08, 0x05, 0x09, 0x83, 0x00, 0xAB, 0x4A,
    0xFF, 0xFF, 0xFF, 0xFF, 0x38, 0xC6, 0x83, 0x00, 0xE4, 0x08, 0xC4, 0x08, 0xC4, 0x08, 0xC4, 0x08,
    0xC4, 0x08, 0xC4, 0x08, 0xC3, 0x08, 0xC3, 0x08, 0xC3, 0x08, 0xC3, 0x08, 0xA3, 0x08, 0xA3, 0x08,
    0xA3, 0x08, 0xA3, 0x08, 0xA3, 0x08, 0xA3, 0x08, 0xA3, 0x08, 0xA3, 0x08, 0xA3, 0x08, 0xA3, 0x08,
    0xA3, 0x08, 0xA3, 0x08, 0xA3, 0x08, 0x83, 0x08, 0x83, 0x08, 0x83, 0x08, 0x83, 0x08, 0x83, 0x08,
    0x83, 0x08, 0x83, 0x08, 0x83, 0x08, 0x83, 0x08, 0x83, 0x08, 0x41, 0x00, 0x11, 0x74, 0xE8, 0x31,
    0x21, 0x00, 0x83, 0x08, 0x82, 0x08, 0x82, 0x08, 0x82, 0x08, 0x82, 0x08, 0x62, 0x08, 0x62, 0x08,
    0x62, 0x08, 0x62, 0x08, 0x62, 0x08, 0x62, 0x08, 0x62, 0x08, 0x62, 0x08, 0x62, 0x08, 0x62, 0x08,
    0x62, 0x08, 0x62, 0x08, 0x62, 0x08, 0x62, 0x08, 0x62, 0x08, 0x62, 0x08, 0x62, 0x08, 0x62, 0x08,
    0x62, 0x08, 0x62, 0x08, 0x62, 0x08, 0x62, 0x08, 0x62, 0x08, 0x62, 0x08, 0x62, 0x08, 0x62, 0x08,
    0x82, 0x08, 0x00, 0x00, 0x6A, 0x4A, 0xFF, 0xFF, 0xFF, 0xFF, 0x18, 0xC6, 0x01, 0x00, 0x82, 0x08,
    0x62, 0x08, 0x62, 0x08, 0x62, 0x08, 0x62, 0x08, 0x62, 0x08, 0x62, 0x08, 0x62, 0x08, 0x62, 0x08,
    0x62, 0x08, 0x62, 0x08, 0x62, 0x08, 0x62, 0x08, 0x62, 0x08, 0x62, 0x08, 0x62, 0x08, 0x62, 0x08,
    0x62, 0x08, 0x62, 0x08, 0x62, 0x08, 0x62, 0x08, 0x62, 0x08, 0x62, 0x08, 0x62, 0x08, 0x62, 0x08,
    0x62, 0x08, 0x62, 0x08, 0x62, 0x08, 0x62, 0x08, 0x62, 0x08, 0x62, 0x08, 0x62, 0x08, 0x62, 0x08,
    0x82, 0x08, 0x00, 0x00, 0x6A, 0x4A, 0xFF, 0xFF, 0xFF, 0xFF, 0x18, 0xC6, 0x01, 0x00, 0x82, 0x08,
    0x62, 0x08, 0x62, 0x08, 0x62, 0x08, 0x62, 0x08, 0x62, 0x08, 0x62, 0x08, 0x62, 0x08, 0x62, 0x08,
    0x62, 0x08, 0x62, 0x08, 0x62, 0x08, 0x62, 0x08, 0x62, 0x08, 0x62, 0x08, 0x62, 0x08, 0x62, 0x08,
    0x62, 0x08, 0x62, 0x08, 0x62, 0x08, 0x62, 0x08, 0x62, 0x08, 0x62, 0x08, 0x62, 0x08, 0x62, 0x08,
    0x62, 0x08, 0x62, 0x08, 0x62, 0x08, 0x82, 0x08, 0x82, 0x08, 0x82, 0x08, 0x82, 0x08, 0x82, 0x08,
    0x62, 0x08, 0x66, 0x21, 0xE4, 0x10, 0x62, 0x08, 0x83, 0x08, 0x83, 0x08, 0x83, 0x08, 0x83, 0x08,
    0x83, 0x08, 0x83, 0x08, 0x83, 0x08, 0x83, 0x08, 0x83, 0x08, 0xA3, 0x08, 0xA3, 0x08, 0xA3, 0x08,
    0xA3, 0x08, 0xA3, 0x08, 0xA3, 0x08, 0xA3, 0x08, 0xA3, 0x08, 0xA3, 0x08, 0xA3, 0x08, 0xA3, 0x08,
    0xA3, 0x08, 0xA3, 0x08, 0xC3, 0x08, 0xC3, 0x08, 0xC3, 0x08, 0xC3, 0x08, 0xC3, 0x08, 0xC4, 0x08,
    0xC4, 0x08, 0xC4, 0x08, 0xC4, 0x08, 0xE4, 0x08, 0x62, 0x00, 0xAB, 0x4A, 0xFF, 0xFF, 0xFF, 0xFF,
    0x38, 0xC6, 0x83, 0x00, 0x04, 0x09, 0xE4, 0x08, 0xE4, 0x08, 0xE4, 0x08, 0xE4, 0x08, 0x04, 0x09,
    0x04, 0x09, 0x05, 0x09, 0x05, 0x09, 0x05, 0x09, 0x05, 0x09, 0x05, 0x09, 0x05, 0x09, 0x05, 0x09,
    0x25, 0x09, 0x25, 0x09, 0x25, 0x09, 0x25, 0x09, 0x25, 0x09, 0x25, 0x09, 0x25, 0x09, 0x25, 0x09,
    0x25, 0x09, 0x45, 0x09, 0x46, 0x09, 0x46, 0x09, 0x46, 0x09, 0x46, 0x09, 0x46, 0x09, 0x46, 0x09,
    0x46, 0x09, 0x46, 0x09, 0x66, 0x09, 0x46, 0x09, 0x09, 0x2A, 0xA7, 0x19, 0x66, 0x09, 0x66, 0x09,
    0x66, 0x11, 0x66, 0x11, 0x66, 0x11, 0x87, 0x11, 0x87, 0x11, 0x87, 0x11, 0x87, 0x11, 0x87, 0x11,
    0x87, 0x11, 0x87, 0x11, 0x87, 0x11, 0x87, 0x11, 0x87, 0x11, 0xA7, 0x11, 0xA7, 0x11, 0xA7, 0x11,
    0xA7, 0x11, 0xA7, 0x11, 0xA7, 0x11, 0xA7, 0x11, 0xA7, 0x11, 0xA7, 0x11, 0xA7, 0x11, 0xA7, 0x11,
    0xA7, 0x11, 0xA7, 0x11, 0xA7, 0x11, 0xA7, 0x11, 0xA7, 0x11, 0xA7, 0x11, 0xC8, 0x11, 0x66, 0x01,
    0x4E, 0x4B, 0xFF, 0xFF, 0xFF, 0xFF, 0x79, 0xC6, 0x66, 0x01, 0xC8, 0x11, 0xA7, 0x11, 0xA7, 0x11,
    0xA7, 0x11, 0xA7, 0x11, 0xA7, 0x11, 0xA7, 0x11, 0xA7, 0x11, 0xA7, 0x11, 0xA7, 0x11, 0xA7, 0x11,
    0xA7, 0x11, 0xA7, 0x11, 0xA7, 0x11, 0xA7, 0x11, 0xA7, 0x11, 0xA7, 0x11, 0xA7, 0x11, 0x87, 0x11,
    0x87, 0x11, 0x87, 0x11, 0x87, 0x11, 0x87, 0x11, 0x87, 0x11, 0x87, 0x11, 0x87, 0x11, 0x87, 0x11,
    0x87, 0x11, 0x86, 0x11, 0x66, 0x11, 0x66, 0x11, 0x66, 0x11, 0x66, 0x09, 0x66, 0x09, 0x09, 0x2A,
    0xA7, 0x19, 0x46, 0x09, 0x66, 0x09, 0x46, 0x09, 0x46, 0x09, 0x46, 0x09, 0x46, 0x09, 0x46, 0x09,
    0x46, 0x09, 0x46, 0x09, 0x45, 0x09, 0x25, 0x09, 0x25, 0x09, 0x25, 0x09, 0x25, 0x09, 0x25, 0x09,
    0x25, 0x09, 0x25, 0x09, 0x25, 0x09, 0x25, 0x09, 0x05, 0x09, 0x05, 0x09, 0x05, 0x09, 0x05, 0x09,
    0x05, 0x09, 0x05, 0x09, 0x05, 0x09, 0x04, 0x09, 0x04, 0x09, 0xE4, 0x08, 0xE4, 0x08, 0xE4, 0x08,
    0xE4, 0x08, 0x04, 0x09, 0x83, 0x00, 0xAB, 0x4A, 0xFF, 0xFF, 0xFF, 0xFF, 0x38, 0xC6, 0x83, 0x00,
    0xE4, 0x08, 0xC4, 0x08, 0xC4, 0x08, 0xC4, 0x08, 0xC4, 0x08, 0xC4, 0x08, 0xC3, 0x08, 0xC3, 0x08,
    0xC3, 0x08, 0xC3, 0x08, 0xA3, 0x08, 0xA3, 0x08, 0xA3, 0x08, 0xA3, 0x08, 0xA3, 0x08, 0xA3, 0x08,
    0xA3, 0x08, 0xA3, 0x08, 0xA3, 0x08, 0xA3, 0x08, 0xA3, 0x08, 0xA3, 0x08, 0xA3, 0x08, 0x83, 0x08,
    0x83, 0x08, 0x83, 0x08, 0x83, 0x08, 0x83, 0x08, 0x83, 0x08, 0x83, 0x08, 0x83, 0x08, 0x83, 0x08,
    0x82, 0x08, 0x62, 0x08, 0x66, 0x21, 0xC4, 0x10, 0x62, 0x08, 0x82, 0x08, 0x82, 0x08, 0x82, 0x08,
    0x82, 0x08, 0x62, 0x08, 0x62, 0x08, 0x62, 0x08, 0x62, 0x08, 0x62, 0x08, 0x62, 0x08, 0x62, 0x08,
    0x62, 0x08, 0x62, 0x08, 0x62, 0x08, 0x62, 0x08, 0x62, 0x08, 0x62, 0x08, 0x62, 0x08, 0x62, 0x08,
    0x62, 0x08, 0x62, 0x08, 0x62, 0x08, 0x62, 0x08, 0x62, 0x08, 0x62, 0x08, 0x62, 0x08, 0x62, 0x08,
    0x62, 0x08, 0x62, 0x08, 0x62, 0x08, 0x62, 0x08, 0x82, 0x08, 0x00, 0x00, 0x6A, 0x4A, 0xFF, 0xFF,
    0xFF, 0xFF, 0x18, 0xC6, 0x01, 0x00, 0x82, 0x08, 0x62, 0x08, 0x62, 0x08, 0x62, 0x08, 0x62, 0x08,
    0x62, 0x08, 0x62, 0x08, 0x62, 0x08, 0x62, 0x08, 0x62, 0x08, 0x62, 0x08, 0x62, 0x08, 0x62, 0x08,
    0x62, 0x08, 0x62, 0x08, 0x62, 0x08, 0x62, 0x08, 0x62, 0x08, 0x62, 0x08, 0x62, 0x08, 0x62, 0x08,
    0x62, 0x08, 0x62, 0x08, 0x62, 0x08, 0x62, 0x08, 0x62, 0x08, 0x62, 0x08, 0x62, 0x08, 0x62, 0x08,
    0x62, 0x08, 0x62, 0x08, 0x62, 0x08, 0x62, 0x08, 0x82, 0x08, 0x00, 0x00, 0x6A, 0x4A, 0xFF, 0xFF,
    0xFF, 0xFF, 0x18, 0xC6, 0x01, 0x00, 0x82, 0x08, 0x62, 0x08, 0x62, 0x08, 0x62, 0x08, 0x62, 0x08,
    0x62, 0x08, 0x62, 0x08, 0x62, 0x08, 0x62, 0x08, 0x62, 0x08, 0x62, 0x08, 0x62, 0x08, 0x62, 0x08,
    0x62, 0x08, 0x62, 0x08, 0x62, 0x08, 0x62, 0x08, 0x62, 0x08, 0x62, 0x08, 0x62, 0x08, 0x62, 0x08,
    0x62, 0x08, 0x62, 0x08, 0x62, 0x08, 0x62, 0x08, 0x62, 0x08, 0x62, 0x08, 0x62, 0x08, 0x82, 0x08,
    0x82, 0x08, 0x82, 0x08, 0x82, 0x08, 0x82, 0x08, 0x82, 0x08, 0x42, 0x00, 0x62, 0x08, 0x83, 0x08,
    0x82, 0x08, 0x83, 0x08, 0x83, 0x08, 0x83, 0x08, 0x83, 0x08, 0x83, 0x08, 0x83, 0x08, 0x83, 0x08,
    0x83, 0x08, 0x83, 0x08, 0xA3, 0x08, 0xA3, 0x08, 0xA3, 0x08, 0xA3, 0x08, 0xA3, 0x08, 0xA3, 0x08,
    0xA3, 0x08, 0xA3, 0x08, 0xA3, 0x08, 0xA3, 0x08, 0xA3, 0x08, 0xA3, 0x08, 0xA3, 0x08, 0xC3, 0x08,
    0xC3, 0x08, 0xC3, 0x08, 0xC3, 0x08, 0xC4, 0x08, 0xC4, 0x08, 0xC4, 0x08, 0xC4, 0x08, 0xE4, 0x08,
    0x62, 0x00, 0xAB, 0x4A, 0xFF, 0xFF, 0xFF, 0xFF, 0x38, 0xC6, 0x83, 0x00, 0xE4, 0x08, 0xE4, 0x08,
    0xE4, 0x08, 0xE4, 0x08, 0xE4, 0x08, 0xE4, 0x08, 0x04, 0x09, 0x04, 0x09, 0x05, 0x09, 0x05, 0x09,
    0x05, 0x09, 0x05, 0x09, 0x05, 0x09, 0x05, 0x09, 0x05, 0x09, 0x25, 0x09, 0x25, 0x09, 0x25, 0x09,
    0x25, 0x09, 0x25, 0x09, 0x25, 0x09, 0x25, 0x09, 0x25, 0x09, 0x25, 0x09, 0x45, 0x09, 0x46, 0x09,
    0x46, 0x09, 0x46, 0x09, 0x46, 0x09, 0x46, 0x09, 0x46, 0x09, 0x46, 0x09, 0x46, 0x09, 0x66, 0x09,
    0x45, 0x09, 0x46, 0x09, 0x66, 0x09, 0x66, 0x09, 0x66, 0x09, 0x66, 0x11, 0x66, 0x11, 0x66, 0x11,
    0x86, 0x11, 0x87, 0x11, 0x87, 0x11, 0x87, 0x11, 0x87, 0x11, 0x87, 0x11, 0x87, 0x11, 0x87, 0x11,
    0x87, 0x11, 0x87, 0x11, 0x87, 0x11, 0xA7, 0x11, 0xA7, 0x11, 0xA7, 0x11, 0xA7, 0x11, 0xA7, 0x11,
    0xA7, 0x11, 0xA7, 0x11, 0xA7, 0x11, 0xA7, 0x11, 0xA7, 0x11, 0xA7, 0x11, 0xA7, 0x11, 0xA7, 0x11,
    0xA7, 0x11, 0xA7, 0x11, 0xC8, 0x11, 0x46, 0x01, 0x4D, 0x4B, 0xFF, 0xFF, 0xFF, 0xFF, 0x59, 0xC6,
    0x66, 0x01, 0xC8, 0x11, 0xA7, 0x11, 0xA7, 0x11, 0xA7, 0x11, 0xA7, 0x11, 0xA7, 0x11, 0xA7, 0x11,
    0xA7, 0x11, 0xA7, 0x11, 0xA7, 0x11, 0xA7, 0x11, 0xA7, 0x11, 0xA7, 0x11, 0xA7, 0x11, 0xA7, 0x11,
    0xA7, 0x11, 0x87, 0x11, 0x87, 0x11, 0x87, 0x11, 0x87, 0x11, 0x87, 0x11, 0x87, 0x11, 0x87, 0x11,
    0x87, 0x11, 0x87, 0x11, 0x87, 0x11, 0x86, 0x11, 0x66, 0x11, 0x66, 0x11, 0x66, 0x11, 0x66, 0x09,
    0x66, 0x09, 0x66, 0x09, 0x66, 0x09, 0x45, 0x09, 0x46, 0x09, 0x66, 0x09, 0x46, 0x09, 0x46, 0x09,
    0x46, 0x09, 0x46, 0x09, 0x46, 0x09, 0x46, 0x09, 0x46, 0x09, 0x45, 0x09, 0x45, 0x09, 0x25, 0x09,
    0x25, 0x09, 0x25, 0x09, 0x25, 0x09, 0x25, 0x09, 0x25, 0x09, 0x25, 0x09, 0x25, 0x09, 0x05, 0x09,
    0x05, 0x09, 0x05, 0x09, 0x05, 0x09, 0x05, 0x09, 0x05, 0x09, 0x05, 0x09, 0x04, 0x09, 0x04, 0x09,
    0x04, 0x09, 0xE4, 0x08, 0xE4, 0x08, 0xE4, 0x08, 0xE4, 0x08, 0x04, 0x09, 0x83, 0x00, 0xAB, 0x4A,
    0xFF, 0xFF, 0xFF, 0xFF, 0x38, 0xC6, 0x83, 0x00, 0xE4, 0x08, 0xC4, 0x08, 0xC4, 0x08, 0xC4, 0x08,
    0xC4, 0x08, 0xC3, 0x08, 0xC3, 0x08, 0xC3, 0x08, 0xC3, 0x08, 0xA3, 0x08, 0xA3, 0x08, 0xA3, 0x08,
    0xA3, 0x08, 0xA3, 0x08, 0xA3, 0x08, 0xA3, 0x08, 0xA3, 0x08, 0xA3, 0x08, 0xA3, 0x08, 0xA3, 0x08,
    0xA3, 0x08, 0xA3, 0x08, 0x83, 0x08, 0x83, 0x08, 0x83, 0x08, 0x83, 0x08, 0x83, 0x08, 0x83, 0x08,
    0x83, 0x08, 0x83, 0x08, 0x83, 0x08, 0x82, 0x08, 0x82, 0x08, 0x82, 0x08, 0x42, 0x00, 0x62, 0x08,
    0x82, 0x08, 0x82, 0x08, 0x82, 0x08, 0x82, 0x08, 0x82, 0x08, 0x62, 0x08, 0x62, 0x08, 0x62, 0x08,
    0x62, 0x08, 0x62, 0x08, 0x62, 0x08, 0x62, 0x08, 0x62, 0x08, 0x62, 0x08, 0x62, 0x08, 0x62, 0x08,
    0x62, 0x08, 0x62, 0x08, 0x62, 0x08, 0x62, 0x08, 0x62, 0x08, 0x62, 0x08, 0x62, 0x08, 0x62, 0x08,
    0x62, 0x08, 0x62, 0x08, 0x62, 0x08, 0x62, 0x08, 0x62, 0x08, 0x62, 0x08, 0x62, 0x08, 0x62, 0x08,
    0x82, 0x08, 0x00, 0x00, 0x6A, 0x4A, 0xFF, 0xFF, 0xFF, 0xFF, 0x18, 0xC6, 0x01, 0x00, 0x82, 0x08,
    0x62, 0x08, 0x62, 0x08, 0x62, 0x08, 0x62, 0x08, 0x62, 0x08, 0x62, 0x08, 0x62, 0x08, 0x62, 0x08,
    0x62, 0x08, 0x62, 0x08, 0x62, 0x08, 0x62, 0x08, 0x62, 0x08, 0x62, 0x08, 0x62, 0x08, 0x62, 0x08,
    0x62, 0x08, 0x62, 0x08, 0x62, 0x08, 0x62, 0x08, 0x62, 0x08, 0x62, 0x08, 0x62, 0x08, 0x62, 0x08,
    0x62, 0x08, 0x62, 0x08, 0x62, 0x08, 0x62, 0x08, 0x62, 0x08, 0x62, 0x08, 0x62, 0x08, 0x62, 0x08,
    0x82, 0x08, 0x00, 0x00, 0x49, 0x4A, 0xFF, 0xFF, 0xFF, 0xFF, 0xF8, 0xBD, 0x01, 0x00, 0x82, 0x08,
    0x62, 0x08, 0x62, 0x08, 0x62, 0x08, 0x62, 0x08, 0x62, 0x08, 0x62, 0x08, 0x62, 0x08, 0x62, 0x08,
    0x62, 0x08, 0x62, 0x08, 0x62, 0x08, 0x62, 0x08, 0x62, 0x08, 0x62, 0x08, 0x62, 0x08, 0x62, 0x08,
    0x62, 0x08, 0x62, 0x08, 0x62, 0x08, 0x62, 0x08, 0x62, 0x08, 0x62, 0x08, 0x62, 0x08, 0x62, 0x08,
    0x62, 0x08, 0x62, 0x08, 0x62, 0x08, 0x62, 0x08, 0x82, 0x08, 0x82, 0x08, 0x82, 0x08, 0x82, 0x08,
    0x82, 0x08, 0x83, 0x08, 0x83, 0x08, 0x82, 0x08, 0x82, 0x08, 0x83, 0x08, 0x83, 0x08, 0x83, 0x08,
    0x83, 0x08, 0x83, 0x08, 0x83, 0x08, 0x83, 0x08, 0x83, 0x08, 0x83, 0x08, 0xA3, 0x08, 0xA3, 0x08,
    0xA3, 0x08, 0xA3, 0x08, 0xA3, 0x08, 0xA3, 0x08, 0xA3, 0x08, 0xA3, 0x08, 0xA3, 0x08, 0xA3, 0x08,
    0xA3, 0x08, 0xA3, 0x08, 0xA3, 0x08, 0xC3, 0x08, 0xC3, 0x08, 0xC3, 0x08, 0xC3, 0x08, 0xC3, 0x08,
    0xC4, 0x08, 0xC4, 0x08, 0xC4, 0x08, 0xE4, 0x08, 0x62, 0x00, 0xAB, 0x4A, 0xFF, 0xFF, 0xFF, 0xFF,
    0x18, 0xBE, 0x83, 0x00, 0xE4, 0x08, 0xE4, 0x08, 0xE4, 0x08, 0xE4, 0x08, 0xE4, 0x08, 0xE4, 0x08,
    0x04, 0x09, 0x04, 0x09, 0x04, 0x09, 0x05, 0x09, 0x05, 0x09, 0x05, 0x09, 0x05, 0x09, 0x05, 0x09,
    0x05, 0x09, 0x05, 0x09, 0x25, 0x09, 0x25, 0x09, 0x25, 0x09, 0x25, 0x09, 0x25, 0x09, 0x25, 0x09,
    0x25, 0x09, 0x25, 0x09, 0x25, 0x09, 0x45, 0x09, 0x46, 0x09, 0x46, 0x09, 0x46, 0x09, 0x46, 0x09,
    0x46, 0x09, 0x46, 0x09, 0x46, 0x09, 0x46, 0x09, 0x66, 0x11, 0x66, 0x09, 0x66, 0x09, 0x66, 0x09,
    0x66, 0x09, 0x66, 0x09, 0x66, 0x11, 0x66, 0x11, 0x66, 0x11, 0x66, 0x11, 0x87, 0x11, 0x87, 0x11,
    0x87, 0x11, 0x87, 0x11, 0x87, 0x11, 0x87, 0x11, 0x87, 0x11, 0x87, 0x11, 0x87, 0x11, 0x87, 0x11,
    0x87, 0x11, 0x87, 0x11, 0xA7, 0x11, 0xA7, 0x11, 0xA7, 0x11, 0xA7, 0x11, 0xA7, 0x11, 0xA7, 0x11,
    0xA7, 0x11, 0xA7, 0x11, 0xA7, 0x11, 0xA7, 0x11, 0xA7, 0x11, 0xA7, 0x11, 0xA7, 0x11, 0x46, 0x01,
    0x4D, 0x4B, 0xFF, 0xFF, 0xFF, 0xFF, 0x59, 0xC6, 0x66, 0x01, 0xA7, 0x11, 0xA7, 0x11, 0xA7, 0x11,
    0xA7, 0x11, 0xA7, 0x11, 0xA7, 0x11, 0xA7, 0x11, 0xA7, 0x11, 0xA7, 0x11, 0xA7, 0x11, 0xA7, 0x11,
    0xA7, 0x11, 0xA7, 0x11, 0x87, 0x11, 0x87, 0x11, 0x87, 0x11, 0x87, 0x11, 0x87, 0x11, 0x87, 0x11,
    0x87, 0x11, 0x87, 0x11, 0x87, 0x11, 0x87, 0x11, 0x87, 0x11, 0x86, 0x11, 0x86, 0x11, 0x66, 0x11,
    0x66, 0x11, 0x66, 0x11, 0x66, 0x09, 0x66, 0x09, 0x66, 0x09, 0x66, 0x09, 0x66, 0x09, 0x66, 0x11,
    0x66, 0x09, 0x46, 0x09, 0x46, 0x09, 0x46, 0x09, 0x46, 0x09, 0x46, 0x09, 0x46, 0x09, 0x46, 0x09,
    0x45, 0x09, 0x45, 0x09, 0x25, 0x09, 0x25, 0x09, 0x25, 0x09, 0x25, 0x09, 0x25, 0x09, 0x25, 0x09,
    0x25, 0x09, 0x25, 0x09, 0x25, 0x09, 0x05, 0x09, 0x05, 0x09, 0x05, 0x09, 0x05, 0x09, 0x05, 0x09,
    0x05, 0x09, 0x04, 0x09, 0x04, 0x09, 0x04, 0x09, 0xE4, 0x08, 0xE4, 0x08, 0xE4, 0x08, 0xE4, 0x08,
    0xE4, 0x08, 0x04, 0x09, 0x83, 0x00, 0xAB, 0x4A, 0xFF, 0xFF, 0xFF, 0xFF, 0x18, 0xBE, 0x83, 0x00,
    0xE4, 0x08, 0xC4, 0x08, 0xC4, 0x08, 0xC4, 0x08, 0xC4, 0x08, 0xC3, 0x08, 0xC3, 0x08, 0xC3, 0x08,
    0xC3, 0x08, 0xA3, 0x08, 0xA3, 0x08, 0xA3, 0x08, 0xA3, 0x08, 0xA3, 0x08, 0xA3, 0x08, 0xA3, 0x08,
    0xA3, 0x08, 0xA3, 0x08, 0xA3, 0x08, 0xA3, 0x08, 0xA3, 0x08, 0xA3, 0x08, 0x83, 0x08, 0x83, 0x08,
    0x83, 0x08, 0x83, 0x08, 0x83, 0x08, 0x83, 0x08, 0x83, 0x08, 0x83, 0x08, 0x83, 0x08, 0x82, 0x08,
    0x82, 0x08, 0x82, 0x08, 0x83, 0x08, 0x82, 0x08, 0x82, 0x08, 0x82, 0x08, 0x82, 0x08, 0x82, 0x08,
    0x82, 0x08, 0x62, 0x08, 0x62, 0x08, 0x62, 0x08, 0x62, 0x08, 0x62, 0x08, 0x62, 0x08, 0x62, 0x08,
    0x62, 0x08, 0x62, 0x08, 0x62, 0x08, 0x62, 0x08, 0x62, 0x08, 0x62, 0x08, 0x62, 0x08, 0x62, 0x08,
    0x62, 0x08, 0x62, 0x08, 0x62, 0x08, 0x62, 0x08, 0x62, 0x08, 0x62, 0x08, 0x62, 0x08, 0x62, 0x08,
    0x62, 0x08, 0x62, 0x08, 0x62, 0x08, 0x62, 0x08, 0x82, 0x08, 0x00, 0x00, 0x49, 0x4A, 0xFF, 0xFF,
    0xFF, 0xFF, 0xF8, 0xBD, 0x01, 0x00, 0x82, 0x08, 0x62, 0x08, 0x62, 0x08, 0x62, 0x08, 0x62, 0x08,
    0x62, 0x08, 0x62, 0x08, 0x62, 0x08, 0x62, 0x08, 0x62, 0x08, 0x62, 0x08, 0x62, 0x08, 0x62, 0x08,
    0x62, 0x08, 0x62, 0x08, 0x62, 0x08, 0x62, 0x08, 0x62, 0x08, 0x62, 0x08, 0x62, 0x08, 0x62, 0x08,
    0x62, 0x08, 0x62, 0x08, 0x62, 0x08, 0x62, 0x08, 0x62, 0x08, 0x62, 0x08, 0x62, 0x08, 0x62, 0x08,
    0x62, 0x08, 0x62, 0x08, 0x62, 0x08, 0x62, 0x08, 0x82, 0x08, 0x00, 0x00, 0x6A, 0x4A, 0xFF, 0xFF,
    0xFF, 0xFF, 0x59, 0xCE, 0x01, 0x00, 0x82, 0x08, 0x62, 0x08, 0x62, 0x08, 0x62, 0x08, 0x62, 0x08,
    0x62, 0x08, 0x62, 0x08, 0x62, 0x08, 0x62, 0x08, 0x62, 0x08, 0x62, 0x08, 0x62, 0x08, 0x62, 0x08,
    0x62, 0x08, 0x62, 0x08, 0x62, 0x08, 0x62, 0x08, 0x62, 0x08, 0x62, 0x08, 0x62, 0x08, 0x62, 0x08,
    0x62, 0x08, 0x62, 0x08, 0x62, 0x08, 0x62, 0x08, 0x62, 0x08, 0x62, 0x08, 0x62, 0x08, 0x62, 0x08,
    0x82, 0x08, 0x82, 0x08, 0x82, 0x08, 0x82, 0x08, 0x82, 0x08, 0x82, 0x08, 0x82, 0x08, 0x82, 0x08,
    0x82, 0x08, 0x82, 0x08, 0x83, 0x08, 0x83, 0x08, 0x83, 0x08, 0x83, 0x08, 0x83, 0x08, 0x83, 0x08,
    0x83, 0x08, 0x83, 0x08, 0x83, 0x08, 0xA3, 0x08, 0xA3, 0x08, 0xA3, 0x08, 0xA3, 0x08, 0xA3, 0x08,
    0xA3, 0x08, 0xA3, 0x08, 0xA3, 0x08, 0xA3, 0x08, 0xA3, 0x08, 0xA3, 0x08, 0xA3, 0x08, 0xA3, 0x08,
    0xC3, 0x08, 0xC3, 0x08, 0xC3, 0x08, 0xC3, 0x08, 0xC4, 0x08, 0xC4, 0x08, 0xC4, 0x08, 0xE4, 0x08,
    0x62, 0x00, 0xCB, 0x4A, 0xFF, 0xFF, 0xFF, 0xFF, 0x79, 0xCE, 0x83, 0x00, 0xE4, 0x08, 0xE4, 0x08,
    0xE4, 0x08, 0xE4, 0x08, 0xE4, 0x08, 0xE4, 0x08, 0xE4, 0x08, 0x04, 0x09, 0x04, 0x09, 0x04, 0x09,
    0x05, 0x09, 0x05, 0x09, 0x05, 0x09, 0x05, 0x09, 0x05, 0x09, 0x05, 0x09, 0x25, 0x09, 0x25, 0x09,
    0x25, 0x09, 0x25, 0x09, 0x25, 0x09, 0x25, 0x09, 0x25, 0x09, 0x25, 0x09, 0x25, 0x09, 0x25, 0x09,
    0x45, 0x09, 0x46, 0x09, 0x46, 0x09, 0x46, 0x09, 0x46, 0x09, 0x46, 0x09, 0x46, 0x09, 0x46, 0x09,
    0x46, 0x09, 0x66, 0x09, 0x66, 0x09, 0x66, 0x09, 0x66, 0x09, 0x66, 0x09, 0x66, 0x09, 0x66, 0x09,
    0x66, 0x11, 0x66, 0x11, 0x66, 0x11, 0x66, 0x11, 0x87, 0x11, 0x87, 0x11, 0x87, 0x11, 0x87, 0x11,
    0x87, 0x11, 0x87, 0x11, 0x87, 0x11, 0x87, 0x11, 0x87, 0x11, 0x87, 0x11, 0x87, 0x11, 0x87, 0x11,
    0x87, 0x11, 0x87, 0x11, 0xA7, 0x11, 0xA7, 0x11, 0xA7, 0x11, 0xA7, 0x11, 0xA7, 0x11, 0xA7, 0x11,
    0xA7, 0x11, 0xA7, 0x11, 0xA7, 0x11, 0x46, 0x01, 0x4E, 0x53, 0xFF, 0xFF, 0xFF, 0xFF, 0x9A, 0xCE,
    0x46, 0x01, 0xA7, 0x11, 0xA7, 0x11, 0xA7, 0x11, 0xA7, 0x11, 0xA7, 0x11, 0xA7, 0x11, 0xA7, 0x11,
    0xA7, 0x11, 0xA7, 0x11, 0xA7, 0x11, 0x87, 0x11, 0x87, 0x11, 0x87, 0x11, 0x87, 0x11, 0x87, 0x11,
    0x87, 0x11, 0x87, 0x11, 0x87, 0x11, 0x87, 0x11, 0x87, 0x11, 0x87, 0x11, 0x87, 0x11, 0x87, 0x11,
    0x86, 0x11, 0x66, 0x11, 0x66, 0x11, 0x66, 0x11, 0x66, 0x11, 0x66, 0x09, 0x66, 0x09, 0x66, 0x09,
    0x66, 0x09, 0x66, 0x09, 0x66, 0x09, 0x46, 0x09, 0x46, 0x09, 0x46, 0x09, 0x46, 0x09, 0x46, 0x09,
    0x46, 0x09, 0x46, 0x09, 0x46, 0x09, 0x45, 0x09, 0x45, 0x09, 0x25, 0x09, 0x25, 0x09, 0x25, 0x09,
    0x25, 0x09, 0x25, 0x09, 0x25, 0x09, 0x25, 0x09, 0x25, 0x09, 0x25, 0x09, 0x05, 0x09, 0x05, 0x09,
    0x05, 0x09, 0x05, 0x09, 0x05, 0x09, 0x05, 0x09, 0x05, 0x09, 0x04, 0x09, 0x04, 0x09, 0xE4, 0x08,
    0xE4, 0x08, 0xE4, 0x08, 0xE4, 0x08, 0xE4, 0x08, 0xE4, 0x08, 0x04, 0x09, 0x82, 0x00, 0xCB, 0x4A,
    0xFF, 0xFF, 0xFF, 0xFF, 0x79, 0xCE, 0x82, 0x00, 0xE4, 0x08, 0xC4, 0x08, 0xC4, 0x08, 0xC4, 0x08,
    0xC3, 0x08, 0xC3, 0x08, 0xC3, 0x08, 0xC3, 0x08, 0xA3, 0x08, 0xA3, 0x08, 0xA3, 0x08, 0xA3, 0x08,
    0xA3, 0x08, 0xA3, 0x08, 0xA3, 0x08, 0xA3, 0x08, 0xA3, 0x08, 0xA3, 0x08, 0xA3, 0x08, 0xA3, 0x08,
    0xA3, 0x08, 0xA3, 0x08, 0x83, 0x08, 0x83, 0x08, 0x83, 0x08, 0x83, 0x08, 0x83, 0x08, 0x83, 0x08,
    0x83, 0x08, 0x83, 0x08, 0x83, 0x08, 0x82, 0x08, 0x82, 0x08, 0x82, 0x08, 0x82, 0x08, 0x82, 0x08,
    0x82, 0x08, 0x82, 0x08, 0x82, 0x08, 0x82, 0x08, 0x62, 0x08, 0x62, 0x08, 0x62, 0x08, 0x62, 0x08,
    0x62, 0x08, 0x62, 0x08, 0x62, 0x08, 0x62, 0x08, 0x62, 0x08, 0x62, 0x08, 0x62, 0x08, 0x62, 0x08,
    0x62, 0x08, 0x62, 0x08, 0x62, 0x08, 0x62, 0x08, 0x62, 0x08, 0x62, 0x08, 0x62, 0x08, 0x62, 0x08,
    0x62, 0x08, 0x62, 0x08, 0x62, 0x08, 0x62, 0x08, 0x62, 0x08, 0x62, 0x08, 0x62, 0x08, 0x62, 0x08,
    0x82, 0x08, 0x00, 0x00, 0x6A, 0x4A, 0xFF, 0xFF, 0xFF, 0xFF, 0x59, 0xCE, 0x01, 0x00, 0x82, 0x08,
    0x62, 0x08, 0x62, 0x08, 0x62, 0x08, 0x62, 0x08, 0x62, 0x08, 0x62, 0x08, 0x62, 0x08, 0x62, 0x08,
    0x62, 0x08, 0x62, 0x08, 0x62, 0x08, 0x62, 0x08, 0x62, 0x08, 0x62, 0x08, 0x62, 0x08, 0x62, 0x08,
    0x62, 0x08, 0x62, 0x08, 0x62, 0x08, 0x62, 0x08, 0x62, 0x08, 0x62, 0x08, 0x62, 0x08, 0x62, 0x08,
    0x62, 0x08, 0x62, 0x08, 0x62, 0x08, 0x62, 0x08, 0x62, 0x08, 0x62, 0x08, 0x62, 0x08, 0x62, 0x08,
    0x62, 0x08, 0x42, 0x00, 0xE4, 0x18, 0x6A, 0x4A, 0x6A, 0x4A, 0xE8, 0x39, 0x42, 0x00, 0x62, 0x08,
    0x62, 0x08, 0x62, 0x08, 0x62, 0x08, 0x62, 0x08, 0x62, 0x08, 0x62, 0x08, 0x62, 0x08, 0x62, 0x08,
    0x62, 0x08, 0x62, 0x08, 0x62, 0x08, 0x62, 0x08, 0x62, 0x08, 0x62, 0x08, 0x62, 0x08, 0x62, 0x08,
    0x62, 0x08, 0x62, 0x08, 0x62, 0x08, 0x62, 0x08, 0x62, 0x08, 0x62, 0x08, 0x62, 0x08, 0x62, 0x08,
    0x62, 0x08, 0x62, 0x08, 0x62, 0x08, 0x62, 0x08, 0x82, 0x08, 0x82, 0x08, 0x82, 0x08, 0x82, 0x08,
    0x82, 0x08, 0x82, 0x08, 0x82, 0x08, 0x82, 0x08, 0x82, 0x08, 0x82, 0x08, 0x83, 0x08, 0x83, 0x08,
    0x83, 0x08, 0x83, 0x08, 0x83, 0x08, 0x83, 0x08, 0x83, 0x08, 0x83, 0x08, 0x83, 0x08, 0xA3, 0x08,
    0xA3, 0x08, 0xA3, 0x08, 0xA3, 0x08, 0xA3, 0x08, 0xA3, 0x08, 0xA3, 0x08, 0xA3, 0x08, 0xA3, 0x08,
    0xA3, 0x08, 0xA3, 0x08, 0xA3, 0x08, 0xA3, 0x08, 0xC3, 0x08, 0xC3, 0x08, 0xC3, 0x08, 0xC3, 0x08,
    0xC3, 0x08, 0xC4, 0x08, 0xC4, 0x08, 0xC4, 0x08, 0xA3, 0x08, 0x46, 0x19, 0xAB, 0x4A, 0xAB, 0x4A,
    0x29, 0x3A, 0xC4, 0x08, 0xE4, 0x08, 0xE4, 0x08, 0xE4, 0x08, 0xE4, 0x08, 0xE4, 0x08, 0xE4, 0x08,
    0xE4, 0x08, 0xE4, 0x08, 0x04, 0x09, 0x04, 0x09, 0x05, 0x09, 0x05, 0x09, 0x05, 0x09, 0x05, 0x09,
    0x05, 0x09, 0x05, 0x09, 0x05, 0x09, 0x25, 0x09, 0x25, 0x09, 0x25, 0x09, 0x25, 0x09, 0x25, 0x09,
    0x25, 0x09, 0x25, 0x09, 0x25, 0x09, 0x25, 0x09, 0x25, 0x09, 0x45, 0x09, 0x46, 0x09, 0x46, 0x09,
    0x46, 0x09, 0x46, 0x09, 0x46, 0x09, 0x46, 0x09, 0x46, 0x09, 0x46, 0x09, 0x66, 0x09, 0x66, 0x09,
    0x66, 0x09, 0x66, 0x09, 0x66, 0x09, 0x66, 0x09, 0x66, 0x09, 0x66, 0x11, 0x66, 0x11, 0x66, 0x11,
    0x66, 0x11, 0x86, 0x11, 0x87, 0x11, 0x87, 0x11, 0x87, 0x11, 0x87, 0x11, 0x87, 0x11, 0x87, 0x11,
    0x87, 0x11, 0x87, 0x11, 0x87, 0x11, 0x87, 0x11, 0x87, 0x11, 0x87, 0x11, 0x87, 0x11, 0x87, 0x11,
    0x87, 0x11, 0xA7, 0x11, 0xA7, 0x11, 0xA7, 0x11, 0xA7, 0x11, 0xA7, 0x11, 0xA7, 0x11, 0x87, 0x09,
    0x09, 0x22, 0x4D, 0x4B, 0x4D, 0x4B, 0xCC, 0x3A, 0x87, 0x09, 0xA7, 0x11, 0xA7, 0x11, 0xA7, 0x11,
    0xA7, 0x11, 0xA7, 0x11, 0x87, 0x11, 0x87, 0x11, 0x87, 0x11, 0x87, 0x11, 0x87, 0x11, 0x87, 0x11,
    0x87, 0x11, 0x87, 0x11, 0x87, 0x11, 0x87, 0x11, 0x87, 0x11, 0x87, 0x11, 0x87, 0x11, 0x87, 0x11,
    0x87, 0x11, 0x87, 0x11, 0x86, 0x11, 0x66, 0x11, 0x66, 0x11, 0x66, 0x11, 0x66, 0x11, 0x66, 0x09,
    0x66, 0x09, 0x66, 0x09, 0x66, 0x09, 0x66, 0x09, 0x66, 0x09, 0x66, 0x09, 0x46, 0x09, 0x46, 0x09,
    0x46, 0x09, 0x46, 0x09, 0x46, 0x09, 0x46, 0x09, 0x46, 0x09, 0x46, 0x09, 0x45, 0x09, 0x45, 0x09,
    0x25, 0x09, 0x25, 0x09, 0x25, 0x09, 0x25, 0x09, 0x25, 0x09, 0x25, 0x09, 0x25, 0x09, 0x25, 0x09,
    0x25, 0x09, 0x05, 0x09, 0x05, 0x09, 0x05, 0x09, 0x05, 0x09, 0x05, 0x09, 0x05, 0x09, 0x05, 0x09,
    0x04, 0x09, 0x04, 0x09, 0xE4, 0x08, 0xE4, 0x08, 0xE4, 0x08, 0xE4, 0x08, 0xE4, 0x08, 0xE4, 0x08,
    0xE4, 0x08, 0xE4, 0x08, 0xC4, 0x08, 0x46, 0x19, 0xAB, 0x4A, 0xAB, 0x4A, 0x29, 0x3A, 0xA3, 0x08,
    0xC4, 0x08, 0xC4, 0x08, 0xC4, 0x08, 0xC4, 0x08, 0xC3, 0x08, 0xC3, 0x08, 0xC3, 0x08, 0xC3, 0x08,
    0xA3, 0x08, 0xA3, 0x08, 0xA3, 0x08, 0xA3, 0x08, 0xA3, 0x08, 0xA3, 0x08, 0xA3, 0x08, 0xA3, 0x08,
    0xA3, 0x08, 0xA3, 0x08, 0xA3, 0x08, 0xA3, 0x08, 0xA3, 0x08, 0x83, 0x08, 0x83, 0x08, 0x83, 0x08,
    0x83, 0x08, 0x83, 0x08, 0x83, 0x08, 0x83, 0x08, 0x83, 0x08, 0x83, 0x08, 0x82, 0x08, 0x82, 0x08,
    0x82, 0x08, 0x82, 0x08, 0x82, 0x08, 0x82, 0x08, 0x82, 0x08, 0x82, 0x08, 0x82, 0x08, 0x82, 0x08,
    0x62, 0x08, 0x62, 0x08, 0x62, 0x08, 0x62, 0x08, 0x62, 0x08, 0x62, 0x08, 0x62, 0x08, 0x62, 0x08,
    0x62, 0x08, 0x62, 0x08, 0x62, 0x08, 0x62, 0x08, 0x62, 0x08, 0x62, 0x08, 0x62, 0x08, 0x62, 0x08,
    0x62, 0x08, 0x62, 0x08, 0x62, 0x08, 0x62, 0x08, 0x62, 0x08, 0x62, 0x08, 0x62, 0x08, 0x62, 0x08,
    0x62, 0x08, 0x62, 0x08, 0x62, 0x08, 0x62, 0x08, 0x62, 0x08, 0x42, 0x00, 0xE4, 0x18, 0x6A, 0x4A,
    0x6A, 0x4A, 0xE8, 0x39, 0x42, 0x00, 0x62, 0x08, 0x62, 0x08, 0x62, 0x08, 0x62, 0x08, 0x62, 0x08,
    0x62, 0x08, 0x62, 0x08, 0x62, 0x08, 0x62, 0x08, 0x62, 0x08, 0x62, 0x08, 0x62, 0x08, 0x62, 0x08,
    0x62, 0x08, 0x62, 0x08, 0x62, 0x08, 0x62, 0x08, 0x62, 0x08, 0x62, 0x08, 0x62, 0x08, 0x62, 0x08,
    0x62, 0x08, 0x62, 0x08, 0x62, 0x08, 0x62, 0x08, 0x62, 0x08, 0x62, 0x08, 0x62, 0x08, 0x62, 0x08,
    0x62, 0x08, 0x62, 0x08, 0x62, 0x08, 0x62, 0x08, 0x62, 0x08, 0x62, 0x08, 0x42, 0x00, 0x00, 0x00,
    0x00, 0x00, 0x21, 0x00, 0x62, 0x08, 0x62, 0x08, 0x62, 0x08, 0x62, 0x08, 0x62, 0x08, 0x62, 0x08,
    0x62, 0x08, 0x62, 0x08, 0x62, 0x08, 0x62, 0x08, 0x62, 0x08, 0x62, 0x08, 0x62, 0x08, 0x62, 0x08,
    0x62, 0x08, 0x62, 0x08, 0x62, 0x08, 0x62, 0x08, 0x62, 0x08, 0x62, 0x08, 0x62, 0x08, 0x62, 0x08,
    0x62, 0x08, 0x62, 0x08, 0x62, 0x08, 0x62, 0x08, 0x62, 0x08, 0x62, 0x08, 0x62, 0x08, 0x62, 0x08,
    0x62, 0x08, 0x82, 0x08, 0x82, 0x08, 0x82, 0x08, 0x82, 0x08, 0x82, 0x08, 0x82, 0x08, 0x82, 0x08,
    0x82, 0x08, 0x82, 0x08, 0x82, 0x08, 0x83, 0x08, 0x83, 0x08, 0x83, 0x08, 0x83, 0x08, 0x83, 0x08,
    0x83, 0x08, 0x83, 0x08, 0x83, 0x08, 0x83, 0x08, 0xA3, 0x08, 0xA3, 0x08, 0xA3, 0x08, 0xA3, 0x08,
    0xA3, 0x08, 0xA3, 0x08, 0xA3, 0x08, 0xA3, 0x08, 0xA3, 0x08, 0xA3, 0x08, 0xA3, 0x08, 0xA3, 0x08,
    0xA3, 0x08, 0xC3, 0x08, 0xC3, 0x08, 0xC3, 0x08, 0xC3, 0x08, 0xC4, 0x08, 0xC4, 0x08, 0xC4, 0x08,
    0xC4, 0x08, 0xA3, 0x08, 0x62, 0x00, 0x62, 0x00, 0x83, 0x00, 0xE4, 0x08, 0xE4, 0x08, 0xE4, 0x08,
    0xE4, 0x08, 0xE4, 0x08, 0xE4, 0x08, 0xE4, 0x08, 0xE4, 0x08, 0xE4, 0x08, 0x04, 0x09, 0x04, 0x09,
    0x04, 0x09, 0x05, 0x09, 0x05, 0x09, 0x05, 0x09, 0x05, 0x09, 0x05, 0x09, 0x05, 0x09, 0x05, 0x09,
    0x25, 0x09, 0x25, 0x09, 0x25, 0x09, 0x25, 0x09, 0x25, 0x09, 0x25, 0x09, 0x25, 0x09, 0x25, 0x09,
    0x25, 0x09, 0x25, 0x09, 0x45, 0x09, 0x46, 0x09, 0x46, 0x09, 0x46, 0x09, 0x46, 0x09, 0x46, 0x09,
    0x46, 0x09, 0x46, 0x09, 0x46, 0x09, 0x66, 0x09, 0x66, 0x09, 0x66, 0x09, 0x66, 0x09, 0x66, 0x09,
    0x66, 0x09, 0x66, 0x09, 0x66, 0x09, 0x66, 0x11, 0x66, 0x11, 0x66, 0x11, 0x66, 0x11, 0x86, 0x11,
    0x87, 0x11, 0x87, 0x11, 0x87, 0x11, 0x87, 0x11, 0x87, 0x11, 0x87, 0x11, 0x87, 0x11, 0x87, 0x11,
    0x87, 0x11, 0x87, 0x11, 0x87, 0x11, 0x87, 0x11, 0x87, 0x11, 0x87, 0x11, 0x87, 0x11, 0x87, 0x11,
    0x87, 0x11, 0x87, 0x11, 0x87, 0x11, 0xA7, 0x11, 0x87, 0x09, 0x46, 0x01, 0x46, 0x01, 0x46, 0x01,
    0xA7, 0x11, 0x87, 0x11, 0x87, 0x11, 0x87, 0x11, 0x87, 0x11, 0x87, 0x11, 0x87, 0x11, 0x87, 0x11,
    0x87, 0x11, 0x87, 0x11, 0x87, 0x11, 0x87, 0x11, 0x87, 0x11, 0x87, 0x11, 0x87, 0x11, 0x87, 0x11,
    0x87, 0x11, 0x87, 0x11, 0x87, 0x11, 0x87, 0x11, 0x87, 0x11, 0x86, 0x11, 0x66, 0x11, 0x66, 0x11,
    0x66, 0x11, 0x66, 0x09, 0x66, 0x09, 0x66, 0x09, 0x66, 0x09, 0x66, 0x09, 0x66, 0x09, 0x66, 0x09,
    0x46, 0x09, 0x46, 0x09, 0x46, 0x09, 0x46, 0x09, 0x46, 0x09, 0x46, 0x09, 0x46, 0x09, 0x46, 0x09,
    0x46, 0x09, 0x45, 0x09, 0x45, 0x09, 0x25, 0x09, 0x25, 0x09, 0x25, 0x09, 0x25, 0x09, 0x25, 0x09,
    0x25, 0x09, 0x25, 0x09, 0x25, 0x09, 0x25, 0x09, 0x05, 0x09, 0x05, 0x09, 0x05, 0x09, 0x05, 0x09,
    0x05, 0x09, 0x05, 0x09, 0x05, 0x09, 0x04, 0x09, 0x04, 0x09, 0x04, 0x09, 0xE4, 0x08, 0xE4, 0x08,
    0xE4, 0x08, 0xE4, 0x08, 0xE4, 0x08, 0xE4, 0x08, 0xE4, 0x08, 0xE4, 0x08, 0xE4, 0x08, 0xC3, 0x08,
    0x62, 0x00, 0x62, 0x00, 0x83, 0x00, 0xC4, 0x08, 0xC4, 0x08, 0xC4, 0x08, 0xC4, 0x08, 0xC3, 0x08,
    0xC3, 0x08, 0xC3, 0x08, 0xC3, 0x08, 0xA3, 0x08, 0xA3, 0x08, 0xA3, 0x08, 0xA3, 0x08, 0xA3, 0x08,
    0xA3, 0x08, 0xA3, 0x08, 0xA3, 0x08, 0xA3, 0x08, 0xA3, 0x08, 0xA3, 0x08, 0xA3, 0x08, 0xA3, 0x08,
    0xA3, 0x08, 0x83, 0x08, 0x83, 0x08, 0x83, 0x08, 0x83, 0x08, 0x83, 0x08, 0x83, 0x08, 0x83, 0x08,
    0x83, 0x08, 0x83, 0x08, 0x82, 0x08, 0x82, 0x08, 0x82, 0x08, 0x82, 0x08, 0x82, 0x08, 0x82, 0x08,
    0x82, 0x08, 0x82, 0x08, 0x82, 0x08, 0x62, 0x08, 0x62, 0x08, 0x62, 0x08, 0x62, 0x08, 0x62, 0x08,
    0x62, 0x08, 0x62, 0x08, 0x62, 0x08, 0x62, 0x08, 0x62, 0x08, 0x62, 0x08, 0x62, 0x08, 0x62, 0x08,
    0x62, 0x08, 0x62, 0x08, 0x62, 0x08, 0x62, 0x08, 0x62, 0x08, 0x62, 0x08, 0x62, 0x08, 0x62, 0x08,
    0x62, 0x08, 0x62, 0x08, 0x62, 0x08, 0x62, 0x08, 0x62, 0x08, 0x62, 0x08, 0x62, 0x08, 0x62, 0x08,
    0x62, 0x08, 0x62, 0x08, 0x42, 0x00, 0x00, 0x00, 0x00, 0x00, 0x21, 0x00, 0x62, 0x08, 0x62, 0x08,
    0x62, 0x08, 0x62, 0x08, 0x62, 0x08, 0x62, 0x08, 0x62, 0x08, 0x62, 0x08, 0x62, 0x08, 0x62, 0x08,
    0x62, 0x08, 0x62, 0x08, 0x62, 0x08, 0x62, 0x08, 0x62, 0x08, 0x62, 0x08, 0x62, 0x08, 0x62, 0x08,
    0x62, 0x08, 0x62, 0x08, 0x62, 0x08, 0x62, 0x08, 0x62, 0x08, 0x62, 0x08, 0x62, 0x08, 0x62, 0x08,
    0x62, 0x08, 0x62, 0x08, 0x62, 0x08, 0x62, 0x08, 0x62, 0x08, 0x62, 0x08, 0x62, 0x08, 0x62, 0x08,
    0x62, 0x08, 0x62, 0x08, 0x62, 0x08, 0x82, 0x08, 0x82, 0x08, 0x82, 0x08, 0x62, 0x08, 0x62, 0x08,
    0x62, 0x08, 0x62, 0x08, 0x62, 0x08, 0x62, 0x08, 0x62, 0x08, 0x62, 0x08, 0x62, 0x08, 0x62, 0x08,
    0x62, 0x08, 0x62, 0x08, 0x62, 0x08, 0x62, 0x08, 0x62, 0x08, 0x62, 0x08, 0x62, 0x08, 0x62, 0x08,
    0x62, 0x08, 0x62, 0x08, 0x62, 0x08, 0x62, 0x08, 0x62, 0x08, 0x62, 0x08, 0x62, 0x08, 0x62, 0x08,
    0x62, 0x08, 0x62, 0x08, 0x62, 0x08, 0x62, 0x08, 0x62, 0x08, 0x82, 0x08, 0x82, 0x08, 0x82, 0x08,
    0x82, 0x08, 0x82, 0x08, 0x82, 0x08, 0x82, 0x08, 0x82, 0x08, 0x82, 0x08, 0x82, 0x08, 0x83, 0x08,
    0x83, 0x08, 0x83, 0x08, 0x83, 0x08, 0x83, 0x08, 0x83, 0x08, 0x83, 0x08, 0x83, 0x08, 0x83, 0x08,
    0xA3, 0x08, 0xA3, 0x08, 0xA3, 0x08, 0xA3, 0x08, 0xA3, 0x08, 0xA3, 0x08, 0xA3, 0x08, 0xA3, 0x08,
    0xA3, 0x08, 0xA3, 0x08, 0xA3, 0x08, 0xA3, 0x08, 0xA3, 0x08, 0xA3, 0x08, 0xC3, 0x08, 0xC3, 0x08,
    0xC3, 0x08, 0xC3, 0x08, 0xC4, 0x08, 0xC4, 0x08, 0xC4, 0x08, 0xC4, 0x08, 0xE4, 0x08, 0xE4, 0x08,
    0xE4, 0x08, 0xE4, 0x08, 0xE4, 0x08, 0xE4, 0x08, 0xE4, 0x08, 0xE4, 0x08, 0xE4, 0x08, 0xE4, 0x08,
    0xE4, 0x08, 0xE4, 0x08, 0xE4, 0x08, 0x04, 0x09, 0x04, 0x09, 0x04, 0x09, 0x05, 0x09, 0x05, 0x09,
    0x05, 0x09, 0x05, 0x09, 0x05, 0x09, 0x05, 0x09, 0x05, 0x09, 0x25, 0x09, 0x25, 0x09, 0x25, 0x09,
    0x25, 0x09, 0x25, 0x09, 0x25, 0x09, 0x25, 0x09, 0x25, 0x09, 0x25, 0x09, 0x25, 0x09, 0x45, 0x09,
    0x46, 0x09, 0x46, 0x09, 0x46, 0x09, 0x46, 0x09, 0x46, 0x09, 0x46, 0x09, 0x46, 0x09, 0x46, 0x09,
    0x46, 0x09, 0x66, 0x09, 0x66, 0x09, 0x66, 0x09, 0x66, 0x09, 0x66, 0x09, 0x66, 0x09, 0x66, 0x09,
    0x66, 0x09, 0x66, 0x11, 0x66, 0x11, 0x66, 0x11, 0x66, 0x11, 0x86, 0x11, 0x86, 0x11, 0x87, 0x11,
    0x87, 0x11, 0x87, 0x11, 0x87, 0x11, 0x87, 0x11, 0x87, 0x11, 0x87, 0x11, 0x87, 0x11, 0x87, 0x11,
    0x87, 0x11, 0x87, 0x11, 0x87, 0x11, 0x87, 0x11, 0x87, 0x11, 0x87, 0x11, 0x87, 0x11, 0x87, 0x11,
    0x87, 0x11, 0xA7, 0x11, 0xA7, 0x11, 0xA7, 0x11, 0x87, 0x11, 0x87, 0x11, 0x87, 0x11, 0x87, 0x11,
    0x87, 0x11, 0x87, 0x11, 0x87, 0x11, 0x87, 0x11, 0x87, 0x11, 0x87, 0x11, 0x87, 0x11, 0x87, 0x11,
    0x87, 0x11, 0x87, 0x11, 0x87, 0x11, 0x87, 0x11, 0x87, 0x11, 0x87, 0x11, 0x86, 0x11, 0x66, 0x11,
    0x66, 0x11, 0x66, 0x11, 0x66, 0x11, 0x66, 0x11, 0x66, 0x09, 0x66, 0x09, 0x66, 0x09, 0x66, 0x09,
    0x66, 0x09, 0x66, 0x09, 0x66, 0x09, 0x46, 0x09, 0x46, 0x09, 0x46, 0x09, 0x46, 0x09, 0x46, 0x09,
    0x46, 0x09, 0x46, 0x09, 0x46, 0x09, 0x46, 0x09, 0x45, 0x09, 0x45, 0x09, 0x25, 0x09, 0x25, 0x09,
    0x25, 0x09, 0x25, 0x09, 0x25, 0x09, 0x25, 0x09, 0x25, 0x09, 0x25, 0x09, 0x25, 0x09, 0x05, 0x09,
    0x05, 0x09, 0x05, 0x09, 0x05, 0x09, 0x05, 0x09, 0x05, 0x09, 0x05, 0x09, 0x04, 0x09, 0x04, 0x09,
    0x04, 0x09, 0xE4, 0x08, 0xE4, 0x08, 0xE4, 0x08, 0xE4, 0x08, 0xE4, 0x08, 0xE4, 0x08, 0xE4, 0x08,
    0xE4, 0x08, 0xE4, 0x08, 0xE4, 0x08, 0xE4, 0x08, 0xE4, 0x08, 0xE4, 0x08, 0xE4, 0x08, 0xC4, 0x08,
    0xC4, 0x08, 0xC4, 0x08, 0xC3, 0x08, 0xC3, 0x08, 0xC3, 0x08, 0xC3, 0x08, 0xC3, 0x08, 0xA3, 0x08,
    0xA3, 0x08, 0xA3, 0x08, 0xA3, 0x08, 0xA3, 0x08, 0xA3, 0x08, 0xA3, 0x08, 0xA3, 0x08, 0xA3, 0x08,
    0xA3, 0x08, 0xA3, 0x08, 0xA3, 0x08, 0xA3, 0x08, 0x83, 0x08, 0x83, 0x08, 0x83, 0x08, 0x83, 0x08,
    0x83, 0x08, 0x83, 0x08, 0x83, 0x08, 0x83, 0x08, 0x83, 0x08, 0x82, 0x08, 0x82, 0x08, 0x82, 0x08,
    0x82, 0x08, 0x82, 0x08, 0x82, 0x08, 0x82, 0x08, 0x82, 0x08, 0x82, 0x08, 0x82, 0x08, 0x62, 0x08,
    0x62, 0x08, 0x62, 0x08, 0x62, 0x08, 0x62, 0x08, 0x62, 0x08, 0x62, 0x08, 0x62, 0x08, 0x62, 0x08,
    0x62, 0x08, 0x62, 0x08, 0x62, 0x08, 0x62, 0x08, 0x62, 0x08, 0x62, 0x08, 0x62, 0x08, 0x62, 0x08,
    0x62, 0x08, 0x62, 0x08, 0x62, 0x08, 0x62, 0x08, 0x62, 0x08, 0x62, 0x08, 0x62, 0x08, 0x62, 0x08,
    0x62, 0x08, 0x62, 0x08, 0x62, 0x08, 0x62, 0x08, 0x62, 0x08, 0x62, 0x08, 0x62, 0x08, 0x82, 0x08,
    0x82, 0x08, 0x82, 0x08, 0x62, 0x08, 0x62, 0x08, 0x62, 0x08, 0x62, 0x08, 0x62, 0x08, 0x62, 0x08,
    0x62, 0x08, 0x62, 0x08, 0x62, 0x08, 0x62, 0x08, 0x62, 0x08, 0x62, 0x08, 0x62, 0x08, 0x62, 0x08,
    0x62, 0x08, 0x62, 0x08, 0x62, 0x08, 0x62, 0x08, 0x62, 0x08, 0x62, 0x08, 0x62, 0x08, 0x62, 0x08,
    0x62, 0x08, 0x62, 0x08, 0x62, 0x08, 0x62, 0x08, 0x62, 0x08, 0x62, 0x08, 0x62, 0x08, 0x62, 0x08,
    0x62, 0x08, 0x62, 0x08, 0x62, 0x08, 0x62, 0x08, 0x62, 0x08, 0x62, 0x08, 0x62, 0x08, 0x62, 0x08,
    0x62, 0x08, 0x62, 0x08, 0x62, 0x08, 0x62, 0x08, 0x62, 0x08, 0x62, 0x08, 0x62, 0x08, 0x62, 0x08,
    0x62, 0x08, 0x62, 0x08, 0x62, 0x08, 0x62, 0x08, 0x62, 0x08, 0x62, 0x08, 0x62, 0x08, 0x62, 0x08,
    0x62, 0x08, 0x62, 0x08, 0x62, 0x08, 0x62, 0x08, 0x62, 0x08, 0x62, 0x08, 0x62, 0x08, 0x62, 0x08,
    0x62, 0x08, 0x62, 0x08, 0x62, 0x08, 0x62, 0x08, 0x62, 0x08, 0x62, 0x08, 0x62, 0x08, 0x62, 0x08,
    0x62, 0x08, 0x62, 0x08, 0x82, 0x08, 0x82, 0x08, 0x82, 0x08, 0x82, 0x08, 0x82, 0x08, 0x82, 0x08,
    0x82, 0x08, 0x82, 0x08, 0x82, 0x08, 0x83, 0x08, 0x83, 0x08, 0x83, 0x08, 0x83, 0x08, 0x83, 0x08,
    0x83, 0x08, 0x83, 0x08, 0x83, 0x08, 0x83, 0x08, 0x83, 0x08, 0xA3, 0x08, 0xA3, 0x08, 0xA3, 0x08,
    0xA3, 0x08, 0xA3, 0x08, 0xA3, 0x08, 0xA3, 0x08, 0xA3, 0x08, 0xA3, 0x08, 0xA3, 0x08, 0xA3, 0x08,
    0xA3, 0x08, 0xA3, 0x08, 0xC3, 0x08, 0xC3, 0x08, 0xC3, 0x08, 0xC3, 0x08, 0xC4, 0x08, 0xC4, 0x08,
    0xC4, 0x08, 0xC4, 0x08, 0xC4, 0x08, 0xC4, 0x08, 0xC4, 0x08, 0xC4, 0x08, 0xE4, 0x08, 0xE4, 0x08,
    0xE4, 0x08, 0xE4, 0x08, 0xE4, 0x08, 0xE4, 0x08, 0xE4, 0x08, 0xE4, 0x08, 0xE4, 0x08, 0xE4, 0x08,
    0x04, 0x09, 0x04, 0x09, 0x04, 0x09, 0x05, 0x09, 0x05, 0x09, 0x05, 0x09, 0x05, 0x09, 0x05, 0x09,
    0x05, 0x09, 0x05, 0x09, 0x25, 0x09, 0x25, 0x09, 0x25, 0x09, 0x25, 0x09, 0x25, 0x09, 0x25, 0x09,
    0x25, 0x09, 0x25, 0x09, 0x25, 0x09, 0x25, 0x09, 0x45, 0x09, 0x45, 0x09, 0x46, 0x09, 0x46, 0x09,
    0x46, 0x09, 0x46, 0x09, 0x46, 0x09, 0x46, 0x09, 0x46, 0x09, 0x46, 0x09, 0x66, 0x09, 0x66, 0x09,
    0x66, 0x09, 0x66, 0x09, 0x66, 0x09, 0x66, 0x09, 0x66, 0x09, 0x66, 0x09, 0x66, 0x09, 0x66, 0x11,
    0x66, 0x11, 0x66, 0x11, 0x66, 0x11, 0x86, 0x11, 0x86, 0x11, 0x87, 0x11, 0x87, 0x11, 0x87, 0x11,
    0x87, 0x11, 0x87, 0x11, 0x87, 0x11, 0x87, 0x11, 0x87, 0x11, 0x87, 0x11, 0x87, 0x11, 0x87, 0x11,
    0x87, 0x11, 0x87, 0x11, 0x87, 0x11, 0x87, 0x11, 0x87, 0x11, 0x87, 0x11, 0x87, 0x11, 0x87, 0x11,
    0x87, 0x11, 0x87, 0x11, 0x87, 0x11, 0x87, 0x11, 0x87, 0x11, 0x87, 0x11, 0x87, 0x11, 0x87, 0x11,
    0x87, 0x11, 0x87, 0x11, 0x87, 0x11, 0x87, 0x11, 0x87, 0x11, 0x87, 0x11, 0x87, 0x11, 0x86, 0x11,
    0x86, 0x11, 0x66, 0x11, 0x66, 0x11, 0x66, 0x11, 0x66, 0x11, 0x66, 0x11, 0x66, 0x09, 0x66, 0x09,
    0x66, 0x09, 0x66, 0x09, 0x66, 0x09, 0x66, 0x09, 0x66, 0x09, 0x46, 0x09, 0x46, 0x09, 0x46, 0x09,
    0x46, 0x09, 0x46, 0x09, 0x46, 0x09, 0x46, 0x09, 0x46, 0x09, 0x46, 0x09, 0x46, 0x09, 0x45, 0x09,
    0x25, 0x09, 0x25, 0x09, 0x25, 0x09, 0x25, 0x09, 0x25, 0x09, 0x25, 0x09, 0x25, 0x09, 0x25, 0x09,
    0x25, 0x09, 0x25, 0x09, 0x05, 0x09, 0x05, 0x09, 0x05, 0x09, 0x05, 0x09, 0x05, 0x09, 0x05, 0x09,
    0x05, 0x09, 0x05, 0x09, 0x04, 0x09, 0x04, 0x09, 0xE4, 0x08, 0xE4, 0x08, 0xE4, 0x08, 0xE4, 0x08,
    0xE4, 0x08, 0xE4, 0x08, 0xE4, 0x08, 0xE4, 0x08, 0xE4, 0x08, 0xE4, 0x08, 0xE4, 0x08, 0xC4, 0x08,
    0xC4, 0x08, 0xC4, 0x08, 0xC4, 0x08, 0xC4, 0x08, 0xC4, 0x08, 0xC4, 0x08, 0xC3, 0x08, 0xC3, 0x08,
    0xC3, 0x08, 0xC3, 0x08, 0xA3, 0x08, 0xA3, 0x08, 0xA3, 0x08, 0xA3, 0x08, 0xA3, 0x08, 0xA3, 0x08,
    0xA3, 0x08, 0xA3, 0x08, 0xA3, 0x08, 0xA3, 0x08, 0xA3, 0x08, 0xA3, 0x08, 0xA3, 0x08, 0xA3, 0x08,
    0x83, 0x08, 0x83, 0x08, 0x83, 0x08, 0x83, 0x08, 0x83, 0x08, 0x83, 0x08, 0x83, 0x08, 0x83, 0x08,
    0x83, 0x08, 0x82, 0x08, 0x82, 0x08, 0x82, 0x08, 0x82, 0x08, 0x82, 0x08, 0x82, 0x08, 0x82, 0x08,
    0x82, 0x08, 0x82, 0x08, 0x82, 0x08, 0x62, 0x08, 0x62, 0x08, 0x62, 0x08, 0x62, 0x08, 0x62, 0x08,
    0x62, 0x08, 0x62, 0x08, 0x62, 0x08, 0x62, 0x08, 0x62, 0x08, 0x62, 0x08, 0x62, 0x08, 0x62, 0x08,
    0x62, 0x08, 0x62, 0x08, 0x62, 0x08, 0x62, 0x08, 0x62, 0x08, 0x62, 0x08, 0x62, 0x08, 0x62, 0x08,
    0x62, 0x08, 0x62, 0x08, 0x62, 0x08, 0x62, 0x08, 0x62, 0x08, 0x62, 0x08, 0x62, 0x08, 0x62, 0x08,
    0x62, 0x08, 0x62, 0x08, 0x62, 0x08, 0x62, 0x08, 0x62, 0x08, 0x62, 0x08, 0x62, 0x08, 0x62, 0x08,
    0x62, 0x08, 0x62, 0x08, 0x62, 0x08, 0x62, 0x08, 0x62, 0x08, 0x62, 0x08, 0x62, 0x08, 0x62, 0x08,
    0x62, 0x08, 0x62, 0x08, 0x62, 0x08, 0x62, 0x08, 0x62, 0x08, 0x62, 0x08, 0x62, 0x08, 0x62, 0x08,
    0x62, 0x08, 0x62, 0x08, 0x62, 0x08, 0x62, 0x08, 0x62, 0x08, 0x62, 0x08, 0x62, 0x08, 0x62, 0x08,
    0x62, 0x08, 0x62, 0x08, 0x62, 0x08, 0x62, 0x08, 0x62, 0x08, 0x62, 0x08, 0x62, 0x08, 0x62, 0x08,
    0x62, 0x08, 0x62, 0x08, 0x62, 0x08, 0x62, 0x08, 0x62, 0x08, 0x62, 0x08, 0x62, 0x08, 0x62, 0x08,
    0x62, 0x08, 0x62, 0x08, 0x62, 0x08, 0x62, 0x08, 0x62, 0x08, 0x62, 0x08, 0x62, 0x08, 0x62, 0x08,
    0x62, 0x08, 0x62, 0x08, 0x62, 0x08, 0x62, 0x08, 0x62, 0x08, 0x62, 0x08, 0x62, 0x08, 0x62, 0x08,
    0x62, 0x08, 0x62, 0x08, 0x62, 0x08, 0x62, 0x08, 0x62, 0x08, 0x62, 0x08, 0x62, 0x08, 0x62, 0x08,
    0x62, 0x08, 0x62, 0x08, 0x62, 0x08, 0x62, 0x08, 0x62, 0x08, 0x62, 0x08, 0x82, 0x08, 0x82, 0x08,
    0x82, 0x08, 0x82, 0x08, 0x82, 0x08, 0x82, 0x08, 0x82, 0x08, 0x82, 0x08, 0x82, 0x08, 0x82, 0x08,
    0x83, 0x08, 0x83, 0x08, 0x83, 0x08, 0x83, 0x08, 0x83, 0x08, 0x83, 0x08, 0x83, 0x08, 0x83, 0x08,
    0x83, 0x08, 0xA3, 0x08, 0xA3, 0x08, 0xA3, 0x08, 0xA3, 0x08, 0xA3, 0x08, 0xA3, 0x08, 0xA3, 0x08,
    0xA3, 0x08, 0xA3, 0x08, 0xA3, 0x08, 0xA3, 0x08, 0xA3, 0x08, 0xA3, 0x08, 0xA3, 0x08, 0xC3, 0x08,
    0xC3, 0x08, 0xC3, 0x08, 0xC3, 0x08, 0xC4, 0x08, 0xC4, 0x08, 0xC4, 0x08, 0xC4, 0x08, 0xC4, 0x08,
    0xC4, 0x08, 0xC4, 0x08, 0xE4, 0x08, 0xE4, 0x08, 0xE4, 0x08, 0xE4, 0x08, 0xE4, 0x08, 0xE4, 0x08,
    0xE4, 0x08, 0xE4, 0x08, 0xE4, 0x08, 0xE4, 0x08, 0xE4, 0x08, 0x04, 0x09, 0x04, 0x09, 0x04, 0x09,
    0x05, 0x09, 0x05, 0x09, 0x05, 0x09, 0x05, 0x09, 0x05, 0x09, 0x05, 0x09, 0x05, 0x09, 0x25, 0x09,
    0x25, 0x09, 0x25, 0x09, 0x25, 0x09, 0x25, 0x09, 0x25, 0x09, 0x25, 0x09, 0x25, 0x09, 0x25, 0x09,
    0x25, 0x09, 0x45, 0x09, 0x45, 0x09, 0x46, 0x09, 0x46, 0x09, 0x46, 0x09, 0x46, 0x09, 0x46, 0x09,
    0x46, 0x09, 0x46, 0x09, 0x46, 0x09, 0x46, 0x09, 0x66, 0x09, 0x66, 0x09, 0x66, 0x09, 0x66, 0x09,
    0x66, 0x09, 0x66, 0x09, 0x66, 0x09, 0x66, 0x09, 0x66, 0x09, 0x66, 0x11, 0x66, 0x11, 0x66, 0x11,
    0x66, 0x11, 0x66, 0x11, 0x86, 0x11, 0x86, 0x11, 0x86, 0x11, 0x87, 0x11, 0x87, 0x11, 0x87, 0x11,
    0x87, 0x11, 0x87, 0x11, 0x87, 0x11, 0x87, 0x11, 0x87, 0x11, 0x87, 0x11, 0x87, 0x11, 0x87, 0x11,
    0x87, 0x11, 0x87, 0x11, 0x87, 0x11, 0x87, 0x11, 0x87, 0x11, 0x87, 0x11, 0x87, 0x11, 0x87, 0x11,
    0x87, 0x11, 0x87, 0x11, 0x87, 0x11, 0x87, 0x11, 0x87, 0x11, 0x87, 0x11, 0x87, 0x11, 0x87, 0x11,
    0x87, 0x11, 0x86, 0x11, 0x66, 0x11, 0x66, 0x11, 0x66, 0x11, 0x66, 0x11, 0x66, 0x11, 0x66, 0x09,
    0x66, 0x09, 0x66, 0x09, 0x66, 0x09, 0x66, 0x09, 0x66, 0x09, 0x66, 0x09, 0x66, 0x09, 0x66, 0x09,
    0x46, 0x09, 0x46, 0x09, 0x46, 0x09, 0x46, 0x09, 0x46, 0x09, 0x46, 0x09, 0x46, 0x09, 0x46, 0x09,
    0x46, 0x09, 0x46, 0x09, 0x45, 0x09, 0x25, 0x09, 0x25, 0x09, 0x25, 0x09, 0x25, 0x09, 0x25, 0x09,
    0x25, 0x09, 0x25, 0x09, 0x25, 0x09, 0x25, 0x09, 0x25, 0x09, 0x05, 0x09, 0x05, 0x09, 0x05, 0x09,
    0x05, 0x09, 0x05, 0x09, 0x05, 0x09, 0x05, 0x09, 0x05, 0x09, 0x04, 0x09, 0x04, 0x09, 0xE4, 0x08,
    0xE4, 0x08, 0xE4, 0x08, 0xE4, 0x08, 0xE4, 0x08, 0xE4, 0x08, 0xE4, 0x08, 0xE4, 0x08, 0xE4, 0x08,
    0xE4, 0x08, 0xE4, 0x08, 0xC4, 0x08, 0xC4, 0x08, 0xC4, 0x08, 0xC4, 0x08, 0xC4, 0x08, 0xC4, 0x08,
    0xC4, 0x08, 0xC3, 0x08, 0xC3, 0x08, 0xC3, 0x08, 0xC3, 0x08, 0xA3, 0x08, 0xA3, 0x08, 0xA3, 0x08,
    0xA3, 0x08, 0xA3, 0x08, 0xA3, 0x08, 0xA3, 0x08, 0xA3, 0x08, 0xA3, 0x08, 0xA3, 0x08, 0xA3, 0x08,
    0xA3, 0x08, 0xA3, 0x08, 0xA3, 0x08, 0x83, 0x08, 0x83, 0x08, 0x83, 0x08, 0x83, 0x08, 0x83, 0x08,
    0x83, 0x08, 0x83, 0x08, 0x83, 0x08, 0x83, 0x08, 0x82, 0x08, 0x82, 0x08, 0x82, 0x08, 0x82, 0x08,
    0x82, 0x08, 0x82, 0x08, 0x82, 0x08, 0x82, 0x08, 0x82, 0x08, 0x82, 0x08, 0x62, 0x08, 0x62, 0x08,
    0x62, 0x08, 0x62, 0x08, 0x62, 0x08, 0x62, 0x08, 0x62, 0x08, 0x62, 0x08, 0x62, 0x08, 0x62, 0x08,
    0x62, 0x08, 0x62, 0x08, 0x62, 0x08, 0x62, 0x08, 0x62, 0x08, 0x62, 0x08, 0x62, 0x08, 0x62, 0x08,
    0x62, 0x08, 0x62, 0x08, 0x62, 0x08, 0x62, 0x08, 0x62, 0x08, 0x62, 0x08, 0x62, 0x08, 0x62, 0x08,
    0x62, 0x08, 0x62, 0x08, 0x62, 0x08, 0x62, 0x08, 0x62, 0x08, 0x62, 0x08, 0x62, 0x08, 0x62, 0x08,
    0x62, 0x08, 0x62, 0x08, 0x62, 0x08, 0x62, 0x08, 0x62, 0x08, 0x62, 0x08, 0x62, 0x08, 0x62, 0x08,
    0x62, 0x08, 0x62, 0x08, 0x62, 0x08, 0x62, 0x08, 0x62, 0x08, 0x62, 0x08, 0x62, 0x08, 0x62, 0x08,
    0x62, 0x08, 0x62, 0x08, 0x62, 0x08, 0x62, 0x08, 0x62, 0x08, 0x62, 0x08, 0x62, 0x08, 0x62, 0x08,
    0x62, 0x08, 0x62, 0x08, 0x62, 0x08, 0x62, 0x08, 0x62, 0x08, 0x62, 0x08, 0x62, 0x08, 0x62, 0x08,
    0x62, 0x08, 0x62, 0x08, 0x62, 0x08, 0x62, 0x08, 0x62, 0x08, 0x62, 0x08, 0x62, 0x08, 0x62, 0x08,
    0x62, 0x08, 0x62, 0x08, 0x62, 0x08, 0x62, 0x08, 0x62, 0x08, 0x62, 0x08, 0x62, 0x08, 0x62, 0x08,
    0x62, 0x08, 0x62, 0x08, 0x62, 0x08, 0x62, 0x08, 0x62, 0x08, 0x62, 0x08, 0x62, 0x08, 0x62, 0x08,
    0x62, 0x08, 0x62, 0x08, 0x62, 0x08, 0x62, 0x08, 0x62, 0x08, 0x62, 0x08, 0x62, 0x08, 0x62, 0x08,
    0x62, 0x08, 0x62, 0x08, 0x62, 0x08, 0x62, 0x08, 0x62, 0x08, 0x62, 0x08, 0x62, 0x08, 0x62, 0x08,
    0x62, 0x08, 0x62, 0x08, 0x82, 0x08, 0x82, 0x08, 0x82, 0x08, 0x82, 0x08, 0x82, 0x08, 0x82, 0x08,
    0x82, 0x08, 0x82, 0x08, 0x82, 0x08, 0x82, 0x08, 0x83, 0x08, 0x83, 0x08, 0x83, 0x08, 0x83, 0x08,
    0x83, 0x08, 0x83, 0x08, 0x83, 0x08, 0x83, 0x08, 0x83, 0x08, 0x83, 0x08, 0xA3, 0x08, 0xA3, 0x08,
    0xA3, 0x08, 0xA3, 0x08, 0xA3, 0x08, 0xA3, 0x08, 0xA3, 0x08, 0xA3, 0x08, 0xA3, 0x08, 0xA3, 0x08,
    0xA3, 0x08, 0xA3, 0x08, 0xA3, 0x08, 0xC3, 0x08, 0xC3, 0x08, 0xC3, 0x08, 0xC3, 0x08, 0xC3, 0x08,
    0xC4, 0x08, 0xC4, 0x08, 0xC4, 0x08, 0xC4, 0x08, 0xC4, 0x08, 0xC4, 0x08, 0xC4, 0x08, 0xE4, 0x08,
    0xE4, 0x08, 0xE4, 0x08, 0xE4, 0x08, 0xE4, 0x08, 0xE4, 0x08, 0xE4, 0x08, 0xE4, 0x08, 0xE4, 0x08,
    0xE4, 0x08, 0xE4, 0x08, 0x04, 0x09, 0x04, 0x09, 0x05, 0x09, 0x05, 0x09, 0x05, 0x09, 0x05, 0x09,
    0x05, 0x09, 0x05, 0x09, 0x05, 0x09, 0x05, 0x09, 0x25, 0x09, 0x25, 0x09, 0x25, 0x09, 0x25, 0x09,
    0x25, 0x09, 0x25, 0x09, 0x25, 0x09, 0x25, 0x09, 0x25, 0x09, 0x25, 0x09, 0x45, 0x09, 0x45, 0x09,
    0x46, 0x09, 0x46, 0x09, 0x46, 0x09, 0x46, 0x09, 0x46, 0x09, 0x46, 0x09, 0x46, 0x09, 0x46, 0x09,
    0x46, 0x09, 0x46, 0x09, 0x66, 0x09, 0x66, 0x09, 0x66, 0x09, 0x66, 0x09, 0x66, 0x09, 0x66, 0x09,
    0x66, 0x09, 0x66, 0x09, 0x66, 0x09, 0x66, 0x11, 0x66, 0x11, 0x66, 0x11, 0x66, 0x11, 0x66, 0x11,
    0x66, 0x11, 0x66, 0x11, 0x86, 0x11, 0x86, 0x11, 0x86, 0x11, 0x87, 0x11, 0x87, 0x11, 0x87, 0x11,
    0x87, 0x11, 0x87, 0x11, 0x87, 0x11, 0x87, 0x11, 0x87, 0x11, 0x87, 0x11, 0x87, 0x11, 0x87, 0x11,
    0x87, 0x11, 0x87, 0x11, 0x87, 0x11, 0x87, 0x11, 0x87, 0x11, 0x87, 0x11, 0x87, 0x11, 0x86, 0x11,
    0x87, 0x11, 0x66, 0x11, 0x86, 0x11, 0x66, 0x11, 0x66, 0x11, 0x66, 0x11, 0x66, 0x11, 0x66, 0x11,
    0x66, 0x11, 0x66, 0x09, 0x66, 0x09, 0x66, 0x09, 0x66, 0x09, 0x66, 0x09, 0x66, 0x09, 0x66, 0x09,
    0x66, 0x09, 0x66, 0x09, 0x66, 0x09, 0x46, 0x09, 0x46, 0x09, 0x46, 0x09, 0x46, 0x09, 0x46, 0x09,
    0x46, 0x09, 0x46, 0x09, 0x46, 0x09, 0x46, 0x09, 0x45, 0x09, 0x45, 0x09, 0x25, 0x09, 0x25, 0x09,
    0x25, 0x09, 0x25, 0x09, 0x25, 0x09, 0x25, 0x09, 0x25, 0x09, 0x25, 0x09, 0x25, 0x09, 0x25, 0x09,
    0x05, 0x09, 0x05, 0x09, 0x05, 0x09, 0x05, 0x09, 0x05, 0x09, 0x05, 0x09, 0x05, 0x09, 0x05, 0x09,
    0x04, 0x09, 0x04, 0x09, 0x04, 0x09, 0xE4, 0x08, 0xE4, 0x08, 0xE4, 0x08, 0xE4, 0x08, 0xE4, 0x08,
    0xE4, 0x08, 0xE4, 0x08, 0xE4, 0x08, 0xE4, 0x08, 0xE4, 0x08, 0xC4, 0x08, 0xC4, 0x08, 0xC4, 0x08,
    0xC4, 0x08, 0xC4, 0x08, 0xC4, 0x08, 0xC4, 0x08, 0xC4, 0x08, 0xC3, 0x08, 0xC3, 0x08, 0xC3, 0x08,
    0xC3, 0x08, 0xA3, 0x08, 0xA3, 0x08, 0xA3, 0x08, 0xA3, 0x08, 0xA3, 0x08, 0xA3, 0x08, 0xA3, 0x08,
    0xA3, 0x08, 0xA3, 0x08, 0xA3, 0x08, 0xA3, 0x08, 0xA3, 0x08, 0xA3, 0x08, 0xA3, 0x08, 0x83, 0x08,
    0x83, 0x08, 0x83, 0x08, 0x83, 0x08, 0x83, 0x08, 0x83, 0x08, 0x83, 0x08, 0x83, 0x08, 0x83, 0x08,
    0x82, 0x08, 0x82, 0x08, 0x82, 0x08, 0x82, 0x08, 0x82, 0x08, 0x82, 0x08, 0x82, 0x08, 0x82, 0x08,
    0x82, 0x08, 0x82, 0x08, 0x62, 0x08, 0x62, 0x08, 0x62, 0x08, 0x62, 0x08, 0x62, 0x08, 0x62, 0x08,
    0x62, 0x08, 0x62, 0x08, 0x62, 0x08, 0x62, 0x08, 0x62, 0x08, 0x62, 0x08, 0x62, 0x08, 0x62, 0x08,
    0x62, 0x08, 0x62, 0x08, 0x62, 0x08, 0x62, 0x08, 0x62, 0x08, 0x62, 0x08, 0x62, 0x08, 0x62, 0x08,
    0x62, 0x08, 0x62, 0x08, 0x62, 0x08, 0x62, 0x08, 0x62, 0x08, 0x62, 0x08, 0x62, 0x08, 0x62, 0x08,
    0x62, 0x08, 0x62, 0x08, 0x62, 0x08, 0x62, 0x08, 0x62, 0x08, 0x62, 0x08, 0x62, 0x08, 0x62, 0x08,
    0x62, 0x08, 0x62, 0x08, 0x62, 0x08, 0x62, 0x08, 0x62, 0x08, 0x62, 0x08, 0x62, 0x08, 0x62, 0x08,
    0x62, 0x08, 0x62, 0x08, 0x62, 0x08, 0x62, 0x08, 0x62, 0x08, 0x62, 0x08, 0x62, 0x08, 0x62, 0x08,
    0x62, 0x08, 0x62, 0x08, 0x62, 0x08, 0x62, 0x08, 0x62, 0x08, 0x62, 0x08, 0x62, 0x08, 0x62, 0x08,
    0x62, 0x08, 0x62, 0x08, 0x62, 0x08, 0x62, 0x08, 0x62, 0x08, 0x62, 0x08, 0x62, 0x08, 0x62, 0x08,
    0x62, 0x08, 0x62, 0x08, 0x62, 0x08, 0x62, 0x08, 0x62, 0x08, 0x62, 0x08, 0x62, 0x08, 0x62, 0x08,
    0x62, 0x08, 0x62, 0x08, 0x62, 0x08, 0x62, 0x08, 0x62, 0x08, 0x62, 0x08, 0x62, 0x08, 0x62, 0x08,
    0x62, 0x08, 0x62, 0x08, 0x62, 0x08, 0x62, 0x08, 0x62, 0x08, 0x62, 0x08, 0x62, 0x08, 0x62, 0x08,
    0x62, 0x08, 0x62, 0x08, 0x62, 0x08, 0x62, 0x08, 0x62, 0x08, 0x62, 0x08, 0x62, 0x08, 0x62, 0x08,
    0x62, 0x08, 0x62, 0x08, 0x62, 0x08, 0x62, 0x08, 0x62, 0x08, 0x62, 0x08, 0x62, 0x08, 0x82, 0x08,
    0x82, 0x08, 0x82, 0x08, 0x82, 0x08, 0x82, 0x08, 0x82, 0x08, 0x82, 0x08, 0x82, 0x08, 0x82, 0x08,
    0x82, 0x08, 0x83, 0x08, 0x83, 0x08, 0x83, 0x08, 0x83, 0x08, 0x83, 0x08, 0x83, 0x08, 0x83, 0x08,
    0x83, 0x08, 0x83, 0x08, 0xA3, 0x08, 0xA3, 0x08, 0xA3, 0x08, 0xA3, 0x08, 0xA3, 0x08, 0xA3, 0x08,
    0xA3, 0x08, 0xA3, 0x08, 0xA3, 0x08, 0xA3, 0x08, 0xA3, 0x08, 0xA3, 0x08, 0xA3, 0x08, 0xA3, 0x08,
    0xC3, 0x08, 0xC3, 0x08, 0xC3, 0x08, 0xC3, 0x08, 0xC4, 0x08, 0xC4, 0x08, 0xC4, 0x08, 0xC4, 0x08,
    0xC4, 0x08, 0xC4, 0x08, 0xC4, 0x08, 0xC4, 0x08, 0xE4, 0x08, 0xE4, 0x08, 0xE4, 0x08, 0xE4, 0x08,
    0xE4, 0x08, 0xE4, 0x08, 0xE4, 0x08, 0xE4, 0x08, 0xE4, 0x08, 0xE4, 0x08, 0xE4, 0x08, 0x04, 0x09,
    0x04, 0x09, 0x05, 0x09, 0x05, 0x09, 0x05, 0x09, 0x05, 0x09, 0x05, 0x09, 0x05, 0x09, 0x05, 0x09,
    0x05, 0x09, 0x25, 0x09, 0x25, 0x09, 0x25, 0x09, 0x25, 0x09, 0x25, 0x09, 0x25, 0x09, 0x25, 0x09,
    0x25, 0x09, 0x25, 0x09, 0x25, 0x09, 0x25, 0x09, 0x45, 0x09, 0x46, 0x09, 0x46, 0x09, 0x46, 0x09,
    0x46, 0x09, 0x46, 0x09, 0x46, 0x09, 0x46, 0x09, 0x46, 0x09, 0x46, 0x09, 0x46, 0x09, 0x66, 0x09,
    0x66, 0x09, 0x66, 0x09, 0x66, 0x09, 0x66, 0x09, 0x66, 0x09, 0x66, 0x09, 0x66, 0x09, 0x66, 0x09,
    0x66, 0x09, 0x66, 0x09, 0x66, 0x09, 0x66, 0x11, 0x66, 0x11, 0x66, 0x11, 0x66, 0x11, 0x66, 0x11,
    0x66, 0x11, 0x66, 0x11, 0x66, 0x11, 0x86, 0x11, 0x86, 0x11, 0x86, 0x11, 0x86, 0x11, 0x86, 0x11,
    0x86, 0x11, 0x87, 0x11, 0x87, 0x11, 0x86, 0x11, 0x86, 0x11, 0x86, 0x11, 0x86, 0x11, 0x66, 0x11,
    0x86, 0x11, 0x66, 0x11, 0x66, 0x11, 0x66, 0x11, 0x66, 0x11, 0x66, 0x11, 0x66, 0x11, 0x66, 0x11,
    0x66, 0x11, 0x66, 0x11, 0x66, 0x09, 0x66, 0x09, 0x66, 0x09, 0x66, 0x09, 0x66, 0x09, 0x66, 0x09,
    0x66, 0x09, 0x66, 0x09, 0x66, 0x09, 0x66, 0x09, 0x66, 0x09, 0x46, 0x09, 0x46, 0x09, 0x46, 0x09,
    0x46, 0x09, 0x46, 0x09, 0x46, 0x09, 0x46, 0x09, 0x46, 0x09, 0x46, 0x09, 0x45, 0x09, 0x45, 0x09,
    0x45, 0x09, 0x25, 0x09, 0x25, 0x09, 0x25, 0x09, 0x25, 0x09, 0x25, 0x09, 0x25, 0x09, 0x25, 0x09,
    0x25, 0x09, 0x25, 0x09, 0x25, 0x09, 0x05, 0x09, 0x05, 0x09, 0x05, 0x09, 0x05, 0x09, 0x05, 0x09,
    0x05, 0x09, 0x05, 0x09, 0x05, 0x09, 0x04, 0x09, 0x04, 0x09, 0x04, 0x09, 0xE4, 0x08, 0xE4, 0x08,
    0xE4, 0x08, 0xE4, 0x08, 0xE4, 0x08, 0xE4, 0x08, 0xE4, 0x08, 0xE4, 0x08, 0xE4, 0x08, 0xE4, 0x08,
    0xE4, 0x08, 0xC4, 0x08, 0xC4, 0x08, 0xC4, 0x08, 0xC4, 0x08, 0xC4, 0x08, 0xC4, 0x08, 0xC4, 0x08,
    0xC3, 0x08, 0xC3, 0x08, 0xC3, 0x08, 0xC3, 0x08, 0xA3, 0x08, 0xA3, 0x08, 0xA3, 0x08, 0xA3, 0x08,
    0xA3, 0x08, 0xA3, 0x08, 0xA3, 0x08, 0xA3, 0x08, 0xA3, 0x08, 0xA3, 0x08, 0xA3, 0x08, 0xA3, 0x08,
    0xA3, 0x08, 0xA3, 0x08, 0x83, 0x08, 0x83, 0x08, 0x83, 0x08, 0x83, 0x08, 0x83, 0x08, 0x83, 0x08,
    0x83, 0x08, 0x83, 0x08, 0x83, 0x08, 0x82, 0x08, 0x82, 0x08, 0x82, 0x08, 0x82, 0x08, 0x82, 0x08,
    0x82, 0x08, 0x82, 0x08, 0x82, 0x08, 0x82, 0x08, 0x82, 0x08, 0x62, 0x08, 0x62, 0x08, 0x62, 0x08,
    0x62, 0x08, 0x62, 0x08, 0x62, 0x08, 0x62, 0x08, 0x62, 0x08, 0x62, 0x08, 0x62, 0x08, 0x62, 0x08,
    0x62, 0x08, 0x62, 0x08, 0x62, 0x08, 0x62, 0x08, 0x62, 0x08, 0x62, 0x08, 0x62, 0x08, 0x62, 0x08,
    0x62, 0x08, 0x62, 0x08, 0x62, 0x08, 0x62, 0x08, 0x62, 0x08, 0x62, 0x08, 0x62, 0x08, 0x62, 0x08,
    0x62, 0x08, 0x62, 0x08, 0x62, 0x08, 0x62, 0x08, 0x62, 0x08, 0x62, 0x08, 0x62, 0x08, 0x62, 0x08,
    0x62, 0x08, 0x62, 0x08, 0x62, 0x08, 0x62, 0x08, 0x62, 0x08, 0x62, 0x08, 0x62, 0x08, 0x62, 0x08,
    0x62, 0x08, 0x62, 0x08, 0x62, 0x08, 0x62, 0x08, 0x62, 0x08, 0x62, 0x08, 0x62, 0x08, 0x62, 0x08,
    0x62, 0x08, 0x62, 0x08, 0x62, 0x08, 0x62, 0x08, 0x62, 0x08, 0x62, 0x08, 0x62, 0x08, 0x62, 0x08,
    0x62, 0x08, 0x62, 0x08, 0x62, 0x08, 0x62, 0x08, 0x62, 0x08, 0x62, 0x08, 0x62, 0x08, 0x62, 0x08,
    0x62, 0x08, 0x62, 0x08, 0x62, 0x08, 0x62, 0x08, 0x62, 0x08, 0x62, 0x08, 0x62, 0x08, 0x62, 0x08,
    0x62, 0x08, 0x62, 0x08, 0x62, 0x08, 0x62, 0x08, 0x62, 0x08, 0x62, 0x08, 0x62, 0x08, 0x62, 0x08,
    0x62, 0x08, 0x62, 0x08, 0x62, 0x08, 0x62, 0x08, 0x62, 0x08, 0x62, 0x08, 0x62, 0x08, 0x62, 0x08,
    0x62, 0x08, 0x62, 0x08, 0x62, 0x08, 0x62, 0x08, 0x62, 0x08, 0x62, 0x08, 0x62, 0x08, 0x62, 0x08,
    0x62, 0x08, 0x62, 0x08, 0x62, 0x08, 0x62, 0x08, 0x62, 0x08, 0x62, 0x08, 0x62, 0x08, 0x62, 0x08,
    0x62, 0x08, 0x62, 0x08, 0x62, 0x08, 0x82, 0x08, 0x82, 0x08, 0x82, 0x08, 0x82, 0x08, 0x82, 0x08,
    0x82, 0x08, 0x82, 0x08, 0x82, 0x08, 0x82, 0x08, 0x82, 0x08, 0x83, 0x08, 0x83, 0x08, 0x83, 0x08,
    0x83, 0x08, 0x83, 0x08, 0x83, 0x08, 0x83, 0x08, 0x83, 0x08, 0x83, 0x08, 0x83, 0x08, 0xA3, 0x08,
    0xA3, 0x08, 0xA3, 0x08, 0xA3, 0x08, 0xA3, 0x08, 0xA3, 0x08, 0xA3, 0x08, 0xA3, 0x08, 0xA3, 0x08,
    0xA3, 0x08, 0xA3, 0x08, 0xA3, 0x08, 0xA3, 0x08, 0xA3, 0x08, 0xC3, 0x08, 0xC3, 0x08, 0xC3, 0x08,
    0xC3, 0x08, 0xC4, 0x08, 0xC4, 0x08, 0xC4, 0x08, 0xC4, 0x08, 0xC4, 0x08, 0xC4, 0x08, 0xC4, 0x08,
    0xC4, 0x08, 0xE4, 0x08, 0xE4, 0x08, 0xE4, 0x08, 0xE4, 0x08, 0xE4, 0x08, 0xE4, 0x08, 0xE4, 0x08,
    0xE4, 0x08, 0xE4, 0x08, 0xE4, 0x08, 0x04, 0x09, 0x04, 0x09, 0x04, 0x09, 0x05, 0x09, 0x05, 0x09,
    0x05, 0x09, 0x05, 0x09, 0x05, 0x09, 0x05, 0x09, 0x05, 0x09, 0x05, 0x09, 0x25, 0x09, 0x25, 0x09,
    0x25, 0x09, 0x25, 0x09, 0x25, 0x09, 0x25, 0x09, 0x25, 0x09, 0x25, 0x09, 0x25, 0x09, 0x25, 0x09,
    0x25, 0x09, 0x45, 0x09, 0x45, 0x09, 0x46, 0x09, 0x46, 0x09, 0x46, 0x09, 0x46, 0x09, 0x46, 0x09,
    0x46, 0x09, 0x46, 0x09, 0x46, 0x09, 0x46, 0x09, 0x46, 0x09, 0x46, 0x09, 0x66, 0x09, 0x66, 0x09,
    0x66, 0x09, 0x66, 0x09, 0x66, 0x09, 0x66, 0x09, 0x66, 0x09, 0x66, 0x09, 0x66, 0x09, 0x66, 0x09,
    0x66, 0x09, 0x66, 0x09, 0x66, 0x11, 0x66, 0x11, 0x66, 0x11, 0x66, 0x11, 0x66, 0x11, 0x66, 0x11,
    0x66, 0x11, 0x66, 0x11, 0x66, 0x11, 0x66, 0x11, 0x66, 0x11, 0x66, 0x11, 0x66, 0x11, 0x66, 0x11,
    0x66, 0x11, 0x66, 0x11, 0x66, 0x11, 0x66, 0x11, 0x66, 0x11, 0x66, 0x11, 0x66, 0x11, 0x66, 0x11,
    0x66, 0x11, 0x66, 0x11, 0x66, 0x09, 0x66, 0x09, 0x66, 0x09, 0x66, 0x09, 0x66, 0x09, 0x66, 0x09,
    0x66, 0x09, 0x66, 0x09, 0x66, 0x09, 0x66, 0x09, 0x66, 0x09, 0x66, 0x09, 0x66, 0x09, 0x46, 0x09,
    0x46, 0x09, 0x46, 0x09, 0x46, 0x09, 0x46, 0x09, 0x46, 0x09, 0x46, 0x09, 0x46, 0x09, 0x46, 0x09,
    0x46, 0x09, 0x45, 0x09, 0x45, 0x09, 0x25, 0x09, 0x25, 0x09, 0x25, 0x09, 0x25, 0x09, 0x25, 0x09,
    0x25, 0x09, 0x25, 0x09, 0x25, 0x09, 0x25, 0x09, 0x25, 0x09, 0x25, 0x09, 0x05, 0x09, 0x05, 0x09,
    0x05, 0x09, 0x05, 0x09, 0x05, 0x09, 0x05, 0x09, 0x05, 0x09, 0x05, 0x09, 0x04, 0x09, 0x04, 0x09,
    0x04, 0x09, 0xE4, 0x08, 0xE4, 0x08, 0xE4, 0x08, 0xE4, 0x08, 0xE4, 0x08, 0xE4, 0x08, 0xE4, 0x08,
    0xE4, 0x08, 0xE4, 0x08, 0xE4, 0x08, 0xE4, 0x08, 0xC4, 0x08, 0xC4, 0x08, 0xC4, 0x08, 0xC4, 0x08,
    0xC4, 0x08, 0xC4, 0x08, 0xC4, 0x08, 0xC3, 0x08, 0xC3, 0x08, 0xC3, 0x08, 0xC3, 0x08, 0xA3, 0x08,
    0xA3, 0x08, 0xA3, 0x08, 0xA3, 0x08, 0xA3, 0x08, 0xA3, 0x08, 0xA3, 0x08, 0xA3, 0x08, 0xA3, 0x08,
    0xA3, 0x08, 0xA3, 0x08, 0xA3, 0x08, 0xA3, 0x08, 0xA3, 0x08, 0xA3, 0x08, 0x83, 0x08, 0x83, 0x08,
    0x83, 0x08, 0x83, 0x08, 0x83, 0x08, 0x83, 0x08, 0x83, 0x08, 0x83, 0x08, 0x83, 0x08, 0x82, 0x08,
    0x82, 0x08, 0x82, 0x08, 0x82, 0x08, 0x82, 0x08, 0x82, 0x08, 0x82, 0x08, 0x82, 0x08, 0x82, 0x08,
    0x82, 0x08, 0x62, 0x08, 0x62, 0x08, 0x62, 0x08, 0x62, 0x08, 0x62, 0x08, 0x62, 0x08, 0x62, 0x08,
    0x62, 0x08, 0x62, 0x08, 0x62, 0x08, 0x62, 0x08, 0x62, 0x08, 0x62, 0x08, 0x62, 0x08, 0x62, 0x08,
    0x62, 0x08, 0x62, 0x08, 0x62, 0x08, 0x62, 0x08, 0x62, 0x08, 0x62, 0x08, 0x62, 0x08, 0x62, 0x08,
    0x62, 0x08, 0x62, 0x08, 0x62, 0x08, 0x62, 0x08, 0x62, 0x08, 0x62, 0x08, 0x62, 0x08, 0x62, 0x08,
    0x62, 0x08, 0x62, 0x08, 0x62, 0x08, 0x62, 0x08, 0x62, 0x08, 0x62, 0x08, 0x62, 0x08, 0x62, 0x08,
    0x62, 0x08, 0x62, 0x08, 0x62, 0x08, 0x62, 0x08, 0x62, 0x08, 0x62, 0x08, 0x62, 0x08, 0x62, 0x08,
    0x62, 0x08, 0x62, 0x08, 0x62, 0x08, 0x62, 0x08, 0x62, 0x08, 0x62, 0x08, 0x62, 0x08, 0x62, 0x08,
    0x62, 0x08, 0x62, 0x08, 0x62, 0x08, 0x62, 0x08, 0x62, 0x08, 0x62, 0x08, 0x62, 0x08, 0x62, 0x08,
    0x62, 0x08, 0x62, 0x08, 0x62, 0x08, 0x62, 0x08, 0x62, 0x08, 0x62, 0x08, 0x62, 0x08, 0x62, 0x08,
    0x62, 0x08, 0x62, 0x08, 0x62, 0x08, 0x62, 0x08, 0x62, 0x08, 0x62, 0x08, 0x62, 0x08, 0x62, 0x08,
    0x62, 0x08, 0x62, 0x08, 0x62, 0x08, 0x62, 0x08, 0x62, 0x08, 0x62, 0x08, 0x62, 0x08, 0x62, 0x08,
    0x62, 0x08, 0x62, 0x08, 0x62, 0x08, 0x62, 0x08, 0x62, 0x08, 0x62, 0x08, 0x62, 0x08, 0x62, 0x08,
    0x62, 0x08, 0x62, 0x08, 0x62, 0x08, 0x62, 0x08, 0x62, 0x08, 0x62, 0x08, 0x62, 0x08, 0x62, 0x08,
    0x62, 0x08, 0x62, 0x08, 0x62, 0x08, 0x62, 0x08, 0x62, 0x08, 0x62, 0x08, 0x62, 0x08, 0x62, 0x08,
    0x82, 0x08, 0x82, 0x08, 0x82, 0x08, 0x82, 0x08, 0x82, 0x08, 0x82, 0x08, 0x82, 0x08, 0x82, 0x08,
    0x82, 0x08, 0x82, 0x08, 0x83, 0x08, 0x83, 0x08, 0x83, 0x08, 0x83, 0x08, 0x83, 0x08, 0x83, 0x08,
    0x83, 0x08, 0x83, 0x08, 0x83, 0x08, 0xA3, 0x08, 0xA3, 0x08, 0xA3, 0x08, 0xA3, 0x08, 0xA3, 0x08,
    0xA3, 0x08, 0xA3, 0x08, 0xA3, 0x08, 0xA3, 0x08, 0xA3, 0x08, 0xA3, 0x08, 0xA3, 0x08, 0xA3, 0x08,
    0xA3, 0x08, 0xC4, 0x08, 0xC3, 0x08, 0xC3, 0x08, 0xC4, 0x08, 0xC4, 0x08, 0xC4, 0x08, 0xC4, 0x08,
    0xE4, 0x08, 0xC4, 0x08, 0xC4, 0x08, 0xE4, 0x08, 0xE4, 0x08, 0xC4, 0x08, 0xE4, 0x08, 0xE4, 0x08,
    0xE4, 0x08, 0xE4, 0x08, 0xE4, 0x08, 0xE4, 0x08, 0xE4, 0x08, 0xE4, 0x08, 0xE4, 0x08, 0xE4, 0x08,
    0x04, 0x09, 0x04, 0x09, 0x04, 0x09, 0x05, 0x09, 0x05, 0x09, 0x05, 0x09, 0x05, 0x09, 0x05, 0x09,
    0x05, 0x09, 0x05, 0x09, 0x05, 0x09, 0x25, 0x09, 0x25, 0x09, 0x25, 0x09, 0x25, 0x09, 0x25, 0x09,
    0x25, 0x09, 0x25, 0x09, 0x25, 0x09, 0x25, 0x09, 0x25, 0x09, 0x25, 0x09, 0x45, 0x09, 0x45, 0x09,
    0x45, 0x09, 0x46, 0x09, 0x46, 0x09, 0x46, 0x09, 0x46, 0x09, 0x46, 0x09, 0x46, 0x09, 0x46, 0x09,
    0x46, 0x09, 0x46, 0x09, 0x46, 0x09, 0x46, 0x09, 0x66, 0x09, 0x66, 0x09, 0x66, 0x09, 0x66, 0x09,
    0x66, 0x09, 0x66, 0x09, 0x66, 0x09, 0x66, 0x09, 0x66, 0x09, 0x66, 0x09, 0x66, 0x09, 0x66, 0x09,
    0x66, 0x09, 0x66, 0x09, 0x66, 0x09, 0x66, 0x09, 0x66, 0x09, 0x66, 0x11, 0x66, 0x11, 0x66, 0x09,
    0x66, 0x11, 0x66, 0x11, 0x66, 0x11, 0x86, 0x11, 0x66, 0x11, 0x66, 0x09, 0x66, 0x11, 0x66, 0x11,
    0x66, 0x09, 0x66, 0x09, 0x66, 0x09, 0x66, 0x09, 0x66, 0x09, 0x66, 0x09, 0x66, 0x09, 0x66, 0x09,
    0x66, 0x09, 0x66, 0x09, 0x66, 0x09, 0x66, 0x09, 0x66, 0x09, 0x66, 0x09, 0x66, 0x09, 0x66, 0x09,
    0x46, 0x09, 0x46, 0x09, 0x46, 0x09, 0x46, 0x09, 0x46, 0x09, 0x46, 0x09, 0x46, 0x09, 0x46, 0x09,
    0x46, 0x09, 0x46, 0x09, 0x46, 0x09, 0x45, 0x09, 0x45, 0x09, 0x45, 0x09, 0x25, 0x09, 0x25, 0x09,
    0x25, 0x09, 0x25, 0x09, 0x25, 0x09, 0x25, 0x09, 0x25, 0x09, 0x25, 0x09, 0x25, 0x09, 0x25, 0x09,
    0x25, 0x09, 0x05, 0x09, 0x05, 0x09, 0x05, 0x09, 0x05, 0x09, 0x05, 0x09, 0x05, 0x09, 0x05, 0x09,
    0x05, 0x09, 0x04, 0x09, 0x04, 0x09, 0x04, 0x09, 0xE4, 0x08, 0xE4, 0x08, 0xE4, 0x08, 0xE4, 0x08,
    0xE4, 0x08, 0xE4, 0x08, 0xE4, 0x08, 0xE4, 0x08, 0xE4, 0x08, 0xE4, 0x08, 0xE4, 0x08, 0xE4, 0x08,
    0xE4, 0x08, 0xC4, 0x08, 0xC4, 0x08, 0xC4, 0x08, 0xC4, 0x08, 0xC4, 0x08, 0xC4, 0x08, 0xC3, 0x08,
    0xA3, 0x08, 0xC3, 0x08, 0xC4, 0x08, 0xA3, 0x08, 0xA3, 0x08, 0xA3, 0x08, 0xA3, 0x08, 0xA3, 0x08,
    0xA3, 0x08, 0xA3, 0x08, 0xA3, 0x08, 0xA3, 0x08, 0xA3, 0x08, 0xA3, 0x08, 0xA3, 0x08, 0xA3, 0x08,
    0xA3, 0x08, 0x83, 0x08, 0x83, 0x08, 0x83, 0x08, 0x83, 0x08, 0x83, 0x08, 0x83, 0x08, 0x83, 0x08,
    0x83, 0x08, 0x83, 0x08, 0x82, 0x08, 0x82, 0x08, 0x82, 0x08, 0x82, 0x08, 0x82, 0x08, 0x82, 0x08,
    0x82, 0x08, 0x82, 0x08, 0x82, 0x08, 0x82, 0x08, 0x62, 0x08, 0x62, 0x08, 0x62, 0x08, 0x62, 0x08,
    0x62, 0x08, 0x62, 0x08, 0x62, 0x08, 0x62, 0x08, 0x62, 0x08, 0x62, 0x08, 0x62, 0x08, 0x62, 0x08,
    0x62, 0x08, 0x62, 0x08, 0x62, 0x08, 0x62, 0x08, 0x62, 0x08, 0x62, 0x08, 0x62, 0x08, 0x62, 0x08,
    0x62, 0x08, 0x62, 0x08, 0x62, 0x08, 0x62, 0x08, 0x62, 0x08, 0x62, 0x08, 0x62, 0x08, 0x62, 0x08,
    0x62, 0x08, 0x62, 0x08, 0x82, 0x08, 0x62, 0x08, 0x62, 0x08, 0x62, 0x08, 0x82, 0x08, 0x62, 0x08,
    0x62, 0x08, 0x82, 0x08, 0x62, 0x08, 0x62, 0x08, 0x62, 0x08, 0x82, 0x08, 0x62, 0x08, 0x62, 0x08,
    0x62, 0x08, 0x62, 0x08, 0x62, 0x08, 0x62, 0x08, 0x62, 0x08, 0x62, 0x08, 0x62, 0x08, 0x62, 0x08,
    0x62, 0x08, 0x62, 0x08, 0x62, 0x08, 0x62, 0x08, 0x62, 0x08, 0x62, 0x08, 0x62, 0x08, 0x62, 0x08,
    0x62, 0x08, 0x62, 0x08, 0x62, 0x08, 0x62, 0x08, 0x62, 0x08, 0x62, 0x08, 0x62, 0x08, 0x62, 0x08,
    0x62, 0x08, 0x62, 0x08, 0x62, 0x08, 0x62, 0x08, 0x62, 0x08, 0x42, 0x00, 0x21, 0x00, 0x62, 0x08,
    0x62, 0x08, 0x21, 0x00, 0x42, 0x00, 0x62, 0x08, 0x62, 0x08, 0x62, 0x08, 0x62, 0x08, 0x62, 0x08,
    0x62, 0x08, 0x62, 0x08, 0x62, 0x08, 0x62, 0x08, 0x62, 0x08, 0x62, 0x08, 0x62, 0x08, 0x62, 0x08,
    0x62, 0x08, 0x62, 0x08, 0x62, 0x08, 0x62, 0x08, 0x62, 0x08, 0x62, 0x08, 0x62, 0x08, 0x62, 0x08,
    0x62, 0x08, 0x62, 0x08, 0x62, 0x08, 0x62, 0x08, 0x62, 0x08, 0x62, 0x08, 0x62, 0x08, 0x62, 0x08,
    0x62, 0x08, 0x62, 0x08, 0x62, 0x08, 0x62, 0x08, 0x82, 0x08, 0x82, 0x08, 0x82, 0x08, 0x82, 0x08,
    0x82, 0x08, 0x82, 0x08, 0x82, 0x08, 0x82, 0x08, 0x82, 0x08, 0x82, 0x08, 0x83, 0x08, 0x83, 0x08,
    0x83, 0x08, 0x83, 0x08, 0x83, 0x08, 0x83, 0x08, 0x83, 0x08, 0x83, 0x08, 0x83, 0x08, 0x83, 0x08,
    0xA3, 0x08, 0xA3, 0x08, 0xA3, 0x08, 0xA3, 0x08, 0xA3, 0x08, 0xA3, 0x08, 0xA3, 0x08, 0xA3, 0x08,
    0xA3, 0x08, 0xA3, 0x08, 0xA3, 0x08, 0xA3, 0x08, 0xA3, 0x08, 0x82, 0x00, 0xA3, 0x00, 0xA3, 0x08,
    0x83, 0x00, 0x83, 0x00, 0xC4, 0x08, 0xA3, 0x08, 0x83, 0x00, 0xC3, 0x08, 0xC4, 0x08, 0xA3, 0x00,
    0xA3, 0x00, 0xE4, 0x08, 0xE4, 0x08, 0xE4, 0x08, 0xE4, 0x08, 0xE4, 0x08, 0xE4, 0x08, 0xE4, 0x08,
    0xE4, 0x08, 0xE4, 0x08, 0xE4, 0x08, 0xE4, 0x08, 0xE4, 0x08, 0x04, 0x09, 0x04, 0x09, 0x04, 0x09,
    0x05, 0x09, 0x05, 0x09, 0x05, 0x09, 0x05, 0x09, 0x05, 0x09, 0x05, 0x09, 0x05, 0x09, 0x05, 0x09,
    0x25, 0x09, 0x25, 0x09, 0x25, 0x09, 0x25, 0x09, 0x25, 0x09, 0x25, 0x09, 0x25, 0x09, 0x25, 0x09,
    0x25, 0x09, 0x25, 0x09, 0x25, 0x09, 0x25, 0x09, 0x45, 0x09, 0x45, 0x09, 0x45, 0x09, 0x46, 0x09,
    0x46, 0x09, 0x46, 0x09, 0x46, 0x09, 0x46, 0x09, 0x46, 0x09, 0x46, 0x09, 0x46, 0x09, 0x46, 0x09,
    0x46, 0x09, 0x46, 0x09, 0x66, 0x09, 0x66, 0x09, 0x66, 0x09, 0x66, 0x09, 0x66, 0x09, 0x66, 0x09,
    0x66, 0x09, 0x66, 0x09, 0x66, 0x09, 0x66, 0x09, 0x66, 0x09, 0x66, 0x09, 0x66, 0x09, 0x66, 0x09,
    0x66, 0x09, 0x66, 0x09, 0x46, 0x09, 0x66, 0x11, 0x66, 0x09, 0x66, 0x09, 0x66, 0x09, 0x45, 0x09,
    0x46, 0x09, 0x66, 0x09, 0x46, 0x09, 0x45, 0x09, 0x66, 0x09, 0x66, 0x09, 0x66, 0x09, 0x66, 0x09,
    0x66, 0x09, 0x66, 0x09, 0x66, 0x09, 0x66, 0x09, 0x66, 0x09, 0x66, 0x09, 0x66, 0x09, 0x66, 0x09,
    0x66, 0x09, 0x66, 0x09, 0x46, 0x09, 0x46, 0x09, 0x46, 0x09, 0x46, 0x09, 0x46, 0x09, 0x46, 0x09,
    0x46, 0x09, 0x46, 0x09, 0x46, 0x09, 0x46, 0x09, 0x46, 0x09, 0x46, 0x09, 0x45, 0x09, 0x45, 0x09,
    0x25, 0x09, 0x25, 0x09, 0x25, 0x09, 0x25, 0x09, 0x25, 0x09, 0x25, 0x09, 0x25, 0x09, 0x25, 0x09,
    0x25, 0x09, 0x25, 0x09, 0x25, 0x09, 0x25, 0x09, 0x05, 0x09, 0x05, 0x09, 0x05, 0x09, 0x05, 0x09,
    0x05, 0x09, 0x05, 0x09, 0x05, 0x09, 0x05, 0x09, 0x04, 0x09, 0x04, 0x09, 0x04, 0x09, 0xE4, 0x08,
    0xE4, 0x08, 0xE4, 0x08, 0xE4, 0x08, 0xE4, 0x08, 0xE4, 0x08, 0xE4, 0x08, 0xE4, 0x08, 0xE4, 0x08,
    0xE4, 0x08, 0xE4, 0x08, 0xE4, 0x08, 0xA3, 0x00, 0xA3, 0x08, 0xC4, 0x08, 0xC3, 0x08, 0xC3, 0x08,
    0xC4, 0x08, 0xC4, 0x08, 0x83, 0x00, 0xA3, 0x08, 0xA3, 0x08, 0xA3, 0x08, 0x82, 0x00, 0xA3, 0x08,
    0xA3, 0x08, 0xA3, 0x08, 0xA3, 0x08, 0xA3, 0x08, 0xA3, 0x08, 0xA3, 0x08, 0xA3, 0x08, 0xA3, 0x08,
    0xA3, 0x08, 0xA3, 0x08, 0xA3, 0x08, 0xA3, 0x08, 0x83, 0x08, 0x83, 0x08, 0x83, 0x08, 0x83, 0x08,
    0x83, 0x08, 0x83, 0x08, 0x83, 0x08, 0x83, 0x08, 0x83, 0x08, 0x83, 0x08, 0x82, 0x08, 0x82, 0x08,
    0x82, 0x08, 0x82, 0x08, 0x82, 0x08, 0x82, 0x08, 0x82, 0x08, 0x82, 0x08, 0x82, 0x08, 0x82, 0x08,
    0x62, 0x08, 0x62, 0x08, 0x62, 0x08, 0x62, 0x08, 0x62, 0x08, 0x62, 0x08, 0x62, 0x08, 0x62, 0x08,
    0x62, 0x08, 0x62, 0x08, 0x62, 0x08, 0x62, 0x08, 0x62, 0x08, 0x62, 0x08, 0x62, 0x08, 0x62, 0x08,
    0x62, 0x08, 0x62, 0x08, 0x62, 0x08, 0x62, 0x08, 0x62, 0x08, 0x62, 0x08, 0x62, 0x08, 0x62, 0x08,
    0x62, 0x08, 0x62, 0x08, 0x62, 0x08, 0x62, 0x08, 0x62, 0x08, 0x62, 0x08, 0x21, 0x00, 0x42, 0x00,
    0x62, 0x08, 0x42, 0x00, 0x21, 0x00, 0x62, 0x08, 0x62, 0x08, 0x21, 0x00, 0x42, 0x00, 0x62, 0x08,
    0x42, 0x00, 0x21, 0x00, 0x62, 0x08, 0x62, 0x08, 0x62, 0x08, 0x62, 0x08, 0x62, 0x08, 0x62, 0x08,
    0x62, 0x08, 0x62, 0x08, 0x62, 0x08, 0x62, 0x08, 0x62, 0x08, 0x62, 0x08, 0x62, 0x08, 0x62, 0x08,
    0x62, 0x08, 0x62, 0x08, 0x62, 0x08, 0x62, 0x08, 0x62, 0x08, 0x62, 0x08, 0x62, 0x08, 0x62, 0x08,
    0x62, 0x08, 0x62, 0x08, 0x62, 0x08, 0x62, 0x08, 0x62, 0x08, 0x62, 0x08, 0x62, 0x08, 0x62, 0x08,
    0x42, 0x00, 0x05, 0x19, 0x90, 0x63, 0x53, 0x7C, 0x53, 0x7C, 0x6F, 0x63, 0xE4, 0x18, 0x42, 0x00,
    0x62, 0x08, 0x62, 0x08, 0x62, 0x08, 0x62, 0x08, 0x62, 0x08, 0x62, 0x08, 0x62, 0x08, 0x62, 0x08,
    0x62, 0x08, 0x62, 0x08, 0x62, 0x08, 0x62, 0x08, 0x62, 0x08, 0x62, 0x08, 0x62, 0x08, 0x62, 0x08,
    0x62, 0x08, 0x62, 0x08, 0x62, 0x08, 0x62, 0x08, 0x62, 0x08, 0x62, 0x08, 0x62, 0x08, 0x62, 0x08,
    0x62, 0x08, 0x62, 0x08, 0x62, 0x08, 0x62, 0x08, 0x62, 0x08, 0x62, 0x08, 0x62, 0x08, 0x62, 0x08,
    0x62, 0x08, 0x82, 0x08, 0x82, 0x08, 0x82, 0x08, 0x82, 0x08, 0x82, 0x08, 0x82, 0x08, 0x82, 0x08,
    0x82, 0x08, 0x82, 0x08, 0x82, 0x08, 0x83, 0x08, 0x83, 0x08, 0x83, 0x08, 0x83, 0x08, 0x83, 0x08,
    0x83, 0x08, 0x83, 0x08, 0x83, 0x08, 0x83, 0x08, 0xA3, 0x08, 0xA3, 0x08, 0xA3, 0x08, 0xA3, 0x08,
    0xA3, 0x08, 0xA3, 0x08, 0xA3, 0x08, 0xA3, 0x08, 0xA3, 0x08, 0xA3, 0x08, 0xA3, 0x08, 0xC3, 0x08,
    0x83, 0x00, 0x2A, 0x3A, 0x12, 0x74, 0x53, 0x7C, 0x12, 0x74, 0xE9, 0x31, 0x83, 0x00, 0xE4, 0x10,
    0x2E, 0x5B, 0x53, 0x7C, 0x53, 0x7C, 0xF1, 0x73, 0xC8, 0x29, 0xA3, 0x00, 0xE4, 0x08, 0xE4, 0x08,
    0xE4, 0x08, 0xE4, 0x08, 0xE4, 0x08, 0xE4, 0x08, 0xE4, 0x08, 0xE4, 0x08, 0xE4, 0x08, 0xE4, 0x08,
    0xE4, 0x08, 0xE4, 0x08, 0x04, 0x09, 0x04, 0x09, 0x04, 0x09, 0x05, 0x09, 0x05, 0x09, 0x05, 0x09,
    0x05, 0x09, 0x05, 0x09, 0x05, 0x09, 0x05, 0x09, 0x05, 0x09, 0x05, 0x09, 0x25, 0x09, 0x25, 0x09,
    0x25, 0x09, 0x25, 0x09, 0x25, 0x09, 0x25, 0x09, 0x25, 0x09, 0x25, 0x09, 0x25, 0x09, 0x25, 0x09,
    0x25, 0x09, 0x25, 0x09, 0x45, 0x09, 0x45, 0x09, 0x46, 0x09, 0x46, 0x09, 0x46, 0x09, 0x46, 0x09,
    0x46, 0x09, 0x46, 0x09, 0x46, 0x09, 0x46, 0x09, 0x46, 0x09, 0x46, 0x09, 0x46, 0x09, 0x46, 0x09,
    0x46, 0x09, 0x46, 0x09, 0x66, 0x09, 0x66, 0x09, 0x66, 0x09, 0x66, 0x09, 0x66, 0x09, 0x66, 0x09,
    0x66, 0x09, 0x66, 0x09, 0x66, 0x09, 0x66, 0x09, 0x66, 0x09, 0x66, 0x09, 0x90, 0x63, 0x73, 0x84,
    0x0D, 0x4B, 0x46, 0x09, 0x66, 0x09, 0xED, 0x42, 0x53, 0x7C, 0x73, 0x7C, 0x53, 0x7C, 0xCC, 0x42,
    0x46, 0x09, 0x66, 0x11, 0x66, 0x09, 0x66, 0x09, 0x66, 0x09, 0x66, 0x09, 0x66, 0x09, 0x66, 0x09,
    0x66, 0x09, 0x66, 0x09, 0x66, 0x09, 0x46, 0x09, 0x46, 0x09, 0x46, 0x09, 0x46, 0x09, 0x46, 0x09,
    0x46, 0x09, 0x46, 0x09, 0x46, 0x09, 0x46, 0x09, 0x46, 0x09, 0x46, 0x09, 0x46, 0x09, 0x46, 0x09,
    0x45, 0x09, 0x45, 0x09, 0x45, 0x09, 0x25, 0x09, 0x25, 0x09, 0x25, 0x09, 0x25, 0x09, 0x25, 0x09,
    0x25, 0x09, 0x25, 0x09, 0x25, 0x09, 0x25, 0x09, 0x25, 0x09, 0x25, 0x09, 0x25, 0x09, 0x05, 0x09,
    0x05, 0x09, 0x05, 0x09, 0x05, 0x09, 0x05, 0x09, 0x05, 0x09, 0x05, 0x09, 0x05, 0x09, 0x04, 0x09,
    0x04, 0x09, 0x04, 0x09, 0xE4, 0x08, 0xE4, 0x08, 0xE4, 0x08, 0xE4, 0x08, 0xE4, 0x08, 0xE4, 0x08,
    0xE4, 0x08, 0xE4, 0x08, 0xE4, 0x08, 0xE4, 0x08, 0xE4, 0x08, 0xE4, 0x08, 0xA3, 0x00, 0x09, 0x32,
    0x12, 0x74, 0x53, 0x7C, 0x73, 0x7C, 0x12, 0x74, 0x05, 0x11, 0xA3, 0x00, 0x8B, 0x42, 0x32, 0x7C,
    0x53, 0x7C, 0x32, 0x7C, 0x6A, 0x42, 0x83, 0x00, 0xA3, 0x08, 0xA3, 0x08, 0xA3, 0x08, 0xA3, 0x08,
    0xA3, 0x08, 0xA3, 0x08, 0xA3, 0x08, 0xA3, 0x08, 0xA3, 0x08, 0xA3, 0x08, 0xA3, 0x08, 0xA3, 0x08,
    0x83, 0x08, 0x83, 0x08, 0x83, 0x08, 0x83, 0x08, 0x83, 0x08, 0x83, 0x08, 0x83, 0x08, 0x83, 0x08,
    0x83, 0x08, 0x82, 0x08, 0x82, 0x08, 0x82, 0x08, 0x82, 0x08, 0x82, 0x08, 0x82, 0x08, 0x82, 0x08,
    0x82, 0x08, 0x82, 0x08, 0x82, 0x08, 0x62, 0x08, 0x62, 0x08, 0x62, 0x08, 0x62, 0x08, 0x62, 0x08,
    0x62, 0x08, 0x62, 0x08, 0x62, 0x08, 0x62, 0x08, 0x62, 0x08, 0x62, 0x08, 0x62, 0x08, 0x62, 0x08,
    0x62, 0x08, 0x62, 0x08, 0x62, 0x08, 0x62, 0x08, 0x62, 0x08, 0x62, 0x08, 0x62, 0x08, 0x62, 0x08,
    0x62, 0x08, 0x62, 0x08, 0x62, 0x08, 0x62, 0x08, 0x62, 0x08, 0x62, 0x08, 0x62, 0x08, 0x62, 0x08,
    0x62, 0x08, 0x62, 0x08, 0x8B, 0x42, 0x32, 0x7C, 0x53, 0x7C, 0x32, 0x7C, 0x8B, 0x4A, 0x62, 0x08,
    0x42, 0x00, 0x6A, 0x42, 0x32, 0x7C, 0x53, 0x7C, 0x12, 0x7C, 0x2A, 0x3A, 0x42, 0x00, 0x62, 0x08,
    0x62, 0x08, 0x62, 0x08, 0x62, 0x08, 0x62, 0x08, 0x62, 0x08, 0x62, 0x08, 0x62, 0x08, 0x62, 0x08,
    0x62, 0x08, 0x62, 0x08, 0x62, 0x08, 0x62, 0x08, 0x62, 0x08, 0x62, 0x08, 0x62, 0x08, 0x62, 0x08,
    0x62, 0x08, 0x62, 0x08, 0x62, 0x08, 0x62, 0x08, 0x62, 0x08, 0x62, 0x08, 0x62, 0x08, 0x62, 0x08,
    0x62, 0x08, 0x62, 0x08, 0x62, 0x08, 0x82, 0x08, 0x21, 0x00, 0x6F, 0x63, 0x36, 0x95, 0x2E, 0x5B,
    0x2E, 0x5B, 0x36, 0x95, 0x4E, 0x5B, 0x21, 0x00, 0x82, 0x08, 0x62, 0x08, 0x62, 0x08, 0x62, 0x08,
    0x62, 0x08, 0x62, 0x08, 0x62, 0x08, 0x62, 0x08, 0x62, 0x08, 0x62, 0x08, 0x62, 0x08, 0x62, 0x08,
    0x62, 0x08, 0x62, 0x08, 0x62, 0x08, 0x62, 0x08, 0x62, 0x08, 0x62, 0x08, 0x62, 0x08, 0x62, 0x08,
    0x62, 0x08, 0x62, 0x08, 0x62, 0x08, 0x62, 0x08, 0x62, 0x08, 0x62, 0x08, 0x62, 0x08, 0x62, 0x08,
    0x62, 0x08, 0x62, 0x08, 0x62, 0x08, 0x62, 0x08, 0x62, 0x08, 0x82, 0x08, 0x82, 0x08, 0x82, 0x08,
    0x82, 0x08, 0x82, 0x08, 0x82, 0x08, 0x82, 0x08, 0x82, 0x08, 0x82, 0x08, 0x82, 0x08, 0x83, 0x08,
    0x83, 0x08, 0x83, 0x08, 0x83, 0x08, 0x83, 0x08, 0x83, 0x08, 0x83, 0x08, 0x83, 0x08, 0x83, 0x08,
    0x83, 0x08, 0xA3, 0x08, 0xA3, 0x08, 0xA3, 0x08, 0xA3, 0x08, 0xA3, 0x08, 0xA3, 0x08, 0xA3, 0x08,
    0xA3, 0x08, 0xA3, 0x08, 0xA3, 0x08, 0x83, 0x08, 0x25, 0x19, 0xF6, 0x94, 0x53, 0x7C, 0xCC, 0x4A,
    0x74, 0x84, 0x94, 0x84, 0xA3, 0x08, 0x6B, 0x42, 0x57, 0x9D, 0xB0, 0x6B, 0x0D, 0x53, 0xB5, 0x8C,
    0x53, 0x7C, 0xE4, 0x08, 0xC4, 0x08, 0xC4, 0x08, 0xE4, 0x08, 0xE4, 0x08, 0xE4, 0x08, 0xE4, 0x08,
    0xE4, 0x08, 0xE4, 0x08, 0xE4, 0x08, 0xE4, 0x08, 0xE4, 0x08, 0xE4, 0x08, 0xE4, 0x08, 0x04, 0x09,
    0x04, 0x09, 0x04, 0x09, 0x05, 0x09, 0x05, 0x09, 0x05, 0x09, 0x05, 0x09, 0x05, 0x09, 0x05, 0x09,
    0x05, 0x09, 0x05, 0x09, 0x05, 0x09, 0x25, 0x09, 0x25, 0x09, 0x25, 0x09, 0x25, 0x09, 0x25, 0x09,
    0x25, 0x09, 0x25, 0x09, 0x25, 0x09, 0x25, 0x09, 0x25, 0x09, 0x25, 0x09, 0x25, 0x09, 0x45, 0x09,
    0x45, 0x09, 0x45, 0x09, 0x46, 0x09, 0x46, 0x09, 0x46, 0x09, 0x46, 0x09, 0x46, 0x09, 0x46, 0x09,
    0x46, 0x09, 0x46, 0x09, 0x46, 0x09, 0x46, 0x09, 0x46, 0x09, 0x46, 0x09, 0x46, 0x09, 0x46, 0x09,
    0x46, 0x09, 0x66, 0x09, 0x46, 0x09, 0x66, 0x09, 0x66, 0x09, 0x66, 0x09, 0x66, 0x09, 0x66, 0x11,
    0x25, 0x01, 0xAB, 0x3A, 0xF5, 0x94, 0xF5, 0x94, 0xD1, 0x6B, 0x05, 0x01, 0x09, 0x2A, 0x16, 0x95,
    0x32, 0x7C, 0x2E, 0x53, 0x53, 0x7C, 0xF6, 0x94, 0xE8, 0x21, 0x45, 0x09, 0x66, 0x11, 0x66, 0x09,
    0x66, 0x09, 0x66, 0x09, 0x66, 0x09, 0x46, 0x09, 0x46, 0x09, 0x46, 0x09, 0x46, 0x09, 0x46, 0x09,
    0x46, 0x09, 0x46, 0x09, 0x46, 0x09, 0x46, 0x09, 0x46, 0x09, 0x46, 0x09, 0x46, 0x09, 0x46, 0x09,
    0x46, 0x09, 0x46, 0x09, 0x45, 0x09, 0x45, 0x09, 0x25, 0x09, 0x25, 0x09, 0x25, 0x09, 0x25, 0x09,
    0x25, 0x09, 0x25, 0x09, 0x25, 0x09, 0x25, 0x09, 0x25, 0x09, 0x25, 0x09, 0x25, 0x09, 0x25, 0x09,
    0x25, 0x09, 0x05, 0x09, 0x05, 0x09, 0x05, 0x09, 0x05, 0x09, 0x05, 0x09, 0x05, 0x09, 0x05, 0x09,
    0x05, 0x09, 0x05, 0x09, 0x04, 0x09, 0x04, 0x09, 0x04, 0x09, 0xE4, 0x08, 0xE4, 0x08, 0xE4, 0x08,
    0xE4, 0x08, 0xE4, 0x08, 0xE4, 0x08, 0xE4, 0x08, 0xE4, 0x08, 0xE4, 0x08, 0xE4, 0x08, 0xE4, 0x08,
    0xE4, 0x08, 0xC4, 0x08, 0x04, 0x11, 0x94, 0x84, 0x94, 0x84, 0x2E, 0x53, 0x4E, 0x5B, 0x0D, 0x53,
    0xC3, 0x08, 0x87, 0x21, 0x16, 0x95, 0x32, 0x74, 0xED, 0x52, 0x32, 0x7C, 0x16, 0x95, 0x66, 0x21,
    0x83, 0x00, 0xA3, 0x08, 0xA3, 0x08, 0xA3, 0x08, 0xA3, 0x08, 0xA3, 0x08, 0xA3, 0x08, 0xA3, 0x08,
    0xA3, 0x08, 0xA3, 0x08, 0xA3, 0x08, 0x83, 0x08, 0x83, 0x08, 0x83, 0x08, 0x83, 0x08, 0x83, 0x08,
    0x83, 0x08, 0x83, 0x08, 0x83, 0x08, 0x83, 0x08, 0x83, 0x08, 0x82, 0x08, 0x82, 0x08, 0x82, 0x08,
    0x82, 0x08, 0x82, 0x08, 0x82, 0x08, 0x82, 0x08, 0x82, 0x08, 0x82, 0x08, 0x82, 0x08, 0x62, 0x08,
    0x62, 0x08, 0x62, 0x08, 0x62, 0x08, 0x62, 0x08, 0x62, 0x08, 0x62, 0x08, 0x62, 0x08, 0x62, 0x08,
    0x62, 0x08, 0x62, 0x08, 0x62, 0x08, 0x62, 0x08, 0x62, 0x08, 0x62, 0x08, 0x62, 0x08, 0x62, 0x08,
    0x62, 0x08, 0x62, 0x08, 0x62, 0x08, 0x62, 0x08, 0x62, 0x08, 0x62, 0x08, 0x62, 0x08, 0x62, 0x08,
    0x62, 0x08, 0x62, 0x08, 0x62, 0x08, 0x82, 0x08, 0x41, 0x00, 0x66, 0x21, 0x36, 0x95, 0x12, 0x74,
    0xCC, 0x52, 0xF1, 0x73, 0x37, 0x9D, 0x46, 0x21, 0x05, 0x19, 0x36, 0x95, 0x12, 0x74, 0xCC, 0x52,
    0x32, 0x7C, 0x16, 0x95, 0x25, 0x19, 0x41, 0x00, 0x62, 0x08, 0x62, 0x08, 0x62, 0x08, 0x62, 0x08,
    0x62, 0x08, 0x62, 0x08, 0x62, 0x08, 0x62, 0x08, 0x62, 0x08, 0x62, 0x08, 0x62, 0x08, 0x62, 0x08,
    0x62, 0x08, 0x62, 0x08, 0x62, 0x08, 0x62, 0x08, 0x62, 0x08, 0x62, 0x08, 0x62, 0x08, 0x62, 0x08,
    0x62, 0x08, 0x62, 0x08, 0x62, 0x08, 0x62, 0x08, 0x62, 0x08, 0x62, 0x08, 0x62, 0x08, 0x62, 0x08,
    0x42, 0x00, 0x12, 0x74, 0x32, 0x7C, 0x01, 0x00, 0x21, 0x00, 0x32, 0x7C, 0xF1, 0x73, 0x41, 0x00,
    0x62, 0x08, 0x62, 0x08, 0x62, 0x08, 0x62, 0x08, 0x62, 0x08, 0x62, 0x08, 0x62, 0x08, 0x62, 0x08,
    0x62, 0x08, 0x62, 0x08, 0x62, 0x08, 0x62, 0x08, 0x62, 0x08, 0x62, 0x08, 0x62, 0x08, 0x62, 0x08,
    0x62, 0x08, 0x62, 0x08, 0x62, 0x08, 0x62, 0x08, 0x62, 0x08, 0x62, 0x08, 0x62, 0x08, 0x62, 0x08,
    0x62, 0x08, 0x62, 0x08, 0x62, 0x08, 0x62, 0x08, 0x62, 0x08, 0x62, 0x08, 0x62, 0x08, 0x62, 0x08,
    0x62, 0x08, 0x62, 0x08, 0x82, 0x08, 0x82, 0x08, 0x82, 0x08, 0x82, 0x08, 0x82, 0x08, 0x82, 0x08,
    0x82, 0x08, 0x82, 0x08, 0x82, 0x08, 0x82, 0x08, 0x83, 0x08, 0x83, 0x08, 0x83, 0x08, 0x83, 0x08,
    0x83, 0x08, 0x83, 0x08, 0x83, 0x08, 0x83, 0x08, 0x83, 0x08, 0x83, 0x08, 0xA3, 0x08, 0xA3, 0x08,
    0xA3, 0x08, 0xA3, 0x08, 0xA3, 0x08, 0xA3, 0x08, 0xA3, 0x08, 0xA3, 0x08, 0xA3, 0x08, 0x82, 0x00,
    0x66, 0x21, 0xB4, 0x8C, 0x4A, 0x3A, 0x00, 0x00, 0xAC, 0x4A, 0x16, 0x95, 0xE4, 0x10, 0xED, 0x52,
    0xF5, 0x94, 0x25, 0x19, 0x01, 0x00, 0x4E, 0x5B, 0xD5, 0x8C, 0x05, 0x11, 0xC3, 0x08, 0xE4, 0x08,
    0xC4, 0x08, 0xE4, 0x08, 0xE4, 0x08, 0xE4, 0x08, 0xE4, 0x08, 0xE4, 0x08, 0xE4, 0x08, 0xE4, 0x08,
    0xE4, 0x08, 0xE4, 0x08, 0xE4, 0x08, 0xE4, 0x08, 0x04, 0x09, 0x04, 0x09, 0x04, 0x09, 0x04, 0x09,
    0x05, 0x09, 0x05, 0x09, 0x05, 0x09, 0x05, 0x09, 0x05, 0x09, 0x05, 0x09, 0x05, 0x09, 0x05, 0x09,
    0x25, 0x09, 0x25, 0x09, 0x25, 0x09, 0x25, 0x09, 0x25, 0x09, 0x25, 0x09, 0x25, 0x09, 0x25, 0x09,
    0x25, 0x09, 0x25, 0x09, 0x25, 0x09, 0x25, 0x09, 0x25, 0x09, 0x45, 0x09, 0x45, 0x09, 0x45, 0x09,
    0x45, 0x09, 0x46, 0x09, 0x46, 0x09, 0x46, 0x09, 0x46, 0x09, 0x46, 0x09, 0x46, 0x09, 0x46, 0x09,
    0x46, 0x09, 0x46, 0x09, 0x46, 0x09, 0x46, 0x09, 0x46, 0x09, 0x46, 0x09, 0x46, 0x09, 0x46, 0x09,
    0x46, 0x09, 0x46, 0x09, 0x46, 0x09, 0x46, 0x09, 0x66, 0x11, 0x74, 0x84, 0x8F, 0x5B, 0x32, 0x74,
    0xD1, 0x6B, 0xE4, 0x00, 0x6B, 0x32, 0x16, 0x9D, 0x6B, 0x32, 0xA3, 0x00, 0x8B, 0x3A, 0x16, 0x95,
    0x4A, 0x32, 0x25, 0x09, 0x66, 0x11, 0x46, 0x09, 0x46, 0x09, 0x46, 0x09, 0x46, 0x09, 0x46, 0x09,
    0x46, 0x09, 0x46, 0x09, 0x46, 0x09, 0x46, 0x09, 0x46, 0x09, 0x46, 0x09, 0x46, 0x09, 0x46, 0x09,
    0x46, 0x09, 0x46, 0x09, 0x46, 0x09, 0x46, 0x09, 0x45, 0x09, 0x45, 0x09, 0x25, 0x09, 0x25, 0x09,
    0x25, 0x09, 0x25, 0x09, 0x25, 0x09, 0x25, 0x09, 0x25, 0x09, 0x25, 0x09, 0x25, 0x09, 0x25, 0x09,
    0x25, 0x09, 0x25, 0x09, 0x25, 0x09, 0x25, 0x09, 0x05, 0x09, 0x05, 0x09, 0x05, 0x09, 0x05, 0x09,
    0x05, 0x09, 0x05, 0x09, 0x05, 0x09, 0x05, 0x09, 0x05, 0x09, 0x04, 0x09, 0x04, 0x09, 0x04, 0x09,
    0xE4, 0x08, 0xE4, 0x08, 0xE4, 0x08, 0xE4, 0x08, 0xE4, 0x08, 0xE4, 0x08, 0xE4, 0x08, 0xE4, 0x08,
    0xE4, 0x08, 0xE4, 0x08, 0xE4, 0x08, 0xE4, 0x08, 0xE4, 0x08, 0xC3, 0x08, 0x46, 0x19, 0xF5, 0x94,
    0xED, 0x52, 0x00, 0x00, 0x62, 0x00, 0x41, 0x00, 0x82, 0x00, 0x09, 0x32, 0x36, 0x9D, 0x09, 0x32,
    0x00, 0x00, 0x29, 0x32, 0x36, 0x9D, 0xC8, 0x29, 0x62, 0x00, 0xC3, 0x08, 0xA3, 0x08, 0xA3, 0x08,
    0xA3, 0x08, 0xA3, 0x08, 0xA3, 0x08, 0xA3, 0x08, 0xA3, 0x08, 0xA3, 0x08, 0xA3, 0x08, 0x83, 0x08,
    0x83, 0x08, 0x83, 0x08, 0x83, 0x08, 0x83, 0x08, 0x83, 0x08, 0x83, 0x08, 0x83, 0x08, 0x83, 0x08,
    0x82, 0x08, 0x82, 0x08, 0x82, 0x08, 0x82, 0x08, 0x82, 0x08, 0x82, 0x08, 0x82, 0x08, 0x82, 0x08,
    0x82, 0x08, 0x82, 0x08, 0x62, 0x08, 0x62, 0x08, 0x62, 0x08, 0x62, 0x08, 0x62, 0x08, 0x62, 0x08,
    0x62, 0x08, 0x62, 0x08, 0x62, 0x08, 0x62, 0x08, 0x62, 0x08, 0x62, 0x08, 0x62, 0x08, 0x62, 0x08,
    0x62, 0x08, 0x62, 0x08, 0x62, 0x08, 0x62, 0x08, 0x62, 0x08, 0x62, 0x08, 0x62, 0x08, 0x62, 0x08,
    0x62, 0x08, 0x62, 0x08, 0x62, 0x08, 0x62, 0x08, 0x62, 0x08, 0x62, 0x08, 0x62, 0x08, 0x82, 0x08,
    0x21, 0x00, 0xC8, 0x31, 0x57, 0x9D, 0x87, 0x29, 0x00, 0x00, 0x46, 0x21, 0x57, 0x9D, 0xA8, 0x31,
    0x67, 0x29, 0x57, 0x9D, 0xC8, 0x31, 0x00, 0x00, 0xE9, 0x31, 0x37, 0x9D, 0x87, 0x29, 0x21, 0x00,
    0x82, 0x08, 0x62, 0x08, 0x62, 0x08, 0x62, 0x08, 0x62, 0x08, 0x62, 0x08, 0x62, 0x08, 0x62, 0x08,
    0x62, 0x08, 0x62, 0x08, 0x62, 0x08, 0x62, 0x08, 0x62, 0x08, 0x62, 0x08, 0x62, 0x08, 0x62, 0x08,
    0x62, 0x08, 0x62, 0x08, 0x62, 0x08, 0x62, 0x08, 0x62, 0x08, 0x62, 0x08, 0x62, 0x08, 0x62, 0x08,
    0x62, 0x08, 0x62, 0x08, 0x62, 0x08, 0x62, 0x08, 0x42, 0x00, 0x11, 0x74, 0x32, 0x7C, 0x62, 0x08,
    0x62, 0x08, 0x53, 0x7C, 0xD1, 0x6B, 0x41, 0x00, 0x62, 0x08, 0x62, 0x08, 0x62, 0x08, 0x62, 0x08,
    0x62, 0x08, 0x62, 0x08, 0x62, 0x08, 0x62, 0x08, 0x62, 0x08, 0x62, 0x08, 0x62, 0x08, 0x62, 0x08,
    0x62, 0x08, 0x62, 0x08, 0x62, 0x08, 0x62, 0x08, 0x62, 0x08, 0x62, 0x08, 0x62, 0x08, 0x62, 0x08,
    0x62, 0x08, 0x62, 0x08, 0x62, 0x08, 0x62, 0x08, 0x62, 0x08, 0x62, 0x08, 0x62, 0x08, 0x62, 0x08,
    0x62, 0x08, 0x62, 0x08, 0x62, 0x08, 0x62, 0x08, 0x62, 0x08, 0x62, 0x08, 0x82, 0x08, 0x82, 0x08,
    0x82, 0x08, 0x82, 0x08, 0x82, 0x08, 0x82, 0x08, 0x82, 0x08, 0x82, 0x08, 0x82, 0x08, 0x82, 0x08,
    0x82, 0x08, 0x83, 0x08, 0x83, 0x08, 0x83, 0x08, 0x83, 0x08, 0x83, 0x08, 0x83, 0x08, 0x83, 0x08,
    0x83, 0x08, 0x83, 0x08, 0xA3, 0x08, 0xA3, 0x08, 0xA3, 0x08, 0xA3, 0x08, 0xA3, 0x08, 0xA3, 0x08,
    0xA3, 0x08, 0xA3, 0x08, 0xA3, 0x08, 0xA3, 0x08, 0xA3, 0x08, 0x04, 0x11, 0xA3, 0x08, 0x04, 0x11,
    0x53, 0x7C, 0x94, 0x84, 0x83, 0x00, 0xED, 0x52, 0xF5, 0x94, 0x66, 0x19, 0x62, 0x00, 0x4E, 0x5B,
    0xD5, 0x8C, 0x05, 0x11, 0xC3, 0x08, 0xE4, 0x08, 0xC4, 0x08, 0xC4, 0x08, 0xE4, 0x08, 0xE4, 0x08,
    0xE4, 0x08, 0xE4, 0x08, 0xE4, 0x08, 0xE4, 0x08, 0xE4, 0x08, 0xE4, 0x08, 0xE4, 0x08, 0xE4, 0x08,
    0xE4, 0x08, 0xE4, 0x08, 0x04, 0x09, 0x04, 0x09, 0x04, 0x09, 0x05, 0x09, 0x05, 0x09, 0x05, 0x09,
    0x05, 0x09, 0x05, 0x09, 0x05, 0x09, 0x05, 0x09, 0x05, 0x09, 0x05, 0x09, 0x25, 0x09, 0x25, 0x09,
    0x25, 0x09, 0x25, 0x09, 0x25, 0x09, 0x25, 0x09, 0x25, 0x09, 0x25, 0x09, 0x25, 0x09, 0x25, 0x09,
    0x25, 0x09, 0x25, 0x09, 0x25, 0x09, 0x45, 0x09, 0x45, 0x09, 0x45, 0x09, 0x46, 0x09, 0x46, 0x09,
    0x46, 0x09, 0x46, 0x09, 0x46, 0x09, 0x46, 0x09, 0x46, 0x09, 0x46, 0x09, 0x46, 0x09, 0x46, 0x09,
    0x46, 0x09, 0x46, 0x09, 0x46, 0x09, 0x46, 0x09, 0x46, 0x09, 0x46, 0x09, 0x66, 0x11, 0x05, 0x01,
    0xED, 0x42, 0xF6, 0x94, 0xC8, 0x19, 0x53, 0x7C, 0xD1, 0x6B, 0x04, 0x01, 0x6A, 0x32, 0x16, 0x9D,
    0x8B, 0x3A, 0xE4, 0x00, 0xAC, 0x3A, 0x16, 0x95, 0x2A, 0x2A, 0x25, 0x09, 0x66, 0x11, 0x46, 0x09,
    0x46, 0x09, 0x46, 0x09, 0x46, 0x09, 0x46, 0x09, 0x46, 0x09, 0x46, 0x09, 0x46, 0x09, 0x46, 0x09,
    0x46, 0x09, 0x46, 0x09, 0x46, 0x09, 0x46, 0x09, 0x46, 0x09, 0x45, 0x09, 0x45, 0x09, 0x45, 0x09,
    0x45, 0x09, 0x25, 0x09, 0x25, 0x09, 0x25, 0x09, 0x25, 0x09, 0x25, 0x09, 0x25, 0x09, 0x25, 0x09,
    0x25, 0x09, 0x25, 0x09, 0x25, 0x09, 0x25, 0x09, 0x25, 0x09, 0x25, 0x09, 0x25, 0x09, 0x05, 0x09,
    0x05, 0x09, 0x05, 0x09, 0x05, 0x09, 0x05, 0x09, 0x05, 0x09, 0x05, 0x09, 0x05, 0x09, 0x05, 0x09,
    0x04, 0x09, 0x04, 0x09, 0x04, 0x09, 0xE4, 0x08, 0xE4, 0x08, 0xE4, 0x08, 0xE4, 0x08, 0xE4, 0x08,
    0xE4, 0x08, 0xE4, 0x08, 0xE4, 0x08, 0xE4, 0x08, 0xE4, 0x08, 0xE4, 0x08, 0xE4, 0x08, 0xC4, 0x08,
    0xE4, 0x08, 0xA3, 0x08, 0x46, 0x19, 0xB4, 0x84, 0x74, 0x84, 0x12, 0x74, 0x12, 0x74, 0xCC, 0x4A,
    0x82, 0x00, 0xE9, 0x31, 0x36, 0x9D, 0x2A, 0x3A, 0x41, 0x00, 0x2A, 0x3A, 0x36, 0x9D, 0xA8, 0x29,
    0x62, 0x00, 0xC3, 0x08, 0xA3, 0x08, 0xA3, 0x08, 0xA3, 0x08, 0xA3, 0x08, 0xA3, 0x08, 0xA3, 0x08,
    0xA3, 0x08, 0xA3, 0x08, 0x83, 0x08, 0x83, 0x08, 0x83, 0x08, 0x83, 0x08, 0x83, 0x08, 0x83, 0x08,
    0x83, 0x08, 0x83, 0x08, 0x83, 0x08, 0x83, 0x08, 0x82, 0x08, 0x82, 0x08, 0x82, 0x08, 0x82, 0x08,
    0x82, 0x08, 0x82, 0x08, 0x82, 0x08, 0x82, 0x08, 0x82, 0x08, 0x82, 0x08, 0x62, 0x08, 0x62, 0x08,
    0x62, 0x08, 0x62, 0x08, 0x62, 0x08, 0x62, 0x08, 0x62, 0x08, 0x62, 0x08, 0x62, 0x08, 0x62, 0x08,
    0x62, 0x08, 0x62, 0x08, 0x62, 0x08, 0x62, 0x08, 0x62, 0x08, 0x62, 0x08, 0x62, 0x08, 0x62, 0x08,
    0x62, 0x08, 0x62, 0x08, 0x62, 0x08, 0x62, 0x08, 0x62, 0x08, 0x62, 0x08, 0x62, 0x08, 0x62, 0x08,
    0x62, 0x08, 0x62, 0x08, 0x62, 0x08, 0x62, 0x08, 0x41, 0x00, 0x25, 0x19, 0xB5, 0x8C, 0x6F, 0x63,
    0xC8, 0x31, 0x4E, 0x5B, 0xD5, 0x8C, 0xE4, 0x18, 0x87, 0x29, 0x37, 0x9D, 0x09, 0x3A, 0x00, 0x00,
    0x09, 0x3A, 0x37, 0x9D, 0x87, 0x29, 0x21, 0x00, 0x82, 0x08, 0x62, 0x08, 0x62, 0x08, 0x62, 0x08,
    0x62, 0x08, 0x62, 0x08, 0x62, 0x08, 0x62, 0x08, 0x62, 0x08, 0x62, 0x08, 0x62, 0x08, 0x62, 0x08,
    0x62, 0x08, 0x62, 0x08, 0x62, 0x08, 0x62, 0x08, 0x62, 0x08, 0x62, 0x08, 0x62, 0x08, 0x62, 0x08,
    0x62, 0x08, 0x62, 0x08, 0x62, 0x08, 0x62, 0x08, 0x62, 0x08, 0x62, 0x08, 0x62, 0x08, 0x62, 0x08,
    0x42, 0x00, 0x11, 0x74, 0x32, 0x7C, 0x62, 0x08, 0x62, 0x08, 0x53, 0x7C, 0xD1, 0x6B, 0x41, 0x00,
    0x62, 0x08, 0x62, 0x08, 0x62, 0x08, 0x62, 0x08, 0x62, 0x08, 0x62, 0x08, 0x62, 0x08, 0x62, 0x08,
    0x62, 0x08, 0x62, 0x08, 0x62, 0x08, 0x62, 0x08, 0x62, 0x08, 0x62, 0x08, 0x62, 0x08, 0x62, 0x08,
    0x62, 0x08, 0x62, 0x08, 0x62, 0x08, 0x62, 0x08, 0x62, 0x08, 0x62, 0x08, 0x62, 0x08, 0x62, 0x08,
    0x62, 0x08, 0x62, 0x08, 0x62, 0x08, 0x62, 0x08, 0x62, 0x08, 0x62, 0x08, 0x62, 0x08, 0x62, 0x08,
    0x62, 0x08, 0x62, 0x08, 0x62, 0x08, 0x82, 0x08, 0x82, 0x08, 0x82, 0x08, 0x82, 0x08, 0x82, 0x08,
    0x82, 0x08, 0x82, 0x08, 0x82, 0x08, 0x82, 0x08, 0x82, 0x08, 0x83, 0x08, 0x83, 0x08, 0x83, 0x08,
    0x83, 0x08, 0x83, 0x08, 0x83, 0x08, 0x83, 0x08, 0x83, 0x08, 0x83, 0x08, 0x83, 0x08, 0xA3, 0x08,
    0xA3, 0x08, 0xA3, 0x08, 0xA3, 0x08, 0xA3, 0x08, 0xA3, 0x08, 0xA3, 0x08, 0xA3, 0x08, 0xA3, 0x08,
    0xA3, 0x08, 0x62, 0x00, 0x46, 0x19, 0x73, 0x84, 0xF5, 0x8C, 0xC8, 0x29, 0x41, 0x00, 0x0D, 0x53,
    0xF5, 0x94, 0x46, 0x19, 0x62, 0x00, 0x4F, 0x5B, 0xD5, 0x8C, 0x05, 0x11, 0xC3, 0x08, 0xC4, 0x08,
    0xC4, 0x08, 0xC4, 0x08, 0xE4, 0x08, 0xE4, 0x08, 0xE4, 0x08, 0xE4, 0x08, 0xE4, 0x08, 0xE4, 0x08,
    0xE4, 0x08, 0xE4, 0x08, 0xE4, 0x08, 0xE4, 0x08, 0xE4, 0x08, 0xE4, 0x08, 0xE4, 0x08, 0x04, 0x09,
    0x04, 0x09, 0x04, 0x09, 0x05, 0x09, 0x05, 0x09, 0x05, 0x09, 0x05, 0x09, 0x05, 0x09, 0x05, 0x09,
    0x05, 0x09, 0x05, 0x09, 0x05, 0x09, 0x25, 0x09, 0x25, 0x09, 0x25, 0x09, 0x25, 0x09, 0x25, 0x09,
    0x25, 0x09, 0x25, 0x09, 0x25, 0x09, 0x25, 0x09, 0x25, 0x09, 0x25, 0x09, 0x25, 0x09, 0x25, 0x09,
    0x25, 0x09, 0x25, 0x09, 0x45, 0x09, 0x45, 0x09, 0x45, 0x09, 0x45, 0x09, 0x46, 0x09, 0x46, 0x09,
    0x46, 0x09, 0x46, 0x09, 0x46, 0x09, 0x46, 0x09, 0x46, 0x09, 0x46, 0x09, 0x46, 0x09, 0x46, 0x09,
    0x46, 0x09, 0x46, 0x11, 0x45, 0x09, 0x66, 0x11, 0xB4, 0x84, 0x0D, 0x4B, 0xC3, 0x00, 0x73, 0x7C,
    0xB0, 0x63, 0xA3, 0x00, 0x6A, 0x32, 0x16, 0x9D, 0x8B, 0x3A, 0xE4, 0x00, 0xAB, 0x3A, 0x16, 0x95,
    0x2A, 0x2A, 0x25, 0x09, 0x46, 0x11, 0x46, 0x09, 0x46, 0x09, 0x46, 0x09, 0x46, 0x09, 0x46, 0x09,
    0x46, 0x09, 0x46, 0x09, 0x46, 0x09, 0x46, 0x09, 0x46, 0x09, 0x46, 0x09, 0x46, 0x09, 0x45, 0x09,
    0x45, 0x09, 0x45, 0x09, 0x25, 0x09, 0x25, 0x09, 0x25, 0x09, 0x25, 0x09, 0x25, 0x09, 0x25, 0x09,
    0x25, 0x09, 0x25, 0x09, 0x25, 0x09, 0x25, 0x09, 0x25, 0x09, 0x25, 0x09, 0x25, 0x09, 0x25, 0x09,
    0x25, 0x09, 0x05, 0x09, 0x05, 0x09, 0x05, 0x09, 0x05, 0x09, 0x05, 0x09, 0x05, 0x09, 0x05, 0x09,
    0x05, 0x09, 0x05, 0x09, 0x04, 0x09, 0x04, 0x09, 0x04, 0x09, 0xE4, 0x08, 0xE4, 0x08, 0xE4, 0x08,
    0xE4, 0x08, 0xE4, 0x08, 0xE4, 0x08, 0xE4, 0x08, 0xE4, 0x08, 0xE4, 0x08, 0xE4, 0x08, 0xE4, 0x08,
    0xE4, 0x08, 0xE4, 0x08, 0xC4, 0x08, 0xC4, 0x08, 0xC4, 0x08, 0xA3, 0x08, 0x46, 0x19, 0xB4, 0x8C,
    0x53, 0x7C, 0x4E, 0x5B, 0x12, 0x74, 0x57, 0x9D, 0xE8, 0x29, 0xA8, 0x29, 0x37, 0x9D, 0x2A, 0x3A,
    0x41, 0x00, 0x4A, 0x3A, 0x36, 0x9D, 0xA8, 0x29, 0x62, 0x00, 0xA3, 0x08, 0xA3, 0x08, 0xA3, 0x08,
    0xA3, 0x08, 0xA3, 0x08, 0xA3, 0x08, 0xA3, 0x08, 0xA3, 0x08, 0x83, 0x08, 0x83, 0x08, 0x83, 0x08,
    0x83, 0x08, 0x83, 0x08, 0x83, 0x08, 0x83, 0x08, 0x83, 0x08, 0x83, 0x08, 0x83, 0x08, 0x82, 0x08,
    0x82, 0x08, 0x82, 0x08, 0x82, 0x08, 0x82, 0x08, 0x82, 0x08, 0x82, 0x08, 0x82, 0x08, 0x82, 0x08,
    0x82, 0x08, 0x62, 0x08, 0x62, 0x08, 0x62, 0x08, 0x62, 0x08, 0x62, 0x08, 0x62, 0x08, 0x62, 0x08,
    0x62, 0x08, 0x62, 0x08, 0x62, 0x08, 0x62, 0x08, 0x62, 0x08, 0x62, 0x08, 0x62, 0x08, 0x62, 0x08,
    0x62, 0x08, 0x62, 0x08, 0x62, 0x08, 0x62, 0x08, 0x62, 0x08, 0x62, 0x08, 0x62, 0x08, 0x62, 0x08,
    0x62, 0x08, 0x62, 0x08, 0x62, 0x08, 0x62, 0x08, 0x62, 0x08, 0x62, 0x08, 0x62, 0x08, 0x62, 0x08,
    0x62, 0x08, 0x62, 0x08, 0xD1, 0x6B, 0xF6, 0x94, 0x73, 0x84, 0xF5, 0x94, 0x12, 0x74, 0x41, 0x00,
    0xA8, 0x31, 0x37, 0x9D, 0x09, 0x3A, 0x00, 0x00, 0x09, 0x3A, 0x37, 0x9D, 0x87, 0x29, 0x21, 0x00,
    0x82, 0x08, 0x62, 0x08, 0x62, 0x08, 0x62, 0x08, 0x62, 0x08, 0x62, 0x08, 0x62, 0x08, 0x62, 0x08,
    0x62, 0x08, 0x62, 0x08, 0x62, 0x08, 0x62, 0x08, 0x62, 0x08, 0x62, 0x08, 0x62, 0x08, 0x62, 0x08,
    0x62, 0x08, 0x62, 0x08, 0x62, 0x08, 0x62, 0x08, 0x62, 0x08, 0x62, 0x08, 0x62, 0x08, 0x62, 0x08,
    0x62, 0x08, 0x62, 0x08, 0x62, 0x08, 0x62, 0x08, 0x42, 0x00, 0x11, 0x74, 0x32, 0x7C, 0x42, 0x00,
    0x42, 0x00, 0x32, 0x7C, 0xD1, 0x6B, 0x41, 0x00, 0x62, 0x08, 0x62, 0x08, 0x62, 0x08, 0x62, 0x08,
    0x62, 0x08, 0x62, 0x08, 0x62, 0x08, 0x62, 0x08, 0x62, 0x08, 0x62, 0x08, 0x62, 0x08, 0x62, 0x08,
    0x62, 0x08, 0x62, 0x08, 0x62, 0x08, 0x62, 0x08, 0x62, 0x08, 0x62, 0x08, 0x62, 0x08, 0x62, 0x08,
    0x62, 0x08, 0x62, 0x08, 0x62, 0x08, 0x62, 0x08, 0x62, 0x08, 0x62, 0x08, 0x62, 0x08, 0x62, 0x08,
    0x62, 0x08, 0x62, 0x08, 0x62, 0x08, 0x62, 0x08, 0x62, 0x08, 0x62, 0x08, 0x62, 0x08, 0x82, 0x08,
    0x82, 0x08, 0x82, 0x08, 0x82, 0x08, 0x82, 0x08, 0x82, 0x08, 0x82, 0x08, 0x82, 0x08, 0x82, 0x08,
    0x82, 0x08, 0x82, 0x08, 0x83, 0x08, 0x83, 0x08, 0x83, 0x08, 0x83, 0x08, 0x83, 0x08, 0x83, 0x08,
    0x83, 0x08, 0x83, 0x08, 0x83, 0x08, 0x83, 0x08, 0xA3, 0x08, 0xA3, 0x08, 0xA3, 0x08, 0xA3, 0x08,
    0xA3, 0x08, 0xA3, 0x08, 0xA3, 0x08, 0xA3, 0x08, 0x82, 0x00, 0xC8, 0x29, 0xD5, 0x8C, 0x73, 0x84,
    0x46, 0x19, 0x82, 0x00, 0x82, 0x00, 0x0D, 0x53, 0xF5, 0x8C, 0x46, 0x19, 0x42, 0x00, 0x4E, 0x5B,
    0xD5, 0x8C, 0x05, 0x11, 0xC3, 0x08, 0xC4, 0x08, 0xC4, 0x08, 0xC4, 0x08, 0xC4, 0x08, 0xE4, 0x08,
    0xE4, 0x08, 0xE4, 0x08, 0xE4, 0x08, 0xE4, 0x08, 0xE4, 0x08, 0xE4, 0x08, 0xE4, 0x08, 0xE4, 0x08,
    0xE4, 0x08, 0xE4, 0x08, 0xE4, 0x08, 0xE4, 0x08, 0x04, 0x09, 0x04, 0x09, 0x04, 0x09, 0x05, 0x09,
    0x05, 0x09, 0x05, 0x09, 0x05, 0x09, 0x05, 0x09, 0x05, 0x09, 0x05, 0x09, 0x05, 0x09, 0x05, 0x09,
    0x05, 0x09, 0x25, 0x09, 0x25, 0x09, 0x25, 0x09, 0x25, 0x09, 0x25, 0x09, 0x25, 0x09, 0x25, 0x09,
    0x25, 0x09, 0x25, 0x09, 0x25, 0x09, 0x25, 0x09, 0x25, 0x09, 0x25, 0x09, 0x25, 0x09, 0x25, 0x09,
    0x25, 0x09, 0x45, 0x09, 0x45, 0x09, 0x45, 0x09, 0x46, 0x09, 0x46, 0x09, 0x46, 0x09, 0x46, 0x09,
    0x46, 0x09, 0x46, 0x09, 0x46, 0x09, 0x46, 0x09, 0x46, 0x09, 0x46, 0x11, 0x05, 0x01, 0xED, 0x4A,
    0x16, 0x95, 0x2E, 0x53, 0xCC, 0x42, 0x94, 0x84, 0x53, 0x7C, 0x4A, 0x32, 0x6A, 0x32, 0x16, 0x95,
    0x6B, 0x3A, 0xC4, 0x00, 0x8B, 0x3A, 0x16, 0x95, 0x2A, 0x2A, 0x05, 0x09, 0x46, 0x11, 0x46, 0x09,
    0x46, 0x09, 0x46, 0x09, 0x46, 0x09, 0x46, 0x09, 0x46, 0x09, 0x46, 0x09, 0x46, 0x09, 0x45, 0x09,
    0x45, 0x09, 0x45, 0x09, 0x45, 0x09, 0x45, 0x09, 0x25, 0x09, 0x25, 0x09, 0x25, 0x09, 0x25, 0x09,
    0x25, 0x09, 0x25, 0x09, 0x25, 0x09, 0x25, 0x09, 0x25, 0x09, 0x25, 0x09, 0x25, 0x09, 0x25, 0x09,
    0x25, 0x09, 0x25, 0x09, 0x25, 0x09, 0x05, 0x09, 0x05, 0x09, 0x05, 0x09, 0x05, 0x09, 0x05, 0x09,
    0x05, 0x09, 0x05, 0x09, 0x05, 0x09, 0x05, 0x09, 0x05, 0x09, 0x04, 0x09, 0x04, 0x09, 0x04, 0x09,
    0xE4, 0x08, 0xE4, 0x08, 0xE4, 0x08, 0xE4, 0x08, 0xE4, 0x08, 0xE4, 0x08, 0xE4, 0x08, 0xE4, 0x08,
    0xE4, 0x08, 0xE4, 0x08, 0xE4, 0x08, 0xE4, 0x08, 0xE4, 0x08, 0xC4, 0x08, 0xC4, 0x08, 0xC4, 0x08,
    0xC4, 0x08, 0xA3, 0x08, 0x25, 0x19, 0xF5, 0x8C, 0xED, 0x52, 0x00, 0x00, 0x46, 0x19, 0x16, 0x95,
    0x8B, 0x42, 0xA7, 0x29, 0x37, 0x9D, 0x09, 0x32, 0x21, 0x00, 0x2A, 0x3A, 0x36, 0x9D, 0xA8, 0x29,
    0x62, 0x00, 0xA3, 0x08, 0xA3, 0x08, 0xA3, 0x08, 0xA3, 0x08, 0xA3, 0x08, 0xA3, 0x08, 0xA3, 0x08,
    0xA3, 0x08, 0x83, 0x08, 0x83, 0x08, 0x83, 0x08, 0x83, 0x08, 0x83, 0x08, 0x83, 0x08, 0x83, 0x08,
    0x83, 0x08, 0x83, 0x08, 0x82, 0x08, 0x82, 0x08, 0x82, 0x08, 0x82, 0x08, 0x82, 0x08, 0x82, 0x08,
    0x82, 0x08, 0x82, 0x08, 0x82, 0x08, 0x82, 0x08, 0x82, 0x08, 0x62, 0x08, 0x62, 0x08, 0x62, 0x08,
    0x62, 0x08, 0x62, 0x08, 0x62, 0x08, 0x62, 0x08, 0x62, 0x08, 0x62, 0x08, 0x62, 0x08, 0x62, 0x08,
    0x62, 0x08, 0x62, 0x08, 0x62, 0x08, 0x62, 0x08, 0x62, 0x08, 0x62, 0x08, 0x62, 0x08, 0x62, 0x08,
    0x62, 0x08, 0x62, 0x08, 0x62, 0x08, 0x62, 0x08, 0x62, 0x08, 0x62, 0x08, 0x62, 0x08, 0x62, 0x08,
    0x62, 0x08, 0x62, 0x08, 0x62, 0x08, 0x82, 0x08, 0x21, 0x00, 0x87, 0x29, 0x37, 0x9D, 0x2A, 0x3A,
    0x00, 0x00, 0xE9, 0x39, 0x57, 0x9D, 0x66, 0x29, 0x87, 0x29, 0x57, 0x9D, 0xE8, 0x31, 0x00, 0x00,
    0x09, 0x3A, 0x37, 0x9D, 0x87, 0x29, 0x21, 0x00, 0x82, 0x08, 0x62, 0x08, 0x62, 0x08, 0x62, 0x08,
    0x62, 0x08, 0x62, 0x08, 0x62, 0x08, 0x62, 0x08, 0x62, 0x08, 0x62, 0x08, 0x62, 0x08, 0x62, 0x08,
    0x62, 0x08, 0x62, 0x08, 0x62, 0x08, 0x62, 0x08, 0x62, 0x08, 0x62, 0x08, 0x62, 0x08, 0x62, 0x08,
    0x62, 0x08, 0x62, 0x08, 0x62, 0x08, 0x62, 0x08, 0x62, 0x08, 0x62, 0x08, 0x62, 0x08, 0x62, 0x08,
    0x41, 0x00, 0x11, 0x74, 0x53, 0x7C, 0x83, 0x08, 0xA3, 0x08, 0x73, 0x84, 0xD1, 0x6B, 0x21, 0x00,
    0x62, 0x08, 0x62, 0x08, 0x62, 0x08, 0x62, 0x08, 0x62, 0x08, 0x62, 0x08, 0x62, 0x08, 0x62, 0x08,
    0x62, 0x08, 0x62, 0x08, 0x62, 0x08, 0x62, 0x08, 0x62, 0x08, 0x62, 0x08, 0x62, 0x08, 0x62, 0x08,
    0x62, 0x08, 0x62, 0x08, 0x62, 0x08, 0x62, 0x08, 0x62, 0x08, 0x62, 0x08, 0x62, 0x08, 0x62, 0x08,
    0x62, 0x08, 0x62, 0x08, 0x62, 0x08, 0x62, 0x08, 0x62, 0x08, 0x62, 0x08, 0x62, 0x08, 0x62, 0x08,
    0x62, 0x08, 0x62, 0x08, 0x62, 0x08, 0x62, 0x08, 0x82, 0x08, 0x82, 0x08, 0x82, 0x08, 0x82, 0x08,
    0x82, 0x08, 0x82, 0x08, 0x82, 0x08, 0x82, 0x08, 0x82, 0x08, 0x82, 0x08, 0x83, 0x08, 0x83, 0x08,
    0x83, 0x08, 0x83, 0x08, 0x83, 0x08, 0x83, 0x08, 0x83, 0x08, 0x83, 0x08, 0x83, 0x08, 0x83, 0x08,
    0xA3, 0x08, 0xA3, 0x08, 0xA3, 0x08, 0xA3, 0x08, 0xA3, 0x08, 0xA3, 0x08, 0xA3, 0x08, 0x83, 0x08,
    0xE4, 0x10, 0x94, 0x84, 0x53, 0x7C, 0x05, 0x19, 0xA3, 0x08, 0xE4, 0x10, 0x62, 0x00, 0x0D, 0x53,
    0x16, 0x95, 0x87, 0x21, 0x82, 0x00, 0x8F, 0x63, 0xD5, 0x8C, 0x05, 0x11, 0xC3, 0x08, 0xC4, 0x08,
    0xC4, 0x08, 0xC4, 0x08, 0xC4, 0x08, 0xC4, 0x08, 0xE4, 0x08, 0xE4, 0x08, 0xE4, 0x08, 0xE4, 0x08,
    0xE4, 0x08, 0xE4, 0x08, 0xE4, 0x08, 0xE4, 0x08, 0xE4, 0x08, 0xE4, 0x08, 0xE4, 0x08, 0xE4, 0x08,
    0xE4, 0x08, 0x04, 0x09, 0x04, 0x09, 0x04, 0x09, 0x05, 0x09, 0x05, 0x09, 0x05, 0x09, 0x05, 0x09,
    0x05, 0x09, 0x05, 0x09, 0x05, 0x09, 0x05, 0x09, 0x05, 0x09, 0x05, 0x09, 0x25, 0x09, 0x25, 0x09,
    0x25, 0x09, 0x25, 0x09, 0x25, 0x09, 0x25, 0x09, 0x25, 0x09, 0x25, 0x09, 0x25, 0x09, 0x25, 0x09,
    0x25, 0x09, 0x25, 0x09, 0x25, 0x09, 0x25, 0x09, 0x25, 0x09, 0x25, 0x09, 0x25, 0x09, 0x25, 0x09,
    0x45, 0x09, 0x45, 0x09, 0x45, 0x09, 0x45, 0x09, 0x46, 0x09, 0x46, 0x09, 0x46, 0x09, 0x46, 0x09,
    0x46, 0x09, 0x46, 0x11, 0x05, 0x01, 0x0D, 0x4B, 0xB4, 0x8C, 0x94, 0x84, 0xB4, 0x8C, 0xB4, 0x84,
    0xD5, 0x8C, 0xF1, 0x6B, 0x4A, 0x32, 0x36, 0x9D, 0xCC, 0x42, 0xE4, 0x00, 0xCC, 0x42, 0x36, 0x9D,
    0x29, 0x2A, 0x05, 0x01, 0x46, 0x11, 0x46, 0x09, 0x46, 0x09, 0x46, 0x09, 0x46, 0x09, 0x45, 0x09,
    0x45, 0x09, 0x45, 0x09, 0x45, 0x09, 0x45, 0x09, 0x45, 0x09, 0x25, 0x09, 0x25, 0x09, 0x25, 0x09,
    0x25, 0x09, 0x25, 0x09, 0x25, 0x09, 0x25, 0x09, 0x25, 0x09, 0x25, 0x09, 0x25, 0x09, 0x25, 0x09,
    0x25, 0x09, 0x25, 0x09, 0x25, 0x09, 0x25, 0x09, 0x25, 0x09, 0x25, 0x09, 0x05, 0x09, 0x05, 0x09,
    0x05, 0x09, 0x05, 0x09, 0x05, 0x09, 0x05, 0x09, 0x05, 0x09, 0x05, 0x09, 0x05, 0x09, 0x05, 0x09,
    0x04, 0x09, 0x04, 0x09, 0x04, 0x09, 0xE4, 0x08, 0xE4, 0x08, 0xE4, 0x08, 0xE4, 0x08, 0xE4, 0x08,
    0xE4, 0x08, 0xE4, 0x08, 0xE4, 0x08, 0xE4, 0x08, 0xE4, 0x08, 0xE4, 0x08, 0xE4, 0x08, 0xE4, 0x08,
    0xC4, 0x08, 0xC4, 0x08, 0xC4, 0x08, 0xC4, 0x08, 0xC4, 0x08, 0xA3, 0x08, 0x25, 0x19, 0xF5, 0x8C,
    0x6F, 0x5B, 0x82, 0x00, 0xC8, 0x29, 0x36, 0x9D, 0x6B, 0x42, 0xA7, 0x29, 0x57, 0x9D, 0x6B, 0x42,
    0x41, 0x00, 0x6B, 0x42, 0x37, 0x9D, 0xA8, 0x29, 0x62, 0x00, 0xA3, 0x08, 0xA3, 0x08, 0xA3, 0x08,
    0xA3, 0x08, 0xA3, 0x08, 0xA3, 0x08, 0xA3, 0x08, 0x83, 0x08, 0x83, 0x08, 0x83, 0x08, 0x83, 0x08,
    0x83, 0x08, 0x83, 0x08, 0x83, 0x08, 0x83, 0x08, 0x83, 0x08, 0x83, 0x08, 0x82, 0x08, 0x82, 0x08,
    0x82, 0x08, 0x82, 0x08, 0x82, 0x08, 0x82, 0x08, 0x82, 0x08, 0x82, 0x08, 0x82, 0x08, 0x82, 0x08,
    0x62, 0x08, 0x62, 0x08, 0x62, 0x08, 0x62, 0x08, 0x62, 0x08, 0x62, 0x08, 0x62, 0x08, 0x62, 0x08,
    0x62, 0x08, 0x62, 0x08, 0x62, 0x08, 0x62, 0x08, 0x62, 0x08, 0x62, 0x08, 0x62, 0x08, 0x62, 0x08,
    0x62, 0x08, 0x62, 0x08, 0x62, 0x08, 0x62, 0x08, 0x62, 0x08, 0x62, 0x08, 0x62, 0x08, 0x62, 0x08,
    0x62, 0x08, 0x62, 0x08, 0x62, 0x08, 0x62, 0x08, 0x62, 0x08, 0x62, 0x08, 0x62, 0x08, 0x82, 0x08,
    0x21, 0x00, 0xC8, 0x31, 0x37, 0x9D, 0x09, 0x3A, 0x00, 0x00, 0xC8, 0x31, 0x57, 0x9D, 0xA7, 0x29,
    0x66, 0x29, 0x57, 0x9D, 0x4A, 0x42, 0x00, 0x00, 0x4A, 0x42, 0x37, 0x9D, 0x87, 0x29, 0x21, 0x00,
    0x82, 0x08, 0x62, 0x08, 0x62, 0x08, 0x62, 0x08, 0x62, 0x08, 0x62, 0x08, 0x62, 0x08, 0x62, 0x08,
    0x62, 0x08, 0x62, 0x08, 0x62, 0x08, 0x62, 0x08, 0x62, 0x08, 0x62, 0x08, 0x62, 0x08, 0x62, 0x08,
    0x62, 0x08, 0x62, 0x08, 0x62, 0x08, 0x62, 0x08, 0x62, 0x08, 0x62, 0x08, 0x62, 0x08, 0x62, 0x08,
    0x62, 0x08, 0x62, 0x08, 0x62, 0x08, 0x82, 0x08, 0x21, 0x00, 0xAC, 0x4A, 0x37, 0x9D, 0x94, 0x84,
    0x94, 0x84, 0x37, 0x9D, 0x6B, 0x42, 0x21, 0x00, 0x82, 0x08, 0x62, 0x08, 0x62, 0x08, 0x62, 0x08,
    0x62, 0x08, 0x62, 0x08, 0x62, 0x08, 0x62, 0x08, 0x62, 0x08, 0x62, 0x08, 0x62, 0x08, 0x62, 0x08,
    0x62, 0x08, 0x62, 0x08, 0x62, 0x08, 0x62, 0x08, 0x62, 0x08, 0x62, 0x08, 0x62, 0x08, 0x62, 0x08,
    0x62, 0x08, 0x62, 0x08, 0x62, 0x08, 0x62, 0x08, 0x62, 0x08, 0x62, 0x08, 0x62, 0x08, 0x62, 0x08,
    0x62, 0x08, 0x62, 0x08, 0x62, 0x08, 0x62, 0x08, 0x62, 0x08, 0x62, 0x08, 0x62, 0x08, 0x62, 0x08,
    0x62, 0x08, 0x82, 0x08, 0x82, 0x08, 0x82, 0x08, 0x82, 0x08, 0x82, 0x08, 0x82, 0x08, 0x82, 0x08,
    0x82, 0x08, 0x82, 0x08, 0x82, 0x08, 0x83, 0x08, 0x83, 0x08, 0x83, 0x08, 0x83, 0x08, 0x83, 0x08,
    0x83, 0x08, 0x83, 0x08, 0x83, 0x08, 0x83, 0x08, 0x83, 0x08, 0xA3, 0x08, 0xA3, 0x08, 0xA3, 0x08,
    0xA3, 0x08, 0xA3, 0x08, 0xA3, 0x08, 0x62, 0x00, 0x66, 0x21, 0x16, 0x95, 0xD5, 0x8C, 0x94, 0x84,
    0xB5, 0x8C, 0x94, 0x84, 0x04, 0x11, 0xC8, 0x29, 0x16, 0x95, 0xD5, 0x8C, 0x94, 0x84, 0x36, 0x9D,
    0x90, 0x63, 0xA3, 0x08, 0xC4, 0x08, 0xC4, 0x08, 0xC4, 0x08, 0xC4, 0x08, 0xC4, 0x08, 0xC4, 0x08,
    0xC4, 0x08, 0xE4, 0x08, 0xE4, 0x08, 0xE4, 0x08, 0xE4, 0x08, 0xE4, 0x08, 0xE4, 0x08, 0xE4, 0x08,
    0xE4, 0x08, 0xE4, 0x08, 0xE4, 0x08, 0xE4, 0x08, 0xE4, 0x08, 0xE4, 0x08, 0x04, 0x09, 0x04, 0x09,
    0x04, 0x09, 0x04, 0x09, 0x05, 0x09, 0x05, 0x09, 0x05, 0x09, 0x05, 0x09, 0x05, 0x09, 0x05, 0x09,
    0x05, 0x09, 0x05, 0x09, 0x05, 0x09, 0x05, 0x09, 0x25, 0x09, 0x25, 0x09, 0x25, 0x09, 0x25, 0x09,
    0x25, 0x09, 0x25, 0x09, 0x25, 0x09, 0x25, 0x09, 0x25, 0x09, 0x25, 0x09, 0x25, 0x09, 0x25, 0x09,
    0x25, 0x09, 0x25, 0x09, 0x25, 0x09, 0x25, 0x09, 0x25, 0x09, 0x25, 0x09, 0x25, 0x09, 0x45, 0x09,
    0x25, 0x09, 0x45, 0x09, 0x45, 0x09, 0x45, 0x09, 0x45, 0x09, 0x45, 0x09, 0x45, 0x09, 0x46, 0x09,
    0x66, 0x11, 0x66, 0x11, 0x66, 0x11, 0x94, 0x84, 0xF1, 0x6B, 0x05, 0x01, 0xA7, 0x19, 0x94, 0x84,
    0xF5, 0x94, 0x94, 0x84, 0xF6, 0x94, 0x73, 0x84, 0x87, 0x11, 0x25, 0x09, 0x46, 0x09, 0x45, 0x09,
    0x45, 0x09, 0x45, 0x09, 0x45, 0x09, 0x45, 0x09, 0x45, 0x09, 0x25, 0x09, 0x25, 0x09, 0x25, 0x09,
    0x25, 0x09, 0x25, 0x09, 0x25, 0x09, 0x25, 0x09, 0x25, 0x09, 0x25, 0x09, 0x25, 0x09, 0x25, 0x09,
    0x25, 0x09, 0x25, 0x09, 0x25, 0x09, 0x25, 0x09, 0x25, 0x09, 0x25, 0x09, 0x25, 0x09, 0x25, 0x09,
    0x05, 0x09, 0x05, 0x09, 0x05, 0x09, 0x05, 0x09, 0x05, 0x09, 0x05, 0x09, 0x05, 0x09, 0x05, 0x09,
    0x05, 0x09, 0x05, 0x09, 0x04, 0x09, 0x04, 0x09, 0x04, 0x09, 0x04, 0x09, 0xE4, 0x08, 0xE4, 0x08,
    0xE4, 0x08, 0xE4, 0x08, 0xE4, 0x08, 0xE4, 0x08, 0xE4, 0x08, 0xE4, 0x08, 0xE4, 0x08, 0xE4, 0x08,
    0xE4, 0x08, 0xE4, 0x08, 0xE4, 0x08, 0xC4, 0x08, 0xC4, 0x08, 0xC4, 0x08, 0xC4, 0x08, 0xC4, 0x08,
    0xC4, 0x08, 0xC4, 0x08, 0xC3, 0x08, 0xD1, 0x6B, 0x36, 0x95, 0x94, 0x84, 0xD5, 0x8C, 0xF5, 0x94,
    0x87, 0x21, 0xE4, 0x10, 0x94, 0x84, 0xF6, 0x94, 0x73, 0x84, 0x16, 0x95, 0x73, 0x84, 0xE4, 0x10,
    0x83, 0x08, 0xA3, 0x08, 0xA3, 0x08, 0xA3, 0x08, 0xA3, 0x08, 0xA3, 0x08, 0xA3, 0x08, 0x83, 0x08,
    0x83, 0x08, 0x83, 0x08, 0x83, 0x08, 0x83, 0x08, 0x83, 0x08, 0x83, 0x08, 0x83, 0x08, 0x83, 0x08,
    0x83, 0x08, 0x82, 0x08, 0x82, 0x08, 0x82, 0x08, 0x82, 0x08, 0x82, 0x08, 0x82, 0x08, 0x82, 0x08,
    0x82, 0x08, 0x82, 0x08, 0x82, 0x08, 0x82, 0x08, 0x62, 0x08, 0x62, 0x08, 0x62, 0x08, 0x62, 0x08,
    0x62, 0x08, 0x62, 0x08, 0x62, 0x08, 0x62, 0x08, 0x62, 0x08, 0x62, 0x08, 0x62, 0x08, 0x62, 0x08,
    0x62, 0x08, 0x62, 0x08, 0x62, 0x08, 0x62, 0x08, 0x62, 0x08, 0x62, 0x08, 0x62, 0x08, 0x62, 0x08,
    0x62, 0x08, 0x62, 0x08, 0x62, 0x08, 0x62, 0x08, 0x62, 0x08, 0x62, 0x08, 0x62, 0x08, 0x62, 0x08,
    0x62, 0x08, 0x62, 0x08, 0x62, 0x08, 0x62, 0x08, 0x42, 0x00, 0xE4, 0x18, 0x94, 0x84, 0xF6, 0x94,
    0x73, 0x84, 0xF5, 0x94, 0xB5, 0x8C, 0xE4, 0x18, 0xC3, 0x10, 0x94, 0x84, 0xF6, 0x94, 0x73, 0x84,
    0x16, 0x95, 0x73, 0x84, 0xC3, 0x10, 0x42, 0x08, 0x62, 0x08, 0x62, 0x08, 0x62, 0x08, 0x62, 0x08,
    0x62, 0x08, 0x62, 0x08, 0x62, 0x08, 0x62, 0x08, 0x62, 0x08, 0x62, 0x08, 0x62, 0x08, 0x62, 0x08,
    0x62, 0x08, 0x62, 0x08, 0x62, 0x08, 0x62, 0x08, 0x62, 0x08, 0x62, 0x08, 0x62, 0x08, 0x62, 0x08,
    0x62, 0x08, 0x62, 0x08, 0x62, 0x08, 0x62, 0x08, 0x62, 0x08, 0x62, 0x08, 0x62, 0x08, 0x62, 0x08,
    0x62, 0x08, 0x62, 0x08, 0xE9, 0x39, 0xAC, 0x4A, 0xAC, 0x4A, 0xE8, 0x31, 0x62, 0x08, 0x62, 0x08,
    0x62, 0x08, 0x62, 0x08, 0x62, 0x08, 0x62, 0x08, 0x62, 0x08, 0x62, 0x08, 0x62, 0x08, 0x62, 0x08,
    0x62, 0x08, 0x62, 0x08, 0x62, 0x08, 0x62, 0x08, 0x62, 0x08, 0x62, 0x08, 0x62, 0x08, 0x62, 0x08,
    0x62, 0x08, 0x62, 0x08, 0x62, 0x08, 0x62, 0x08, 0x62, 0x08, 0x62, 0x08, 0x62, 0x08, 0x62, 0x08,
    0x62, 0x08, 0x62, 0x08, 0x62, 0x08, 0x62, 0x08, 0x62, 0x08, 0x62, 0x08, 0x62, 0x08, 0x62, 0x08,
    0x62, 0x08, 0x62, 0x08, 0x62, 0x08, 0x62, 0x08, 0x62, 0x08, 0x82, 0x08, 0x82, 0x08, 0x82, 0x08,
    0x82, 0x08, 0x82, 0x08, 0x82, 0x08, 0x82, 0x08, 0x82, 0x08, 0x82, 0x08, 0x82, 0x08, 0x82, 0x08,
    0x83, 0x08, 0x83, 0x08, 0x83, 0x08, 0x83, 0x08, 0x83, 0x08, 0x83, 0x08, 0x83, 0x08, 0x83, 0x08,
    0x83, 0x08, 0x83, 0x08, 0xA3, 0x08, 0xA3, 0x08, 0xA3, 0x08, 0xA3, 0x08, 0xA3, 0x08, 0x83, 0x08,
    0xE4, 0x10, 0xAC, 0x4A, 0xCC, 0x4A, 0xCC, 0x4A, 0xCC, 0x4A, 0xAC, 0x4A, 0xE4, 0x10, 0x82, 0x00,
    0xC8, 0x29, 0xCC, 0x4A, 0xED, 0x4A, 0x6B, 0x42, 0xE4, 0x10, 0xA3, 0x08, 0xC4, 0x08, 0xC4, 0x08,
    0xC4, 0x08, 0xC4, 0x08, 0xC4, 0x08, 0xC4, 0x08, 0xC4, 0x08, 0xC4, 0x08, 0xC4, 0x08, 0xE4, 0x08,
    0xE4, 0x08, 0xE4, 0x08, 0xE4, 0x08, 0xE4, 0x08, 0xE4, 0x08, 0xE4, 0x08, 0xE4, 0x08, 0xE4, 0x08,
    0xE4, 0x08, 0xE4, 0x08, 0xE4, 0x08, 0xE4, 0x08, 0x04, 0x09, 0x04, 0x09, 0x04, 0x09, 0x05, 0x09,
    0x05, 0x09, 0x05, 0x09, 0x05, 0x09, 0x05, 0x09, 0x05, 0x09, 0x05, 0x09, 0x05, 0x09, 0x05, 0x09,
    0x05, 0x09, 0x05, 0x09, 0x25, 0x09, 0x25, 0x09, 0x25, 0x09, 0x25, 0x09, 0x25, 0x09, 0x25, 0x09,
    0x25, 0x09, 0x25, 0x09, 0x25, 0x09, 0x25, 0x09, 0x25, 0x09, 0x25, 0x09, 0x25, 0x09, 0x25, 0x09,
    0x25, 0x09, 0x25, 0x09, 0x25, 0x09, 0x25, 0x09, 0x25, 0x09, 0x25, 0x09, 0x25, 0x09, 0x25, 0x09,
    0x25, 0x09, 0x25, 0x09, 0x45, 0x09, 0x25, 0x09, 0x25, 0x09, 0x25, 0x09, 0x25, 0x09, 0xCC, 0x42,
    0x6B, 0x3A, 0x25, 0x09, 0x25, 0x09, 0xC8, 0x21, 0xED, 0x4A, 0x0D, 0x53, 0xED, 0x4A, 0xA8, 0x21,
    0x25, 0x09, 0x46, 0x09, 0x25, 0x09, 0x25, 0x09, 0x25, 0x09, 0x25, 0x09, 0x25, 0x09, 0x25, 0x09,
    0x25, 0x09, 0x25, 0x09, 0x25, 0x09, 0x25, 0x09, 0x25, 0x09, 0x25, 0x09, 0x25, 0x09, 0x25, 0x09,
    0x25, 0x09, 0x25, 0x09, 0x25, 0x09, 0x25, 0x09, 0x25, 0x09, 0x25, 0x09, 0x25, 0x09, 0x25, 0x09,
    0x25, 0x09, 0x25, 0x09, 0x05, 0x09, 0x05, 0x09, 0x05, 0x09, 0x05, 0x09, 0x05, 0x09, 0x05, 0x09,
    0x05, 0x09, 0x05, 0x09, 0x05, 0x09, 0x05, 0x09, 0x05, 0x09, 0x04, 0x09, 0x04, 0x09, 0x04, 0x09,
    0xE4, 0x08, 0xE4, 0x08, 0xE4, 0x08, 0xE4, 0x08, 0xE4, 0x08, 0xE4, 0x08, 0xE4, 0x08, 0xE4, 0x08,
    0xE4, 0x08, 0xE4, 0x08, 0xE4, 0x08, 0xE4, 0x08, 0xE4, 0x08, 0xE4, 0x08, 0xC4, 0x08, 0xC4, 0x08,
    0xC4, 0x08, 0xC4, 0x08, 0xC4, 0x08, 0xC4, 0x08, 0xC4, 0x08, 0xC4, 0x08, 0xA3, 0x08, 0x05, 0x11,
    0x8B, 0x42, 0xEC, 0x4A, 0xCC, 0x4A, 0xA7, 0x29, 0xA3, 0x08, 0xA3, 0x08, 0x46, 0x19, 0xAC, 0x4A,
    0xCC, 0x4A, 0xAC, 0x4A, 0x26, 0x19, 0x83, 0x00, 0xA3, 0x08, 0xA3, 0x08, 0xA3, 0x08, 0xA3, 0x08,
    0xA3, 0x08, 0xA3, 0x08, 0x83, 0x08, 0x83, 0x08, 0x83, 0x08, 0x83, 0x08, 0x83, 0x08, 0x83, 0x08,
    0x83, 0x08, 0x83, 0x08, 0x83, 0x08, 0x83, 0x08, 0x83, 0x08, 0x82, 0x08, 0x82, 0x08, 0x82, 0x08,
    0x82, 0x08, 0x82, 0x08, 0x82, 0x08, 0x82, 0x08, 0x82, 0x08, 0x82, 0x08, 0x82, 0x08, 0x62, 0x08,
    0x62, 0x08, 0x62, 0x08, 0x62, 0x08, 0x62, 0x08, 0x62, 0x08, 0x62, 0x08, 0x62, 0x08, 0x62, 0x08,
    0x62, 0x08, 0x62, 0x08, 0x62, 0x08, 0x62, 0x08, 0x62, 0x08, 0x62, 0x08, 0x62, 0x08, 0x62, 0x08,
    0x62, 0x08, 0x62, 0x08, 0x62, 0x08, 0x62, 0x08, 0x62, 0x08, 0x62, 0x08, 0x62, 0x08, 0x62, 0x08,
    0x62, 0x08, 0x62, 0x08, 0x62, 0x08, 0x62, 0x08, 0x62, 0x08, 0x62, 0x08, 0x62, 0x08, 0x62, 0x08,
    0x62, 0x08, 0x41, 0x00, 0x25, 0x21, 0x8B, 0x4A, 0xAC, 0x4A, 0x8B, 0x4A, 0x46, 0x21, 0x42, 0x00,
    0x42, 0x00, 0x25, 0x19, 0x8B, 0x4A, 0xAC, 0x4A, 0x8B, 0x4A, 0x05, 0x19, 0x41, 0x00, 0x62, 0x08,
    0x62, 0x08, 0x62, 0x08, 0x62, 0x08, 0x62, 0x08, 0x62, 0x08, 0x62, 0x08, 0x62, 0x08, 0x62, 0x08,
    0x62, 0x08, 0x62, 0x08, 0x62, 0x08, 0x62, 0x08, 0x62, 0x08, 0x62, 0x08, 0x62, 0x08, 0x62, 0x08,
    0x62, 0x08, 0x62, 0x08, 0x62, 0x08, 0x62, 0x08, 0x62, 0x08, 0x62, 0x08, 0x62, 0x08, 0x62, 0x08,
    0x62, 0x08, 0x62, 0x08, 0x62, 0x08, 0x62, 0x08, 0x62, 0x08, 0x62, 0x08, 0x21, 0x00, 0x01, 0x00,
    0x01, 0x00, 0x21, 0x00, 0x62, 0x08, 0x62, 0x08, 0x62, 0x08, 0x62, 0x08, 0x62, 0x08, 0x62, 0x08,
    0x62, 0x08, 0x62, 0x08, 0x62, 0x08, 0x62, 0x08, 0x62, 0x08, 0x62, 0x08, 0x62, 0x08, 0x62, 0x08,
    0x62, 0x08, 0x62, 0x08, 0x62, 0x08, 0x62, 0x08, 0x62, 0x08, 0x62, 0x08, 0x62, 0x08, 0x62, 0x08,
    0x62, 0x08, 0x62, 0x08, 0x62, 0x08, 0x62, 0x08, 0x62, 0x08, 0x62, 0x08, 0x62, 0x08, 0x62, 0x08,
    0x62, 0x08, 0x62, 0x08, 0x62, 0x08, 0x62, 0x08, 0x62, 0x08, 0x62, 0x08, 0x62, 0x08, 0x62, 0x08,
    0x62, 0x08, 0x62, 0x08, 0x82, 0x08, 0x82, 0x08, 0x82, 0x08, 0x82, 0x08, 0x82, 0x08, 0x82, 0x08,
    0x82, 0x08, 0x82, 0x08, 0x82, 0x08, 0x82, 0x08, 0x83, 0x08, 0x83, 0x08, 0x83, 0x08, 0x83, 0x08,
    0x83, 0x08, 0x83, 0x08, 0x83, 0x08, 0x83, 0x08, 0x83, 0x08, 0x83, 0x08, 0x83, 0x08, 0xA3, 0x08,
    0xA3, 0x08, 0xA3, 0x08, 0xA3, 0x08, 0xA3, 0x08, 0x83, 0x08, 0x42, 0x00, 0x42, 0x00, 0x62, 0x00,
    0x42, 0x00, 0x62, 0x00, 0xA3, 0x08, 0xC3, 0x08, 0x82, 0x00, 0x62, 0x00, 0x62, 0x00, 0x62, 0x00,
    0xA3, 0x08, 0xC4, 0x08, 0xC3, 0x08, 0xC4, 0x08, 0xC4, 0x08, 0xC4, 0x08, 0xC4, 0x08, 0xC4, 0x08,
    0xC4, 0x08, 0xC4, 0x08, 0xC4, 0x08, 0xC4, 0x08, 0xE4, 0x08, 0xE4, 0x08, 0xE4, 0x08, 0xE4, 0x08,
    0xE4, 0x08, 0xE4, 0x08, 0xE4, 0x08, 0xE4, 0x08, 0xE4, 0x08, 0xE4, 0x08, 0xE4, 0x08, 0xE4, 0x08,
    0xE4, 0x08, 0x04, 0x09, 0x04, 0x09, 0x04, 0x09, 0x04, 0x09, 0x05, 0x09, 0x05, 0x09, 0x05, 0x09,
    0x05, 0x09, 0x05, 0x09, 0x05, 0x09, 0x05, 0x09, 0x05, 0x09, 0x05, 0x09, 0x05, 0x09, 0x05, 0x09,
    0x25, 0x09, 0x25, 0x09, 0x25, 0x09, 0x25, 0x09, 0x25, 0x09, 0x25, 0x09, 0x25, 0x09, 0x25, 0x09,
    0x25, 0x09, 0x25, 0x09, 0x25, 0x09, 0x25, 0x09, 0x25, 0x09, 0x25, 0x09, 0x25, 0x09, 0x25, 0x09,
    0x25, 0x09, 0x25, 0x09, 0x25, 0x09, 0x25, 0x09, 0x25, 0x09, 0x25, 0x09, 0x25, 0x09, 0x25, 0x09,
    0x45, 0x09, 0x45, 0x09, 0x45, 0x09, 0x04, 0x01, 0x05, 0x09, 0x45, 0x09, 0x45, 0x09, 0x25, 0x09,
    0xE4, 0x00, 0xE4, 0x00, 0xE4, 0x00, 0x25, 0x09, 0x45, 0x09, 0x25, 0x09, 0x25, 0x09, 0x25, 0x09,
    0x25, 0x09, 0x25, 0x09, 0x25, 0x09, 0x25, 0x09, 0x25, 0x09, 0x25, 0x09, 0x25, 0x09, 0x25, 0x09,
    0x25, 0x09, 0x25, 0x09, 0x25, 0x09, 0x25, 0x09, 0x25, 0x09, 0x25, 0x09, 0x25, 0x09, 0x25, 0x09,
    0x25, 0x09, 0x25, 0x09, 0x25, 0x09, 0x05, 0x09, 0x05, 0x09, 0x05, 0x09, 0x05, 0x09, 0x05, 0x09,
    0x05, 0x09, 0x05, 0x09, 0x05, 0x09, 0x05, 0x09, 0x05, 0x09, 0x05, 0x09, 0x05, 0x09, 0x04, 0x09,
    0x04, 0x09, 0x04, 0x09, 0x04, 0x09, 0xE4, 0x08, 0xE4, 0x08, 0xE4, 0x08, 0xE4, 0x08, 0xE4, 0x08,
    0xE4, 0x08, 0xE4, 0x08, 0xE4, 0x08, 0xE4, 0x08, 0xE4, 0x08, 0xE4, 0x08, 0xE4, 0x08, 0xE4, 0x08,
    0xE4, 0x08, 0xC4, 0x08, 0xC4, 0x08, 0xC4, 0x08, 0xC4, 0x08, 0xC4, 0x08, 0xC4, 0x08, 0xC4, 0x08,
    0xC4, 0x08, 0xC3, 0x08, 0xC4, 0x08, 0xA3, 0x08, 0x62, 0x00, 0x62, 0x00, 0x62, 0x00, 0x83, 0x00,
    0xC3, 0x08, 0xC3, 0x08, 0x83, 0x00, 0x62, 0x00, 0x62, 0x00, 0x42, 0x00, 0x83, 0x00, 0xA3, 0x08,
    0xA3, 0x08, 0xA3, 0x08, 0xA3, 0x08, 0xA3, 0x08, 0xA3, 0x08, 0xA3, 0x08, 0x83, 0x08, 0x83, 0x08,
    0x83, 0x08, 0x83, 0x08, 0x83, 0x08, 0x83, 0x08, 0x83, 0x08, 0x83, 0x08, 0x83, 0x08, 0x83, 0x08,
    0x82, 0x08, 0x82, 0x08, 0x82, 0x08, 0x82, 0x08, 0x82, 0x08, 0x82, 0x08, 0x82, 0x08, 0x82, 0x08,
    0x82, 0x08, 0x82, 0x08, 0x82, 0x08, 0x62, 0x08, 0x62, 0x08, 0x62, 0x08, 0x62, 0x08, 0x62, 0x08,
    0x62, 0x08, 0x62, 0x08, 0x62, 0x08, 0x62, 0x08, 0x62, 0x08, 0x62, 0x08, 0x62, 0x08, 0x62, 0x08,
    0x62, 0x08, 0x62, 0x08, 0x62, 0x08, 0x62, 0x08, 0x62, 0x08, 0x62, 0x08, 0x62, 0x08, 0x62, 0x08,
    0x62, 0x08, 0x62, 0x08, 0x62, 0x08, 0x62, 0x08, 0x62, 0x08, 0x62, 0x08, 0x62, 0x08, 0x62, 0x08,
    0x62, 0x08, 0x62, 0x08, 0x62, 0x08, 0x62, 0x08, 0x62, 0x08, 0x62, 0x08, 0x41, 0x00, 0x01, 0x00,
    0x01, 0x00, 0x01, 0x00, 0x41, 0x00, 0x62, 0x08, 0x62, 0x08, 0x41, 0x00, 0x01, 0x00, 0x01, 0x00,
    0x01, 0x00, 0x42, 0x00, 0x62, 0x08, 0x62, 0x08, 0x62, 0x08, 0x62, 0x08, 0x62, 0x08, 0x62, 0x08,
    0x62, 0x08, 0x62, 0x08, 0x62, 0x08, 0x62, 0x08, 0x62, 0x08, 0x62, 0x08, 0x62, 0x08, 0x62, 0x08,
    0x62, 0x08, 0x62, 0x08, 0x62, 0x08, 0x62, 0x08, 0x62, 0x08, 0x62, 0x08, 0x62, 0x08, 0x62, 0x08,
    0x62, 0x08, 0x62, 0x08, 0x62, 0x08, 0x62, 0x08, 0x62, 0x08, 0x62, 0x08, 0x62, 0x08, 0x62, 0x08,
    0x62, 0x08, 0x62, 0x08, 0x82, 0x08, 0x82, 0x08, 0x82, 0x08, 0x82, 0x08, 0x62, 0x08, 0x62, 0x08,
    0x62, 0x08, 0x62, 0x08, 0x62, 0x08, 0x62, 0x08, 0x62, 0x08, 0x62, 0x08, 0x62, 0x08, 0x62, 0x08,
    0x62, 0x08, 0x62, 0x08, 0x62, 0x08, 0x62, 0x08, 0x62, 0x08, 0x62, 0x08, 0x62, 0x08, 0x62, 0x08,
    0x62, 0x08, 0x62, 0x08, 0x62, 0x08, 0x62, 0x08, 0x62, 0x08, 0x62, 0x08, 0x62, 0x08, 0x62, 0x08,
    0x62, 0x08, 0x62, 0x08, 0x62, 0x08, 0x62, 0x08, 0x62, 0x08, 0x62, 0x08, 0x62, 0x08, 0x62, 0x08,
    0x62, 0x08, 0x62, 0x08, 0x62, 0x08, 0x62, 0x08, 0x62, 0x08, 0x62, 0x08, 0x82, 0x08, 0x82, 0x08,
    0x82, 0x08, 0x82, 0x08, 0x82, 0x08, 0x82, 0x08, 0x82, 0x08, 0x82, 0x08, 0x82, 0x08, 0x82, 0x08,
    0x82, 0x08, 0x83, 0x08, 0x83, 0x08, 0x83, 0x08, 0x83, 0x08, 0x83, 0x08, 0x83, 0x08, 0x83, 0x08,
    0x83, 0x08, 0x83, 0x08, 0x83, 0x08, 0xA3, 0x08, 0xA3, 0x08, 0xA3, 0x08, 0xA3, 0x08, 0xA3, 0x08,
    0xA3, 0x08, 0xA3, 0x08, 0xA3, 0x08, 0xC3, 0x08, 0xC3, 0x08, 0xC3, 0x08, 0xA3, 0x08, 0xA3, 0x08,
    0xC3, 0x08, 0xC4, 0x08, 0xC4, 0x08, 0xC4, 0x08, 0xC3, 0x08, 0xC3, 0x08, 0xC3, 0x08, 0xC3, 0x08,
    0xC4, 0x08, 0xC4, 0x08, 0xC4, 0x08, 0xC4, 0x08, 0xC4, 0x08, 0xC4, 0x08, 0xC4, 0x08, 0xC4, 0x08,
    0xC4, 0x08, 0xE4, 0x08, 0xE4, 0x08, 0xE4, 0x08, 0xE4, 0x08, 0xE4, 0x08, 0xE4, 0x08, 0xE4, 0x08,
    0xE4, 0x08, 0xE4, 0x08, 0xE4, 0x08, 0xE4, 0x08, 0xE4, 0x08, 0xE4, 0x08, 0xE4, 0x08, 0x04, 0x09,
    0x04, 0x09, 0x04, 0x09, 0x04, 0x09, 0x05, 0x09, 0x05, 0x09, 0x05, 0x09, 0x05, 0x09, 0x05, 0x09,
    0x05, 0x09, 0x05, 0x09, 0x05, 0x09, 0x05, 0x09, 0x05, 0x09, 0x05, 0x09, 0x05, 0x09, 0x25, 0x09,
    0x25, 0x09, 0x25, 0x09, 0x25, 0x09, 0x25, 0x09, 0x25, 0x09, 0x25, 0x09, 0x25, 0x09, 0x25, 0x09,
    0x25, 0x09, 0x25, 0x09, 0x25, 0x09, 0x25, 0x09, 0x25, 0x09, 0x25, 0x09, 0x25, 0x09, 0x25, 0x09,
    0x25, 0x09, 0x25, 0x09, 0x25, 0x09, 0x25, 0x09, 0x25, 0x09, 0x25, 0x09, 0x25, 0x09, 0x46, 0x11,
    0x45, 0x09, 0x25, 0x09, 0x25, 0x09, 0x45, 0x09, 0x46, 0x11, 0x46, 0x11, 0x46, 0x11, 0x25, 0x09,
    0x25, 0x09, 0x25, 0x09, 0x25, 0x09, 0x25, 0x09, 0x25, 0x09, 0x25, 0x09, 0x25, 0x09, 0x25, 0x09,
    0x25, 0x09, 0x25, 0x09, 0x25, 0x09, 0x25, 0x09, 0x25, 0x09, 0x25, 0x09, 0x25, 0x09, 0x25, 0x09,
    0x25, 0x09, 0x25, 0x09, 0x25, 0x09, 0x25, 0x09, 0x25, 0x09, 0x25, 0x09, 0x05, 0x09, 0x05, 0x09,
    0x05, 0x09, 0x05, 0x09, 0x05, 0x09, 0x05, 0x09, 0x05, 0x09, 0x05, 0x09, 0x05, 0x09, 0x05, 0x09,
    0x05, 0x09, 0x05, 0x09, 0x04, 0x09, 0x04, 0x09, 0x04, 0x09, 0x04, 0x09, 0xE4, 0x08, 0xE4, 0x08,
    0xE4, 0x08, 0xE4, 0x08, 0xE4, 0x08, 0xE4, 0x08, 0xE4, 0x08, 0xE4, 0x08, 0xE4, 0x08, 0xE4, 0x08,
    0xE4, 0x08, 0xE4, 0x08, 0xE4, 0x08, 0xC4, 0x08, 0xC4, 0x08, 0xC4, 0x08, 0xC4, 0x08, 0xC4, 0x08,
    0xC4, 0x08, 0xC4, 0x08, 0xC4, 0x08, 0xC4, 0x08, 0xC3, 0x08, 0xC3, 0x08, 0xC3, 0x08, 0xC3, 0x08,
    0xC4, 0x08, 0xC4, 0x08, 0xC4, 0x08, 0xC3, 0x08, 0xA3, 0x08, 0xA3, 0x08, 0xA3, 0x08, 0xC3, 0x08,
    0xC3, 0x08, 0xA3, 0x08, 0xA3, 0x08, 0xA3, 0x08, 0xA3, 0x08, 0xA3, 0x08, 0xA3, 0x08, 0xA3, 0x08,
    0xA3, 0x08, 0x83, 0x08, 0x83, 0x08, 0x83, 0x08, 0x83, 0x08, 0x83, 0x08, 0x83, 0x08, 0x83, 0x08,
    0x83, 0x08, 0x83, 0x08, 0x83, 0x08, 0x82, 0x08, 0x82, 0x08, 0x82, 0x08, 0x82, 0x08, 0x82, 0x08,
    0x82, 0x08, 0x82, 0x08, 0x82, 0x08, 0x82, 0x08, 0x82, 0x08, 0x82, 0x08, 0x62, 0x08, 0x62, 0x08,
    0x62, 0x08, 0x62, 0x08, 0x62, 0x08, 0x62, 0x08, 0x62, 0x08, 0x62, 0x08, 0x62, 0x08, 0x62, 0x08,
    0x62, 0x08, 0x62, 0x08, 0x62, 0x08, 0x62, 0x08, 0x62, 0x08, 0x62, 0x08, 0x62, 0x08, 0x62, 0x08,
    0x62, 0x08, 0x62, 0x08, 0x62, 0x08, 0x62, 0x08, 0x62, 0x08, 0x62, 0x08, 0x62, 0x08, 0x62, 0x08,
    0x62, 0x08, 0x62, 0x08, 0x62, 0x08, 0x62, 0x08, 0x62, 0x08, 0x62, 0x08, 0x62, 0x08, 0x62, 0x08,
    0x62, 0x08, 0x62, 0x08, 0x62, 0x08, 0x82, 0x08, 0x82, 0x08, 0x82, 0x08, 0x62, 0x08, 0x62, 0x08,
    0x62, 0x08, 0x62, 0x08, 0x82, 0x08, 0x82, 0x08, 0x82, 0x08, 0x62, 0x08, 0x62, 0x08, 0x62, 0x08,
    0x62, 0x08, 0x62, 0x08, 0x62, 0x08, 0x62, 0x08, 0x62, 0x08, 0x62, 0x08, 0x62, 0x08, 0x62, 0x08,
    0x62, 0x08, 0x62, 0x08, 0x62, 0x08, 0x62, 0x08, 0x62, 0x08, 0x62, 0x08, 0x62, 0x08, 0x62, 0x08,
    0x62, 0x08, 0x62, 0x08, 0x62, 0x08, 0x62, 0x08, 0x62, 0x08, 0x62, 0x08, 0x62, 0x08, 0x62, 0x08,
    0x62, 0x08, 0x62, 0x08, 0x62, 0x08, 0x62, 0x08, 0x62, 0x08, 0x62, 0x08, 0x62, 0x08, 0x62, 0x08,
    0x62, 0x08, 0x62, 0x08, 0x62, 0x08, 0x62, 0x08, 0x62, 0x08, 0x62, 0x08, 0x62, 0x08, 0x62, 0x08,
    0x62, 0x08, 0x62, 0x08, 0x62, 0x08, 0x62, 0x08, 0x62, 0x08, 0x62, 0x08, 0x62, 0x08, 0x62, 0x08,
    0x62, 0x08, 0x62, 0x08, 0x62, 0x08, 0x62, 0x08, 0x62, 0x08, 0x62, 0x08, 0x62, 0x08, 0x62, 0x08,
    0x62, 0x08, 0x62, 0x08, 0x62, 0x08, 0x62, 0x08, 0x62, 0x08, 0x62, 0x08, 0x62, 0x08, 0x62, 0x08,
    0x62, 0x08, 0x62, 0x08, 0x62, 0x08, 0x62, 0x08, 0x62, 0x08, 0x62, 0x08, 0x62, 0x08, 0x62, 0x08,
    0x62, 0x08, 0x62, 0x08, 0x62, 0x08, 0x82, 0x08, 0x82, 0x08, 0x82, 0x08, 0x82, 0x08, 0x82, 0x08,
    0x82, 0x08, 0x82, 0x08, 0x82, 0x08, 0x82, 0x08, 0x82, 0x08, 0x82, 0x08, 0x83, 0x08, 0x83, 0x08,
    0x83, 0x08, 0x83, 0x08, 0x83, 0x08, 0x83, 0x08, 0x83, 0x08, 0x83, 0x08, 0x83, 0x08, 0x83, 0x08,
    0xA3, 0x08, 0xA3, 0x08, 0xA3, 0x08, 0xA3, 0x08, 0xA3, 0x08, 0xA3, 0x08, 0xA3, 0x08, 0xA3, 0x08,
    0xA3, 0x08, 0xA3, 0x08, 0xA3, 0x08, 0xA3, 0x08, 0xA3, 0x08, 0xA3, 0x08, 0xA3, 0x08, 0xA3, 0x08,
    0xC3, 0x08, 0xC3, 0x08, 0xC3, 0x08, 0xC3, 0x08, 0xC3, 0x08, 0xC4, 0x08, 0xC4, 0x08, 0xC4, 0x08,
    0xC4, 0x08, 0xC4, 0x08, 0xC4, 0x08, 0xC4, 0x08, 0xC4, 0x08, 0xC4, 0x08, 0xE4, 0x08, 0xE4, 0x08,
    0xE4, 0x08, 0xE4, 0x08, 0xE4, 0x08, 0xE4, 0x08, 0xE4, 0x08, 0xE4, 0x08, 0xE4, 0x08, 0xE4, 0x08,
    0xE4, 0x08, 0xE4, 0x08, 0xE4, 0x08, 0xE4, 0x08, 0x04, 0x09, 0x04, 0x09, 0x04, 0x09, 0x04, 0x09,
    0x05, 0x09, 0x05, 0x09, 0x05, 0x09, 0x05, 0x09, 0x05, 0x09, 0x05, 0x09, 0x05, 0x09, 0x05, 0x09,
    0x05, 0x09, 0x05, 0x09, 0x05, 0x09, 0x05, 0x09, 0x05, 0x09, 0x05, 0x09, 0x25, 0x09, 0x25, 0x09,
    0x25, 0x09, 0x25, 0x09, 0x25, 0x09, 0x25, 0x09, 0x25, 0x09, 0x25, 0x09, 0x25, 0x09, 0x25, 0x09,
    0x25, 0x09, 0x25, 0x09, 0x25, 0x09, 0x25, 0x09, 0x25, 0x09, 0x25, 0x09, 0x25, 0x09, 0x25, 0x09,
    0x25, 0x09, 0x25, 0x09, 0x25, 0x09, 0x25, 0x09, 0x25, 0x09, 0x25, 0x09, 0x25, 0x09, 0x25, 0x09,
    0x25, 0x09, 0x25, 0x09, 0x25, 0x09, 0x25, 0x09, 0x25, 0x09, 0x25, 0x09, 0x25, 0x09, 0x25, 0x09,
    0x25, 0x09, 0x25, 0x09, 0x25, 0x09, 0x25, 0x09, 0x25, 0x09, 0x25, 0x09, 0x25, 0x09, 0x25, 0x09,
    0x25, 0x09, 0x25, 0x09, 0x25, 0x09, 0x25, 0x09, 0x25, 0x09, 0x25, 0x09, 0x25, 0x09, 0x05, 0x09,
    0x05, 0x09, 0x05, 0x09, 0x05, 0x09, 0x05, 0x09, 0x05, 0x09, 0x05, 0x09, 0x05, 0x09, 0x05, 0x09,
    0x05, 0x09, 0x05, 0x09, 0x05, 0x09, 0x05, 0x09, 0x04, 0x09, 0x04, 0x09, 0x04, 0x09, 0x04, 0x09,
    0xE4, 0x08, 0xE4, 0x08, 0xE4, 0x08, 0xE4, 0x08, 0xE4, 0x08, 0xE4, 0x08, 0xE4, 0x08, 0xE4, 0x08,
    0xE4, 0x08, 0xE4, 0x08, 0xE4, 0x08, 0xE4, 0x08, 0xE4, 0x08, 0xE4, 0x08, 0xC4, 0x08, 0xC4, 0x08,
    0xC4, 0x08, 0xC4, 0x08, 0xC4, 0x08, 0xC4, 0x08, 0xC4, 0x08, 0xC4, 0x08, 0xC4, 0x08, 0xC3, 0x08,
    0xC3, 0x08, 0xC3, 0x08, 0xC3, 0x08, 0xC3, 0x08, 0xA3, 0x08, 0xA3, 0x08, 0xA3, 0x08, 0xA3, 0x08,
    0xA3, 0x08, 0xA3, 0x08, 0xA3, 0x08, 0xA3, 0x08, 0xA3, 0x08, 0xA3, 0x08, 0xA3, 0x08, 0xA3, 0x08,
    0xA3, 0x08, 0xA3, 0x08, 0xA3, 0x08, 0xA3, 0x08, 0x83, 0x08, 0x83, 0x08, 0x83, 0x08, 0x83, 0x08,
    0x83, 0x08, 0x83, 0x08, 0x83, 0x08, 0x83, 0x08, 0x83, 0x08, 0x83, 0x08, 0x83, 0x08, 0x82, 0x08,
    0x82, 0x08, 0x82, 0x08, 0x82, 0x08, 0x82, 0x08, 0x82, 0x08, 0x82, 0x08, 0x82, 0x08, 0x82, 0x08,
    0x82, 0x08, 0x62, 0x08, 0x62, 0x08, 0x62, 0x08, 0x62, 0x08, 0x62, 0x08, 0x62, 0x08, 0x62, 0x08,
    0x62, 0x08, 0x62, 0x08, 0x62, 0x08, 0x62, 0x08, 0x62, 0x08, 0x62, 0x08, 0x62, 0x08, 0x62, 0x08,
    0x62, 0x08, 0x62, 0x08, 0x62, 0x08, 0x62, 0x08, 0x62, 0x08, 0x62, 0x08, 0x62, 0x08, 0x62, 0x08,
    0x62, 0x08, 0x62, 0x08, 0x62, 0x08, 0x62, 0x08, 0x62, 0x08, 0x62, 0x08, 0x62, 0x08, 0x62, 0x08,
    0x62, 0x08, 0x62, 0x08, 0x62, 0x08, 0x62, 0x08, 0x62, 0x08, 0x62, 0x08, 0x62, 0x08, 0x62, 0x08,
    0x62, 0x08, 0x62, 0x08, 0x62, 0x08, 0x62, 0x08, 0x62, 0x08, 0x62, 0x08, 0x62, 0x08, 0x62, 0x08,
    0x62, 0x08, 0x62, 0x08, 0x62, 0x08, 0x62, 0x08, 0x62, 0x08, 0x62, 0x08, 0x62, 0x08, 0x62, 0x08,
    0x62, 0x08, 0x62, 0x08, 0x62, 0x08, 0x62, 0x08, 0x62, 0x08, 0x62, 0x08, 0x62, 0x08, 0x62, 0x08,
    0x62, 0x08, 0x62, 0x08, 0x62, 0x08, 0x62, 0x08, 0x62, 0x08, 0x62, 0x08, 0x62, 0x08, 0x62, 0x08,
    0x62, 0x08, 0x62, 0x08, 0x62, 0x08, 0x62, 0x08, 0x62, 0x08, 0x62, 0x08, 0x62, 0x08, 0x62, 0x08,
    0x62, 0x08, 0x62, 0x08, 0x62, 0x08, 0x62, 0x08, 0x62, 0x08, 0x62, 0x08, 0x62, 0x08, 0x62, 0x08,
    0x62, 0x08, 0x62, 0x08, 0x62, 0x08, 0x62, 0x08, 0x62, 0x08, 0x62, 0x08, 0x62, 0x08, 0x62, 0x08,
    0x62, 0x08, 0x62, 0x08, 0x62, 0x08, 0x62, 0x08, 0x62, 0x08, 0x62, 0x08, 0x62, 0x08, 0x62, 0x08,
    0x62, 0x08, 0x62, 0x08, 0x62, 0x08, 0x62, 0x08, 0x62, 0x08, 0x62, 0x08, 0x62, 0x08, 0x62, 0x08,
    0x62, 0x08, 0x62, 0x08, 0x62, 0x08, 0x62, 0x08, 0x62, 0x08, 0x62, 0x08, 0x62, 0x08, 0x62, 0x08,
    0x62, 0x08, 0x62, 0x08, 0x62, 0x08, 0x62, 0x08, 0x62, 0x08, 0x62, 0x08, 0x62, 0x08, 0x62, 0x08,
    0x82, 0x08, 0x82, 0x08, 0x82, 0x08, 0x82, 0x08, 0x82, 0x08, 0x82, 0x08, 0x82, 0x08, 0x82, 0x08,
    0x82, 0x08, 0x82, 0x08, 0x83, 0x08, 0x83, 0x08, 0x83, 0x08, 0x83, 0x08, 0x83, 0x08, 0x83, 0x08,
    0x83, 0x08, 0x83, 0x08, 0x83, 0x08, 0x83, 0x08, 0x83, 0x08, 0xA3, 0x08, 0xA3, 0x08, 0xA3, 0x08,
    0xA3, 0x08, 0xA3, 0x08, 0xA3, 0x08, 0xA3, 0x08, 0xA3, 0x08, 0xA3, 0x08, 0xA3, 0x08, 0xA3, 0x08,
    0xA3, 0x08, 0xA3, 0x08, 0xA3, 0x08, 0xA3, 0x08, 0xA3, 0x08, 0xC3, 0x08, 0xC3, 0x08, 0xC3, 0x08,
    0xC3, 0x08, 0xC3, 0x08, 0xC4, 0x08, 0xC4, 0x08, 0xC4, 0x08, 0xC4, 0x08, 0xC4, 0x08, 0xC4, 0x08,
    0xC4, 0x08, 0xC4, 0x08, 0xC4, 0x08, 0xE4, 0x08, 0xE4, 0x08, 0xE4, 0x08, 0xE4, 0x08, 0xE4, 0x08,
    0xE4, 0x08, 0xE4, 0x08, 0xE4, 0x08, 0xE4, 0x08, 0xE4, 0x08, 0xE4, 0x08, 0xE4, 0x08, 0xE4, 0x08,
    0xE4, 0x08, 0xE4, 0x08, 0x04, 0x09, 0x04, 0x09, 0x04, 0x09, 0x04, 0x09, 0x05, 0x09, 0x05, 0x09,
    0x05, 0x09, 0x05, 0x09, 0x05, 0x09, 0x05, 0x09, 0x05, 0x09, 0x05, 0x09, 0x05, 0x09, 0x05, 0x09,
    0x05, 0x09, 0x05, 0x09, 0x05, 0x09, 0x05, 0x09, 0x05, 0x09, 0x25, 0x09, 0x25, 0x09, 0x25, 0x09,
    0x25, 0x09, 0x25, 0x09, 0x25, 0x09, 0x25, 0x09, 0x25, 0x09, 0x25, 0x09, 0x25, 0x09, 0x25, 0x09,
    0x25, 0x09, 0x25, 0x09, 0x25, 0x09, 0x25, 0x09, 0x25, 0x09, 0x25, 0x09, 0x25, 0x09, 0x25, 0x09,
    0x25, 0x09, 0x25, 0x09, 0x25, 0x09, 0x25, 0x09, 0x25, 0x09, 0x25, 0x09, 0x25, 0x09, 0x25, 0x09,
    0x25, 0x09, 0x25, 0x09, 0x25, 0x09, 0x25, 0x09, 0x25, 0x09, 0x25, 0x09, 0x25, 0x09, 0x25, 0x09,
    0x25, 0x09, 0x25, 0x09, 0x25, 0x09, 0x25, 0x09, 0x25, 0x09, 0x25, 0x09, 0x25, 0x09, 0x25, 0x09,
    0x05, 0x09, 0x05, 0x09, 0x05, 0x09, 0x05, 0x09, 0x05, 0x09, 0x05, 0x09, 0x05, 0x09, 0x05, 0x09,
    0x05, 0x09, 0x05, 0x09, 0x05, 0x09, 0x05, 0x09, 0x05, 0x09, 0x05, 0x09, 0x04, 0x09, 0x04, 0x09,
    0x04, 0x09, 0x04, 0x09, 0xE4, 0x08, 0xE4, 0x08, 0xE4, 0x08, 0xE4, 0x08, 0xE4, 0x08, 0xE4, 0x08,
    0xE4, 0x08, 0xE4, 0x08, 0xE4, 0x08, 0xE4, 0x08, 0xE4, 0x08, 0xE4, 0x08, 0xE4, 0x08, 0xE4, 0x08,
    0xE4, 0x08, 0xC4, 0x08, 0xC4, 0x08, 0xC4, 0x08, 0xC4, 0x08, 0xC4, 0x08, 0xC4, 0x08, 0xC4, 0x08,
    0xC4, 0x08, 0xC4, 0x08, 0xC3, 0x08, 0xC3, 0x08, 0xC3, 0x08, 0xC3, 0x08, 0xC3, 0x08, 0xC3, 0x08,
    0xA3, 0x08, 0xA3, 0x08, 0xA3, 0x08, 0xA3, 0x08, 0xA3, 0x08, 0xA3, 0x08, 0xA3, 0x08, 0xA3, 0x08,
    0xA3, 0x08, 0xA3, 0x08, 0xA3, 0x08, 0xA3, 0x08, 0xA3, 0x08, 0xA3, 0x08, 0xA3, 0x08, 0x83, 0x08,
    0x83, 0x08, 0x83, 0x08, 0x83, 0x08, 0x83, 0x08, 0x83, 0x08, 0x83, 0x08, 0x83, 0x08, 0x83, 0x08,
    0x83, 0x08, 0x83, 0x08, 0x82, 0x08, 0x82, 0x08, 0x82, 0x08, 0x82, 0x08, 0x82, 0x08, 0x82, 0x08,
    0x82, 0x08, 0x82, 0x08, 0x82, 0x08, 0x82, 0x08, 0x82, 0x08, 0x62, 0x08, 0x62, 0x08, 0x62, 0x08,
    0x62, 0x08, 0x62, 0x08, 0x62, 0x08, 0x62, 0x08, 0x62, 0x08, 0x62, 0x08, 0x62, 0x08, 0x62, 0x08,
    0x62, 0x08, 0x62, 0x08, 0x62, 0x08, 0x62, 0x08, 0x62, 0x08, 0x62, 0x08, 0x62, 0x08, 0x62, 0x08,
    0x62, 0x08, 0x62, 0x08, 0x62, 0x08, 0x62, 0x08, 0x62, 0x08, 0x62, 0x08, 0x62, 0x08, 0x62, 0x08,
    0x62, 0x08, 0x62, 0x08, 0x62, 0x08, 0x62, 0x08, 0x62, 0x08, 0x62, 0x08, 0x62, 0x08, 0x62, 0x08,
    0x62, 0x08, 0x62, 0x08, 0x62, 0x08, 0x62, 0x08, 0x62, 0x08, 0x62, 0x08, 0x62, 0x08, 0x62, 0x08,
    0x62, 0x08, 0x62, 0x08, 0x62, 0x08, 0x62, 0x08, 0x62, 0x08, 0x62, 0x08, 0x62, 0x08, 0x62, 0x08,
    0x62, 0x08, 0x62, 0x08, 0x62, 0x08, 0x62, 0x08, 0x62, 0x08, 0x62, 0x08, 0x62, 0x08, 0x62, 0x08,
    0x62, 0x08, 0x62, 0x08, 0x62, 0x08, 0x62, 0x08, 0x62, 0x08, 0x62, 0x08, 0x62, 0x08, 0x62, 0x08,
    0x62, 0x08, 0x62, 0x08, 0x62, 0x08, 0x62, 0x08, 0x62, 0x08, 0x62, 0x08, 0x62, 0x08, 0x62, 0x08,
    0x62, 0x08, 0x62, 0x08, 0x62, 0x08, 0x62, 0x08, 0x62, 0x08, 0x62, 0x08, 0x62, 0x08, 0x62, 0x08,
    0x62, 0x08, 0x62, 0x08, 0x62, 0x08, 0x62, 0x08, 0x62, 0x08, 0x62, 0x08, 0x62, 0x08, 0x62, 0x08,
    0x62, 0x08, 0x62, 0x08, 0x62, 0x08, 0x62, 0x08, 0x62, 0x08, 0x62, 0x08, 0x62, 0x08, 0x62, 0x08,
    0x62, 0x08, 0x62, 0x08, 0x62, 0x08, 0x62, 0x08, 0x62, 0x08, 0x62, 0x08, 0x62, 0x08, 0x62, 0x08,
    0x62, 0x08, 0x62, 0x08, 0x62, 0x08, 0x62, 0x08, 0x62, 0x08, 0x62, 0x08, 0x62, 0x08, 0x62, 0x08,
    0x62, 0x08, 0x62, 0x08, 0x62, 0x08, 0x62, 0x08, 0x62, 0x08, 0x62, 0x08, 0x62, 0x08, 0x62, 0x08,
    0x62, 0x08, 0x62, 0x08, 0x62, 0x08, 0x62, 0x08, 0x82, 0x08, 0x82, 0x08, 0x82, 0x08, 0x82, 0x08,
    0x82, 0x08, 0x82, 0x08, 0x82, 0x08, 0x82, 0x08, 0x82, 0x08, 0x82, 0x08, 0x82, 0x08, 0x83, 0x08,
    0x83, 0x08, 0x83, 0x08, 0x83, 0x08, 0x83, 0x08, 0x83, 0x08, 0x83, 0x08, 0x83, 0x08, 0x83, 0x08,
    0x83, 0x08, 0x83, 0x08, 0xA3, 0x08, 0xA3, 0x08, 0xA3, 0x08, 0xA3, 0x08, 0xA3, 0x08, 0xA3, 0x08,
    0xA3, 0x08, 0xA3, 0x08, 0xA3, 0x08, 0xA3, 0x08, 0xA3, 0x08, 0xA3, 0x08, 0xA3, 0x08, 0xA3, 0x08,
    0xA3, 0x08, 0xA3, 0x08, 0xC3, 0x08, 0xC3, 0x08, 0xC3, 0x08, 0xC3, 0x08, 0xC3, 0x08, 0xC4, 0x08,
    0xC4, 0x08, 0xC4, 0x08, 0xC4, 0x08, 0xC4, 0x08, 0xC4, 0x08, 0xC4, 0x08, 0xC4, 0x08, 0xC4, 0x08,
    0xE4, 0x08, 0xE4, 0x08, 0xE4, 0x08, 0xE4, 0x08, 0xE4, 0x08, 0xE4, 0x08, 0xE4, 0x08, 0xE4, 0x08,
    0xE4, 0x08, 0xE4, 0x08, 0xE4, 0x08, 0xE4, 0x08, 0xE4, 0x08, 0xE4, 0x08, 0xE4, 0x08, 0xE4, 0x08,
    0x04, 0x09, 0x04, 0x09, 0x04, 0x09, 0x04, 0x09, 0x05, 0x09, 0x05, 0x09, 0x05, 0x09, 0x05, 0x09,
    0x05, 0x09, 0x05, 0x09, 0x05, 0x09, 0x05, 0x09, 0x05, 0x09, 0x05, 0x09, 0x05, 0x09, 0x05, 0x09,
    0x05, 0x09, 0x05, 0x09, 0x05, 0x09, 0x25, 0x09, 0x25, 0x09, 0x25, 0x09, 0x25, 0x09, 0x25, 0x09,
    0x25, 0x09, 0x25, 0x09, 0x25, 0x09, 0x25, 0x09, 0x25, 0x09, 0x25, 0x09, 0x25, 0x09, 0x25, 0x09,
    0x25, 0x09, 0x25, 0x09, 0x25, 0x09, 0x25, 0x09, 0x25, 0x09, 0x25, 0x09, 0x25, 0x09, 0x25, 0x09,
    0x25, 0x09, 0x25, 0x09, 0x25, 0x09, 0x25, 0x09, 0x25, 0x09, 0x25, 0x09, 0x25, 0x09, 0x25, 0x09,
    0x25, 0x09, 0x25, 0x09, 0x25, 0x09, 0x25, 0x09, 0x25, 0x09, 0x25, 0x09, 0x25, 0x09, 0x25, 0x09,
    0x25, 0x09, 0x05, 0x09, 0x05, 0x09, 0x05, 0x09, 0x05, 0x09, 0x05, 0x09, 0x05, 0x09, 0x05, 0x09,
    0x05, 0x09, 0x05, 0x09, 0x05, 0x09, 0x05, 0x09, 0x05, 0x09, 0x05, 0x09, 0x05, 0x09, 0x05, 0x09,
    0x04, 0x09, 0x04, 0x09, 0x04, 0x09, 0x04, 0x09, 0x04, 0x09, 0xE4, 0x08, 0xE4, 0x08, 0xE4, 0x08,
    0xE4, 0x08, 0xE4, 0x08, 0xE4, 0x08, 0xE4, 0x08, 0xE4, 0x08, 0xE4, 0x08, 0xE4, 0x08, 0xE4, 0x08,
    0xE4, 0x08, 0xE4, 0x08, 0xE4, 0x08, 0xE4, 0x08, 0xC4, 0x08, 0xC4, 0x08, 0xC4, 0x08, 0xC4, 0x08,
    0xC4, 0x08, 0xC4, 0x08, 0xC4, 0x08, 0xC4, 0x08, 0xC4, 0x08, 0xC3, 0x08, 0xC3, 0x08, 0xC3, 0x08,
    0xC3, 0x08, 0xC3, 0x08, 0xC3, 0x08, 0xA3, 0x08, 0xA3, 0x08, 0xA3, 0x08, 0xA3, 0x08, 0xA3, 0x08,
    0xA3, 0x08, 0xA3, 0x08, 0xA3, 0x08, 0xA3, 0x08, 0xA3, 0x08, 0xA3, 0x08, 0xA3, 0x08, 0xA3, 0x08,
    0xA3, 0x08, 0xA3, 0x08, 0xA3, 0x08, 0x83, 0x08, 0x83, 0x08, 0x83, 0x08, 0x83, 0x08, 0x83, 0x08,
    0x83, 0x08, 0x83, 0x08, 0x83, 0x08, 0x83, 0x08, 0x83, 0x08, 0x82, 0x08, 0x82, 0x08, 0x82, 0x08,
    0x82, 0x08, 0x82, 0x08, 0x82, 0x08, 0x82, 0x08, 0x82, 0x08, 0x82, 0x08, 0x82, 0x08, 0x82, 0x08,
    0x62, 0x08, 0x62, 0x08, 0x62, 0x08, 0x62, 0x08, 0x62, 0x08, 0x62, 0x08, 0x62, 0x08, 0x62, 0x08,
    0x62, 0x08, 0x62, 0x08, 0x62, 0x08, 0x62, 0x08, 0x62, 0x08, 0x62, 0x08, 0x62, 0x08, 0x62, 0x08,
    0x62, 0x08, 0x62, 0x08, 0x62, 0x08, 0x62, 0x08, 0x62, 0x08, 0x62, 0x08, 0x62, 0x08, 0x62, 0x08,
    0x62, 0x08, 0x62, 0x08, 0x62, 0x08, 0x62, 0x08, 0x62, 0x08, 0x62, 0x08, 0x62, 0x08, 0x62, 0x08,
    0x62, 0x08, 0x62, 0x08, 0x62, 0x08, 0x62, 0x08, 0x62, 0x08, 0x62, 0x08, 0x62, 0x08, 0x62, 0x08,
    0x62, 0x08, 0x62, 0x08, 0x62, 0x08, 0x62, 0x08, 0x62, 0x08, 0x62, 0x08, 0x62, 0x08, 0x62, 0x08,
    0x62, 0x08, 0x62, 0x08, 0x62, 0x08, 0x62, 0x08, 0x62, 0x08, 0x62, 0x08, 0x62, 0x08, 0x62, 0x08,
    0x62, 0x08, 0x62, 0x08, 0x62, 0x08, 0x62, 0x08, 0x62, 0x08, 0x62, 0x08, 0x62, 0x08, 0x62, 0x08,
    0x62, 0x08, 0x62, 0x08, 0x62, 0x08, 0x62, 0x08, 0x62, 0x08, 0x62, 0x08, 0x62, 0x08, 0x62, 0x08,
    0x62, 0x08, 0x62, 0x08, 0x62, 0x08, 0x62, 0x08, 0x62, 0x08, 0x62, 0x08, 0x62, 0x08, 0x62, 0x08,
    0x62, 0x08, 0x62, 0x08, 0x62, 0x08, 0x62, 0x08, 0x62, 0x08, 0x62, 0x08, 0x62, 0x08, 0x62, 0x08,
    0x62, 0x08, 0x62, 0x08, 0x62, 0x08, 0x62, 0x08, 0x62, 0x08, 0x62, 0x08, 0x62, 0x08, 0x62, 0x08,
    0x62, 0x08, 0x62, 0x08, 0x62, 0x08, 0x62, 0x08, 0x62, 0x08, 0x62, 0x08, 0x62, 0x08, 0x62, 0x08,
    0x62, 0x08, 0x62, 0x08, 0x62, 0x08, 0x62, 0x08, 0x62, 0x08, 0x62, 0x08, 0x62, 0x08, 0x62, 0x08,
    0x62, 0x08, 0x62, 0x08, 0x62, 0x08, 0x62, 0x08, 0x62, 0x08, 0x62, 0x08, 0x62, 0x08, 0x62, 0x08,
    0x62, 0x08, 0x62, 0x08, 0x62, 0x08, 0x62, 0x08, 0x62, 0x08, 0x62, 0x08, 0x62, 0x08, 0x62, 0x08,
    0x62, 0x08, 0x82, 0x08, 0x82, 0x08, 0x82, 0x08, 0x82, 0x08, 0x82, 0x08, 0x82, 0x08, 0x82, 0x08,
    0x82, 0x08, 0x82, 0x08, 0x82, 0x08, 0x82, 0x08, 0x83, 0x08, 0x83, 0x08, 0x83, 0x08, 0x83, 0x08,
    0x83, 0x08, 0x83, 0x08, 0x83, 0x08, 0x83, 0x08, 0x83, 0x08, 0x83, 0x08, 0xA3, 0x08, 0xA3, 0x08,
    0xA3, 0x08, 0xA3, 0x08, 0xA3, 0x08, 0xA3, 0x08, 0xA3, 0x08, 0xA3, 0x08, 0xA3, 0x08, 0xA3, 0x08,
    0xA3, 0x08, 0xA3, 0x08, 0xA3, 0x08, 0xA3, 0x08, 0xA3, 0x08, 0xA3, 0x08, 0xA3, 0x08, 0xC3, 0x08,
    0xC3, 0x08, 0xC3, 0x08, 0xC3, 0x08, 0xC3, 0x08, 0xC4, 0x08, 0xC4, 0x08, 0xC4, 0x08, 0xC4, 0x08,
    0xC4, 0x08, 0xC4, 0x08, 0xC4, 0x08, 0xC4, 0x08, 0xC4, 0x08, 0xC4, 0x08, 0xE4, 0x08, 0xE4, 0x08,
    0xE4, 0x08, 0xE4, 0x08, 0xE4, 0x08, 0xE4, 0x08, 0xE4, 0x08, 0xE4, 0x08, 0xE4, 0x08, 0xE4, 0x08,
    0xE4, 0x08, 0xE4, 0x08, 0xE4, 0x08, 0xE4, 0x08, 0xE4, 0x08, 0x04, 0x09, 0x04, 0x09, 0x04, 0x09,
    0x04, 0x09, 0x04, 0x09, 0x05, 0x09, 0x05, 0x09, 0x05, 0x09, 0x05, 0x09, 0x05, 0x09, 0x05, 0x09,
    0x05, 0x09, 0x05, 0x09, 0x05, 0x09, 0x05, 0x09, 0x05, 0x09, 0x05, 0x09, 0x05, 0x09, 0x05, 0x09,
    0x05, 0x09, 0x05, 0x09, 0x05, 0x09, 0x05, 0x09, 0x05, 0x09, 0x25, 0x09, 0x25, 0x09, 0x25, 0x09,
    0x25, 0x09, 0x25, 0x09, 0x25, 0x09, 0x25, 0x09, 0x25, 0x09, 0x25, 0x09, 0x25, 0x09, 0x25, 0x09,
    0x25, 0x09, 0x25, 0x09, 0x25, 0x09, 0x25, 0x09, 0x25, 0x09, 0x25, 0x09, 0x25, 0x09, 0x25, 0x09,
    0x25, 0x09, 0x25, 0x09, 0x25, 0x09, 0x25, 0x09, 0x25, 0x09, 0x25, 0x09, 0x25, 0x09, 0x05, 0x09,
    0x25, 0x09, 0x05, 0x09, 0x05, 0x09, 0x05, 0x09, 0x05, 0x09, 0x05, 0x09, 0x05, 0x09, 0x05, 0x09,
    0x05, 0x09, 0x05, 0x09, 0x05, 0x09, 0x05, 0x09, 0x05, 0x09, 0x05, 0x09, 0x05, 0x09, 0x05, 0x09,
    0x05, 0x09, 0x05, 0x09, 0x04, 0x09, 0x04, 0x09, 0x04, 0x09, 0x04, 0x09, 0x04, 0x09, 0xE4, 0x08,
    0xE4, 0x08, 0xE4, 0x08, 0xE4, 0x08, 0xE4, 0x08, 0xE4, 0x08, 0xE4, 0x08, 0xE4, 0x08, 0xE4, 0x08,
    0xE4, 0x08, 0xE4, 0x08, 0xE4, 0x08, 0xE4, 0x08, 0xE4, 0x08, 0xE4, 0x08, 0xE4, 0x08, 0xC4, 0x08,
    0xC4, 0x08, 0xC4, 0x08, 0xC4, 0x08, 0xC4, 0x08, 0xC4, 0x08, 0xC4, 0x08, 0xC4, 0x08, 0xC4, 0x08,
    0xC3, 0x08, 0xC3, 0x08, 0xC3, 0x08, 0xC3, 0x08, 0xC3, 0x08, 0xA3, 0x08, 0xA3, 0x08, 0xA3, 0x08,
    0xA3, 0x08, 0xA3, 0x08, 0xA3, 0x08, 0xA3, 0x08, 0xA3, 0x08, 0xA3, 0x08, 0xA3, 0x08, 0xA3, 0x08,
    0xA3, 0x08, 0xA3, 0x08, 0xA3, 0x08, 0xA3, 0x08, 0xA3, 0x08, 0xA3, 0x08, 0x83, 0x08, 0x83, 0x08,
    0x83, 0x08, 0x83, 0x08, 0x83, 0x08, 0x83, 0x08, 0x83, 0x08, 0x83, 0x08, 0x83, 0x08, 0x83, 0x08,
    0x82, 0x08, 0x82, 0x08, 0x82, 0x08, 0x82, 0x08, 0x82, 0x08, 0x82, 0x08, 0x82, 0x08, 0x82, 0x08,
    0x82, 0x08, 0x82, 0x08, 0x82, 0x08, 0x62, 0x08, 0x62, 0x08, 0x62, 0x08, 0x62, 0x08, 0x62, 0x08,
    0x62, 0x08, 0x62, 0x08, 0x62, 0x08, 0x62, 0x08, 0x62, 0x08, 0x62, 0x08, 0x62, 0x08, 0x62, 0x08,
    0x62, 0x08, 0x62, 0x08, 0x62, 0x08, 0x62, 0x08, 0x62, 0x08, 0x62, 0x08, 0x62, 0x08, 0x62, 0x08,
    0x62, 0x08, 0x62, 0x08, 0x62, 0x08, 0x62, 0x08, 0x62, 0x08, 0x62, 0x08, 0x62, 0x08, 0x62, 0x08,
    0x62, 0x08, 0x62, 0x08, 0x62, 0x08, 0x62, 0x08, 0x62, 0x08, 0x62, 0x08, 0x62, 0x08, 0x62, 0x08,
    0x62, 0x08, 0x62, 0x08, 0x62, 0x08, 0x62, 0x08, 0x62, 0x08, 0x62, 0x08, 0x62, 0x08, 0x62, 0x08,
    0x62, 0x08, 0x62, 0x08, 0x62, 0x08, 0x62, 0x08, 0x62, 0x08, 0x62, 0x08, 0x62, 0x08, 0x62, 0x08,
    0x62, 0x08, 0x62, 0x08, 0x62, 0x08, 0x62, 0x08, 0x62, 0x08, 0x62, 0x08, 0x62, 0x08, 0x62, 0x08,
    0x62, 0x08, 0x62, 0x08, 0x62, 0x08, 0x62, 0x08, 0x62, 0x08, 0x62, 0x08, 0x62, 0x08, 0x62, 0x08,
    0x62, 0x08, 0x62, 0x08, 0x62, 0x08, 0x62, 0x08, 0x62, 0x08, 0x62, 0x08, 0x62, 0x08, 0x62, 0x08,
    0x62, 0x08, 0x62, 0x08, 0x62, 0x08, 0x62, 0x08, 0x62, 0x08, 0x62, 0x08, 0x62, 0x08, 0x62, 0x08,
    0x62, 0x08, 0x62, 0x08, 0x62, 0x08, 0x62, 0x08, 0x62, 0x08, 0x62, 0x08, 0x62, 0x08, 0x62, 0x08,
    0x62, 0x08, 0x62, 0x08, 0x62, 0x08, 0x62, 0x08, 0x62, 0x08, 0x62, 0x08, 0x62, 0x08, 0x62, 0x08,
    0x62, 0x08, 0x62, 0x08, 0x62, 0x08, 0x62, 0x08, 0x62, 0x08, 0x62, 0x08, 0x62, 0x08, 0x62, 0x08,
    0x62, 0x08, 0x62, 0x08, 0x62, 0x08, 0x62, 0x08, 0x62, 0x08, 0x62, 0x08, 0x62, 0x08, 0x62, 0x08,
    0x62, 0x08, 0x62, 0x08, 0x62, 0x08, 0x62, 0x08, 0x62, 0x08, 0x62, 0x08, 0x62, 0x08, 0x62, 0x08,
    0x62, 0x08, 0x62, 0x08, 0x62, 0x08, 0x62, 0x08, 0x62, 0x08, 0x62, 0x08, 0x82, 0x08, 0x82, 0x08,
    0x82, 0x08, 0x82, 0x08, 0x82, 0x08, 0x82, 0x08, 0x82, 0x08, 0x82, 0x08, 0x82, 0x08, 0x82, 0x08,
    0x82, 0x08, 0x83, 0x08, 0x83, 0x08, 0x83, 0x08, 0x83, 0x08, 0x83, 0x08, 0x83, 0x08, 0x83, 0x08,
    0x83, 0x08, 0x83, 0x08, 0x83, 0x08, 0xA3, 0x08, 0xA3, 0x08, 0xA3, 0x08, 0xA3, 0x08, 0xA3, 0x08,
    0xA3, 0x08, 0xA3, 0x08, 0xA3, 0x08, 0xA3, 0x08, 0xA3, 0x08, 0xA3, 0x08, 0xA3, 0x08, 0xA3, 0x08,
    0xA3, 0x08, 0xA3, 0x08, 0xA3, 0x08, 0xA3, 0x08, 0xC3, 0x08, 0xC3, 0x08, 0xC3, 0x08, 0xC3, 0x08,
    0xC3, 0x08, 0xC4, 0x08, 0xC4, 0x08, 0xC4, 0x08, 0xC4, 0x08, 0xC4, 0x08, 0xC4, 0x08, 0xC4, 0x08,
    0xC4, 0x08, 0xC4, 0x08, 0xC4, 0x08, 0xE4, 0x08, 0xE4, 0x08, 0xE4, 0x08, 0xE4, 0x08, 0xE4, 0x08,
    0xE4, 0x08, 0xE4, 0x08, 0xE4, 0x08, 0xE4, 0x08, 0xE4, 0x08, 0xE4, 0x08, 0xE4, 0x08, 0xE4, 0x08,
    0xE4, 0x08, 0xE4, 0x08, 0xE4, 0x08, 0x04, 0x09, 0x04, 0x09, 0x04, 0x09, 0x04, 0x09, 0x04, 0x09,
    0x05, 0x09, 0x05, 0x09, 0x05, 0x09, 0x05, 0x09, 0x05, 0x09, 0x05, 0x09, 0x05, 0x09, 0x05, 0x09,
    0x05, 0x09, 0x05, 0x09, 0x05, 0x09, 0x05, 0x09, 0x05, 0x09, 0x05, 0x09, 0x05, 0x09, 0x05, 0x09,
    0x05, 0x09, 0x05, 0x09, 0x05, 0x09, 0x05, 0x09, 0x05, 0x09, 0x05, 0x09, 0x25, 0x09, 0x25, 0x09,
    0x25, 0x09, 0x25, 0x09, 0x25, 0x09, 0x25, 0x09, 0x25, 0x09, 0x25, 0x09, 0x25, 0x09, 0x25, 0x09,
    0x25, 0x09, 0x25, 0x09, 0x25, 0x09, 0x25, 0x09, 0x05, 0x09, 0x25, 0x09, 0x25, 0x09, 0x05, 0x09,
    0x05, 0x09, 0x05, 0x09, 0x05, 0x09, 0x05, 0x09, 0x05, 0x09, 0x05, 0x09, 0x05, 0x09, 0x05, 0x09,
    0x05, 0x09, 0x05, 0x09, 0x05, 0x09, 0x05, 0x09, 0x05, 0x09, 0x05, 0x09, 0x05, 0x09, 0x05, 0x09,
    0x05, 0x09, 0x05, 0x09, 0x05, 0x09, 0x05, 0x09, 0x04, 0x09, 0x04, 0x09, 0x04, 0x09, 0x04, 0x09,
    0x04, 0x09, 0xE4, 0x08, 0xE4, 0x08, 0xE4, 0x08, 0xE4, 0x08, 0xE4, 0x08, 0xE4, 0x08, 0xE4, 0x08,
    0xE4, 0x08, 0xE4, 0x08, 0xE4, 0x08, 0xE4, 0x08, 0xE4, 0x08, 0xE4, 0x08, 0xE4, 0x08, 0xE4, 0x08,
    0xE4, 0x08, 0xC4, 0x08, 0xC4, 0x08, 0xC4, 0x08, 0xC4, 0x08, 0xC4, 0x08, 0xC4, 0x08, 0xC4, 0x08,
    0xC4, 0x08, 0xC4, 0x08, 0xC4, 0x08, 0xC3, 0x08, 0xC3, 0x08, 0xC3, 0x08, 0xC3, 0x08, 0xC3, 0x08,
    0xA3, 0x08, 0xA3, 0x08, 0xA3, 0x08, 0xA3, 0x08, 0xA3, 0x08, 0xA3, 0x08, 0xA3, 0x08, 0xA3, 0x08,
    0xA3, 0x08, 0xA3, 0x08, 0xA3, 0x08, 0xA3, 0x08, 0xA3, 0x08, 0xA3, 0x08, 0xA3, 0x08, 0xA3, 0x08,
    0xA3, 0x08, 0x83, 0x08, 0x83, 0x08, 0x83, 0x08, 0x83, 0x08, 0x83, 0x08, 0x83, 0x08, 0x83, 0x08,
    0x83, 0x08, 0x83, 0x08, 0x83, 0x08, 0x83, 0x08, 0x82, 0x08, 0x82, 0x08, 0x82, 0x08, 0x82, 0x08,
    0x82, 0x08, 0x82, 0x08, 0x82, 0x08, 0x82, 0x08, 0x82, 0x08, 0x82, 0x08, 0x82, 0x08, 0x62, 0x08,
    0x62, 0x08, 0x62, 0x08, 0x62, 0x08, 0x62, 0x08, 0x62, 0x08, 0x62, 0x08, 0x62, 0x08, 0x62, 0x08,
    0x62, 0x08, 0x62, 0x08, 0x62, 0x08, 0x62, 0x08, 0x62, 0x08, 0x62, 0x08, 0x62, 0x08, 0x62, 0x08,
    0x62, 0x08, 0x62, 0x08, 0x62, 0x08, 0x62, 0x08, 0x62, 0x08, 0x62, 0x08, 0x62, 0x08, 0x62, 0x08,
    0x62, 0x08, 0x62, 0x08, 0x62, 0x08, 0x62, 0x08, 0x62, 0x08, 0x62, 0x08, 0x62, 0x08, 0x62, 0x08,
    0x62, 0x08, 0x62, 0x08, 0x62, 0x08, 0x62, 0x08, 0x62, 0x08, 0x62, 0x08, 0x62, 0x08, 0x62, 0x08,
    0x62, 0x08, 0x62, 0x08, 0x62, 0x08, 0x62, 0x08, 0x62, 0x08, 0x62, 0x08, 0x62, 0x08, 0x62, 0x08,
    0x62, 0x08, 0x62, 0x08, 0x62, 0x08, 0x62, 0x08, 0x62, 0x08, 0x62, 0x08, 0x62, 0x08, 0x62, 0x08,
    0x62, 0x08, 0x62, 0x08, 0x62, 0x08, 0x62, 0x08, 0x62, 0x08, 0x62, 0x08, 0x62, 0x08, 0x62, 0x08,
    0x62, 0x08, 0x62, 0x08, 0x62, 0x08, 0x62, 0x08, 0x62, 0x08, 0x62, 0x08, 0x62, 0x08, 0x62, 0x08,
    0x62, 0x08, 0x62, 0x08, 0x62, 0x08, 0x62, 0x08, 0x62, 0x08, 0x62, 0x08, 0x62, 0x08, 0x62, 0x08,
    0x62, 0x08, 0x62, 0x08, 0x62, 0x08, 0x62, 0x08, 0x62, 0x08, 0x62, 0x08, 0x62, 0x08, 0x62, 0x08,
    0x62, 0x08, 0x62, 0x08, 0x62, 0x08, 0x62, 0x08, 0x62, 0x08, 0x62, 0x08, 0x62, 0x08, 0x62, 0x08,
    0x62, 0x08, 0x62, 0x08, 0x62, 0x08, 0x62, 0x08, 0x62, 0x08, 0x62, 0x08, 0x62, 0x08, 0x62, 0x08,
    0x62, 0x08, 0x62, 0x08, 0x62, 0x08, 0x62, 0x08, 0x62, 0x08, 0x62, 0x08, 0x62, 0x08, 0x62, 0x08,
    0x62, 0x08, 0x62, 0x08, 0x62, 0x08, 0x62, 0x08, 0x62, 0x08, 0x62, 0x08, 0x62, 0x08, 0x62, 0x08,
    0x62, 0x08, 0x62, 0x08, 0x62, 0x08, 0x62, 0x08, 0x62, 0x08, 0x62, 0x08, 0x62, 0x08, 0x62, 0x08,
    0x62, 0x08, 0x62, 0x08, 0x82, 0x08, 0x82, 0x08, 0x82, 0x08, 0x82, 0x08, 0x82, 0x08, 0x82, 0x08,
    0x82, 0x08, 0x82, 0x08, 0x82, 0x08, 0x82, 0x08, 0x82, 0x08, 0x83, 0x08, 0x83, 0x08, 0x83, 0x08,
    0x83, 0x08, 0x83, 0x08, 0x83, 0x08, 0x83, 0x08, 0x83, 0x08, 0x83, 0x08, 0x83, 0x08, 0x83, 0x08,
    0xA3, 0x08, 0xA3, 0x08, 0xA3, 0x08, 0xA3, 0x08, 0xA3, 0x08, 0xA3, 0x08, 0xA3, 0x08, 0xA3, 0x08,
    0xA3, 0x08, 0xA3, 0x08, 0xA3, 0x08, 0xA3, 0x08, 0xA3, 0x08, 0xA3, 0x08, 0xA3, 0x08, 0xA3, 0x08,
    0xA3, 0x08, 0xC3, 0x08, 0xC3, 0x08, 0xC3, 0x08, 0xC3, 0x08, 0xC3, 0x08, 0xC3, 0x08, 0xC4, 0x08,
    0xC4, 0x08, 0xC4, 0x08, 0xC4, 0x08, 0xC4, 0x08, 0xC4, 0x08, 0xC4, 0x08, 0xC4, 0x08, 0xC4, 0x08,
    0xC4, 0x08, 0xE4, 0x08, 0xE4, 0x08, 0xE4, 0x08, 0xE4, 0x08, 0xE4, 0x08, 0xE4, 0x08, 0xE4, 0x08,
    0xE4, 0x08, 0xE4, 0x08, 0xE4, 0x08, 0xE4, 0x08, 0xE4, 0x08, 0xE4, 0x08, 0xE4, 0x08, 0xE4, 0x08,
    0xE4, 0x08, 0xE4, 0x08, 0x04, 0x09, 0x04, 0x09, 0x04, 0x09, 0x04, 0x09, 0x04, 0x09, 0x04, 0x09,
    0x05, 0x09, 0x05, 0x09, 0x05, 0x09, 0x05, 0x09, 0x05, 0x09, 0x05, 0x09, 0x05, 0x09, 0x05, 0x09,
    0x05, 0x09, 0x05, 0x09, 0x05, 0x09, 0x05, 0x09, 0x05, 0x09, 0x05, 0x09, 0x05, 0x09, 0x05, 0x09,
    0x05, 0x09, 0x05, 0x09, 0x05, 0x09, 0x05, 0x09, 0x05, 0x09, 0x05, 0x09, 0x05, 0x09, 0x05, 0x09,
    0x05, 0x09, 0x05, 0x09, 0x05, 0x09, 0x05, 0x09, 0x05, 0x09, 0x05, 0x09, 0x05, 0x09, 0x05, 0x09,
    0x05, 0x09, 0x05, 0x09, 0x05, 0x09, 0x05, 0x09, 0x05, 0x09, 0x05, 0x09, 0x05, 0x09, 0x05, 0x09,
    0x05, 0x09, 0x05, 0x09, 0x05, 0x09, 0x05, 0x09, 0x05, 0x09, 0x05, 0x09, 0x05, 0x09, 0x05, 0x09,
    0x05, 0x09, 0x05, 0x09, 0x05, 0x09, 0x05, 0x09, 0x05, 0x09, 0x04, 0x09, 0x04, 0x09, 0x04, 0x09,
    0x04, 0x09, 0x04, 0x09, 0x04, 0x09, 0xE4, 0x08, 0xE4, 0x08, 0xE4, 0x08, 0xE4, 0x08, 0xE4, 0x08,
    0xE4, 0x08, 0xE4, 0x08, 0xE4, 0x08, 0xE4, 0x08, 0xE4, 0x08, 0xE4, 0x08, 0xE4, 0x08, 0xE4, 0x08,
    0xE4, 0x08, 0xE4, 0x08, 0xE4, 0x08, 0xE4, 0x08, 0xC4, 0x08, 0xC4, 0x08, 0xC4, 0x08, 0xC4, 0x08,
    0xC4, 0x08, 0xC4, 0x08, 0xC4, 0x08, 0xC4, 0x08, 0xC4, 0x08, 0xC4, 0x08, 0xC3, 0x08, 0xC3, 0x08,
    0xC3, 0x08, 0xC3, 0x08, 0xC3, 0x08, 0xA3, 0x08, 0xA3, 0x08, 0xA3, 0x08, 0xA3, 0x08, 0xA3, 0x08,
    0xA3, 0x08, 0xA3, 0x08, 0xA3, 0x08, 0xA3, 0x08, 0xA3, 0x08, 0xA3, 0x08, 0xA3, 0x08, 0xA3, 0x08,
    0xA3, 0x08, 0xA3, 0x08, 0xA3, 0x08, 0xA3, 0x08, 0x83, 0x08, 0x83, 0x08, 0x83, 0x08, 0x83, 0x08,
    0x83, 0x08, 0x83, 0x08, 0x83, 0x08, 0x83, 0x08, 0x83, 0x08, 0x83, 0x08, 0x83, 0x08, 0x82, 0x08,
    0x82, 0x08, 0x82, 0x08, 0x82, 0x08, 0x82, 0x08, 0x82, 0x08, 0x82, 0x08, 0x82, 0x08, 0x82, 0x08,
    0x82, 0x08, 0x82, 0x08, 0x62, 0x08, 0x62, 0x08, 0x62, 0x08, 0x62, 0x08, 0x62, 0x08, 0x62, 0x08,
    0x62, 0x08, 0x62, 0x08, 0x62, 0x08, 0x62, 0x08, 0x62, 0x08, 0x62, 0x08, 0x62, 0x08, 0x62, 0x08,
    0x62, 0x08, 0x62, 0x08, 0x62, 0x08, 0x62, 0x08, 0x62, 0x08, 0x62, 0x08, 0x62, 0x08, 0x62, 0x08,
    0x62, 0x08, 0x62, 0x08, 0x62, 0x08, 0x62, 0x08, 0x62, 0x08, 0x62, 0x08, 0x62, 0x08, 0x62, 0x08,
    0x62, 0x08, 0x62, 0x08, 0x62, 0x08, 0x62, 0x08, 0x62, 0x08, 0x62, 0x08, 0x62, 0x08, 0x62, 0x08,
    0x62, 0x08, 0x62, 0x08, 0x62, 0x08, 0x62, 0x08, 0x62, 0x08, 0x62, 0x08, 0x62, 0x08, 0x62, 0x08,
    0x62, 0x08, 0x62, 0x08, 0x62, 0x08, 0x62, 0x08, 0x62, 0x08, 0x62, 0x08, 0x62, 0x08, 0x62, 0x08,
    0x62, 0x08, 0x62, 0x08, 0x62, 0x08, 0x62, 0x08, 0x62, 0x08, 0x62, 0x08, 0x62, 0x08, 0x62, 0x08,
    0x62, 0x08, 0x62, 0x08, 0x62, 0x08, 0x62, 0x08, 0x62, 0x08, 0x62, 0x08, 0x62, 0x08, 0x62, 0x08,
    0x62, 0x08, 0x62, 0x08, 0x62, 0x08, 0x62, 0x08, 0x62, 0x08, 0x62, 0x08, 0x62, 0x08, 0x62, 0x08,
    0x62, 0x08, 0x62, 0x08, 0x62, 0x08, 0x62, 0x08, 0x62, 0x08, 0x62, 0x08, 0x62, 0x08, 0x62, 0x08,
    0x62, 0x08, 0x62, 0x08, 0x62, 0x08, 0x62, 0x08, 0x62, 0x08, 0x62, 0x08, 0x62, 0x08, 0x62, 0x08,
    0x62, 0x08, 0x62, 0x08, 0x62, 0x08, 0x62, 0x08, 0x62, 0x08, 0x62, 0x08, 0x62, 0x08, 0x62, 0x08,
    0x62, 0x08, 0x62, 0x08, 0x62, 0x08, 0x62, 0x08, 0x62, 0x08, 0x62, 0x08, 0x62, 0x08, 0x62, 0x08,
    0x62, 0x08, 0x62, 0x08, 0x62, 0x08, 0x62, 0x08, 0x62, 0x08, 0x62, 0x08, 0x62, 0x08, 0x62, 0x08,
    0x62, 0x08, 0x62, 0x08, 0x62, 0x08, 0x62, 0x08, 0x62, 0x08, 0x62, 0x08, 0x62, 0x08, 0x62, 0x08,
    0x62, 0x08, 0x62, 0x08, 0x62, 0x08, 0x62, 0x08, 0x62, 0x08, 0x62, 0x08, 0x62, 0x08, 0x82, 0x08,
    0x82, 0x08, 0x82, 0x08, 0x82, 0x08, 0x82, 0x08, 0x82, 0x08, 0x82, 0x08, 0x82, 0x08, 0x82, 0x08,
    0x82, 0x08, 0x82, 0x08, 0x83, 0x08, 0x83, 0x08, 0x83, 0x08, 0x83, 0x08, 0x83, 0x08, 0x83, 0x08,
    0x83, 0x08, 0x83, 0x08, 0x83, 0x08, 0x83, 0x08, 0x83, 0x08, 0xA3, 0x08, 0xA3, 0x08, 0xA3, 0x08,
    0xA3, 0x08, 0xA3, 0x08, 0xA3, 0x08, 0xA3, 0x08, 0xA3, 0x08, 0xA3, 0x08, 0xA3, 0x08, 0xA3, 0x08,
    0xA3, 0x08, 0xA3, 0x08, 0xA3, 0x08, 0xA3, 0x08, 0xA3, 0x08, 0xA3, 0x08, 0xC3, 0x08, 0xC3, 0x08,
    0xC3, 0x08, 0xC3, 0x08, 0xC3, 0x08, 0xC3, 0x08, 0xC4, 0x08, 0xC4, 0x08, 0xC4, 0x08, 0xC4, 0x08,
    0xC4, 0x08, 0xC4, 0x08, 0xC4, 0x08, 0xC4, 0x08, 0xC4, 0x08, 0xC4, 0x08, 0xE4, 0x08, 0xE4, 0x08,
    0xE4, 0x08, 0xE4, 0x08, 0xE4, 0x08, 0xE4, 0x08, 0xE4, 0x08, 0xE4, 0x08, 0xE4, 0x08, 0xE4, 0x08,
    0xE4, 0x08, 0xE4, 0x08, 0xE4, 0x08, 0xE4, 0x08, 0xE4, 0x08, 0xE4, 0x08, 0xE4, 0x08, 0xE4, 0x08,
    0x04, 0x09, 0x04, 0x09, 0x04, 0x09, 0x04, 0x09, 0x04, 0x09, 0x04, 0x09, 0x04, 0x09, 0x05, 0x09,
    0x05, 0x09, 0x05, 0x09, 0x05, 0x09, 0x05, 0x09, 0x05, 0x09, 0x05, 0x09, 0x05, 0x09, 0x05, 0x09,
    0x05, 0x09, 0x05, 0x09, 0x05, 0x09, 0x05, 0x09, 0x05, 0x09, 0x05, 0x09, 0x05, 0x09, 0x05, 0x09,
    0x05, 0x09, 0x05, 0x09, 0x05, 0x09, 0x05, 0x09, 0x05, 0x09, 0x05, 0x09, 0x05, 0x09, 0x05, 0x09,
    0x05, 0x09, 0x05, 0x09, 0x05, 0x09, 0x05, 0x09, 0x05, 0x09, 0x05, 0x09, 0x05, 0x09, 0x05, 0x09,
    0x05, 0x09, 0x05, 0x09, 0x05, 0x09, 0x05, 0x09, 0x05, 0x09, 0x05, 0x09, 0x05, 0x09, 0x05, 0x09,
    0x05, 0x09, 0x05, 0x09, 0x05, 0x09, 0x05, 0x09, 0x05, 0x09, 0x05, 0x09, 0x04, 0x09, 0x04, 0x09,
    0x04, 0x09, 0x04, 0x09, 0x04, 0x09, 0x04, 0x09, 0xE4, 0x08, 0xE4, 0x08, 0xE4, 0x08, 0xE4, 0x08,
    0xE4, 0x08, 0xE4, 0x08, 0xE4, 0x08, 0xE4, 0x08, 0xE4, 0x08, 0xE4, 0x08, 0xE4, 0x08, 0xE4, 0x08,
    0xE4, 0x08, 0xE4, 0x08, 0xE4, 0x08, 0xE4, 0x08, 0xE4, 0x08, 0xE4, 0x08, 0xC4, 0x08, 0xC4, 0x08,
    0xC4, 0x08, 0xC4, 0x08, 0xC4, 0x08, 0xC4, 0x08, 0xC4, 0x08, 0xC4, 0x08, 0xC4, 0x08, 0xC4, 0x08,
    0xC3, 0x08, 0xC3, 0x08, 0xC3, 0x08, 0xC3, 0x08, 0xC3, 0x08, 0xC3, 0x08, 0xA3, 0x08, 0xA3, 0x08,
    0xA3, 0x08, 0xA3, 0x08, 0xA3, 0x08, 0xA3, 0x08, 0xA3, 0x08, 0xA3, 0x08, 0xA3, 0x08, 0xA3, 0x08,
    0xA3, 0x08, 0xA3, 0x08, 0xA3, 0x08, 0xA3, 0x08, 0xA3, 0x08, 0xA3, 0x08, 0xA3, 0x08, 0x83, 0x08,
    0x83, 0x08, 0x83, 0x08, 0x83, 0x08, 0x83, 0x08, 0x83, 0x08, 0x83, 0x08, 0x83, 0x08, 0x83, 0x08,
    0x83, 0x08, 0x83, 0x08, 0x82, 0x08, 0x82, 0x08, 0x82, 0x08, 0x82, 0x08, 0x82, 0x08, 0x82, 0x08,
    0x82, 0x08, 0x82, 0x08, 0x82, 0x08, 0x82, 0x08, 0x82, 0x08, 0x62, 0x08, 0x62, 0x08, 0x62, 0x08,
    0x62, 0x08, 0x62, 0x08, 0x62, 0x08, 0x62, 0x08, 0x62, 0x08, 0x62, 0x08, 0x62, 0x08, 0x62, 0x08,
    0x62, 0x08, 0x62, 0x08, 0x62, 0x08, 0x62, 0x08, 0x62, 0x08, 0x62, 0x08, 0x62, 0x08, 0x62, 0x08,
    0x62, 0x08, 0x62, 0x08, 0x62, 0x08, 0x62, 0x08, 0x62, 0x08, 0x62, 0x08, 0x62, 0x08, 0x62, 0x08,
    0x62, 0x08, 0x62, 0x08, 0x62, 0x08, 0x62, 0x08, 0x62, 0x08, 0x62, 0x08, 0x62, 0x08, 0x62, 0x08,
    0x62, 0x08, 0x62, 0x08, 0x62, 0x08, 0x62, 0x08, 0x62, 0x08, 0x62, 0x08, 0x62, 0x08, 0x62, 0x08,
    0x62, 0x08, 0x62, 0x08, 0x62, 0x08, 0x62, 0x08, 0x62, 0x08, 0x62, 0x08, 0x62, 0x08, 0x62, 0x08,
    0x62, 0x08, 0x62, 0x08, 0x62, 0x08, 0x62, 0x08, 0x62, 0x08, 0x62, 0x08, 0x62, 0x08, 0x62, 0x08,
    0x62, 0x08, 0x62, 0x08, 0x62, 0x08, 0x62, 0x08, 0x62, 0x08, 0x62, 0x08, 0x62, 0x08, 0x62, 0x08,
    0x62, 0x08, 0x62, 0x08, 0x62, 0x08, 0x62, 0x08, 0x62, 0x08, 0x62, 0x08, 0x62, 0x08, 0x62, 0x08,
    0x62, 0x08, 0x62, 0x08, 0x62, 0x08, 0x62, 0x08, 0x62, 0x08, 0x62, 0x08, 0x62, 0x08, 0x62, 0x08,
    0x62, 0x08, 0x62, 0x08, 0x62, 0x08, 0x62, 0x08, 0x62, 0x08, 0x62, 0x08, 0x62, 0x08, 0x62, 0x08,
    0x62, 0x08, 0x62, 0x08, 0x62, 0x08, 0x62, 0x08, 0x62, 0x08, 0x62, 0x08, 0x62, 0x08, 0x62, 0x08,
    0x62, 0x08, 0x62, 0x08, 0x62, 0x08, 0x62, 0x08, 0x62, 0x08, 0x62, 0x08, 0x62, 0x08, 0x62, 0x08,
    0x62, 0x08, 0x62, 0x08, 0x62, 0x08, 0x62, 0x08, 0x62, 0x08, 0x62, 0x08, 0x62, 0x08, 0x62, 0x08,
    0x62, 0x08, 0x62, 0x08, 0x62, 0x08, 0x62, 0x08, 0x62, 0x08, 0x62, 0x08, 0x62, 0x08, 0x62, 0x08,
    0x62, 0x08, 0x62, 0x08, 0x62, 0x08, 0x62, 0x08, 0x62, 0x08, 0x62, 0x08, 0x62, 0x08, 0x62, 0x08,
    0x62, 0x08, 0x62, 0x08, 0x62, 0x08, 0x62, 0x08, 0x82, 0x08, 0x82, 0x08, 0x82, 0x08, 0x82, 0x08,
    0x82, 0x08, 0x82, 0x08, 0x82, 0x08, 0x82, 0x08, 0x82, 0x08, 0x82, 0x08, 0x82, 0x08, 0x83, 0x08,
    0x83, 0x08, 0x83, 0x08, 0x83, 0x08, 0x83, 0x08, 0x83, 0x08, 0x83, 0x08, 0x83, 0x08, 0x83, 0x08,
    0x83, 0x08, 0x83, 0x08, 0xA3, 0x08, 0xA3, 0x08, 0xA3, 0x08, 0xA3, 0x08, 0xA3, 0x08, 0xA3, 0x08,
    0xA3, 0x08, 0xA3, 0x08, 0xA3, 0x08, 0xA3, 0x08, 0xA3, 0x08, 0xA3, 0x08, 0xA3, 0x08, 0xA3, 0x08,
    0xA3, 0x08, 0xA3, 0x08, 0xA3, 0x08, 0xC3, 0x08, 0xC3, 0x08, 0xC3, 0x08, 0xC3, 0x08, 0xC3, 0x08,
    0xC3, 0x08, 0xC4, 0x08, 0xC4, 0x08, 0xC4, 0x08, 0xC4, 0x08, 0xC4, 0x08, 0xC4, 0x08, 0xC4, 0x08,
    0xC4, 0x08, 0xC4, 0x08, 0xC4, 0x08, 0xC4, 0x08, 0xE4, 0x08, 0xE4, 0x08, 0xE4, 0x08, 0xE4, 0x08,
    0xE4, 0x08, 0xE4, 0x08, 0xE4, 0x08, 0xE4, 0x08, 0xE4, 0x08, 0xE4, 0x08, 0xE4, 0x08, 0xE4, 0x08,
    0xE4, 0x08, 0xE4, 0x08, 0xE4, 0x08, 0xE4, 0x08, 0xE4, 0x08, 0xE4, 0x08, 0xE4, 0x08, 0x04, 0x09,
    0x04, 0x09, 0x04, 0x09, 0x04, 0x09, 0x04, 0x09, 0x04, 0x09, 0x04, 0x09, 0x05, 0x09, 0x05, 0x09,
    0x05, 0x09, 0x05, 0x09, 0x05, 0x09, 0x05, 0x09, 0x05, 0x09, 0x05, 0x09, 0x05, 0x09, 0x05, 0x09,
    0x05, 0x09, 0x05, 0x09, 0x05, 0x09, 0x05, 0x09, 0x05, 0x09, 0x05, 0x09, 0x05, 0x09, 0x05, 0x09,
    0x05, 0x09, 0x05, 0x09, 0x05, 0x09, 0x05, 0x09, 0x05, 0x09, 0x05, 0x09, 0x05, 0x09, 0x05, 0x09,
    0x05, 0x09, 0x05, 0x09, 0x05, 0x09, 0x05, 0x09, 0x05, 0x09, 0x05, 0x09, 0x05, 0x09, 0x05, 0x09,
    0x05, 0x09, 0x05, 0x09, 0x05, 0x09, 0x05, 0x09, 0x05, 0x09, 0x05, 0x09, 0x04, 0x09, 0x04, 0x09,
    0x04, 0x09, 0x04, 0x09, 0x04, 0x09, 0x04, 0x09, 0x04, 0x09, 0x04, 0x09, 0xE4, 0x08, 0xE4, 0x08,
    0xE4, 0x08, 0xE4, 0x08, 0xE4, 0x08, 0xE4, 0x08, 0xE4, 0x08, 0xE4, 0x08, 0xE4, 0x08, 0xE4, 0x08,
    0xE4, 0x08, 0xE4, 0x08, 0xE4, 0x08, 0xE4, 0x08, 0xE4, 0x08, 0xE4, 0x08, 0xE4, 0x08, 0xE4, 0x08,
    0xE4, 0x08, 0xC4, 0x08, 0xC4, 0x08, 0xC4, 0x08, 0xC4, 0x08, 0xC4, 0x08, 0xC4, 0x08, 0xC4, 0x08,
    0xC4, 0x08, 0xC4, 0x08, 0xC4, 0x08, 0xC3, 0x08, 0xC3, 0x08, 0xC3, 0x08, 0xC3, 0x08, 0xC3, 0x08,
    0xC3, 0x08, 0xA3, 0x08, 0xA3, 0x08, 0xA3, 0x08, 0xA3, 0x08, 0xA3, 0x08, 0xA3, 0x08, 0xA3, 0x08,
    0xA3, 0x08, 0xA3, 0x08, 0xA3, 0x08, 0xA3, 0x08, 0xA3, 0x08, 0xA3, 0x08, 0xA3, 0x08, 0xA3, 0x08,
    0xA3, 0x08, 0xA3, 0x08, 0x83, 0x08, 0x83, 0x08, 0x83, 0x08, 0x83, 0x08, 0x83, 0x08, 0x83, 0x08,
    0x83, 0x08, 0x83, 0x08, 0x83, 0x08, 0x83, 0x08, 0x83, 0x08, 0x82, 0x08, 0x82, 0x08, 0x82, 0x08,
    0x82, 0x08, 0x82, 0x08, 0x82, 0x08, 0x82, 0x08, 0x82, 0x08, 0x82, 0x08, 0x82, 0x08, 0x82, 0x08,
    0x82, 0x08, 0x62, 0x08, 0x62, 0x08, 0x62, 0x08, 0x62, 0x08, 0x62, 0x08, 0x62, 0x08, 0x62, 0x08,
    0x62, 0x08, 0x62, 0x08, 0x62, 0x08, 0x62, 0x08, 0x62, 0x08, 0x62, 0x08, 0x62, 0x08, 0x62, 0x08,
    0x62, 0x08, 0x62, 0x08, 0x62, 0x08, 0x62, 0x08, 0x62, 0x08, 0x62, 0x08, 0x62, 0x08, 0x62, 0x08,
    0x62, 0x08, 0x62, 0x08, 0x62, 0x08, 0x62, 0x08, 0x62, 0x08, 0x62, 0x08, 0x62, 0x08, 0x62, 0x08,
    0x62, 0x08, 0x62, 0x08, 0x62, 0x08, 0x62, 0x08, 0x62, 0x08, 0x62, 0x08, 0x62, 0x08, 0x62, 0x08,
    0x62, 0x08, 0x62, 0x08, 0x62, 0x08, 0x62, 0x08, 0x62, 0x08, 0x62, 0x08, 0x62, 0x08, 0x62, 0x08,
    0x62, 0x08, 0x62, 0x08, 0x62, 0x08, 0x62, 0x08, 0x62, 0x08, 0x62, 0x08, 0x62, 0x08, 0x62, 0x08,
    0x62, 0x08, 0x62, 0x08, 0x62, 0x08, 0x62, 0x08, 0x62, 0x08, 0x62, 0x08, 0x62, 0x08, 0x62, 0x08,
    0x62, 0x08, 0x62, 0x08, 0x62, 0x08, 0x62, 0x08, 0x62, 0x08, 0x62, 0x08, 0x62, 0x08, 0x62, 0x08,
    0x62, 0x08, 0x62, 0x08, 0x62, 0x08, 0x62, 0x08, 0x62, 0x08, 0x62, 0x08, 0x62, 0x08, 0x62, 0x08,
    0x62, 0x08, 0x62, 0x08, 0x62, 0x08, 0x62, 0x08, 0x62, 0x08, 0x62, 0x08, 0x62, 0x08, 0x62, 0x08,
    0x62, 0x08, 0x62, 0x08, 0x62, 0x08, 0x62, 0x08, 0x62, 0x08, 0x62, 0x08, 0x62, 0x08, 0x62, 0x08,
    0x62, 0x08, 0x62, 0x08, 0x62, 0x08, 0x62, 0x08, 0x62, 0x08, 0x62, 0x08, 0x62, 0x08, 0x62, 0x08,
    0x62, 0x08, 0x62, 0x08, 0x62, 0x08, 0x62, 0x08, 0x62, 0x08, 0x62, 0x08, 0x62, 0x08, 0x62, 0x08,
    0x62, 0x08, 0x62, 0x08, 0x62, 0x08, 0x62, 0x08, 0x62, 0x08, 0x62, 0x08, 0x62, 0x08, 0x62, 0x08,
    0x62, 0x08, 0x62, 0x08, 0x62, 0x08, 0x62, 0x08, 0x62, 0x08, 0x62, 0x08, 0x62, 0x08, 0x62, 0x08,
    0x62, 0x08, 0x62, 0x08, 0x62, 0x08, 0x62, 0x08, 0x62, 0x08, 0x62, 0x08, 0x62, 0x08, 0x62, 0x08,
    0x82, 0x08, 0x82, 0x08, 0x82, 0x08, 0x82, 0x08, 0x82, 0x08, 0x82, 0x08, 0x82, 0x08, 0x82, 0x08,
    0x82, 0x08, 0x82, 0x08, 0x82, 0x08, 0x82, 0x08, 0x83, 0x08, 0x83, 0x08, 0x83, 0x08, 0x83, 0x08,
    0x83, 0x08, 0x83, 0x08, 0x83, 0x08, 0x83, 0x08, 0x83, 0x08, 0x83, 0x08, 0x83, 0x08, 0xA3, 0x08,
    0xA3, 0x08, 0xA3, 0x08, 0xA3, 0x08, 0xA3, 0x08, 0xA3, 0x08, 0xA3, 0x08, 0xA3, 0x08, 0xA3, 0x08,
    0xA3, 0x08, 0xA3, 0x08, 0xA3, 0x08, 0xA3, 0x08, 0xA3, 0x08, 0xA3, 0x08, 0xA3, 0x08, 0xA3, 0x08,
    0xC3, 0x08, 0xC3, 0x08, 0xC3, 0x08, 0xC3, 0x08, 0xC3, 0x08, 0xC3, 0x08, 0xC4, 0x08, 0xC4, 0x08,
    0xC4, 0x08, 0xC4, 0x08, 0xC4, 0x08, 0xC4, 0x08, 0xC4, 0x08, 0xC4, 0x08, 0xC4, 0x08, 0xC4, 0x08,
    0xC4, 0x08, 0xE4, 0x08, 0xE4, 0x08, 0xE4, 0x08, 0xE4, 0x08, 0xE4, 0x08, 0xE4, 0x08, 0xE4, 0x08,
    0xE4, 0x08, 0xE4, 0x08, 0xE4, 0x08, 0xE4, 0x08, 0xE4, 0x08, 0xE4, 0x08, 0xE4, 0x08, 0xE4, 0x08,
    0xE4, 0x08, 0xE4, 0x08, 0xE4, 0x08, 0xE4, 0x08, 0xE4, 0x08, 0x04, 0x09, 0x04, 0x09, 0x04, 0x09,
    0x04, 0x09, 0x04, 0x09, 0x04, 0x09, 0x04, 0x09, 0x04, 0x09, 0x04, 0x09, 0x05, 0x09, 0x05, 0x09,
    0x05, 0x09, 0x05, 0x09, 0x05, 0x09, 0x05, 0x09, 0x05, 0x09, 0x05, 0x09, 0x05, 0x09, 0x05, 0x09,
    0x05, 0x09, 0x05, 0x09, 0x05, 0x09, 0x05, 0x09, 0x05, 0x09, 0x05, 0x09, 0x05, 0x09, 0x05, 0x09,
    0x05, 0x09, 0x05, 0x09, 0x05, 0x09, 0x05, 0x09, 0x05, 0x09, 0x05, 0x09, 0x05, 0x09, 0x05, 0x09,
    0x05, 0x09, 0x05, 0x09, 0x05, 0x09, 0x05, 0x09, 0x05, 0x09, 0x05, 0x09, 0x04, 0x09, 0x04, 0x09,
    0x04, 0x09, 0x04, 0x09, 0x04, 0x09, 0x04, 0x09, 0x04, 0x09, 0x04, 0x09, 0x04, 0x09, 0xE4, 0x08,
    0xE4, 0x08, 0xE4, 0x08, 0xE4, 0x08, 0xE4, 0x08, 0xE4, 0x08, 0xE4, 0x08, 0xE4, 0x08, 0xE4, 0x08,
    0xE4, 0x08, 0xE4, 0x08, 0xE4, 0x08, 0xE4, 0x08, 0xE4, 0x08, 0xE4, 0x08, 0xE4, 0x08, 0xE4, 0x08,
    0xE4, 0x08, 0xE4, 0x08, 0xE4, 0x08, 0xC4, 0x08, 0xC4, 0x08, 0xC4, 0x08, 0xC4, 0x08, 0xC4, 0x08,
    0xC4, 0x08, 0xC4, 0x08, 0xC4, 0x08, 0xC4, 0x08, 0xC4, 0x08, 0xC4, 0x08, 0xC3, 0x08, 0xC3, 0x08,
    0xC3, 0x08, 0xC3, 0x08, 0xC3, 0x08, 0xC3, 0x08, 0xA3, 0x08, 0xA3, 0x08, 0xA3, 0x08, 0xA3, 0x08,
    0xA3, 0x08, 0xA3, 0x08, 0xA3, 0x08, 0xA3, 0x08, 0xA3, 0x08, 0xA3, 0x08, 0xA3, 0x08, 0xA3, 0x08,
    0xA3, 0x08, 0xA3, 0x08, 0xA3, 0x08, 0xA3, 0x08, 0xA3, 0x08, 0x83, 0x08, 0x83, 0x08, 0x83, 0x08,
    0x83, 0x08, 0x83, 0x08, 0x83, 0x08, 0x83, 0x08, 0x83, 0x08, 0x83, 0x08, 0x83, 0x08, 0x83, 0x08,
    0x82, 0x08, 0x82, 0x08, 0x82, 0x08, 0x82, 0x08, 0x82, 0x08, 0x82, 0x08, 0x82, 0x08, 0x82, 0x08,
    0x82, 0x08, 0x82, 0x08, 0x82, 0x08, 0x82, 0x08, 0x62, 0x08, 0x62, 0x08, 0x62, 0x08, 0x62, 0x08,
    0x62, 0x08, 0x62, 0x08, 0x62, 0x08, 0x62, 0x08, 0x62, 0x08, 0x62, 0x08, 0x62, 0x08, 0x62, 0x08,
    0x62, 0x08, 0x62, 0x08, 0x62, 0x08, 0x62, 0x08, 0x62, 0x08, 0x62, 0x08, 0x62, 0x08, 0x62, 0x08,
    0x62, 0x08, 0x62, 0x08, 0x62, 0x08, 0x62, 0x08, 0x62, 0x08, 0x62, 0x08, 0x62, 0x08, 0x62, 0x08,
    0x62, 0x08, 0x62, 0x08, 0x62, 0x08, 0x62, 0x08, 0x62, 0x08, 0x62, 0x08, 0x62, 0x08, 0x62, 0x08,
    0x62, 0x08, 0x62, 0x08, 0x62, 0x08, 0x62, 0x08, 0x62, 0x08, 0x62, 0x08, 0x62, 0x08, 0x62, 0x08,
    0x62, 0x08, 0x62, 0x08, 0x62, 0x08, 0x62, 0x08, 0x62, 0x08, 0x62, 0x08, 0x62, 0x08, 0x62, 0x08,
    0x62, 0x08, 0x62, 0x08, 0x62, 0x08, 0x62, 0x08, 0x62, 0x08, 0x62, 0x08, 0x62, 0x08, 0x62, 0x08,
    0x62, 0x08, 0x62, 0x08, 0x62, 0x08, 0x62, 0x08, 0x62, 0x08, 0x62, 0x08, 0x62, 0x08, 0x62, 0x08,
    0x62, 0x08, 0x62, 0x08, 0x62, 0x08, 0x62, 0x08, 0x62, 0x08, 0x62, 0x08, 0x62, 0x08, 0x62, 0x08,
    0x62, 0x08, 0x62, 0x08, 0x62, 0x08, 0x62, 0x08, 0x62, 0x08, 0x62, 0x08, 0x62, 0x08, 0x62, 0x08,
    0x62, 0x08, 0x62, 0x08, 0x62, 0x08, 0x62, 0x08, 0x62, 0x08, 0x62, 0x08, 0x62, 0x08, 0x62, 0x08,
    0x62, 0x08, 0x62, 0x08, 0x62, 0x08, 0x62, 0x08, 0x62, 0x08, 0x62, 0x08, 0x62, 0x08, 0x62, 0x08,
    0x62, 0x08, 0x62, 0x08, 0x62, 0x08, 0x62, 0x08, 0x62, 0x08, 0x62, 0x08, 0x62, 0x08, 0x62, 0x08,
    0x62, 0x08, 0x62, 0x08, 0x62, 0x08, 0x62, 0x08, 0x62, 0x08, 0x62, 0x08, 0x62, 0x08, 0x62, 0x08,
    0x62, 0x08, 0x62, 0x08, 0x62, 0x08, 0x62, 0x08, 0x62, 0x08, 0x62, 0x08, 0x62, 0x08, 0x62, 0x08,
    0x62, 0x08, 0x62, 0x08, 0x62, 0x08, 0x62, 0x08, 0x62, 0x08, 0x62, 0x08, 0x62, 0x08, 0x62, 0x08,
    0x62, 0x08, 0x62, 0x08, 0x62, 0x08, 0x62, 0x08, 0x62, 0x08, 0x82, 0x08, 0x82, 0x08, 0x82, 0x08,
    0x82, 0x08, 0x82, 0x08, 0x82, 0x08, 0x82, 0x08, 0x82, 0x08, 0x82, 0x08, 0x82, 0x08, 0x82, 0x08,
    0x82, 0x08, 0x83, 0x08, 0x83, 0x08, 0x83, 0x08, 0x83, 0x08, 0x83, 0x08, 0x83, 0x08, 0x83, 0x08,
    0x83, 0x08, 0x83, 0x08, 0x83, 0x08, 0x83, 0x08, 0xA3, 0x08, 0xA3, 0x08, 0xA3, 0x08, 0xA3, 0x08,
    0xA3, 0x08, 0xA3, 0x08, 0xA3, 0x08, 0xA3, 0x08, 0xA3, 0x08, 0xA3, 0x08, 0xA3, 0x08, 0xA3, 0x08,
    0xA3, 0x08, 0xA3, 0x08, 0xA3, 0x08, 0xA3, 0x08, 0xA3, 0x08, 0xA3, 0x08, 0xC3, 0x08, 0xC3, 0x08,
    0xC3, 0x08, 0xC3, 0x08, 0xC3, 0x08, 0xC3, 0x08, 0xC4, 0x08, 0xC4, 0x08, 0xC4, 0x08, 0xC4, 0x08,
    0xC4, 0x08, 0xC4, 0x08, 0xC4, 0x08, 0xC4, 0x08, 0xC4, 0x08, 0xC4, 0x08, 0xC4, 0x08, 0xE4, 0x08,
    0xE4, 0x08, 0xE4, 0x08, 0xE4, 0x08, 0xE4, 0x08, 0xE4, 0x08, 0xE4, 0x08, 0xE4, 0x08, 0xE4, 0x08,
    0xE4, 0x08, 0xE4, 0x08, 0xE4, 0x08, 0xE4, 0x08, 0xE4, 0x08, 0xE4, 0x08, 0xE4, 0x08, 0xE4, 0x08,
    0xE4, 0x08, 0xE4, 0x08, 0xE4, 0x08, 0xE4, 0x08, 0xE4, 0x08, 0x04, 0x09, 0x04, 0x09, 0x04, 0x09,
    0x04, 0x09, 0x04, 0x09, 0x04, 0x09, 0x04, 0x09, 0x04, 0x09, 0x04, 0x09, 0x05, 0x09, 0x04, 0x09,
    0x05, 0x09, 0x05, 0x09, 0x05, 0x09, 0x05, 0x09, 0x05, 0x09, 0x05, 0x09, 0x05, 0x09, 0x05, 0x09,
    0x05, 0x09, 0x05, 0x09, 0x05, 0x09, 0x05, 0x09, 0x05, 0x09, 0x05, 0x09, 0x05, 0x09, 0x05, 0x09,
    0x05, 0x09, 0x05, 0x09, 0x05, 0x09, 0x05, 0x09, 0x04, 0x09, 0x05, 0x09, 0x04, 0x09, 0x04, 0x09,
    0x04, 0x09, 0x04, 0x09, 0x04, 0x09, 0x04, 0x09, 0x04, 0x09, 0x04, 0x09, 0x04, 0x09, 0x04, 0x09,
    0xE4, 0x08, 0xE4, 0x08, 0xE4, 0x08, 0xE4, 0x08, 0xE4, 0x08, 0xE4, 0x08, 0xE4, 0x08, 0xE4, 0x08,
    0xE4, 0x08, 0xE4, 0x08, 0xE4, 0x08, 0xE4, 0x08, 0xE4, 0x08, 0xE4, 0x08, 0xE4, 0x08, 0xE4, 0x08,
    0xE4, 0x08, 0xE4, 0x08, 0xE4, 0x08, 0xE4, 0x08, 0xE4, 0x08, 0xC4, 0x08, 0xC4, 0x08, 0xC4, 0x08,
    0xC4, 0x08, 0xC4, 0x08, 0xC4, 0x08, 0xC4, 0x08, 0xC4, 0x08, 0xC4, 0x08, 0xC4, 0x08, 0xC4, 0x08,
    0xC3, 0x08, 0xC3, 0x08, 0xC3, 0x08, 0xC3, 0x08, 0xC3, 0x08, 0xC3, 0x08, 0xC3, 0x08, 0xA3, 0x08,
    0xA3, 0x08, 0xA3, 0x08, 0xA3, 0x08, 0xA3, 0x08, 0xA3, 0x08, 0xA3, 0x08, 0xA3, 0x08, 0xA3, 0x08,
    0xA3, 0x08, 0xA3, 0x08, 0xA3, 0x08, 0xA3, 0x08, 0xA3, 0x08, 0xA3, 0x08, 0xA3, 0x08, 0xA3, 0x08,
    0x83, 0x08, 0x83, 0x08, 0x83, 0x08, 0x83, 0x08, 0x83, 0x08, 0x83, 0x08, 0x83, 0x08, 0x83, 0x08,
    0x83, 0x08, 0x83, 0x08, 0x83, 0x08, 0x83, 0x08, 0x82, 0x08, 0x82, 0x08, 0x82, 0x08, 0x82, 0x08,
    0x82, 0x08, 0x82, 0x08, 0x82, 0x08, 0x82, 0x08, 0x82, 0x08, 0x82, 0x08, 0x82, 0x08, 0x62, 0x08,
    0x62, 0x08, 0x62, 0x08, 0x62, 0x08, 0x62, 0x08, 0x62, 0x08, 0x62, 0x08, 0x62, 0x08, 0x62, 0x08,
    0x62, 0x08, 0x62, 0x08, 0x62, 0x08, 0x62, 0x08, 0x62, 0x08, 0x62, 0x08, 0x62, 0x08, 0x62, 0x08,
    0x62, 0x08, 0x62, 0x08, 0x62, 0x08, 0x62, 0x08, 0x62, 0x08, 0x62, 0x08, 0x62, 0x08, 0x62, 0x08,
    0x62, 0x08, 0x62, 0x08, 0x62, 0x08, 0x62, 0x08, 0x62, 0x08, 0x62, 0x08, 0x62, 0x08, 0x62, 0x08,
    0x62, 0x08, 0x62, 0x08, 0x62, 0x08, 0x62, 0x08, 0x62, 0x08, 0x62, 0x08, 0x62, 0x08, 0x62, 0x08,
    0x62, 0x08, 0x62, 0x08, 0x62, 0x08, 0x62, 0x08, 0x62, 0x08, 0x62, 0x08, 0x62, 0x08, 0x62, 0x08,
    0x62, 0x08, 0x62, 0x08, 0x62, 0x08, 0x62, 0x08, 0x62, 0x08, 0x62, 0x08, 0x62, 0x08, 0x62, 0x08,
    0x62, 0x08, 0x62, 0x08, 0x62, 0x08, 0x62, 0x08, 0x62, 0x08, 0x62, 0x08, 0x62, 0x08, 0x62, 0x08,
    0x62, 0x08, 0x62, 0x08, 0x62, 0x08, 0x62, 0x08, 0x62, 0x08, 0x62, 0x08, 0x62, 0x08, 0x62, 0x08,
    0x62, 0x08, 0x62, 0x08, 0x62, 0x08, 0x62, 0x08, 0x62, 0x08, 0x62, 0x08, 0x62, 0x08, 0x62, 0x08,
    0x62, 0x08, 0x62, 0x08, 0x62, 0x08, 0x62, 0x08, 0x62, 0x08, 0x62, 0x08, 0x62, 0x08, 0x62, 0x08,
    0x62, 0x08, 0x62, 0x08, 0x62, 0x08, 0x62, 0x08, 0x62, 0x08, 0x62, 0x08, 0x62, 0x08, 0x62, 0x08,
    0x62, 0x08, 0x62, 0x08, 0x62, 0x08, 0x62, 0x08, 0x62, 0x08, 0x62, 0x08, 0x62, 0x08, 0x62, 0x08,
    0x62, 0x08, 0x62, 0x08, 0x62, 0x08, 0x62, 0x08, 0x62, 0x08, 0x62, 0x08, 0x62, 0x08, 0x62, 0x08,
    0x62, 0x08, 0x62, 0x08, 0x62, 0x08, 0x62, 0x08, 0x62, 0x08, 0x62, 0x08, 0x62, 0x08, 0x62, 0x08,
    0x62, 0x08, 0x62, 0x08, 0x62, 0x08, 0x62, 0x08, 0x62, 0x08, 0x62, 0x08, 0x62, 0x08, 0x62, 0x08,
    0x62, 0x08, 0x62, 0x08, 0x62, 0x08, 0x62, 0x08, 0x62, 0x08, 0x62, 0x08, 0x62, 0x08, 0x62, 0x08,
    0x62, 0x08, 0x62, 0x08, 0x82, 0x08, 0x82, 0x08, 0x82, 0x08, 0x82, 0x08, 0x82, 0x08, 0x82, 0x08,
    0x82, 0x08, 0x82, 0x08, 0x82, 0x08, 0x82, 0x08, 0x82, 0x08, 0x82, 0x08, 0x83, 0x08, 0x83, 0x08,
    0x83, 0x08, 0x83, 0x08, 0x83, 0x08, 0x83, 0x08, 0x83, 0x08, 0x83, 0x08, 0x83, 0x08, 0x83, 0x08,
    0x83, 0x08, 0xA3, 0x08, 0xA3, 0x08, 0xA3, 0x08, 0xA3, 0x08, 0xA3, 0x08, 0xA3, 0x08, 0xA3, 0x08,
    0xA3, 0x08, 0xA3, 0x08, 0xA3, 0x08, 0xA3, 0x08, 0xA3, 0x08, 0xA3, 0x08, 0xA3, 0x08, 0xA3, 0x08,
    0xA3, 0x08, 0xA3, 0x08, 0xA3, 0x08, 0xC3, 0x08, 0xC3, 0x08, 0xC3, 0x08, 0xC3, 0x08, 0xC3, 0x08,
    0xC3, 0x08, 0xC4, 0x08, 0xC4, 0x08, 0xC4, 0x08, 0xC4, 0x08, 0xC4, 0x08, 0xC4, 0x08, 0xC4, 0x08,
    0xC4, 0x08, 0xC4, 0x08, 0xC4, 0x08, 0xC4, 0x08, 0xC4, 0x08, 0xE4, 0x08, 0xE4, 0x08, 0xE4, 0x08,
    0xE4, 0x08, 0xE4, 0x08, 0xE4, 0x08, 0xE4, 0x08, 0xE4, 0x08, 0xE4, 0x08, 0xE4, 0x08, 0xE4, 0x08,
    0xE4, 0x08, 0xE4, 0x08, 0xE4, 0x08, 0xE4, 0x08, 0xE4, 0x08, 0xE4, 0x08, 0xE4, 0x08, 0xE4, 0x08,
    0xE4, 0x08, 0xE4, 0x08, 0xE4, 0x08, 0xE4, 0x08, 0xE4, 0x08, 0x04, 0x09, 0x04, 0x09, 0x04, 0x09,
    0x04, 0x09, 0x04, 0x09, 0x04, 0x09, 0x04, 0x09, 0x04, 0x09, 0x04, 0x09, 0x04, 0x09, 0x04, 0x09,
    0x04, 0x09, 0x04, 0x09, 0x04, 0x09, 0x04, 0x09, 0x04, 0x09, 0x04, 0x09, 0x04, 0x09, 0x04, 0x09,
    0x04, 0x09, 0x04, 0x09, 0x04, 0x09, 0x04, 0x09, 0x04, 0x09, 0x04, 0x09, 0x04, 0x09, 0x04, 0x09,
    0x04, 0x09, 0x04, 0x09, 0x04, 0x09, 0x04, 0x09, 0x04, 0x09, 0x04, 0x09, 0x04, 0x09, 0x04, 0x09,
    0xE4, 0x08, 0xE4, 0x08, 0xE4, 0x08, 0xE4, 0x08, 0xE4, 0x08, 0xE4, 0x08, 0xE4, 0x08, 0xE4, 0x08,
    0xE4, 0x08, 0xE4, 0x08, 0xE4, 0x08, 0xE4, 0x08, 0xE4, 0x08, 0xE4, 0x08, 0xE4, 0x08, 0xE4, 0x08,
    0xE4, 0x08, 0xE4, 0x08, 0xE4, 0x08, 0xE4, 0x08, 0xE4, 0x08, 0xE4, 0x08, 0xE4, 0x08, 0xC4, 0x08,
    0xC4, 0x08, 0xC4, 0x08, 0xC4, 0x08, 0xC4, 0x08, 0xC4, 0x08, 0xC4, 0x08, 0xC4, 0x08, 0xC4, 0x08,
    0xC4, 0x08, 0xC4, 0x08, 0xC4, 0x08, 0xC3, 0x08, 0xC3, 0x08, 0xC3, 0x08, 0xC3, 0x08, 0xC3, 0x08,
    0xC3, 0x08, 0xA3, 0x08, 0xA3, 0x08, 0xA3, 0x08, 0xA3, 0x08, 0xA3, 0x08, 0xA3, 0x08, 0xA3, 0x08,
    0xA3, 0x08, 0xA3, 0x08, 0xA3, 0x08, 0xA3, 0x08, 0xA3, 0x08, 0xA3, 0x08, 0xA3, 0x08, 0xA3, 0x08,
    0xA3, 0x08, 0xA3, 0x08, 0xA3, 0x08, 0x83, 0x08, 0x83, 0x08, 0x83, 0x08, 0x83, 0x08, 0x83, 0x08,
    0x83, 0x08, 0x83, 0x08, 0x83, 0x08, 0x83, 0x08, 0x83, 0x08, 0x83, 0x08, 0x83, 0x08, 0x82, 0x08,
    0x82, 0x08, 0x82, 0x08, 0x82, 0x08, 0x82, 0x08, 0x82, 0x08, 0x82, 0x08, 0x82, 0x08, 0x82, 0x08,
    0x82, 0x08, 0x82, 0x08, 0x62, 0x08, 0x62, 0x08, 0x62, 0x08, 0x62, 0x08, 0x62, 0x08, 0x62, 0x08,
    0x62, 0x08, 0x62, 0x08, 0x62, 0x08, 0x62, 0x08, 0x62, 0x08, 0x62, 0x08, 0x62, 0x08, 0x62, 0x08,
    0x62, 0x08, 0x62, 0x08, 0x62, 0x08, 0x62, 0x08, 0x62, 0x08, 0x62, 0x08, 0x62, 0x08, 0x62, 0x08,
    0x62, 0x08, 0x62, 0x08, 0x62, 0x08, 0x62, 0x08, 0x62, 0x08, 0x62, 0x08, 0x62, 0x08, 0x62, 0x08,
    0x62, 0x08, 0x62, 0x08, 0x62, 0x08, 0x62, 0x08, 0x62, 0x08, 0x62, 0x08, 0x62, 0x08, 0x62, 0x08,
    0x62, 0x08, 0x62, 0x08, 0x62, 0x08, 0x62, 0x08, 0x62, 0x08, 0x62, 0x08, 0x62, 0x08, 0x62, 0x08,
    0x62, 0x08, 0x62, 0x08, 0x62, 0x08, 0x62, 0x08, 0x62, 0x08, 0x62, 0x08, 0x62, 0x08, 0x62, 0x08,
    0x62, 0x08, 0x62, 0x08, 0x62, 0x08, 0x62, 0x08, 0x62, 0x08, 0x62, 0x08, 0x62, 0x08, 0x62, 0x08,
    0x62, 0x08, 0x62, 0x08, 0x62, 0x08, 0x62, 0x08, 0x62, 0x08, 0x62, 0x08, 0x62, 0x08, 0x62, 0x08,
    0x62, 0x08, 0x62, 0x08, 0x62, 0x08, 0x62, 0x08, 0x62, 0x08, 0x62, 0x08, 0x62, 0x08, 0x62, 0x08,
    0x62, 0x08, 0x62, 0x08, 0x62, 0x08, 0x62, 0x08, 0x62, 0x08, 0x62, 0x08, 0x62, 0x08, 0x62, 0x08,
    0x62, 0x08, 0x62, 0x08, 0x62, 0x08, 0x62, 0x08, 0x62, 0x08, 0x62, 0x08, 0x62, 0x08, 0x62, 0x08,
    0x62, 0x08, 0x62, 0x08, 0x62, 0x08, 0x62, 0x08, 0x62, 0x08, 0x62, 0x08, 0x62, 0x08, 0x62, 0x08,
    0x62, 0x08, 0x62, 0x08, 0x62, 0x08, 0x62, 0x08, 0x62, 0x08, 0x62, 0x08, 0x62, 0x08, 0x62, 0x08,
    0x62, 0x08, 0x62, 0x08, 0x62, 0x08, 0x62, 0x08, 0x62, 0x08, 0x62, 0x08, 0x62, 0x08, 0x62, 0x08,
    0x62, 0x08, 0x62, 0x08, 0x62, 0x08, 0x62, 0x08, 0x62, 0x08, 0x62, 0x08, 0x62, 0x08, 0x62, 0x08,
    0x62, 0x08, 0x62, 0x08, 0x62, 0x08, 0x62, 0x08, 0x62, 0x08, 0x62, 0x08, 0x62, 0x08, 0x62, 0x08,
    0x62, 0x08, 0x62, 0x08, 0x62, 0x08, 0x62, 0x08, 0x62, 0x08, 0x62, 0x08, 0x62, 0x08, 0x82, 0x08,
    0x82, 0x08, 0x82, 0x08, 0x82, 0x08, 0x82, 0x08, 0x82, 0x08, 0x82, 0x08, 0x82, 0x08, 0x82, 0x08,
    0x82, 0x08, 0x82, 0x08, 0x83, 0x08, 0x83, 0x08, 0x83, 0x08, 0x83, 0x08, 0x83, 0x08, 0x83, 0x08,
    0x83, 0x08, 0x83, 0x08, 0x83, 0x08, 0x83, 0x08, 0x83, 0x08, 0x83, 0x08, 0xA3, 0x08, 0xA3, 0x08,
    0xA3, 0x08, 0xA3, 0x08, 0xA3, 0x08, 0xA3, 0x08, 0xA3, 0x08, 0xA3, 0x08, 0xA3, 0x08, 0xA3, 0x08,
    0xA3, 0x08, 0xA3, 0x08, 0xA3, 0x08, 0xA3, 0x08, 0xA3, 0x08, 0xA3, 0x08, 0xA3, 0x08, 0xA3, 0x08,
    0xC3, 0x08, 0xC3, 0x08, 0xC3, 0x08, 0xC3, 0x08, 0xC3, 0x08, 0xC3, 0x08, 0xC3, 0x08, 0xC4, 0x08,
    0xC4, 0x08, 0xC4, 0x08, 0xC4, 0x08, 0xC4, 0x08, 0xC4, 0x08, 0xC4, 0x08, 0xC4, 0x08, 0xC4, 0x08,
    0xC4, 0x08, 0xC4, 0x08, 0xC4, 0x08, 0xE4, 0x08, 0xE4, 0x08, 0xE4, 0x08, 0xE4, 0x08, 0xE4, 0x08,
    0xE4, 0x08, 0xE4, 0x08, 0xE4, 0x08, 0xE4, 0x08, 0xE4, 0x08, 0xE4, 0x08, 0xE4, 0x08, 0xE4, 0x08,
    0xE4, 0x08, 0xE4, 0x08, 0xE4, 0x08, 0xE4, 0x08, 0xE4, 0x08, 0xE4, 0x08, 0xE4, 0x08, 0xE4, 0x08,
    0xE4, 0x08, 0xE4, 0x08, 0xE4, 0x08, 0xE4, 0x08, 0xE4, 0x08, 0xE4, 0x08, 0x04, 0x09, 0x04, 0x09,
    0x04, 0x09, 0x04, 0x09, 0x04, 0x09, 0x04, 0x09, 0x04, 0x09, 0x04, 0x09, 0x04, 0x09, 0x04, 0x09,
    0x04, 0x09, 0x04, 0x09, 0x04, 0x09, 0x04, 0x09, 0x04, 0x09, 0x04, 0x09, 0x04, 0x09, 0x04, 0x09,
    0x04, 0x09, 0x04, 0x09, 0x04, 0x09, 0x04, 0x09, 0x04, 0x09, 0x04, 0x09, 0xE4, 0x08, 0xE4, 0x08,
    0xE4, 0x08, 0xE4, 0x08, 0xE4, 0x08, 0xE4, 0x08, 0xE4, 0x08, 0xE4, 0x08, 0xE4, 0x08, 0xE4, 0x08,
    0xE4, 0x08, 0xE4, 0x08, 0xE4, 0x08, 0xE4, 0x08, 0xE4, 0x08, 0xE4, 0x08, 0xE4, 0x08, 0xE4, 0x08,
    0xE4, 0x08, 0xE4, 0x08, 0xE4, 0x08, 0xE4, 0x08, 0xE4, 0x08, 0xE4, 0x08, 0xE4, 0x08, 0xE4, 0x08,
    0xE4, 0x08, 0xE4, 0x08, 0xC4, 0x08, 0xC4, 0x08, 0xC4, 0x08, 0xC4, 0x08, 0xC4, 0x08, 0xC4, 0x08,
    0xC4, 0x08, 0xC4, 0x08, 0xC4, 0x08, 0xC4, 0x08, 0xC4, 0x08, 0xC4, 0x08, 0xC3, 0x08, 0xC3, 0x08,
    0xC3, 0x08, 0xC3, 0x08, 0xC3, 0x08, 0xC3, 0x08, 0xA3, 0x08, 0xA3, 0x08, 0xA3, 0x08, 0xA3, 0x08,
    0xA3, 0x08, 0xA3, 0x08, 0xA3, 0x08, 0xA3, 0x08, 0xA3, 0x08, 0xA3, 0x08, 0xA3, 0x08, 0xA3, 0x08,
    0xA3, 0x08, 0xA3, 0x08, 0xA3, 0x08, 0xA3, 0x08, 0xA3, 0x08, 0xA3, 0x08, 0x83, 0x08, 0x83, 0x08,
    0x83, 0x08, 0x83, 0x08, 0x83, 0x08, 0x83, 0x08, 0x83, 0x08, 0x83, 0x08, 0x83, 0x08, 0x83, 0x08,
    0x83, 0x08, 0x83, 0x08, 0x82, 0x08, 0x82, 0x08, 0x82, 0x08, 0x82, 0x08, 0x82, 0x08, 0x82, 0x08,
    0x82, 0x08, 0x82, 0x08, 0x82, 0x08, 0x82, 0x08, 0x82, 0x08, 0x82, 0x08, 0x62, 0x08, 0x62, 0x08,
    0x62, 0x08, 0x62, 0x08, 0x62, 0x08, 0x62, 0x08, 0x62, 0x08, 0x62, 0x08, 0x62, 0x08, 0x62, 0x08,
    0x62, 0x08, 0x62, 0x08, 0x62, 0x08, 0x62, 0x08, 0x62, 0x08, 0x62, 0x08, 0x62, 0x08, 0x62, 0x08,
    0x62, 0x08, 0x62, 0x08, 0x62, 0x08, 0x62, 0x08, 0x62, 0x08, 0x62, 0x08, 0x62, 0x08, 0x62, 0x08,
    0x62, 0x08, 0x62, 0x08, 0x62, 0x08, 0x62, 0x08, 0x62, 0x08, 0x62, 0x08, 0x62, 0x08, 0x62, 0x08,
    0x62, 0x08, 0x62, 0x08, 0x62, 0x08, 0x62, 0x08, 0x62, 0x08, 0x62, 0x08, 0x62, 0x08, 0x62, 0x08,
    0x62, 0x08, 0x62, 0x08, 0x62, 0x08, 0x62, 0x08, 0x62, 0x08, 0x62, 0x08, 0x62, 0x08, 0x62, 0x08,
    0x62, 0x08, 0x62, 0x08, 0x62, 0x08, 0x62, 0x08, 0x62, 0x08, 0x62, 0x08, 0x62, 0x08, 0x62, 0x08,
    0x62, 0x08, 0x62, 0x08, 0x62, 0x08, 0x62, 0x08, 0x62, 0x08, 0x62, 0x08, 0x62, 0x08, 0x62, 0x08,
    0x62, 0x08, 0x62, 0x08, 0x62, 0x08, 0x62, 0x08, 0x62, 0x08, 0x62, 0x08, 0x62, 0x08, 0x62, 0x08,
    0x62, 0x08, 0x62, 0x08, 0x62, 0x08, 0x62, 0x08, 0x62, 0x08, 0x62, 0x08, 0x62, 0x08, 0x62, 0x08,
    0x62, 0x08, 0x62, 0x08, 0x62, 0x08, 0x62, 0x08, 0x62, 0x08, 0x62, 0x08, 0x62, 0x08, 0x62, 0x08,
    0x62, 0x08, 0x62, 0x08, 0x62, 0x08, 0x62, 0x08, 0x62, 0x08, 0x62, 0x08, 0x62, 0x08, 0x62, 0x08,
    0x62, 0x08, 0x62, 0x08, 0x62, 0x08, 0x62, 0x08, 0x62, 0x08, 0x62, 0x08, 0x62, 0x08, 0x62, 0x08,
    0x62, 0x08, 0x62, 0x08, 0x62, 0x08, 0x62, 0x08, 0x62, 0x08, 0x62, 0x08, 0x62, 0x08, 0x62, 0x08,
    0x62, 0x08, 0x62, 0x08, 0x62, 0x08, 0x62, 0x08, 0x62, 0x08, 0x62, 0x08, 0x62, 0x08, 0x62, 0x08,
    0x62, 0x08, 0x62, 0x08, 0x62, 0x08, 0x62, 0x08, 0x62, 0x08, 0x62, 0x08, 0x62, 0x08, 0x62, 0x08,
    0x62, 0x08, 0x62, 0x08, 0x62, 0x08, 0x62, 0x08, 0x62, 0x08, 0x62, 0x08, 0x62, 0x08, 0x62, 0x08,
    0x62, 0x08, 0x62, 0x08, 0x62, 0x08, 0x62, 0x08, 0x82, 0x08, 0x82, 0x08, 0x82, 0x08, 0x82, 0x08,
    0x82, 0x08, 0x82, 0x08, 0x82, 0x08, 0x82, 0x08, 0x82, 0x08, 0x82, 0x08, 0x82, 0x08, 0x83, 0x08,
    0x83, 0x08, 0x83, 0x08, 0x83, 0x08, 0x83, 0x08, 0x83, 0x08, 0x83, 0x08, 0x83, 0x08, 0x83, 0x08,
    0x83, 0x08, 0x83, 0x08, 0x83, 0x08, 0xA3, 0x08, 0xA3, 0x08, 0xA3, 0x08, 0xA3, 0x08, 0xA3, 0x08,
    0xA3, 0x08, 0xA3, 0x08, 0xA3, 0x08, 0xA3, 0x08, 0xA3, 0x08, 0xA3, 0x08, 0xA3, 0x08, 0xA3, 0x08,
    0xA3, 0x08, 0xA3, 0x08, 0xA3, 0x08, 0xA3, 0x08, 0xA3, 0x08, 0xA3, 0x08, 0xC3, 0x08, 0xC3, 0x08,
    0xC3, 0x08, 0xC3, 0x08, 0xC3, 0x08, 0xC3, 0x08, 0xC4, 0x08, 0xC4, 0x08, 0xC4, 0x08, 0xC4, 0x08,
    0xC4, 0x08, 0xC4, 0x08, 0xC4, 0x08, 0xC4, 0x08, 0xC4, 0x08, 0xC4, 0x08, 0xC4, 0x08, 0xC4, 0x08,
    0xC4, 0x08, 0xE4, 0x08, 0xE4, 0x08, 0xE4, 0x08, 0xE4, 0x08, 0xE4, 0x08, 0xE4, 0x08, 0xE4, 0x08,
    0xE4, 0x08, 0xE4, 0x08, 0xE4, 0x08, 0xE4, 0x08, 0xE4, 0x08, 0xE4, 0x08, 0xE4, 0x08, 0xE4, 0x08,
    0xE4, 0x08, 0xE4, 0x08, 0xE4, 0x08, 0xE4, 0x08, 0xE4, 0x08, 0xE4, 0x08, 0xE4, 0x08, 0xE4, 0x08,
    0xE4, 0x08, 0xE4, 0x08, 0xE4, 0x08, 0xE4, 0x08, 0xE4, 0x08, 0xE4, 0x08, 0xE4, 0x08, 0xE4, 0x08,
    0xE4, 0x08, 0xE4, 0x08, 0xE4, 0x08, 0xE4, 0x08, 0xE4, 0x08, 0xE4, 0x08, 0xE4, 0x08, 0xE4, 0x08,
    0xE4, 0x08, 0xE4, 0x08, 0xE4, 0x08, 0xE4, 0x08, 0xE4, 0x08, 0xE4, 0x08, 0xE4, 0x08, 0xE4, 0x08,
    0xE4, 0x08, 0xE4, 0x08, 0xE4, 0x08, 0xE4, 0x08, 0xE4, 0x08, 0xE4, 0x08, 0xE4, 0x08, 0xE4, 0x08,
    0xE4, 0x08, 0xE4, 0x08, 0xE4, 0x08, 0xE4, 0x08, 0xE4, 0x08, 0xE4, 0x08, 0xE4, 0x08, 0xE4, 0x08,
    0xE4, 0x08, 0xE4, 0x08, 0xE4, 0x08, 0xE4, 0x08, 0xE4, 0x08, 0xE4, 0x08, 0xE4, 0x08, 0xE4, 0x08,
    0xE4, 0x08, 0xE4, 0x08, 0xE4, 0x08, 0xC4, 0x08, 0xC4, 0x08, 0xC4, 0x08, 0xC4, 0x08, 0xC4, 0x08,
    0xC4, 0x08, 0xC4, 0x08, 0xC4, 0x08, 0xC4, 0x08, 0xC4, 0x08, 0xC4, 0x08, 0xC4, 0x08, 0xC4, 0x08,
    0xC3, 0x08, 0xC3, 0x08, 0xC3, 0x08, 0xC3, 0x08, 0xC3, 0x08, 0xC3, 0x08, 0xC3, 0x08, 0xA3, 0x08,
    0xA3, 0x08, 0xA3, 0x08, 0xA3, 0x08, 0xA3, 0x08, 0xA3, 0x08, 0xA3, 0x08, 0xA3, 0x08, 0xA3, 0x08,
    0xA3, 0x08, 0xA3, 0x08, 0xA3, 0x08, 0xA3, 0x08, 0xA3, 0x08, 0xA3, 0x08, 0xA3, 0x08, 0xA3, 0x08,
    0xA3, 0x08, 0x83, 0x08, 0x83, 0x08, 0x83, 0x08, 0x83, 0x08, 0x83, 0x08, 0x83, 0x08, 0x83, 0x08,
    0x83, 0x08, 0x83, 0x08, 0x83, 0x08, 0x83, 0x08, 0x83, 0x08, 0x82, 0x08, 0x82, 0x08, 0x82, 0x08,
    0x82, 0x08, 0x82, 0x08, 0x82, 0x08, 0x82, 0x08, 0x82, 0x08, 0x82, 0x08, 0x82, 0x08, 0x82, 0x08,
    0x82, 0x08, 0x62, 0x08, 0x62, 0x08, 0x62, 0x08, 0x62, 0x08, 0x62, 0x08, 0x62, 0x08, 0x62, 0x08,
    0x62, 0x08, 0x62, 0x08, 0x62, 0x08, 0x62, 0x08, 0x62, 0x08, 0x62, 0x08, 0x62, 0x08, 0x62, 0x08,
    0x62, 0x08, 0x62, 0x08, 0x62, 0x08, 0x62, 0x08, 0x62, 0x08, 0x62, 0x08, 0x62, 0x08, 0x62, 0x08,
    0x62, 0x08, 0x62, 0x08, 0x62, 0x08, 0x62, 0x08, 0x62, 0x08, 0x62, 0x08, 0x62, 0x08, 0x62, 0x08,
    0x62, 0x08, 0x62, 0x08, 0x62, 0x08, 0x62, 0x08, 0x62, 0x08, 0x62, 0x08, 0x62, 0x08, 0x62, 0x08,
    0x62, 0x08, 0x62, 0x08, 0x62, 0x08, 0x62, 0x08, 0x62, 0x08, 0x62, 0x08, 0x62, 0x08, 0x62, 0x08,
    0x62, 0x08, 0x62, 0x08, 0x62, 0x08, 0x62, 0x08, 0x62, 0x08, 0x62, 0x08, 0x62, 0x08, 0x62, 0x08,
    0x62, 0x08, 0x62, 0x08, 0x62, 0x08, 0x62, 0x08, 0x62, 0x08, 0x62, 0x08, 0x62, 0x08, 0x62, 0x08,
    0x62, 0x08, 0x62, 0x08, 0x62, 0x08, 0x62, 0x08, 0x62, 0x08, 0x62, 0x08, 0x62, 0x08, 0x62, 0x08,
    0x62, 0x08, 0x62, 0x08, 0x62, 0x08, 0x62, 0x08, 0x62, 0x08, 0x62, 0x08, 0x62, 0x08, 0x62, 0x08,
    0x62, 0x08, 0x62, 0x08, 0x62, 0x08, 0x62, 0x08, 0x62, 0x08, 0x62, 0x08, 0x62, 0x08, 0x62, 0x08,
    0x62, 0x08, 0x62, 0x08, 0x62, 0x08, 0x62, 0x08, 0x62, 0x08, 0x62, 0x08, 0x62, 0x08, 0x62, 0x08,
    0x62, 0x08, 0x62, 0x08, 0x62, 0x08, 0x62, 0x08, 0x62, 0x08, 0x62, 0x08, 0x62, 0x08, 0x62, 0x08,
    0x62, 0x08, 0x62, 0x08, 0x62, 0x08, 0x62, 0x08, 0x62, 0x08, 0x62, 0x08, 0x62, 0x08, 0x62, 0x08,
    0x62, 0x08, 0x62, 0x08, 0x62, 0x08, 0x62, 0x08, 0x62, 0x08, 0x62, 0x08, 0x62, 0x08, 0x62, 0x08,
    0x62, 0x08, 0x62, 0x08, 0x62, 0x08, 0x62, 0x08, 0x62, 0x08, 0x62, 0x08, 0x62, 0x08, 0x62, 0x08,
    0x62, 0x08, 0x62, 0x08, 0x62, 0x08, 0x62, 0x08, 0x62, 0x08, 0x62, 0x08, 0x62, 0x08, 0x62, 0x08,
    0x62, 0x08, 0x62, 0x08, 0x62, 0x08, 0x62, 0x08, 0x62, 0x08, 0x62, 0x08, 0x62, 0x08, 0x62, 0x08,
    0x82, 0x08, 0x82, 0x08, 0x82, 0x08, 0x82, 0x08, 0x82, 0x08, 0x82, 0x08, 0x82, 0x08, 0x82, 0x08,
    0x82, 0x08, 0x82, 0x08, 0x82, 0x08, 0x82, 0x08, 0x83, 0x08, 0x83, 0x08, 0x83, 0x08, 0x83, 0x08,
    0x83, 0x08, 0x83, 0x08, 0x83, 0x08, 0x83, 0x08, 0x83, 0x08, 0x83, 0x08, 0x83, 0x08, 0x83, 0x08,
    0xA3, 0x08, 0xA3, 0x08, 0xA3, 0x08, 0xA3, 0x08, 0xA3, 0x08, 0xA3, 0x08, 0xA3, 0x08, 0xA3, 0x08,
    0xA3, 0x08, 0xA3, 0x08, 0xA3, 0x08, 0xA3, 0x08, 0xA3, 0x08, 0xA3, 0x08, 0xA3, 0x08, 0xA3, 0x08,
    0xA3, 0x08, 0xA3, 0x08, 0xA3, 0x08, 0xC3, 0x08, 0xC3, 0x08, 0xC3, 0x08, 0xC3, 0x08, 0xC3, 0x08,
    0xC3, 0x08, 0xC3, 0x08, 0xC4, 0x08, 0xC4, 0x08, 0xC4, 0x08, 0xC4, 0x08, 0xC4, 0x08, 0xC4, 0x08,
    0xC4, 0x08, 0xC4, 0x08, 0xC4, 0x08, 0xC4, 0x08, 0xC4, 0x08, 0xC4, 0x08, 0xC4, 0x08, 0xE4, 0x08,
    0xE4, 0x08, 0xE4, 0x08, 0xE4, 0x08, 0xE4, 0x08, 0xE4, 0x08, 0xE4, 0x08, 0xE4, 0x08, 0xE4, 0x08,
    0xE4, 0x08, 0xE4, 0x08, 0xE4, 0x08, 0xE4, 0x08, 0xE4, 0x08, 0xE4, 0x08, 0xE4, 0x08, 0xE4, 0x08,
    0xE4, 0x08, 0xE4, 0x08, 0xE4, 0x08, 0xE4, 0x08, 0xE4, 0x08, 0xE4, 0x08, 0xE4, 0x08, 0xE4, 0x08,
    0xE4, 0x08, 0xE4, 0x08, 0xE4, 0x08, 0xE4, 0x08, 0xE4, 0x08, 0xE4, 0x08, 0xE4, 0x08, 0xE4, 0x08,
    0xE4, 0x08, 0xE4, 0x08, 0xE4, 0x08, 0xE4, 0x08, 0xE4, 0x08, 0xE4, 0x08, 0xE4, 0x08, 0xE4, 0x08,
    0xE4, 0x08, 0xE4, 0x08, 0xE4, 0x08, 0xE4, 0x08, 0xE4, 0x08, 0xE4, 0x08, 0xE4, 0x08, 0xE4, 0x08,
    0xE4, 0x08, 0xE4, 0x08, 0xE4, 0x08, 0xE4, 0x08, 0xE4, 0x08, 0xE4, 0x08, 0xE4, 0x08, 0xE4, 0x08,
    0xE4, 0x08, 0xE4, 0x08, 0xE4, 0x08, 0xE4, 0x08, 0xE4, 0x08, 0xE4, 0x08, 0xE4, 0x08, 0xE4, 0x08,
    0xE4, 0x08, 0xE4, 0x08, 0xE4, 0x08, 0xE4, 0x08, 0xE4, 0x08, 0xC4, 0x08, 0xC4, 0x08, 0xC4, 0x08,
    0xC4, 0x08, 0xC4, 0x08, 0xC4, 0x08, 0xC4, 0x08, 0xC4, 0x08, 0xC4, 0x08, 0xC4, 0x08, 0xC4, 0x08,
    0xC4, 0x08, 0xC4, 0x08, 0xC3, 0x08, 0xC3, 0x08, 0xC3, 0x08, 0xC3, 0x08, 0xC3, 0x08, 0xC3, 0x08,
    0xC3, 0x08, 0xA3, 0x08, 0xA3, 0x08, 0xA3, 0x08, 0xA3, 0x08, 0xA3, 0x08, 0xA3, 0x08, 0xA3, 0x08,
    0xA3, 0x08, 0xA3, 0x08, 0xA3, 0x08, 0xA3, 0x08, 0xA3, 0x08, 0xA3, 0x08, 0xA3, 0x08, 0xA3, 0x08,
    0xA3, 0x08, 0xA3, 0x08, 0xA3, 0x08, 0xA3, 0x08, 0x83, 0x08, 0x83, 0x08, 0x83, 0x08, 0x83, 0x08,
    0x83, 0x08, 0x83, 0x08, 0x83, 0x08, 0x83, 0x08, 0x83, 0x08, 0x83, 0x08, 0x83, 0x08, 0x83, 0x08,
    0x82, 0x08, 0x82, 0x08, 0x82, 0x08, 0x82, 0x08, 0x82, 0x08, 0x82, 0x08, 0x82, 0x08, 0x82, 0x08,
    0x82, 0x08, 0x82, 0x08, 0x82, 0x08, 0x82, 0x08, 0x62, 0x08, 0x62, 0x08, 0x62, 0x08, 0x62, 0x08,
    0x62, 0x08, 0x62, 0x08, 0x62, 0x08, 0x62, 0x08, 0x62, 0x08, 0x62, 0x08, 0x62, 0x08, 0x62, 0x08,
    0x62, 0x08, 0x62, 0x08, 0x62, 0x08, 0x62, 0x08, 0x62, 0x08, 0x62, 0x08, 0x62, 0x08, 0x62, 0x08,
    0x62, 0x08, 0x62, 0x08, 0x62, 0x08, 0x62, 0x08, 0x62, 0x08, 0x62, 0x08, 0x62, 0x08, 0x62, 0x08,
    0x62, 0x08, 0x62, 0x08, 0x62, 0x08, 0x62, 0x08, 0x62, 0x08, 0x62, 0x08, 0x62, 0x08, 0x62, 0x08,
    0x62, 0x08, 0x62, 0x08, 0x62, 0x08, 0x62, 0x08, 0x62, 0x08, 0x62, 0x08, 0x62, 0x08, 0x62, 0x08,
    0x62, 0x08, 0x62, 0x08, 0x62, 0x08, 0x62, 0x08, 0x62, 0x08, 0x62, 0x08, 0x62, 0x08, 0x62, 0x08,
    0x62, 0x08, 0x62, 0x08, 0x62, 0x08, 0x62, 0x08, 0x62, 0x08, 0x62, 0x08, 0x62, 0x08, 0x62, 0x08,
    0x62, 0x08, 0x62, 0x08, 0x62, 0x08, 0x62, 0x08, 0x62, 0x08, 0x62, 0x08, 0x62, 0x08, 0x62, 0x08,
    0x62, 0x08, 0x62, 0x08, 0x62, 0x08, 0x62, 0x08, 0x62, 0x08, 0x62, 0x08, 0x62, 0x08, 0x62, 0x08,
    0x62, 0x08, 0x62, 0x08, 0x62, 0x08, 0x62, 0x08, 0x62, 0x08, 0x62, 0x08, 0x62, 0x08, 0x62, 0x08,
    0x62, 0x08, 0x62, 0x08, 0x62, 0x08, 0x62, 0x08, 0x62, 0x08, 0x62, 0x08, 0x62, 0x08, 0x62, 0x08,
    0x62, 0x08, 0x62, 0x08, 0x62, 0x08, 0x62, 0x08, 0x62, 0x08, 0x62, 0x08, 0x62, 0x08, 0x62, 0x08,
    0x62, 0x08, 0x62, 0x08, 0x62, 0x08, 0x62, 0x08, 0x62, 0x08, 0x62, 0x08, 0x62, 0x08, 0x62, 0x08,
    0x62, 0x08, 0x62, 0x08, 0x62, 0x08, 0x62, 0x08, 0x62, 0x08, 0x62, 0x08, 0x62, 0x08, 0x62, 0x08,
    0x62, 0x08, 0x62, 0x08, 0x62, 0x08, 0x62, 0x08, 0x62, 0x08, 0x62, 0x08, 0x62, 0x08, 0x62, 0x08,
    0x62, 0x08, 0x62, 0x08, 0x62, 0x08, 0x62, 0x08, 0x62, 0x08, 0x62, 0x08, 0x62, 0x08, 0x62, 0x08,
    0x62, 0x08, 0x62, 0x08, 0x62, 0x08, 0x62, 0x08, 0x62, 0x08, 0x62, 0x08, 0x62, 0x08, 0x62, 0x08,
    0x62, 0x08, 0x62, 0x08, 0x62, 0x08, 0x62, 0x08, 0x62, 0x08, 0x82, 0x08, 0x82, 0x08, 0x82, 0x08,
    0x82, 0x08, 0x82, 0x08, 0x82, 0x08, 0x82, 0x08, 0x82, 0x08, 0x82, 0x08, 0x82, 0x08, 0x82, 0x08,
    0x82, 0x08, 0x83, 0x08, 0x83, 0x08, 0x83, 0x08, 0x83, 0x08, 0x83, 0x08, 0x83, 0x08, 0x83, 0x08,
    0x83, 0x08, 0x83, 0x08, 0x83, 0x08, 0x83, 0x08, 0x83, 0x08, 0xA3, 0x08, 0xA3, 0x08, 0xA3, 0x08,
    0xA3, 0x08, 0xA3, 0x08, 0xA3, 0x08, 0xA3, 0x08, 0xA3, 0x08, 0xA3, 0x08, 0xA3, 0x08, 0xA3, 0x08,
    0xA3, 0x08, 0xA3, 0x08, 0xA3, 0x08, 0xA3, 0x08, 0xA3, 0x08, 0xA3, 0x08, 0xA3, 0x08, 0xA3, 0x08,
    0xA3, 0x08, 0xC3, 0x08, 0xC3, 0x08, 0xC3, 0x08, 0xC3, 0x08, 0xC3, 0x08, 0xC3, 0x08, 0xC3, 0x08,
    0xC4, 0x08, 0xC4, 0x08, 0xC4, 0x08, 0xC4, 0x08, 0xC4, 0x08, 0xC4, 0x08, 0xC4, 0x08, 0xC4, 0x08,
    0xC4, 0x08, 0xC4, 0x08, 0xC4, 0x08, 0xC4, 0x08, 0xC4, 0x08, 0xC4, 0x08, 0xE4, 0x08, 0xE4, 0x08,
    0xE4, 0x08, 0xE4, 0x08, 0xE4, 0x08, 0xE4, 0x08, 0xE4, 0x08, 0xE4, 0x08, 0xE4, 0x08, 0xE4, 0x08,
    0xE4, 0x08, 0xE4, 0x08, 0xE4, 0x08, 0xE4, 0x08, 0xE4, 0x08, 0xE4, 0x08, 0xE4, 0x08, 0xE4, 0x08,
    0xE4, 0x08, 0xE4, 0x08, 0xE4, 0x08, 0xE4, 0x08, 0xE4, 0x08, 0xE4, 0x08, 0xE4, 0x08, 0xE4, 0x08,
    0xE4, 0x08, 0xE4, 0x08, 0xE4, 0x08, 0xE4, 0x08, 0xE4, 0x08, 0xE4, 0x08, 0xE4, 0x08, 0xE4, 0x08,
    0xE4, 0x08, 0xE4, 0x08, 0xE4, 0x08, 0xE4, 0x08, 0xE4, 0x08, 0xE4, 0x08, 0xE4, 0x08, 0xE4, 0x08,
    0xE4, 0x08, 0xE4, 0x08, 0xE4, 0x08, 0xE4, 0x08, 0xE4, 0x08, 0xE4, 0x08, 0xE4, 0x08, 0xE4, 0x08,
    0xE4, 0x08, 0xE4, 0x08, 0xE4, 0x08, 0xE4, 0x08, 0xE4, 0x08, 0xE4, 0x08, 0xE4, 0x08, 0xE4, 0x08,
    0xE4, 0x08, 0xE4, 0x08, 0xE4, 0x08, 0xE4, 0x08, 0xE4, 0x08, 0xE4, 0x08, 0xE4, 0x08, 0xC4, 0x08,
    0xC4, 0x08, 0xC4, 0x08, 0xC4, 0x08, 0xC4, 0x08, 0xC4, 0x08, 0xC4, 0x08, 0xC4, 0x08, 0xC4, 0x08,
    0xC4, 0x08, 0xC4, 0x08, 0xC4, 0x08, 0xC4, 0x08, 0xC4, 0x08, 0xC3, 0x08, 0xC3, 0x08, 0xC3, 0x08,
    0xC3, 0x08, 0xC3, 0x08, 0xC3, 0x08, 0xC3, 0x08, 0xA3, 0x08, 0xA3, 0x08, 0xA3, 0x08, 0xA3, 0x08,
    0xA3, 0x08, 0xA3, 0x08, 0xA3, 0x08, 0xA3, 0x08, 0xA3, 0x08, 0xA3, 0x08, 0xA3, 0x08, 0xA3, 0x08,
    0xA3, 0x08, 0xA3, 0x08, 0xA3, 0x08, 0xA3, 0x08, 0xA3, 0x08, 0xA3, 0x08, 0xA3, 0x08, 0x83, 0x08,
    0x83, 0x08, 0x83, 0x08, 0x83, 0x08, 0x83, 0x08, 0x83, 0x08, 0x83, 0x08, 0x83, 0x08, 0x83, 0x08,
    0x83, 0x08, 0x83, 0x08, 0x83, 0x08, 0x82, 0x08, 0x82, 0x08, 0x82, 0x08, 0x82, 0x08, 0x82, 0x08,
    0x82, 0x08, 0x82, 0x08, 0x82, 0x08, 0x82, 0x08, 0x82, 0x08, 0x82, 0x08, 0x82, 0x08, 0x62, 0x08,
    0x62, 0x08, 0x62, 0x08, 0x62, 0x08, 0x62, 0x08, 0x62, 0x08, 0x62, 0x08, 0x62, 0x08, 0x62, 0x08,
    0x62, 0x08, 0x62, 0x08, 0x62, 0x08, 0x62, 0x08, 0x62, 0x08, 0x62, 0x08, 0x62, 0x08, 0x62, 0x08,
    0x62, 0x08, 0x62, 0x08, 0x62, 0x08, 0x62, 0x08, 0x62, 0x08, 0x62, 0x08, 0x62, 0x08, 0x62, 0x08,
    0x62, 0x08, 0x62, 0x08, 0x62, 0x08, 0x62, 0x08, 0x62, 0x08, 0x62, 0x08, 0x62, 0x08, 0x62, 0x08,
    0x62, 0x08, 0x62, 0x08, 0x62, 0x08, 0x62, 0x08, 0x62, 0x08, 0x62, 0x08, 0x62, 0x08, 0x62, 0x08,
    0x62, 0x08, 0x62, 0x08, 0x62, 0x08, 0x62, 0x08, 0x62, 0x08, 0x62, 0x08, 0x62, 0x08, 0x62, 0x08,
    0x62, 0x08, 0x62, 0x08, 0x62, 0x08, 0x62, 0x08, 0x62, 0x08, 0x62, 0x08, 0x62, 0x08, 0x62, 0x08,
    0x62, 0x08, 0x62, 0x08, 0x62, 0x08, 0x62, 0x08, 0x62, 0x08, 0x62, 0x08, 0x62, 0x08, 0x62, 0x08,
    0x62, 0x08, 0x62, 0x08, 0x62, 0x08, 0x62, 0x08, 0x62, 0x08, 0x62, 0x08, 0x62, 0x08, 0x62, 0x08,
    0x62, 0x08, 0x62, 0x08, 0x62, 0x08, 0x62, 0x08, 0x62, 0x08, 0x62, 0x08, 0x62, 0x08, 0x62, 0x08,
    0x62, 0x08, 0x62, 0x08, 0x62, 0x08, 0x62, 0x08, 0x62, 0x08, 0x62, 0x08, 0x62, 0x08, 0x62, 0x08,
    0x62, 0x08, 0x62, 0x08, 0x62, 0x08, 0x62, 0x08, 0x62, 0x08, 0x62, 0x08, 0x62, 0x08, 0x62, 0x08,
    0x62, 0x08, 0x62, 0x08, 0x62, 0x08, 0x62, 0x08, 0x62, 0x08, 0x62, 0x08, 0x62, 0x08, 0x62, 0x08,
    0x62, 0x08, 0x62, 0x08, 0x62, 0x08, 0x62, 0x08, 0x62, 0x08, 0x62, 0x08, 0x62, 0x08, 0x62, 0x08,
    0x62, 0x08, 0x62, 0x08, 0x62, 0x08, 0x62, 0x08, 0x62, 0x08, 0x62, 0x08, 0x62, 0x08, 0x62, 0x08,
    0x62, 0x08, 0x62, 0x08, 0x62, 0x08, 0x62, 0x08, 0x62, 0x08, 0x62, 0x08, 0x62, 0x08, 0x62, 0x08,
    0x62, 0x08, 0x62, 0x08, 0x62, 0x08, 0x62, 0x08, 0x62, 0x08, 0x62, 0x08, 0x62, 0x08, 0x62, 0x08,
    0x62, 0x08, 0x62, 0x08, 0x62, 0x08, 0x62, 0x08, 0x62, 0x08, 0x62, 0x08, 0x62, 0x08, 0x62, 0x08,
    0x62, 0x08, 0x62, 0x08, 0x82, 0x08, 0x82, 0x08, 0x82, 0x08, 0x82, 0x08, 0x82, 0x08, 0x82, 0x08,
    0x82, 0x08, 0x82, 0x08, 0x82, 0x08, 0x82, 0x08, 0x82, 0x08, 0x82, 0x08, 0x83, 0x08, 0x83, 0x08,
    0x83, 0x08, 0x83, 0x08, 0x83, 0x08, 0x83, 0x08, 0x83, 0x08, 0x83, 0x08, 0x83, 0x08, 0x83, 0x08,
    0x83, 0x08, 0x83, 0x08, 0xA3, 0x08, 0xA3, 0x08, 0xA3, 0x08, 0xA3, 0x08, 0xA3, 0x08, 0xA3, 0x08,
    0xA3, 0x08, 0xA3, 0x08, 0xA3, 0x08, 0xA3, 0x08, 0xA3, 0x08, 0xA3, 0x08, 0xA3, 0x08, 0xA3, 0x08,
    0xA3, 0x08, 0xA3, 0x08, 0xA3, 0x08, 0xA3, 0x08, 0xA3, 0x08, 0xA3, 0x08, 0xC3, 0x08, 0xC3, 0x08,
    0xC3, 0x08, 0xC3, 0x08, 0xC3, 0x08, 0xC3, 0x08, 0xC3, 0x08, 0xC4, 0x08, 0xC4, 0x08, 0xC4, 0x08,
    0xC4, 0x08, 0xC4, 0x08, 0xC4, 0x08, 0xC4, 0x08, 0xC4, 0x08, 0xC4, 0x08, 0xC4, 0x08, 0xC4, 0x08,
    0xC4, 0x08, 0xC4, 0x08, 0xC4, 0x08, 0xC4, 0x08, 0xE4, 0x08, 0xE4, 0x08, 0xE4, 0x08, 0xE4, 0x08,
    0xE4, 0x08, 0xE4, 0x08, 0xE4, 0x08, 0xE4, 0x08, 0xE4, 0x08, 0xE4, 0x08, 0xE4, 0x08, 0xE4, 0x08,
    0xE4, 0x08, 0xE4, 0x08, 0xE4, 0x08, 0xE4, 0x08, 0xE4, 0x08, 0xE4, 0x08, 0xE4, 0x08, 0xE4, 0x08,
    0xE4, 0x08, 0xE4, 0x08, 0xE4, 0x08, 0xE4, 0x08, 0xE4, 0x08, 0xE4, 0x08, 0xE4, 0x08, 0xE4, 0x08,
    0xE4, 0x08, 0xE4, 0x08, 0xE4, 0x08, 0xE4, 0x08, 0xE4, 0x08, 0xE4, 0x08, 0xE4, 0x08, 0xE4, 0x08,
    0xE4, 0x08, 0xE4, 0x08, 0xE4, 0x08, 0xE4, 0x08, 0xE4, 0x08, 0xE4, 0x08, 0xE4, 0x08, 0xE4, 0x08,
    0xE4, 0x08, 0xE4, 0x08, 0xE4, 0x08, 0xE4, 0x08, 0xE4, 0x08, 0xE4, 0x08, 0xE4, 0x08, 0xE4, 0x08,
    0xE4, 0x08, 0xE4, 0x08, 0xE4, 0x08, 0xE4, 0x08, 0xE4, 0x08, 0xE4, 0x08, 0xE4, 0x08, 0xE4, 0x08,
    0xC4, 0x08, 0xC4, 0x08, 0xC4, 0x08, 0xC4, 0x08, 0xC4, 0x08, 0xC4, 0x08, 0xC4, 0x08, 0xC4, 0x08,
    0xC4, 0x08, 0xC4, 0x08, 0xC4, 0x08, 0xC4, 0x08, 0xC4, 0x08, 0xC4, 0x08, 0xC4, 0x08, 0xC3, 0x08,
    0xC3, 0x08, 0xC3, 0x08, 0xC3, 0x08, 0xC3, 0x08, 0xC3, 0x08, 0xC3, 0x08, 0xA3, 0x08, 0xA3, 0x08,
    0xA3, 0x08, 0xA3, 0x08, 0xA3, 0x08, 0xA3, 0x08, 0xA3, 0x08, 0xA3, 0x08, 0xA3, 0x08, 0xA3, 0x08,
    0xA3, 0x08, 0xA3, 0x08, 0xA3, 0x08, 0xA3, 0x08, 0xA3, 0x08, 0xA3, 0x08, 0xA3, 0x08, 0xA3, 0x08,
    0xA3, 0x08, 0xA3, 0x08, 0x83, 0x08, 0x83, 0x08, 0x83, 0x08, 0x83, 0x08, 0x83, 0x08, 0x83, 0x08,
    0x83, 0x08, 0x83, 0x08, 0x83, 0x08, 0x83, 0x08, 0x83, 0x08, 0x83, 0x08, 0x82, 0x08, 0x82, 0x08,
    0x82, 0x08, 0x82, 0x08, 0x82, 0x08, 0x82, 0x08, 0x82, 0x08, 0x82, 0x08, 0x82, 0x08, 0x82, 0x08,
    0x82, 0x08, 0x82, 0x08, 0x62, 0x08, 0x62, 0x08, 0x62, 0x08, 0x62, 0x08, 0x62, 0x08, 0x62, 0x08,
    0x62, 0x08, 0x62, 0x08, 0x62, 0x08, 0x62, 0x08, 0x62, 0x08, 0x62, 0x08, 0x62, 0x08, 0x62, 0x08,
    0x62, 0x08, 0x62, 0x08, 0x62, 0x08, 0x62, 0x08, 0x62, 0x08, 0x62, 0x08, 0x62, 0x08, 0x62, 0x08,
    0x62, 0x08, 0x62, 0x08, 0x62, 0x08, 0x62, 0x08, 0x62, 0x08, 0x62, 0x08, 0x62, 0x08, 0x62, 0x08,
    0x62, 0x08, 0x62, 0x08, 0x62, 0x08, 0x62, 0x08, 0x62, 0x08, 0x62, 0x08, 0x62, 0x08, 0x62, 0x08,
    0x62, 0x08, 0x62, 0x08, 0x62, 0x08, 0x62, 0x08, 0x62, 0x08, 0x62, 0x08, 0x62, 0x08, 0x62, 0x08,
    0x62, 0x08, 0x62, 0x08, 0x62, 0x08, 0x62, 0x08, 0x62, 0x08, 0x62, 0x08, 0x62, 0x08, 0x62, 0x08,
    0x62, 0x08, 0x62, 0x08, 0x62, 0x08, 0x62, 0x08, 0x62, 0x08, 0x62, 0x08, 0x62, 0x08, 0x62, 0x08,
    0x62, 0x08, 0x62, 0x08, 0x62, 0x08, 0x62, 0x08, 0x62, 0x08, 0x62, 0x08, 0x62, 0x08, 0x62, 0x08,
    0x62, 0x08, 0x62, 0x08, 0x62, 0x08, 0x62, 0x08, 0x62, 0x08, 0x62, 0x08, 0x62, 0x08, 0x62, 0x08,
    0x62, 0x08, 0x62, 0x08, 0x62, 0x08, 0x62, 0x08, 0x62, 0x08, 0x62, 0x08, 0x62, 0x08, 0x62, 0x08,
    0x62, 0x08, 0x62, 0x08, 0x62, 0x08, 0x62, 0x08, 0x62, 0x08, 0x62, 0x08, 0x62, 0x08, 0x62, 0x08,
    0x62, 0x08, 0x62, 0x08, 0x62, 0x08, 0x62, 0x08, 0x62, 0x08, 0x62, 0x08, 0x62, 0x08, 0x62, 0x08,
    0x62, 0x08, 0x62, 0x08, 0x62, 0x08, 0x62, 0x08, 0x62, 0x08, 0x62, 0x08, 0x62, 0x08, 0x62, 0x08,
    0x62, 0x08, 0x62, 0x08, 0x62, 0x08, 0x62, 0x08, 0x62, 0x08, 0x62, 0x08, 0x62, 0x08, 0x62, 0x08,
    0x62, 0x08, 0x62, 0x08, 0x62, 0x08, 0x62, 0x08, 0x62, 0x08, 0x62, 0x08, 0x62, 0x08, 0x62, 0x08,
    0x62, 0x08, 0x62, 0x08, 0x62, 0x08, 0x62, 0x08, 0x62, 0x08, 0x62, 0x08, 0x62, 0x08, 0x62, 0x08,
    0x62, 0x08, 0x62, 0x08, 0x62, 0x08, 0x62, 0x08, 0x62, 0x08, 0x62, 0x08, 0x62, 0x08, 0x62, 0x08,
    0x62, 0x08, 0x62, 0x08, 0x62, 0x08, 0x62, 0x08, 0x62, 0x08, 0x62, 0x08, 0x62, 0x08, 0x82, 0x08,
    0x82, 0x08, 0x82, 0x08, 0x82, 0x08, 0x82, 0x08, 0x82, 0x08, 0x82, 0x08, 0x82, 0x08, 0x82, 0x08,
    0x82, 0x08, 0x82, 0x08, 0x82, 0x08, 0x83, 0x08, 0x83, 0x08, 0x83, 0x08, 0x83, 0x08, 0x83, 0x08,
    0x83, 0x08, 0x83, 0x08, 0x83, 0x08, 0x83, 0x08, 0x83, 0x08, 0x83, 0x08, 0x83, 0x08, 0xA3, 0x08,
    0xA3, 0x08, 0xA3, 0x08, 0xA3, 0x08, 0xA3, 0x08, 0xA3, 0x08, 0xA3, 0x08, 0xA3, 0x08, 0xA3, 0x08,
    0xA3, 0x08, 0xA3, 0x08, 0xA3, 0x08, 0xA3, 0x08, 0xA3, 0x08, 0xA3, 0x08, 0xA3, 0x08, 0xA3, 0x08,
    0xA3, 0x08, 0xA3, 0x08, 0xA3, 0x08, 0xA3, 0x08, 0xC3, 0x08, 0xC3, 0x08, 0xC3, 0x08, 0xC3, 0x08,
    0xC3, 0x08, 0xC3, 0x08, 0xC3, 0x08, 0xC4, 0x08, 0xC4, 0x08, 0xC4, 0x08, 0xC4, 0x08, 0xC4, 0x08,
    0xC4, 0x08, 0xC4, 0x08, 0xC4, 0x08, 0xC4, 0x08, 0xC4, 0x08, 0xC4, 0x08, 0xC4, 0x08, 0xC4, 0x08,
    0xC4, 0x08, 0xC4, 0x08, 0xC4, 0x08, 0xE4, 0x08, 0xE4, 0x08, 0xE4, 0x08, 0xE4, 0x08, 0xE4, 0x08,
    0xE4, 0x08, 0xE4, 0x08, 0xE4, 0x08, 0xE4, 0x08, 0xE4, 0x08, 0xE4, 0x08, 0xE4, 0x08, 0xE4, 0x08,
    0xE4, 0x08, 0xE4, 0x08, 0xE4, 0x08, 0xE4, 0x08, 0xE4, 0x08, 0xE4, 0x08, 0xE4, 0x08, 0xE4, 0x08,
    0xE4, 0x08, 0xE4, 0x08, 0xE4, 0x08, 0xE4, 0x08, 0xE4, 0x08, 0xE4, 0x08, 0xE4, 0x08, 0xE4, 0x08,
    0xE4, 0x08, 0xE4, 0x08, 0xE4, 0x08, 0xE4, 0x08, 0xE4, 0x08, 0xE4, 0x08, 0xE4, 0x08, 0xE4, 0x08,
    0xE4, 0x08, 0xE4, 0x08, 0xE4, 0x08, 0xE4, 0x08, 0xE4, 0x08, 0xE4, 0x08, 0xE4, 0x08, 0xE4, 0x08,
    0xE4, 0x08, 0xE4, 0x08, 0xE4, 0x08, 0xE4, 0x08, 0xE4, 0x08, 0xE4, 0x08, 0xE4, 0x08, 0xE4, 0x08,
    0xE4, 0x08, 0xC4, 0x08, 0xC4, 0x08, 0xC4, 0x08, 0xC4, 0x08, 0xC4, 0x08, 0xC4, 0x08, 0xC4, 0x08,
    0xC4, 0x08, 0xC4, 0x08, 0xC4, 0x08, 0xC4, 0x08, 0xC4, 0x08, 0xC4, 0x08, 0xC4, 0x08, 0xC4, 0x08,
    0xC4, 0x08, 0xC3, 0x08, 0xC3, 0x08, 0xC3, 0x08, 0xC3, 0x08, 0xC3, 0x08, 0xC3, 0x08, 0xC3, 0x08,
    0xA3, 0x08, 0xA3, 0x08, 0xA3, 0x08, 0xA3, 0x08, 0xA3, 0x08, 0xA3, 0x08, 0xA3, 0x08, 0xA3, 0x08,
    0xA3, 0x08, 0xA3, 0x08, 0xA3, 0x08, 0xA3, 0x08, 0xA3, 0x08, 0xA3, 0x08, 0xA3, 0x08, 0xA3, 0x08,
    0xA3, 0x08, 0xA3, 0x08, 0xA3, 0x08, 0xA3, 0x08, 0xA3, 0x08, 0x83, 0x08, 0x83, 0x08, 0x83, 0x08,
    0x83, 0x08, 0x83, 0x08, 0x83, 0x08, 0x83, 0x08, 0x83, 0x08, 0x83, 0x08, 0x83, 0x08, 0x83, 0x08,
    0x83, 0x08, 0x82, 0x08, 0x82, 0x08, 0x82, 0x08, 0x82, 0x08, 0x82, 0x08, 0x82, 0x08, 0x82, 0x08,
    0x82, 0x08, 0x82, 0x08, 0x82, 0x08, 0x82, 0x08, 0x82, 0x08, 0x62, 0x08, 0x62, 0x08, 0x62, 0x08,
    0x62, 0x08, 0x62, 0x08, 0x62, 0x08, 0x62, 0x08, 0x62, 0x08, 0x62, 0x08, 0x62, 0x08, 0x62, 0x08,
    0x62, 0x08, 0x62, 0x08, 0x62, 0x08, 0x62, 0x08, 0x62, 0x08, 0x62, 0x08, 0x62, 0x08, 0x62, 0x08,
    0x62, 0x08, 0x62, 0x08, 0x62, 0x08, 0x62, 0x08, 0x62, 0x08, 0x62, 0x08, 0x62, 0x08, 0x62, 0x08,
    0x62, 0x08, 0x62, 0x08, 0x62, 0x08, 0x62, 0x08, 0x62, 0x08, 0x62, 0x08, 0x62, 0x08, 0x62, 0x08,
    0x62, 0x08, 0x62, 0x08, 0x62, 0x08, 0x62, 0x08, 0x62, 0x08, 0x62, 0x08, 0x62, 0x08, 0x62, 0x08,
    0x62, 0x08, 0x62, 0x08, 0x62, 0x08, 0x62, 0x08, 0x62, 0x08, 0x62, 0x08, 0x62, 0x08, 0x62, 0x08,
    0x62, 0x08, 0x62, 0x08, 0x62, 0x08, 0x62, 0x08, 0x62, 0x08, 0x62, 0x08, 0x62, 0x08, 0x62, 0x08,
    0x62, 0x08, 0x62, 0x08, 0x62, 0x08, 0x62, 0x08, 0x62, 0x08, 0x62, 0x08, 0x62, 0x08, 0x62, 0x08,
    0x62, 0x08, 0x62, 0x08, 0x62, 0x08, 0x62, 0x08, 0x62, 0x08, 0x62, 0x08, 0x62, 0x08, 0x62, 0x08,
    0x62, 0x08, 0x62, 0x08, 0x62, 0x08, 0x62, 0x08, 0x62, 0x08, 0x62, 0x08, 0x62, 0x08, 0x62, 0x08,
    0x62, 0x08, 0x62, 0x08, 0x62, 0x08, 0x62, 0x08, 0x62, 0x08, 0x62, 0x08, 0x62, 0x08, 0x62, 0x08,
    0x62, 0x08, 0x62, 0x08, 0x62, 0x08, 0x62, 0x08, 0x62, 0x08, 0x62, 0x08, 0x62, 0x08, 0x62, 0x08,
    0x62, 0x08, 0x62, 0x08, 0x62, 0x08, 0x62, 0x08, 0x62, 0x08, 0x62, 0x08, 0x62, 0x08, 0x62, 0x08,
    0x62, 0x08, 0x62, 0x08, 0x62, 0x08, 0x62, 0x08, 0x62, 0x08, 0x62, 0x08, 0x62, 0x08, 0x62, 0x08,
    0x62, 0x08, 0x62, 0x08, 0x62, 0x08, 0x62, 0x08, 0x62, 0x08, 0x62, 0x08, 0x62, 0x08, 0x62, 0x08,
    0x62, 0x08, 0x62, 0x08, 0x62, 0x08, 0x62, 0x08, 0x62, 0x08, 0x62, 0x08, 0x62, 0x08, 0x62, 0x08,
    0x62, 0x08, 0x62, 0x08, 0x62, 0x08, 0x62, 0x08, 0x62, 0x08, 0x62, 0x08, 0x62, 0x08, 0x62, 0x08,
    0x62, 0x08, 0x62, 0x08, 0x62, 0x08, 0x62, 0x08, 0x62, 0x08, 0x62, 0x08, 0x62, 0x08, 0x62, 0x08,
    0x62, 0x08, 0x62, 0x08, 0x62, 0x08, 0x62, 0x08, 0x82, 0x08, 0x82, 0x08, 0x82, 0x08, 0x82, 0x08,
    0x82, 0x08, 0x82, 0x08, 0x82, 0x08, 0x82, 0x08, 0x82, 0x08, 0x82, 0x08, 0x82, 0x08, 0x82, 0x08,
    0x83, 0x08, 0x83, 0x08, 0x83, 0x08, 0x83, 0x08, 0x83, 0x08, 0x83, 0x08, 0x83, 0x08, 0x83, 0x08,
    0x83, 0x08, 0x83, 0x08, 0x83, 0x08, 0x83, 0x08, 0x83, 0x08, 0xA3, 0x08, 0xA3, 0x08, 0xA3, 0x08,
    0xA3, 0x08, 0xA3, 0x08, 0xA3, 0x08, 0xA3, 0x08, 0xA3, 0x08, 0xA3, 0x08, 0xA3, 0x08, 0xA3, 0x08,
    0xA3, 0x08, 0xA3, 0x08, 0xA3, 0x08, 0xA3, 0x08, 0xA3, 0x08, 0xA3, 0x08, 0xA3, 0x08, 0xA3, 0x08,
    0xA3, 0x08, 0xC3, 0x08, 0xC3, 0x08, 0xC3, 0x08, 0xC3, 0x08, 0xC3, 0x08, 0xC3, 0x08, 0xC3, 0x08,
    0xC3, 0x08, 0xC4, 0x08, 0xC4, 0x08, 0xC4, 0x08, 0xC4, 0x08, 0xC4, 0x08, 0xC4, 0x08, 0xC4, 0x08,
    0xC4, 0x08, 0xC4, 0x08, 0xC4, 0x08, 0xC4, 0x08, 0xC4, 0x08, 0xC4, 0x08, 0xC4, 0x08, 0xC4, 0x08,
    0xC4, 0x08, 0xC4, 0x08, 0xE4, 0x08, 0xE4, 0x08, 0xE4, 0x08, 0xE4, 0x08, 0xE4, 0x08, 0xE4, 0x08,
    0xE4, 0x08, 0xE4, 0x08, 0xE4, 0x08, 0xE4, 0x08, 0xE4, 0x08, 0xE4, 0x08, 0xE4, 0x08, 0xE4, 0x08,
    0xE4, 0x08, 0xE4, 0x08, 0xE4, 0x08, 0xE4, 0x08, 0xE4, 0x08, 0xE4, 0x08, 0xE4, 0x08, 0xE4, 0x08,
    0xE4, 0x08, 0xE4, 0x08, 0xE4, 0x08, 0xE4, 0x08, 0xE4, 0x08, 0xE4, 0x08, 0xE4, 0x08, 0xE4, 0x08,
    0xE4, 0x08, 0xE4, 0x08, 0xE4, 0x08, 0xE4, 0x08, 0xE4, 0x08, 0xE4, 0x08, 0xE4, 0x08, 0xE4, 0x08,
    0xE4, 0x08, 0xE4, 0x08, 0xE4, 0x08, 0xE4, 0x08, 0xE4, 0x08, 0xE4, 0x08, 0xE4, 0x08, 0xE4, 0x08,
    0xE4, 0x08, 0xE4, 0x08, 0xC4, 0x08, 0xC4, 0x08, 0xC4, 0x08, 0xC4, 0x08, 0xC4, 0x08, 0xC4, 0x08,
    0xC4, 0x08, 0xC4, 0x08, 0xC4, 0x08, 0xC4, 0x08, 0xC4, 0x08, 0xC4, 0x08, 0xC4, 0x08, 0xC4, 0x08,
    0xC4, 0x08, 0xC4, 0x08, 0xC4, 0x08, 0xC3, 0x08, 0xC3, 0x08, 0xC3, 0x08, 0xC3, 0x08, 0xC3, 0x08,
    0xC3, 0x08, 0xC3, 0x08, 0xC3, 0x08, 0xA3, 0x08, 0xA3, 0x08, 0xA3, 0x08, 0xA3, 0x08, 0xA3, 0x08,
    0xA3, 0x08, 0xA3, 0x08, 0xA3, 0x08, 0xA3, 0x08, 0xA3, 0x08, 0xA3, 0x08, 0xA3, 0x08, 0xA3, 0x08,
    0xA3, 0x08, 0xA3, 0x08, 0xA3, 0x08, 0xA3, 0x08, 0xA3, 0x08, 0xA3, 0x08, 0xA3, 0x08, 0xA3, 0x08,
    0x83, 0x08, 0x83, 0x08, 0x83, 0x08, 0x83, 0x08, 0x83, 0x08, 0x83, 0x08, 0x83, 0x08, 0x83, 0x08,
    0x83, 0x08, 0x83, 0x08, 0x83, 0x08, 0x83, 0x08, 0x82, 0x08, 0x82, 0x08, 0x82, 0x08, 0x82, 0x08,
    0x82, 0x08, 0x82, 0x08, 0x82, 0x08, 0x82, 0x08, 0x82, 0x08, 0x82, 0x08, 0x82, 0x08, 0x82, 0x08,
    0x62, 0x08, 0x62, 0x08, 0x62, 0x08, 0x62, 0x08, 0x62, 0x08, 0x62, 0x08, 0x62, 0x08, 0x62, 0x08,
    0x62, 0x08, 0x62, 0x08, 0x62, 0x08, 0x62, 0x08, 0x62, 0x08, 0x62, 0x08, 0x62, 0x08, 0x62, 0x08,
    0x62, 0x08, 0x62, 0x08, 0x62, 0x08, 0x62, 0x08, 0x62, 0x08, 0x62, 0x08, 0x62, 0x08, 0x62, 0x08,
    0x62, 0x08, 0x62, 0x08, 0x62, 0x08, 0x62, 0x08, 0x62, 0x08, 0x62, 0x08, 0x62, 0x08, 0x62, 0x08,
    0x62, 0x08, 0x62, 0x08, 0x62, 0x08, 0x62, 0x08, 0x62, 0x08, 0x62, 0x08, 0x62, 0x08, 0x62, 0x08,
    0x62, 0x08, 0x62, 0x08, 0x62, 0x08, 0x62, 0x08, 0x62, 0x08, 0x62, 0x08, 0x62, 0x08, 0x62, 0x08,
    0x62, 0x08, 0x62, 0x08, 0x62, 0x08, 0x62, 0x08, 0x62, 0x08, 0x62, 0x08, 0x62, 0x08, 0x62, 0x08,
    0x62, 0x08, 0x62, 0x08, 0x62, 0x08, 0x62, 0x08, 0x62, 0x08, 0x62, 0x08, 0x62, 0x08, 0x62, 0x08,
    0x62, 0x08, 0x62, 0x08, 0x62, 0x08, 0x62, 0x08, 0x62, 0x08, 0x62, 0x08, 0x62, 0x08, 0x62, 0x08,
    0x62, 0x08, 0x62, 0x08, 0x62, 0x08, 0x62, 0x08, 0x62, 0x08, 0x62, 0x08, 0x62, 0x08, 0x62, 0x08,
    0x62, 0x08, 0x62, 0x08, 0x62, 0x08, 0x62, 0x08, 0x62, 0x08, 0x62, 0x08, 0x62, 0x08, 0x62, 0x08,
    0x62, 0x08, 0x62, 0x08, 0x62, 0x08, 0x62, 0x08, 0x62, 0x08, 0x62, 0x08, 0x62, 0x08, 0x62, 0x08,
    0x62, 0x08, 0x62, 0x08, 0x62, 0x08, 0x62, 0x08, 0x62, 0x08, 0x62, 0x08, 0x62, 0x08, 0x62, 0x08,
    0x62, 0x08, 0x62, 0x08, 0x62, 0x08, 0x62, 0x08, 0x62, 0x08, 0x62, 0x08, 0x62, 0x08, 0x62, 0x08,
    0x62, 0x08, 0x62, 0x08, 0x62, 0x08, 0x62, 0x08, 0x62, 0x08, 0x62, 0x08, 0x62, 0x08, 0x62, 0x08,
    0x62, 0x08, 0x62, 0x08, 0x62, 0x08, 0x62, 0x08, 0x62, 0x08, 0x62, 0x08, 0x62, 0x08, 0x62, 0x08,
    0x62, 0x08, 0x62, 0x08, 0x62, 0x08, 0x62, 0x08, 0x62, 0x08, 0x62, 0x08, 0x62, 0x08, 0x62, 0x08,
    0x62, 0x08, 0x62, 0x08, 0x62, 0x08, 0x62, 0x08, 0x62, 0x08, 0x62, 0x08, 0x62, 0x08, 0x62, 0x08,
    0x62, 0x08, 0x62, 0x08, 0x62, 0x08, 0x62, 0x08, 0x62, 0x08, 0x62, 0x08, 0x62, 0x08, 0x62, 0x08,
    0x62, 0x08, 0x82, 0x08, 0x82, 0x08, 0x82, 0x08, 0x82, 0x08, 0x82, 0x08, 0x82, 0x08, 0x82, 0x08,
    0x82, 0x08, 0x82, 0x08, 0x82, 0x08, 0x82, 0x08, 0x82, 0x08, 0x83, 0x08, 0x83, 0x08, 0x83, 0x08,
    0x83, 0x08, 0x83, 0x08, 0x83, 0x08, 0x83, 0x08, 0x83, 0x08, 0x83, 0x08, 0x83, 0x08, 0x83, 0x08,
    0x83, 0x08, 0x83, 0x08, 0xA3, 0x08, 0xA3, 0x08, 0xA3, 0x08, 0xA3, 0x08, 0xA3, 0x08, 0xA3, 0x08,
    0xA3, 0x08, 0xA3, 0x08, 0xA3, 0x08, 0xA3, 0x08, 0xA3, 0x08, 0xA3, 0x08, 0xA3, 0x08, 0xA3, 0x08,
    0xA3, 0x08, 0xA3, 0x08, 0xA3, 0x08, 0xA3, 0x08, 0xA3, 0x08, 0xA3, 0x08, 0xA3, 0x08, 0xC3, 0x08,
    0xC3, 0x08, 0xC3, 0x08, 0xC3, 0x08, 0xC3, 0x08, 0xC3, 0x08, 0xC3, 0x08, 0xC3, 0x08, 0xC4, 0x08,
    0xC4, 0x08, 0xC4, 0x08, 0xC4, 0x08, 0xC4, 0x08, 0xC4, 0x08, 0xC4, 0x08, 0xC4, 0x08, 0xC4, 0x08,
    0xC4, 0x08, 0xC4, 0x08, 0xC4, 0x08, 0xC4, 0x08, 0xC4, 0x08, 0xC4, 0x08, 0xC4, 0x08, 0xC4, 0x08,
    0xC4, 0x08, 0xC4, 0x08, 0xE4, 0x08, 0xE4, 0x08, 0xE4, 0x08, 0xE4, 0x08, 0xE4, 0x08, 0xE4, 0x08,
    0xE4, 0x08, 0xE4, 0x08, 0xE4, 0x08, 0xE4, 0x08, 0xE4, 0x08, 0xE4, 0x08, 0xE4, 0x08, 0xE4, 0x08,
    0xE4, 0x08, 0xE4, 0x08, 0xE4, 0x08, 0xE4, 0x08, 0xE4, 0x08, 0xE4, 0x08, 0xE4, 0x08, 0xE4, 0x08,
    0xE4, 0x08, 0xE4, 0x08, 0xE4, 0x08, 0xE4, 0x08, 0xE4, 0x08, 0xE4, 0x08, 0xE4, 0x08, 0xE4, 0x08,
    0xE4, 0x08, 0xE4, 0x08, 0xE4, 0x08, 0xE4, 0x08, 0xE4, 0x08, 0xE4, 0x08, 0xE4, 0x08, 0xE4, 0x08,
    0xE4, 0x08, 0xE4, 0x08, 0xC4, 0x08, 0xC4, 0x08, 0xC4, 0x08, 0xC4, 0x08, 0xC4, 0x08, 0xC4, 0x08,
    0xC4, 0x08, 0xC4, 0x08, 0xC4, 0x08, 0xC4, 0x08, 0xC4, 0x08, 0xC4, 0x08, 0xC4, 0x08, 0xC4, 0x08,
    0xC4, 0x08, 0xC4, 0x08, 0xC4, 0x08, 0xC4, 0x08, 0xC4, 0x08, 0xC3, 0x08, 0xC3, 0x08, 0xC3, 0x08,
    0xC3, 0x08, 0xC3, 0x08, 0xC3, 0x08, 0xC3, 0x08, 0xC3, 0x08, 0xA3, 0x08, 0xA3, 0x08, 0xA3, 0x08,
    0xA3, 0x08, 0xA3, 0x08, 0xA3, 0x08, 0xA3, 0x08, 0xA3, 0x08, 0xA3, 0x08, 0xA3, 0x08, 0xA3, 0x08,
    0xA3, 0x08, 0xA3, 0x08, 0xA3, 0x08, 0xA3, 0x08, 0xA3, 0x08, 0xA3, 0x08, 0xA3, 0x08, 0xA3, 0x08,
    0xA3, 0x08, 0xA3, 0x08, 0x83, 0x08, 0x83, 0x08, 0x83, 0x08, 0x83, 0x08, 0x83, 0x08, 0x83, 0x08,
    0x83, 0x08, 0x83, 0x08, 0x83, 0x08, 0x83, 0x08, 0x83, 0x08, 0x83, 0x08, 0x83, 0x08, 0x82, 0x08,
    0x82, 0x08, 0x82, 0x08, 0x82, 0x08, 0x82, 0x08, 0x82, 0x08, 0x82, 0x08, 0x82, 0x08, 0x82, 0x08,
    0x82, 0x08, 0x82, 0x08, 0x82, 0x08, 0x82, 0x08, 0x62, 0x08, 0x62, 0x08, 0x62, 0x08, 0x62, 0x08,
    0x62, 0x08, 0x62, 0x08, 0x62, 0x08, 0x62, 0x08, 0x62, 0x08, 0x62, 0x08, 0x62, 0x08, 0x62, 0x08,
    0x62, 0x08, 0x62, 0x08, 0x62, 0x08, 0x62, 0x08, 0x62, 0x08, 0x62, 0x08, 0x62, 0x08, 0x62, 0x08,
    0x62, 0x08, 0x62, 0x08, 0x62, 0x08, 0x62, 0x08, 0x62, 0x08, 0x62, 0x08, 0x62, 0x08, 0x62, 0x08,
    0x62, 0x08, 0x62, 0x08, 0x62, 0x08, 0x62, 0x08, 0x62, 0x08, 0x62, 0x08, 0x62, 0x08, 0x62, 0x08,
    0x62, 0x08, 0x62, 0x08, 0x62, 0x08, 0x62, 0x08, 0x62, 0x08, 0x62, 0x08, 0x62, 0x08, 0x62, 0x08,
    0x62, 0x08, 0x62, 0x08, 0x62, 0x08, 0x62, 0x08, 0x62, 0x08, 0x62, 0x08, 0x62, 0x08, 0x62, 0x08,
    0x62, 0x08, 0x62, 0x08, 0x62, 0x08, 0x62, 0x08, 0x62, 0x08, 0x62, 0x08, 0x62, 0x08, 0x62, 0x08,
    0x62, 0x08, 0x62, 0x08, 0x62, 0x08, 0x62, 0x08, 0x62, 0x08, 0x62, 0x08, 0x62, 0x08, 0x62, 0x08,
    0x62, 0x08, 0x62, 0x08, 0x62, 0x08, 0x62, 0x08, 0x62, 0x08, 0x62, 0x08, 0x62, 0x08, 0x62, 0x08,
    0x62, 0x08, 0x62, 0x08, 0x62, 0x08, 0x62, 0x08, 0x62, 0x08, 0x62, 0x08, 0x62, 0x08, 0x62, 0x08,
    0x62, 0x08, 0x62, 0x08, 0x62, 0x08, 0x62, 0x08, 0x62, 0x08, 0x62, 0x08, 0x62, 0x08, 0x62, 0x08,
    0x62, 0x08, 0x62, 0x08, 0x62, 0x08, 0x62, 0x08, 0x62, 0x08, 0x62, 0x08, 0x62, 0x08, 0x62, 0x08,
    0x62, 0x08, 0x62, 0x08, 0x62, 0x08, 0x62, 0x08, 0x62, 0x08, 0x62, 0x08, 0x62, 0x08, 0x62, 0x08,
    0x62, 0x08, 0x62, 0x08, 0x62, 0x08, 0x62, 0x08, 0x62, 0x08, 0x62, 0x08, 0x62, 0x08, 0x62, 0x08,
    0x62, 0x08, 0x62, 0x08, 0x62, 0x08, 0x62, 0x08, 0x62, 0x08, 0x62, 0x08, 0x62, 0x08, 0x62, 0x08,
    0x62, 0x08, 0x62, 0x08, 0x62, 0x08, 0x62, 0x08, 0x62, 0x08, 0x62, 0x08, 0x62, 0x08, 0x62, 0x08,
    0x62, 0x08, 0x62, 0x08, 0x62, 0x08, 0x62, 0x08, 0x62, 0x08, 0x62, 0x08, 0x62, 0x08, 0x62, 0x08,
    0x62, 0x08, 0x62, 0x08, 0x62, 0x08, 0x62, 0x08, 0x62, 0x08, 0x62, 0x08, 0x62, 0x08, 0x62, 0x08,
    0x62, 0x08, 0x62, 0x08, 0x62, 0x08, 0x62, 0x08, 0x62, 0x08, 0x62, 0x08, 0x82, 0x08, 0x82, 0x08,
    0x82, 0x08, 0x82, 0x08, 0x82, 0x08, 0x82, 0x08, 0x82, 0x08, 0x82, 0x08, 0x82, 0x08, 0x82, 0x08,
    0x82, 0x08, 0x82, 0x08, 0x83, 0x08, 0x83, 0x08, 0x83, 0x08, 0x83, 0x08, 0x83, 0x08, 0x83, 0x08,
    0x83, 0x08, 0x83, 0x08, 0x83, 0x08, 0x83, 0x08, 0x83, 0x08, 0x83, 0x08, 0x83, 0x08, 0xA3, 0x08,
    0xA3, 0x08, 0xA3, 0x08, 0xA3, 0x08, 0xA3, 0x08, 0xA3, 0x08, 0xA3, 0x08, 0xA3, 0x08, 0xA3, 0x08,
    0xA3, 0x08, 0xA3, 0x08, 0xA3, 0x08, 0xA3, 0x08, 0xA3, 0x08, 0xA3, 0x08, 0xA3, 0x08, 0xA3, 0x08,
    0xA3, 0x08, 0xA3, 0x08, 0xA3, 0x08, 0xA3, 0x08, 0xA3, 0x08, 0xC3, 0x08, 0xC3, 0x08, 0xC3, 0x08,
    0xC3, 0x08, 0xC3, 0x08, 0xC3, 0x08, 0xC3, 0x08, 0xC3, 0x08, 0xC3, 0x08, 0xC4, 0x08, 0xC4, 0x08,
    0xC4, 0x08, 0xC4, 0x08, 0xC4, 0x08, 0xC4, 0x08, 0xC4, 0x08, 0xC4, 0x08, 0xC4, 0x08, 0xC4, 0x08,
    0xC4, 0x08, 0xC4, 0x08, 0xC4, 0x08, 0xC4, 0x08, 0xC4, 0x08, 0xC4, 0x08, 0xC4, 0x08, 0xC4, 0x08,
    0xC4, 0x08, 0xC4, 0x08, 0xC4, 0x08, 0xE4, 0x08, 0xE4, 0x08, 0xE4, 0x08, 0xE4, 0x08, 0xE4, 0x08,
    0xE4, 0x08, 0xE4, 0x08, 0xE4, 0x08, 0xE4, 0x08, 0xE4, 0x08, 0xE4, 0x08, 0xE4, 0x08, 0xE4, 0x08,
    0xE4, 0x08, 0xE4, 0x08, 0xE4, 0x08, 0xE4, 0x08, 0xE4, 0x08, 0xE4, 0x08, 0xE4, 0x08, 0xE4, 0x08,
    0xE4, 0x08, 0xE4, 0x08, 0xE4, 0x08, 0xE4, 0x08, 0xE4, 0x08, 0xE4, 0x08, 0xE4, 0x08, 0xE4, 0x08,
    0xE4, 0x08, 0xC4, 0x08, 0xC4, 0x08, 0xC4, 0x08, 0xC4, 0x08, 0xC4, 0x08, 0xC4, 0x08, 0xC4, 0x08,
    0xC4, 0x08, 0xC4, 0x08, 0xC4, 0x08, 0xC4, 0x08, 0xC4, 0x08, 0xC4, 0x08, 0xC4, 0x08, 0xC4, 0x08,
    0xC4, 0x08, 0xC4, 0x08, 0xC4, 0x08, 0xC4, 0x08, 0xC4, 0x08, 0xC4, 0x08, 0xC4, 0x08, 0xC3, 0x08,
    0xC3, 0x08, 0xC3, 0x08, 0xC3, 0x08, 0xC3, 0x08, 0xC3, 0x08, 0xC3, 0x08, 0xC3, 0x08, 0xA3, 0x08,
    0xA3, 0x08, 0xA3, 0x08, 0xA3, 0x08, 0xA3, 0x08, 0xA3, 0x08, 0xA3, 0x08, 0xA3, 0x08, 0xA3, 0x08,
    0xA3, 0x08, 0xA3, 0x08, 0xA3, 0x08, 0xA3, 0x08, 0xA3, 0x08, 0xA3, 0x08, 0xA3, 0x08, 0xA3, 0x08,
    0xA3, 0x08, 0xA3, 0x08, 0xA3, 0x08, 0xA3, 0x08, 0xA3, 0x08, 0x83, 0x08, 0x83, 0x08, 0x83, 0x08,
    0x83, 0x08, 0x83, 0x08, 0x83, 0x08, 0x83, 0x08, 0x83, 0x08, 0x83, 0x08, 0x83, 0x08, 0x83, 0x08,
    0x83, 0x08, 0x83, 0x08, 0x82, 0x08, 0x82, 0x08, 0x82, 0x08, 0x82, 0x08, 0x82, 0x08, 0x82, 0x08,
    0x82, 0x08, 0x82, 0x08, 0x82, 0x08, 0x82, 0x08, 0x82, 0x08, 0x82, 0x08, 0x82, 0x08, 0x62, 0x08,
    0x62, 0x08, 0x62, 0x08, 0x62, 0x08, 0x62, 0x08, 0x62, 0x08, 0x62, 0x08, 0x62, 0x08, 0x62, 0x08,
    0x62, 0x08, 0x62, 0x08, 0x62, 0x08, 0x62, 0x08, 0x62, 0x08, 0x62, 0x08, 0x62, 0x08, 0x62, 0x08,
    0x62, 0x08, 0x62, 0x08, 0x62, 0x08, 0x62, 0x08, 0x62, 0x08, 0x62, 0x08, 0x62, 0x08, 0x62, 0x08,
    0x62, 0x08, 0x62, 0x08, 0x62, 0x08, 0x62, 0x08, 0x62, 0x08, 0x62, 0x08, 0x62, 0x08, 0x62, 0x08,
    0x62, 0x08, 0x62, 0x08, 0x62, 0x08, 0x62, 0x08, 0x62, 0x08, 0x62, 0x08, 0x62, 0x08, 0x62, 0x08,
    0x62, 0x08, 0x62, 0x08, 0x62, 0x08, 0x62, 0x08, 0x62, 0x08, 0x62, 0x08, 0x62, 0x08, 0x62, 0x08,
    0x62, 0x08, 0x62, 0x08, 0x62, 0x08, 0x62, 0x08, 0x62, 0x08, 0x62, 0x08, 0x62, 0x08, 0x62, 0x08,
    0x62, 0x08, 0x62, 0x08, 0x62, 0x08, 0x62, 0x08, 0x62, 0x08, 0x62, 0x08, 0x62, 0x08, 0x62, 0x08,
    0x62, 0x08, 0x62, 0x08, 0x62, 0x08, 0x62, 0x08, 0x62, 0x08, 0x62, 0x08, 0x62, 0x08, 0x62, 0x08,
    0x62, 0x08, 0x62, 0x08, 0x62, 0x08, 0x62, 0x08, 0x62, 0x08, 0x62, 0x08, 0x62, 0x08, 0x62, 0x08,
    0x62, 0x08, 0x62, 0x08, 0x62, 0x08, 0x62, 0x08, 0x62, 0x08, 0x62, 0x08, 0x62, 0x08, 0x62, 0x08,
    0x62, 0x08, 0x62, 0x08, 0x62, 0x08, 0x62, 0x08, 0x62, 0x08, 0x62, 0x08, 0x62, 0x08, 0x62, 0x08,
    0x62, 0x08, 0x62, 0x08, 0x62, 0x08, 0x62, 0x08, 0x62, 0x08, 0x62, 0x08, 0x62, 0x08, 0x62, 0x08,
    0x62, 0x08, 0x62, 0x08, 0x62, 0x08, 0x62, 0x08, 0x62, 0x08, 0x62, 0x08, 0x62, 0x08, 0x62, 0x08,
    0x62, 0x08, 0x62, 0x08, 0x62, 0x08, 0x62, 0x08, 0x62, 0x08, 0x62, 0x08, 0x62, 0x08, 0x62, 0x08,
    0x62, 0x08, 0x62, 0x08, 0x62, 0x08, 0x62, 0x08, 0x62, 0x08, 0x62, 0x08, 0x62, 0x08, 0x62, 0x08,
    0x62, 0x08, 0x62, 0x08, 0x62, 0x08, 0x62, 0x08, 0x62, 0x08, 0x62, 0x08, 0x62, 0x08, 0x62, 0x08,
    0x62, 0x08, 0x62, 0x08, 0x62, 0x08, 0x62, 0x08, 0x62, 0x08, 0x62, 0x08, 0x62, 0x08, 0x62, 0x08,
    0x62, 0x08, 0x62, 0x08, 0x62, 0x08, 0x62, 0x08, 0x62, 0x08, 0x62, 0x08, 0x62, 0x08, 0x62, 0x08,
    0x62, 0x08, 0x62, 0x08, 0x62, 0x08, 0x82, 0x08, 0x82, 0x08, 0x82, 0x08, 0x82, 0x08, 0x82, 0x08,
    0x82, 0x08, 0x82, 0x08, 0x82, 0x08, 0x82, 0x08, 0x82, 0x08, 0x82, 0x08, 0x82, 0x08, 0x83, 0x08,
    0x83, 0x08, 0x83, 0x08, 0x83, 0x08, 0x83, 0x08, 0x83, 0x08, 0x83, 0x08, 0x83, 0x08, 0x83, 0x08,
    0x83, 0x08, 0x83, 0x08, 0x83, 0x08, 0x83, 0x08, 0xA3, 0x08, 0xA3, 0x08, 0xA3, 0x08, 0xA3, 0x08,
    0xA3, 0x08, 0xA3, 0x08, 0xA3, 0x08, 0xA3, 0x08, 0xA3, 0x08, 0xA3, 0x08, 0xA3, 0x08, 0xA3, 0x08,
    0xA3, 0x08, 0xA3, 0x08, 0xA3, 0x08, 0xA3, 0x08, 0xA3, 0x08, 0xA3, 0x08, 0xA3, 0x08, 0xA3, 0x08,
    0xA3, 0x08, 0xA3, 0x08, 0xA3, 0x08, 0xC3, 0x08, 0xC3, 0x08, 0xC3, 0x08, 0xC3, 0x08, 0xC3, 0x08,
    0xC3, 0x08, 0xC3, 0x08, 0xC3, 0x08, 0xC3, 0x08, 0xC4, 0x08, 0xC4, 0x08, 0xC4, 0x08, 0xC4, 0x08,
    0xC4, 0x08, 0xC4, 0x08, 0xC4, 0x08, 0xC4, 0x08, 0xC4, 0x08, 0xC4, 0x08, 0xC4, 0x08, 0xC4, 0x08,
    0xC4, 0x08, 0xC4, 0x08, 0xC4, 0x08, 0xC4, 0x08, 0xC4, 0x08, 0xC4, 0x08, 0xC4, 0x08, 0xC4, 0x08,
    0xC4, 0x08, 0xC4, 0x08, 0xC4, 0x08, 0xC4, 0x08, 0xC4, 0x08, 0xC4, 0x08, 0xC4, 0x08, 0xE4, 0x08,
    0xE4, 0x08, 0xE4, 0x08, 0xE4, 0x08, 0xE4, 0x08, 0xE4, 0x08, 0xE4, 0x08, 0xE4, 0x08, 0xE4, 0x08,
    0xE4, 0x08, 0xE4, 0x08, 0xE4, 0x08, 0xE4, 0x08, 0xE4, 0x08, 0xE4, 0x08, 0xC4, 0x08, 0xC4, 0x08,
    0xC4, 0x08, 0xC4, 0x08, 0xC4, 0x08, 0xC4, 0x08, 0xC4, 0x08, 0xC4, 0x08, 0xC4, 0x08, 0xC4, 0x08,
    0xC4, 0x08, 0xC4, 0x08, 0xC4, 0x08, 0xC4, 0x08, 0xC4, 0x08, 0xC4, 0x08, 0xC4, 0x08, 0xC4, 0x08,
    0xC4, 0x08, 0xC4, 0x08, 0xC4, 0x08, 0xC4, 0x08, 0xC4, 0x08, 0xC4, 0x08, 0xC4, 0x08, 0xC4, 0x08,
    0xC3, 0x08, 0xC3, 0x08, 0xC3, 0x08, 0xC3, 0x08, 0xC3, 0x08, 0xC3, 0x08, 0xC3, 0x08, 0xC3, 0x08,
    0xC3, 0x08, 0xA3, 0x08, 0xA3, 0x08, 0xA3, 0x08, 0xA3, 0x08, 0xA3, 0x08, 0xA3, 0x08, 0xA3, 0x08,
    0xA3, 0x08, 0xA3, 0x08, 0xA3, 0x08, 0xA3, 0x08, 0xA3, 0x08, 0xA3, 0x08, 0xA3, 0x08, 0xA3, 0x08,
    0xA3, 0x08, 0xA3, 0x08, 0xA3, 0x08, 0xA3, 0x08, 0xA3, 0x08, 0xA3, 0x08, 0xA3, 0x08, 0xA3, 0x08,
    0x83, 0x08, 0x83, 0x08, 0x83, 0x08, 0x83, 0x08, 0x83, 0x08, 0x83, 0x08, 0x83, 0x08, 0x83, 0x08,
    0x83, 0x08, 0x83, 0x08, 0x83, 0x08, 0x83, 0x08, 0x83, 0x08, 0x82, 0x08, 0x82, 0x08, 0x82, 0x08,
    0x82, 0x08, 0x82, 0x08, 0x82, 0x08, 0x82, 0x08, 0x82, 0x08, 0x82, 0x08, 0x82, 0x08, 0x82, 0x08,
    0x82, 0x08, 0x82, 0x08, 0x62, 0x08, 0x62, 0x08, 0x62, 0x08, 0x62, 0x08, 0x62, 0x08, 0x62, 0x08,
    0x62, 0x08, 0x62, 0x08, 0x62, 0x08, 0x62, 0x08, 0x62, 0x08, 0x62, 0x08, 0x62, 0x08, 0x62, 0x08,
    0x62, 0x08, 0x62, 0x08, 0x62, 0x08, 0x62, 0x08, 0x62, 0x08, 0x62, 0x08, 0x62, 0x08, 0x62, 0x08,
    0x62, 0x08, 0x62, 0x08, 0x62, 0x08, 0x62, 0x08, 0x62, 0x08, 0x62, 0x08, 0x62, 0x08, 0x62, 0x08,
    0x62, 0x08, 0x62, 0x08, 0x62, 0x08, 0x62, 0x08, 0x62, 0x08, 0x62, 0x08, 0x62, 0x08, 0x62, 0x08,
    0x62, 0x08, 0x62, 0x08, 0x62, 0x08, 0x62, 0x08, 0x62, 0x08, 0x62, 0x08, 0x62, 0x08, 0x62, 0x08,
    0x62, 0x08, 0x62, 0x08, 0x62, 0x08, 0x62, 0x08, 0x62, 0x08, 0x62, 0x08, 0x62, 0x08, 0x62, 0x08,
    0x62, 0x08, 0x62, 0x08, 0x62, 0x08, 0x62, 0x08, 0x62, 0x08, 0x62, 0x08, 0x62, 0x08, 0x62, 0x08,
    0x62, 0x08, 0x62, 0x08, 0x62, 0x08, 0x62, 0x08, 0x62, 0x08, 0x62, 0x08, 0x62, 0x08, 0x62, 0x08,
    0x62, 0x08, 0x62, 0x08, 0x62, 0x08, 0x62, 0x08, 0x62, 0x08, 0x62, 0x08, 0x62, 0x08, 0x62, 0x08,
    0x62, 0x08, 0x62, 0x08, 0x62, 0x08, 0x62, 0x08, 0x62, 0x08, 0x62, 0x08, 0x62, 0x08, 0x62, 0x08,
    0x62, 0x08, 0x62, 0x08, 0x62, 0x08, 0x62, 0x08, 0x62, 0x08, 0x62, 0x08, 0x62, 0x08, 0x62, 0x08,
    0x62, 0x08, 0x62, 0x08, 0x62, 0x08, 0x62, 0x08, 0x62, 0x08, 0x62, 0x08, 0x62, 0x08, 0x62, 0x08,
    0x62, 0x08, 0x62, 0x08, 0x62, 0x08, 0x62, 0x08, 0x62, 0x08, 0x62, 0x08, 0x62, 0x08, 0x62, 0x08,
    0x62, 0x08, 0x62, 0x08, 0x62, 0x08, 0x62, 0x08, 0x62, 0x08, 0x62, 0x08, 0x62, 0x08, 0x62, 0x08,
    0x62, 0x08, 0x62, 0x08, 0x62, 0x08, 0x62, 0x08, 0x62, 0x08, 0x62, 0x08, 0x62, 0x08, 0x62, 0x08,
    0x62, 0x08, 0x62, 0x08, 0x62, 0x08, 0x62, 0x08, 0x62, 0x08, 0x62, 0x08, 0x62, 0x08, 0x62, 0x08,
    0x62, 0x08, 0x62, 0x08, 0x62, 0x08, 0x62, 0x08, 0x62, 0x08, 0x62, 0x08, 0x62, 0x08, 0x62, 0x08,
    0x62, 0x08, 0x62, 0x08, 0x62, 0x08, 0x62, 0x08, 0x62, 0x08, 0x62, 0x08, 0x62, 0x08, 0x62, 0x08,
    0x62, 0x08, 0x62, 0x08, 0x62, 0x08, 0x62, 0x08, 0x62, 0x08, 0x62, 0x08, 0x62, 0x08, 0x62, 0x08,
    0x82, 0x08, 0x82, 0x08, 0x82, 0x08, 0x82, 0x08, 0x82, 0x08, 0x82, 0x08, 0x82, 0x08, 0x82, 0x08,
    0x82, 0x08, 0x82, 0x08, 0x82, 0x08, 0x82, 0x08, 0x82, 0x08, 0x83, 0x08, 0x83, 0x08, 0x83, 0x08,
    0x83, 0x08, 0x83, 0x08, 0x83, 0x08, 0x83, 0x08, 0x83, 0x08, 0x83, 0x08, 0x83, 0x08, 0x83, 0x08,
    0x83, 0x08, 0x83, 0x08, 0xA3, 0x08, 0xA3, 0x08, 0xA3, 0x08, 0xA3, 0x08, 0xA3, 0x08, 0xA3, 0x08,
    0xA3, 0x08, 0xA3, 0x08, 0xA3, 0x08, 0xA3, 0x08, 0xA3, 0x08, 0xA3, 0x08, 0xA3, 0x08, 0xA3, 0x08,
    0xA3, 0x08, 0xA3, 0x08, 0xA3, 0x08, 0xA3, 0x08, 0xA3, 0x08, 0xA3, 0x08, 0xA3, 0x08, 0xA3, 0x08,
    0xA3, 0x08, 0xC3, 0x08, 0xC3, 0x08, 0xC3, 0x08, 0xC3, 0x08, 0xC3, 0x08, 0xC3, 0x08, 0xC3, 0x08,
    0xC3, 0x08, 0xC3, 0x08, 0xC3, 0x08, 0xC4, 0x08, 0xC4, 0x08, 0xC4, 0x08, 0xC4, 0x08, 0xC4, 0x08,
    0xC4, 0x08, 0xC4, 0x08, 0xC4, 0x08, 0xC4, 0x08, 0xC4, 0x08, 0xC4, 0x08, 0xC4, 0x08, 0xC4, 0x08,
    0xC4, 0x08, 0xC4, 0x08, 0xC4, 0x08, 0xC4, 0x08, 0xC4, 0x08, 0xC4, 0x08, 0xC4, 0x08, 0xC4, 0x08,
    0xC4, 0x08, 0xC4, 0x08, 0xC4, 0x08, 0xC4, 0x08, 0xC4, 0x08, 0xC4, 0x08, 0xC4, 0x08, 0xC4, 0x08,
    0xC4, 0x08, 0xC4, 0x08, 0xC4, 0x08, 0xC4, 0x08, 0xC4, 0x08, 0xC4, 0x08, 0xC4, 0x08, 0xC4, 0x08,
    0xC4, 0x08, 0xC4, 0x08, 0xC4, 0x08, 0xC4, 0x08, 0xC4, 0x08, 0xC4, 0x08, 0xC4, 0x08, 0xC4, 0x08,
    0xC4, 0x08, 0xC4, 0x08, 0xC4, 0x08, 0xC4, 0x08, 0xC4, 0x08, 0xC4, 0x08, 0xC4, 0x08, 0xC4, 0x08,
    0xC4, 0x08, 0xC4, 0x08, 0xC4, 0x08, 0xC4, 0x08, 0xC4, 0x08, 0xC4, 0x08, 0xC4, 0x08, 0xC4, 0x08,
    0xC4, 0x08, 0xC3, 0x08, 0xC3, 0x08, 0xC3, 0x08, 0xC3, 0x08, 0xC3, 0x08, 0xC3, 0x08, 0xC3, 0x08,
    0xC3, 0x08, 0xC3, 0x08, 0xC3, 0x08, 0xA3, 0x08, 0xA3, 0x08, 0xA3, 0x08, 0xA3, 0x08, 0xA3, 0x08,
    0xA3, 0x08, 0xA3, 0x08, 0xA3, 0x08, 0xA3, 0x08, 0xA3, 0x08, 0xA3, 0x08, 0xA3, 0x08, 0xA3, 0x08,
    0xA3, 0x08, 0xA3, 0x08, 0xA3, 0x08, 0xA3, 0x08, 0xA3, 0x08, 0xA3, 0x08, 0xA3, 0x08, 0xA3, 0x08,
    0xA3, 0x08, 0xA3, 0x08, 0x83, 0x08, 0x83, 0x08, 0x83, 0x08, 0x83, 0x08, 0x83, 0x08, 0x83, 0x08,
    0x83, 0x08, 0x83, 0x08, 0x83, 0x08, 0x83, 0x08, 0x83, 0x08, 0x83, 0x08, 0x83, 0x08, 0x83, 0x08,
    0x82, 0x08, 0x82, 0x08, 0x82, 0x08, 0x82, 0x08, 0x82, 0x08, 0x82, 0x08, 0x82, 0x08, 0x82, 0x08,
    0x82, 0x08, 0x82, 0x08, 0x82, 0x08, 0x82, 0x08, 0x82, 0x08, 0x62, 0x08, 0x62, 0x08, 0x62, 0x08,
    0x62, 0x08, 0x62, 0x08, 0x62, 0x08, 0x62, 0x08, 0x62, 0x08, 0x62, 0x08, 0x62, 0x08, 0x62, 0x08,
    0x62, 0x08, 0x62, 0x08, 0x62, 0x08, 0x62, 0x08, 0x62, 0x08, 0x62, 0x08, 0x62, 0x08, 0x62, 0x08,
    0x62, 0x08, 0x62, 0x08, 0x62, 0x08, 0x62, 0x08, 0x62, 0x08, 0x62, 0x08, 0x62, 0x08, 0x62, 0x08,
    0x62, 0x08, 0x62, 0x08, 0x62, 0x08, 0x62, 0x08, 0x62, 0x08, 0x62, 0x08, 0x62, 0x08, 0x62, 0x08,
    0x62, 0x08, 0x62, 0x08, 0x62, 0x08, 0x62, 0x08, 0x62, 0x08, 0x62, 0x08, 0x62, 0x08, 0x62, 0x08,
    0x62, 0x08, 0x62, 0x08, 0x62, 0x08, 0x62, 0x08, 0x62, 0x08, 0x62, 0x08, 0x62, 0x08, 0x62, 0x08,
    0x62, 0x08, 0x62, 0x08, 0x62, 0x08, 0x62, 0x08, 0x62, 0x08, 0x62, 0x08, 0x62, 0x08, 0x62, 0x08,
    0x62, 0x08, 0x62, 0x08, 0x62, 0x08, 0x62, 0x08, 0x62, 0x08, 0x62, 0x08, 0x62, 0x08, 0x62, 0x08,
    0x62, 0x08, 0x62, 0x08, 0x62, 0x08, 0x62, 0x08, 0x62, 0x08, 0x62, 0x08, 0x62, 0x08, 0x62, 0x08,
    0x62, 0x08, 0x62, 0x08, 0x62, 0x08, 0x62, 0x08, 0x62, 0x08, 0x62, 0x08, 0x62, 0x08, 0x62, 0x08,
    0x62, 0x08, 0x62, 0x08, 0x62, 0x08, 0x62, 0x08, 0x62, 0x08, 0x62, 0x08, 0x62, 0x08, 0x62, 0x08,
    0x62, 0x08, 0x62, 0x08, 0x62, 0x08, 0x62, 0x08, 0x62, 0x08, 0x62, 0x08, 0x62, 0x08, 0x62, 0x08,
    0x62, 0x08, 0x62, 0x08, 0x62, 0x08, 0x62, 0x08, 0x62, 0x08, 0x62, 0x08, 0x62, 0x08, 0x62, 0x08,
    0x62, 0x08, 0x62, 0x08, 0x62, 0x08, 0x62, 0x08, 0x62, 0x08, 0x62, 0x08, 0x62, 0x08, 0x62, 0x08,
    0x62, 0x08, 0x62, 0x08, 0x62, 0x08, 0x62, 0x08, 0x62, 0x08, 0x62, 0x08, 0x62, 0x08, 0x62, 0x08,
    0x62, 0x08, 0x62, 0x08, 0x62, 0x08, 0x62, 0x08, 0x62, 0x08, 0x62, 0x08, 0x62, 0x08, 0x62, 0x08,
    0x62, 0x08, 0x62, 0x08, 0x62, 0x08, 0x62, 0x08, 0x62, 0x08, 0x62, 0x08, 0x62, 0x08, 0x62, 0x08,
    0x62, 0x08, 0x62, 0x08, 0x62, 0x08, 0x62, 0x08, 0x62, 0x08, 0x62, 0x08, 0x62, 0x08, 0x62, 0x08,
    0x62, 0x08, 0x62, 0x08, 0x62, 0x08, 0x62, 0x08, 0x62, 0x08, 0x62, 0x08, 0x62, 0x08, 0x62, 0x08,
    0x62, 0x08, 0x62, 0x08, 0x62, 0x08, 0x62, 0x08, 0x82, 0x08, 0x82, 0x08, 0x82, 0x08, 0x82, 0x08,
    0x82, 0x08, 0x82, 0x08, 0x82, 0x08, 0x82, 0x08, 0x82, 0x08, 0x82, 0x08, 0x82, 0x08, 0x82, 0x08,
    0x82, 0x08, 0x82, 0x08, 0x83, 0x08, 0x83, 0x08, 0x83, 0x08, 0x83, 0x08, 0x83, 0x08, 0x83, 0x08,
    0x83, 0x08, 0x83, 0x08, 0x83, 0x08, 0x83, 0x08, 0x83, 0x08, 0x83, 0x08, 0x83, 0x08, 0xA3, 0x08,
    0xA3, 0x08, 0xA3, 0x08, 0xA3, 0x08, 0xA3, 0x08, 0xA3, 0x08, 0xA3, 0x08, 0xA3, 0x08, 0xA3, 0x08,
    0xA3, 0x08, 0xA3, 0x08, 0xA3, 0x08, 0xA3, 0x08, 0xA3, 0x08, 0xA3, 0x08, 0xA3, 0x08, 0xA3, 0x08,
    0xA3, 0x08, 0xA3, 0x08, 0xA3, 0x08, 0xA3, 0x08, 0xA3, 0x08, 0xA3, 0x08, 0xA3, 0x08, 0xA3, 0x08,
    0xC3, 0x08, 0xC3, 0x08, 0xC3, 0x08, 0xC3, 0x08, 0xC3, 0x08, 0xC3, 0x08, 0xC3, 0x08, 0xC3, 0x08,
    0xC3, 0x08, 0xC3, 0x08, 0xC4, 0x08, 0xC4, 0x08, 0xC4, 0x08, 0xC4, 0x08, 0xC4, 0x08, 0xC4, 0x08,
    0xC4, 0x08, 0xC4, 0x08, 0xC4, 0x08, 0xC4, 0x08, 0xC4, 0x08, 0xC4, 0x08, 0xC4, 0x08, 0xC4, 0x08,
    0xC4, 0x08, 0xC4, 0x08, 0xC4, 0x08, 0xC4, 0x08, 0xC4, 0x08, 0xC4, 0x08, 0xC4, 0x08, 0xC4, 0x08,
    0xC4, 0x08, 0xC4, 0x08, 0xC4, 0x08, 0xC4, 0x08, 0xC4, 0x08, 0xC4, 0x08, 0xC4, 0x08, 0xC4, 0x08,
    0xC4, 0x08, 0xC4, 0x08, 0xC4, 0x08, 0xC4, 0x08, 0xC4, 0x08, 0xC4, 0x08, 0xC4, 0x08, 0xC4, 0x08,
    0xC4, 0x08, 0xC4, 0x08, 0xC4, 0x08, 0xC4, 0x08, 0xC4, 0x08, 0xC4, 0x08, 0xC4, 0x08, 0xC4, 0x08,
    0xC4, 0x08, 0xC4, 0x08, 0xC4, 0x08, 0xC4, 0x08, 0xC4, 0x08, 0xC4, 0x08, 0xC4, 0x08, 0xC4, 0x08,
    0xC4, 0x08, 0xC4, 0x08, 0xC3, 0x08, 0xC3, 0x08, 0xC3, 0x08, 0xC3, 0x08, 0xC3, 0x08, 0xC3, 0x08,
    0xC3, 0x08, 0xC3, 0x08, 0xC3, 0x08, 0xC3, 0x08, 0xC3, 0x08, 0xA3, 0x08, 0xA3, 0x08, 0xA3, 0x08,
    0xA3, 0x08, 0xA3, 0x08, 0xA3, 0x08, 0xA3, 0x08, 0xA3, 0x08, 0xA3, 0x08, 0xA3, 0x08, 0xA3, 0x08,
    0xA3, 0x08, 0xA3, 0x08, 0xA3, 0x08, 0xA3, 0x08, 0xA3, 0x08, 0xA3, 0x08, 0xA3, 0x08, 0xA3, 0x08,
    0xA3, 0x08, 0xA3, 0x08, 0xA3, 0x08, 0xA3, 0x08, 0xA3, 0x08, 0x83, 0x08, 0x83, 0x08, 0x83, 0x08,
    0x83, 0x08, 0x83, 0x08, 0x83, 0x08, 0x83, 0x08, 0x83, 0x08, 0x83, 0x08, 0x83, 0x08, 0x83, 0x08,
    0x83, 0x08, 0x83, 0x08, 0x83, 0x08, 0x82, 0x08, 0x82, 0x08, 0x82, 0x08, 0x82, 0x08, 0x82, 0x08,
    0x82, 0x08, 0x82, 0x08, 0x82, 0x08, 0x82, 0x08, 0x82, 0x08, 0x82, 0x08, 0x82, 0x08, 0x82, 0x08,
    0x62, 0x08, 0x62, 0x08, 0x62, 0x08, 0x62, 0x08, 0x62, 0x08, 0x62, 0x08, 0x62, 0x08, 0x62, 0x08,
    0x62, 0x08, 0x62, 0x08, 0x62, 0x08, 0x62, 0x08, 0x62, 0x08, 0x62, 0x08, 0x62, 0x08, 0x62, 0x08,
    0x62, 0x08, 0x62, 0x08, 0x62, 0x08, 0x62, 0x08, 0x62, 0x08, 0x62, 0x08, 0x62, 0x08, 0x62, 0x08,
    0x62, 0x08, 0x62, 0x08, 0x62, 0x08, 0x62, 0x08, 0x62, 0x08, 0x62, 0x08, 0x62, 0x08, 0x62, 0x08,
    0x62, 0x08, 0x62, 0x08, 0x62, 0x08, 0x62, 0x08, 0x62, 0x08, 0x62, 0x08, 0x62, 0x08, 0x62, 0x08,
    0x62, 0x08, 0x62, 0x08, 0x62, 0x08, 0x62, 0x08, 0x62, 0x08, 0x62, 0x08, 0x62, 0x08, 0x62, 0x08,
    0x62, 0x08, 0x62, 0x08, 0x62, 0x08, 0x62, 0x08, 0x62, 0x08, 0x62, 0x08, 0x62, 0x08, 0x62, 0x08,
    0x62, 0x08, 0x62, 0x08, 0x62, 0x08, 0x62, 0x08, 0x62, 0x08, 0x62, 0x08, 0x62, 0x08, 0x62, 0x08,
    0x62, 0x08, 0x62, 0x08, 0x62, 0x08, 0x62, 0x08, 0x62, 0x08, 0x62, 0x08, 0x62, 0x08, 0x62, 0x08,
    0x62, 0x08, 0x62, 0x08, 0x62, 0x08, 0x62, 0x08, 0x62, 0x08, 0x62, 0x08, 0x62, 0x08, 0x62, 0x08,
    0x62, 0x08, 0x62, 0x08, 0x62, 0x08, 0x62, 0x08, 0x62, 0x08, 0x62, 0x08, 0x62, 0x08, 0x62, 0x08,
    0x62, 0x08, 0x62, 0x08, 0x62, 0x08, 0x62, 0x08, 0x62, 0x08, 0x62, 0x08, 0x62, 0x08, 0x62, 0x08,
    0x62, 0x08, 0x62, 0x08, 0x62, 0x08, 0x62, 0x08, 0x62, 0x08, 0x62, 0x08, 0x62, 0x08, 0x62, 0x08,
    0x62, 0x08, 0x62, 0x08, 0x62, 0x08, 0x62, 0x08, 0x62, 0x08, 0x62, 0x08, 0x62, 0x08, 0x62, 0x08,
    0x62, 0x08, 0x62, 0x08, 0x62, 0x08, 0x62, 0x08, 0x62, 0x08, 0x62, 0x08, 0x62, 0x08, 0x62, 0x08,
    0x62, 0x08, 0x62, 0x08, 0x62, 0x08, 0x62, 0x08, 0x62, 0x08, 0x62, 0x08, 0x62, 0x08, 0x62, 0x08,
    0x62, 0x08, 0x62, 0x08, 0x62, 0x08, 0x62, 0x08, 0x62, 0x08, 0x62, 0x08, 0x62, 0x08, 0x62, 0x08,
    0x62, 0x08, 0x62, 0x08, 0x62, 0x08, 0x62, 0x08, 0x62, 0x08, 0x62, 0x08, 0x62, 0x08, 0x62, 0x08,
    0x62, 0x08, 0x62, 0x08, 0x62, 0x08, 0x62, 0x08, 0x62, 0x08, 0x62, 0x08, 0x62, 0x08, 0x62, 0x08,
    0x62, 0x08, 0x62, 0x08, 0x62, 0x08, 0x62, 0x08, 0x62, 0x08, 0x62, 0x08, 0x62, 0x08, 0x62, 0x08,
    0x62, 0x08, 0x62, 0x08, 0x82, 0x08, 0x82, 0x08, 0x82, 0x08, 0x82, 0x08, 0x82, 0x08, 0x82, 0x08,
    0x82, 0x08, 0x82, 0x08, 0x82, 0x08, 0x82, 0x08, 0x82, 0x08, 0x82, 0x08, 0x82, 0x08, 0x83, 0x08,
    0x83, 0x08, 0x83, 0x08, 0x83, 0x08, 0x83, 0x08, 0x83, 0x08, 0x83, 0x08, 0x83, 0x08, 0x83, 0x08,
    0x83, 0x08, 0x83, 0x08, 0x83, 0x08, 0x83, 0x08, 0x83, 0x08, 0xA3, 0x08, 0xA3, 0x08, 0xA3, 0x08,
    0xA3, 0x08, 0xA3, 0x08, 0xA3, 0x08, 0xA3, 0x08, 0xA3, 0x08, 0xA3, 0x08, 0xA3, 0x08, 0xA3, 0x08,
    0xA3, 0x08, 0xA3, 0x08, 0xA3, 0x08, 0xA3, 0x08, 0xA3, 0x08, 0xA3, 0x08, 0xA3, 0x08, 0xA3, 0x08,
    0xA3, 0x08, 0xA3, 0x08, 0xA3, 0x08, 0xA3, 0x08, 0xA3, 0x08, 0xA3, 0x08, 0xC3, 0x08, 0xC3, 0x08,
    0xC3, 0x08, 0xC3, 0x08, 0xC3, 0x08, 0xC3, 0x08, 0xC3, 0x08, 0xC3, 0x08, 0xC3, 0x08, 0xC3, 0x08,
    0xC3, 0x08, 0xC4, 0x08, 0xC4, 0x08, 0xC4, 0x08, 0xC4, 0x08, 0xC4, 0x08, 0xC4, 0x08, 0xC4, 0x08,
    0xC4, 0x08, 0xC4, 0x08, 0xC4, 0x08, 0xC4, 0x08, 0xC4, 0x08, 0xC4, 0x08, 0xC4, 0x08, 0xC4, 0x08,
    0xC4, 0x08, 0xC4, 0x08, 0xC4, 0x08, 0xC4, 0x08, 0xC4, 0x08, 0xC4, 0x08, 0xC4, 0x08, 0xC4, 0x08,
    0xC4, 0x08, 0xC4, 0x08, 0xC4, 0x08, 0xC4, 0x08, 0xC4, 0x08, 0xC4, 0x08, 0xC4, 0x08, 0xC4, 0x08,
    0xC4, 0x08, 0xC4, 0x08, 0xC4, 0x08, 0xC4, 0x08, 0xC4, 0x08, 0xC4, 0x08, 0xC4, 0x08, 0xC4, 0x08,
    0xC4, 0x08, 0xC4, 0x08, 0xC4, 0x08, 0xC4, 0x08, 0xC4, 0x08, 0xC4, 0x08, 0xC4, 0x08, 0xC4, 0x08,
    0xC4, 0x08, 0xC4, 0x08, 0xC4, 0x08, 0xC3, 0x08, 0xC3, 0x08, 0xC3, 0x08, 0xC3, 0x08, 0xC3, 0x08,
    0xC3, 0x08, 0xC3, 0x08, 0xC3, 0x08, 0xC3, 0x08, 0xC3, 0x08, 0xC3, 0x08, 0xA3, 0x08, 0xA3, 0x08,
    0xA3, 0x08, 0xA3, 0x08, 0xA3, 0x08, 0xA3, 0x08, 0xA3, 0x08, 0xA3, 0x08, 0xA3, 0x08, 0xA3, 0x08,
    0xA3, 0x08, 0xA3, 0x08, 0xA3, 0x08, 0xA3, 0x08, 0xA3, 0x08, 0xA3, 0x08, 0xA3, 0x08, 0xA3, 0x08,
    0xA3, 0x08, 0xA3, 0x08, 0xA3, 0x08, 0xA3, 0x08, 0xA3, 0x08, 0xA3, 0x08, 0xA3, 0x08, 0xA3, 0x08,
    0x83, 0x08, 0x83, 0x08, 0x83, 0x08, 0x83, 0x08, 0x83, 0x08, 0x83, 0x08, 0x83, 0x08, 0x83, 0x08,
    0x83, 0x08, 0x83, 0x08, 0x83, 0x08, 0x83, 0x08, 0x83, 0x08, 0x82, 0x08, 0x82, 0x08, 0x82, 0x08,
    0x82, 0x08, 0x82, 0x08, 0x82, 0x08, 0x82, 0x08, 0x82, 0x08, 0x82, 0x08, 0x82, 0x08, 0x82, 0x08,
    0x82, 0x08, 0x82, 0x08, 0x82, 0x08, 0x62, 0x08, 0x62, 0x08, 0x62, 0x08, 0x62, 0x08, 0x62, 0x08,
    0x62, 0x08, 0x62, 0x08, 0x62, 0x08, 0x62, 0x08, 0x62, 0x08, 0x62, 0x08, 0x62, 0x08, 0x62, 0x08,
    0x62, 0x08, 0x62, 0x08, 0x62, 0x08, 0x62, 0x08, 0x62, 0x08, 0x62, 0x08, 0x62, 0x08, 0x62, 0x08,
    0x62, 0x08, 0x62, 0x08, 0x62, 0x08, 0x62, 0x08, 0x62, 0x08, 0x62, 0x08, 0x62, 0x08, 0x62, 0x08,
    0x62, 0x08, 0x62, 0x08, 0x62, 0x08, 0x62, 0x08, 0x62, 0x08, 0x62, 0x08, 0x62, 0x08, 0x62, 0x08,
    0x62, 0x08, 0x62, 0x08, 0x62, 0x08, 0x62, 0x08, 0x62, 0x08, 0x62, 0x08, 0x62, 0x08, 0x62, 0x08,
    0x62, 0x08, 0x62, 0x08, 0x62, 0x08, 0x62, 0x08, 0x62, 0x08, 0x62, 0x08, 0x62, 0x08, 0x62, 0x08,
    0x62, 0x08, 0x62, 0x08, 0x62, 0x08, 0x62, 0x08, 0x62, 0x08, 0x62, 0x08, 0x62, 0x08, 0x62, 0x08,
    0x62, 0x08, 0x62, 0x08, 0x62, 0x08, 0x62, 0x08, 0x62, 0x08, 0x62, 0x08, 0x62, 0x08, 0x62, 0x08,
    0x62, 0x08, 0x62, 0x08, 0x62, 0x08, 0x62, 0x08, 0x62, 0x08, 0x62, 0x08, 0x62, 0x08, 0x62, 0x08,
    0x62, 0x08, 0x62, 0x08, 0x62, 0x08, 0x62, 0x08, 0x62, 0x08, 0x62, 0x08, 0x62, 0x08, 0x62, 0x08,
    0x62, 0x08, 0x62, 0x08, 0x62, 0x08, 0x62, 0x08, 0x62, 0x08, 0x62, 0x08, 0x62, 0x08, 0x62, 0x08,
    0x62, 0x08, 0x62, 0x08, 0x62, 0x08, 0x62, 0x08, 0x62, 0x08, 0x62, 0x08, 0x62, 0x08, 0x62, 0x08,
    0x62, 0x08, 0x62, 0x08, 0x62, 0x08, 0x62, 0x08, 0x62, 0x08, 0x62, 0x08, 0x62, 0x08, 0x62, 0x08,
    0x62, 0x08, 0x62, 0x08, 0x62, 0x08, 0x62, 0x08, 0x62, 0x08, 0x62, 0x08, 0x62, 0x08, 0x62, 0x08,
    0x62, 0x08, 0x62, 0x08, 0x62, 0x08, 0x62, 0x08, 0x62, 0x08, 0x62, 0x08, 0x62, 0x08, 0x62, 0x08,
    0x62, 0x08, 0x62, 0x08, 0x62, 0x08, 0x62, 0x08, 0x62, 0x08, 0x62, 0x08, 0x62, 0x08, 0x62, 0x08,
    0x62, 0x08, 0x62, 0x08, 0x62, 0x08, 0x62, 0x08, 0x62, 0x08, 0x62, 0x08, 0x62, 0x08, 0x62, 0x08,
    0x62, 0x08, 0x62, 0x08, 0x62, 0x08, 0x62, 0x08, 0x62, 0x08, 0x62, 0x08, 0x62, 0x08, 0x62, 0x08,
    0x62, 0x08, 0x62, 0x08, 0x62, 0x08, 0x62, 0x08, 0x62, 0x08, 0x62, 0x08, 0x62, 0x08, 0x62, 0x08,
    0x62, 0x08, 0x62, 0x08, 0x62, 0x08, 0x62, 0x08, 0x62, 0x08, 0x62, 0x08, 0x62, 0x08, 0x82, 0x08,
    0x82, 0x08, 0x82, 0x08, 0x82, 0x08, 0x82, 0x08, 0x82, 0x08, 0x82, 0x08, 0x82, 0x08, 0x82, 0x08,
    0x82, 0x08, 0x82, 0x08, 0x82, 0x08, 0x82, 0x08, 0x83, 0x08, 0x83, 0x08, 0x83, 0x08, 0x83, 0x08,
    0x83, 0x08, 0x83, 0x08, 0x83, 0x08, 0x83, 0x08, 0x83, 0x08, 0x83, 0x08, 0x83, 0x08, 0x83, 0x08,
    0x83, 0x08, 0x83, 0x08, 0xA3, 0x08, 0xA3, 0x08, 0xA3, 0x08, 0xA3, 0x08, 0xA3, 0x08, 0xA3, 0x08,
    0xA3, 0x08, 0xA3, 0x08, 0xA3, 0x08, 0xA3, 0x08, 0xA3, 0x08, 0xA3, 0x08, 0xA3, 0x08, 0xA3, 0x08,
    0xA3, 0x08, 0xA3, 0x08, 0xA3, 0x08, 0xA3, 0x08, 0xA3, 0x08, 0xA3, 0x08, 0xA3, 0x08, 0xA3, 0x08,
    0xA3, 0x08, 0xA3, 0x08, 0xA3, 0x08, 0xA3, 0x08, 0xC3, 0x08, 0xC3, 0x08, 0xC3, 0x08, 0xC3, 0x08,
    0xC3, 0x08, 0xC3, 0x08, 0xC3, 0x08, 0xC3, 0x08, 0xC3, 0x08, 0xC3, 0x08, 0xC3, 0x08, 0xC3, 0x08,
    0xC3, 0x08, 0xC4, 0x08, 0xC4, 0x08, 0xC4, 0x08, 0xC4, 0x08, 0xC4, 0x08, 0xC4, 0x08, 0xC4, 0x08,
    0xC4, 0x08, 0xC4, 0x08, 0xC4, 0x08, 0xC4, 0x08, 0xC4, 0x08, 0xC4, 0x08, 0xC4, 0x08, 0xC4, 0x08,
    0xC4, 0x08, 0xC4, 0x08, 0xC4, 0x08, 0xC4, 0x08, 0xC4, 0x08, 0xC4, 0x08, 0xC4, 0x08, 0xC4, 0x08,
    0xC4, 0x08, 0xC4, 0x08, 0xC4, 0x08, 0xC4, 0x08, 0xC4, 0x08, 0xC4, 0x08, 0xC4, 0x08, 0xC4, 0x08,
    0xC4, 0x08, 0xC4, 0x08, 0xC4, 0x08, 0xC4, 0x08, 0xC4, 0x08, 0xC4, 0x08, 0xC4, 0x08, 0xC4, 0x08,
    0xC4, 0x08, 0xC4, 0x08, 0xC4, 0x08, 0xC3, 0x08, 0xC3, 0x08, 0xC3, 0x08, 0xC3, 0x08, 0xC3, 0x08,
    0xC3, 0x08, 0xC3, 0x08, 0xC3, 0x08, 0xC3, 0x08, 0xC3, 0x08, 0xC3, 0x08, 0xC3, 0x08, 0xC3, 0x08,
    0xA3, 0x08, 0xA3, 0x08, 0xA3, 0x08, 0xA3, 0x08, 0xA3, 0x08, 0xA3, 0x08, 0xA3, 0x08, 0xA3, 0x08,
    0xA3, 0x08, 0xA3, 0x08, 0xA3, 0x08, 0xA3, 0x08, 0xA3, 0x08, 0xA3, 0x08, 0xA3, 0x08, 0xA3, 0x08,
    0xA3, 0x08, 0xA3, 0x08, 0xA3, 0x08, 0xA3, 0x08, 0xA3, 0x08, 0xA3, 0x08, 0xA3, 0x08, 0xA3, 0x08,
    0xA3, 0x08, 0xA3, 0x08, 0x83, 0x08, 0x83, 0x08, 0x83, 0x08, 0x83, 0x08, 0x83, 0x08, 0x83, 0x08,
    0x83, 0x08, 0x83, 0x08, 0x83, 0x08, 0x83, 0x08, 0x83, 0x08, 0x83, 0x08, 0x83, 0x08, 0x83, 0x08,
    0x82, 0x08, 0x82, 0x08, 0x82, 0x08, 0x82, 0x08, 0x82, 0x08, 0x82, 0x08, 0x82, 0x08, 0x82, 0x08,
    0x82, 0x08, 0x82, 0x08, 0x82, 0x08, 0x82, 0x08, 0x82, 0x08, 0x82, 0x08, 0x62, 0x08, 0x62, 0x08,
    0x62, 0x08, 0x62, 0x08, 0x62, 0x08, 0x62, 0x08, 0x62, 0x08, 0x62, 0x08, 0x62, 0x08, 0x62, 0x08,
    0x62, 0x08, 0x62, 0x08, 0x62, 0x08, 0x62, 0x08, 0x62, 0x08, 0x62, 0x08, 0x62, 0x08, 0x62, 0x08,
    0x62, 0x08, 0x62, 0x08, 0x62, 0x08, 0x62, 0x08, 0x62, 0x08, 0x62, 0x08, 0x62, 0x08, 0x62, 0x08,
    0x62, 0x08, 0x62, 0x08, 0x62, 0x08, 0x62, 0x08, 0x62, 0x08, 0x62, 0x08, 0x62, 0x08, 0x62, 0x08,
    0x62, 0x08, 0x62, 0x08, 0x62, 0x08, 0x62, 0x08, 0x62, 0x08, 0x62, 0x08, 0x62, 0x08, 0x62, 0x08,
    0x62, 0x08, 0x62, 0x08, 0x62, 0x08, 0x62, 0x08, 0x62, 0x08, 0x62, 0x08, 0x62, 0x08, 0x62, 0x08,
    0x62, 0x08, 0x62, 0x08, 0x62, 0x08, 0x62, 0x08, 0x62, 0x08, 0x62, 0x08, 0x62, 0x08, 0x62, 0x08,
    0x62, 0x08, 0x62, 0x08, 0x62, 0x08, 0x62, 0x08, 0x62, 0x08, 0x62, 0x08, 0x62, 0x08, 0x62, 0x08,
    0x62, 0x08, 0x62, 0x08, 0x62, 0x08, 0x62, 0x08, 0x62, 0x08, 0x62, 0x08, 0x62, 0x08, 0x62, 0x08,
    0x62, 0x08, 0x62, 0x08, 0x62, 0x08, 0x62, 0x08, 0x62, 0x08, 0x62, 0x08, 0x62, 0x08, 0x62, 0x08,
    0x62, 0x08, 0x62, 0x08, 0x62, 0x08, 0x62, 0x08, 0x62, 0x08, 0x62, 0x08, 0x62, 0x08, 0x62, 0x08,
    0x62, 0x08, 0x62, 0x08, 0x62, 0x08, 0x62, 0x08, 0x62, 0x08, 0x62, 0x08, 0x62, 0x08, 0x62, 0x08,
    0x62, 0x08, 0x62, 0x08, 0x62, 0x08, 0x62, 0x08, 0x62, 0x08, 0x62, 0x08, 0x62, 0x08, 0x62, 0x08,
    0x62, 0x08, 0x62, 0x08, 0x62, 0x08, 0x62, 0x08, 0x62, 0x08, 0x62, 0x08, 0x62, 0x08, 0x62, 0x08,
    0x62, 0x08, 0x62, 0x08, 0x62, 0x08, 0x62, 0x08, 0x62, 0x08, 0x62, 0x08, 0x62, 0x08, 0x62, 0x08,
    0x62, 0x08, 0x62, 0x08, 0x62, 0x08, 0x62, 0x08, 0x62, 0x08, 0x62, 0x08, 0x62, 0x08, 0x62, 0x08,
    0x62, 0x08, 0x62, 0x08, 0x62, 0x08, 0x62, 0x08, 0x62, 0x08, 0x62, 0x08, 0x62, 0x08, 0x62, 0x08,
    0x62, 0x08, 0x62, 0x08, 0x62, 0x08, 0x62, 0x08, 0x62, 0x08, 0x62, 0x08, 0x62, 0x08, 0x62, 0x08,
    0x62, 0x08, 0x62, 0x08, 0x62, 0x08, 0x62, 0x08, 0x62, 0x08, 0x62, 0x08, 0x62, 0x08, 0x62, 0x08,
    0x62, 0x08, 0x62, 0x08, 0x62, 0x08, 0x62, 0x08, 0x62, 0x08, 0x62, 0x08, 0x62, 0x08, 0x62, 0x08,
    0x62, 0x08, 0x62, 0x08, 0x62, 0x08, 0x62, 0x08, 0x82, 0x08, 0x82, 0x08, 0x82, 0x08, 0x82, 0x08,
    0x82, 0x08, 0x82, 0x08, 0x82, 0x08, 0x82, 0x08, 0x82, 0x08, 0x82, 0x08, 0x82, 0x08, 0x82, 0x08,
    0x82, 0x08, 0x83, 0x08, 0x83, 0x08, 0x83, 0x08, 0x83, 0x08, 0x83, 0x08, 0x83, 0x08, 0x83, 0x08,
    0x83, 0x08, 0x83, 0x08, 0x83, 0x08, 0x83, 0x08, 0x83, 0x08, 0x83, 0x08, 0x83, 0x08, 0x83, 0x08,
    0xA3, 0x08, 0xA3, 0x08, 0xA3, 0x08, 0xA3, 0x08, 0xA3, 0x08, 0xA3, 0x08, 0xA3, 0x08, 0xA3, 0x08,
    0xA3, 0x08, 0xA3, 0x08, 0xA3, 0x08, 0xA3, 0x08, 0xA3, 0x08, 0xA3, 0x08, 0xA3, 0x08, 0xA3, 0x08,
    0xA3, 0x08, 0xA3, 0x08, 0xA3, 0x08, 0xA3, 0x08, 0xA3, 0x08, 0xA3, 0x08, 0xA3, 0x08, 0xA3, 0x08,
    0xA3, 0x08, 0xA3, 0x08, 0xA3, 0x08, 0xC3, 0x08, 0xC3, 0x08, 0xC3, 0x08, 0xC3, 0x08, 0xC3, 0x08,
    0xC3, 0x08, 0xC3, 0x08, 0xC3, 0x08, 0xC3, 0x08, 0xC3, 0x08, 0xC3, 0x08, 0xC3, 0x08, 0xC3, 0x08,
    0xC3, 0x08, 0xC3, 0x08, 0xC3, 0x08, 0xC4, 0x08, 0xC4, 0x08, 0xC4, 0x08, 0xC4, 0x08, 0xC4, 0x08,
    0xC4, 0x08, 0xC4, 0x08, 0xC4, 0x08, 0xC4, 0x08, 0xC4, 0x08, 0xC4, 0x08, 0xC4, 0x08, 0xC4, 0x08,
    0xC4, 0x08, 0xC4, 0x08, 0xC4, 0x08, 0xC4, 0x08, 0xC4, 0x08, 0xC4, 0x08, 0xC4, 0x08, 0xC4, 0x08,
    0xC4, 0x08, 0xC4, 0x08, 0xC4, 0x08, 0xC4, 0x08, 0xC4, 0x08, 0xC4, 0x08, 0xC4, 0x08, 0xC4, 0x08,
    0xC4, 0x08, 0xC4, 0x08, 0xC3, 0x08, 0xC3, 0x08, 0xC3, 0x08, 0xC3, 0x08, 0xC3, 0x08, 0xC3, 0x08,
    0xC3, 0x08, 0xC3, 0x08, 0xC3, 0x08, 0xC3, 0x08, 0xC3, 0x08, 0xC3, 0x08, 0xC3, 0x08, 0xC3, 0x08,
    0xC3, 0x08, 0xA3, 0x08, 0xA3, 0x08, 0xA3, 0x08, 0xA3, 0x08, 0xA3, 0x08, 0xA3, 0x08, 0xA3, 0x08,
    0xA3, 0x08, 0xA3, 0x08, 0xA3, 0x08, 0xA3, 0x08, 0xA3, 0x08, 0xA3, 0x08, 0xA3, 0x08, 0xA3, 0x08,
    0xA3, 0x08, 0xA3, 0x08, 0xA3, 0x08, 0xA3, 0x08, 0xA3, 0x08, 0xA3, 0x08, 0xA3, 0x08, 0xA3, 0x08,
    0xA3, 0x08, 0xA3, 0x08, 0xA3, 0x08, 0xA3, 0x08, 0xA3, 0x08, 0x83, 0x08, 0x83, 0x08, 0x83, 0x08,
    0x83, 0x08, 0x83, 0x08, 0x83, 0x08, 0x83, 0x08, 0x83, 0x08, 0x83, 0x08, 0x83, 0x08, 0x83, 0x08,
    0x83, 0x08, 0x83, 0x08, 0x83, 0x08, 0x82, 0x08, 0x82, 0x08, 0x82, 0x08, 0x82, 0x08, 0x82, 0x08,
    0x82, 0x08, 0x82, 0x08, 0x82, 0x08, 0x82, 0x08, 0x82, 0x08, 0x82, 0x08, 0x82, 0x08, 0x82, 0x08,
    0x82, 0x08, 0x62, 0x08, 0x62, 0x08, 0x62, 0x08, 0x62, 0x08, 0x62, 0x08, 0x62, 0x08, 0x62, 0x08,
    0x62, 0x08, 0x62, 0x08, 0x62, 0x08, 0x62, 0x08, 0x62, 0x08, 0x62, 0x08, 0x62, 0x08, 0x62, 0x08,
    0x62, 0x08, 0x62, 0x08, 0x62, 0x08, 0x62, 0x08, 0x62, 0x08, 0x62, 0x08, 0x62, 0x08, 0x62, 0x08,
    0x62, 0x08, 0x62, 0x08, 0x62, 0x08, 0x62, 0x08, 0x62, 0x08, 0x62, 0x08, 0x62, 0x08, 0x62, 0x08,
    0x62, 0x08, 0x62, 0x08, 0x62, 0x08, 0x62, 0x08, 0x62, 0x08, 0x62, 0x08, 0x62, 0x08, 0x62, 0x08,
    0x62, 0x08, 0x62, 0x08, 0x62, 0x08, 0x62, 0x08, 0x62, 0x08, 0x62, 0x08, 0x62, 0x08, 0x62, 0x08,
    0x62, 0x08, 0x62, 0x08, 0x62, 0x08, 0x62, 0x08, 0x62, 0x08, 0x62, 0x08, 0x62, 0x08, 0x62, 0x08,
    0x62, 0x08, 0x62, 0x08, 0x62, 0x08, 0x62, 0x08, 0x62, 0x08, 0x62, 0x08, 0x62, 0x08, 0x62, 0x08,
    0x62, 0x08, 0x62, 0x08, 0x62, 0x08, 0x62, 0x08, 0x62, 0x08, 0x62, 0x08, 0x62, 0x08, 0x62, 0x08,
    0x62, 0x08, 0x62, 0x08, 0x62, 0x08, 0x62, 0x08, 0x62, 0x08, 0x62, 0x08, 0x62, 0x08, 0x62, 0x08,
    0x62, 0x08, 0x62, 0x08, 0x62, 0x08, 0x62, 0x08, 0x62, 0x08, 0x62, 0x08, 0x62, 0x08, 0x62, 0x08,
    0x62, 0x08, 0x62, 0x08, 0x62, 0x08, 0x62, 0x08, 0x62, 0x08, 0x62, 0x08, 0x62, 0x08, 0x62, 0x08,
    0x62, 0x08, 0x62, 0x08, 0x62, 0x08, 0x62, 0x08, 0x62, 0x08, 0x62, 0x08, 0x62, 0x08, 0x62, 0x08,
    0x62, 0x08, 0x62, 0x08, 0x62, 0x08, 0x62, 0x08, 0x62, 0x08, 0x62, 0x08, 0x62, 0x08, 0x62, 0x08,
    0x62, 0x08, 0x62, 0x08, 0x62, 0x08, 0x62, 0x08, 0x62, 0x08, 0x62, 0x08, 0x62, 0x08, 0x62, 0x08,
    0x62, 0x08, 0x62, 0x08, 0x62, 0x08, 0x62, 0x08, 0x62, 0x08, 0x62, 0x08, 0x62, 0x08, 0x62, 0x08,
    0x62, 0x08, 0x62, 0x08, 0x62, 0x08, 0x62, 0x08, 0x62, 0x08, 0x62, 0x08, 0x62, 0x08, 0x62, 0x08,
    0x62, 0x08, 0x62, 0x08, 0x62, 0x08, 0x62, 0x08, 0x62, 0x08, 0x62, 0x08, 0x62, 0x08, 0x62, 0x08,
    0x62, 0x08, 0x62, 0x08, 0x62, 0x08, 0x62, 0x08, 0x62, 0x08, 0x62, 0x08, 0x62, 0x08, 0x62, 0x08,
    0x62, 0x08, 0x62, 0x08, 0x62, 0x08, 0x62, 0x08, 0x62, 0x08, 0x62, 0x08, 0x62, 0x08, 0x62, 0x08,
    0x62, 0x08, 0x62, 0x08, 0x62, 0x08, 0x62, 0x08, 0x62, 0x08, 0x62, 0x08, 0x62, 0x08, 0x62, 0x08,
    0x62, 0x08, 0x82, 0x08, 0x82, 0x08, 0x82, 0x08, 0x82, 0x08, 0x82, 0x08, 0x82, 0x08, 0x82, 0x08,
    0x82, 0x08, 0x82, 0x08, 0x82, 0x08, 0x82, 0x08, 0x82, 0x08, 0x82, 0x08, 0x82, 0x08, 0x83, 0x08,
    0x83, 0x08, 0x83, 0x08, 0x83, 0x08, 0x83, 0x08, 0x83, 0x08, 0x83, 0x08, 0x83, 0x08, 0x83, 0x08,
    0x83, 0x08, 0x83, 0x08, 0x83, 0x08, 0x83, 0x08, 0x83, 0x08, 0xA3, 0x08, 0xA3, 0x08, 0xA3, 0x08,
    0xA3, 0x08, 0xA3, 0x08, 0xA3, 0x08, 0xA3, 0x08, 0xA3, 0x08, 0xA3, 0x08, 0xA3, 0x08, 0xA3, 0x08,
    0xA3, 0x08, 0xA3, 0x08, 0xA3, 0x08, 0xA3, 0x08, 0xA3, 0x08, 0xA3, 0x08, 0xA3, 0x08, 0xA3, 0x08,
    0xA3, 0x08, 0xA3, 0x08, 0xA3, 0x08, 0xA3, 0x08, 0xA3, 0x08, 0xA3, 0x08, 0xA3, 0x08, 0xA3, 0x08,
    0xA3, 0x08, 0xA3, 0x08, 0xC3, 0x08, 0xC3, 0x08, 0xC3, 0x08, 0xC3, 0x08, 0xC3, 0x08, 0xC3, 0x08,
    0xC3, 0x08, 0xC3, 0x08, 0xC3, 0x08, 0xC3, 0x08, 0xC3, 0x08, 0xC3, 0x08, 0xC3, 0x08, 0xC3, 0x08,
    0xC3, 0x08, 0xC3, 0x08, 0xC3, 0x08, 0xC3, 0x08, 0xC3, 0x08, 0xC3, 0x08, 0xC3, 0x08, 0xC4, 0x08,
    0xC4, 0x08, 0xC4, 0x08, 0xC4, 0x08, 0xC4, 0x08, 0xC4, 0x08, 0xC4, 0x08, 0xC4, 0x08, 0xC4, 0x08,
    0xC4, 0x08, 0xC4, 0x08, 0xC4, 0x08, 0xC4, 0x08, 0xC4, 0x08, 0xC3, 0x08, 0xC3, 0x08, 0xC3, 0x08,
    0xC3, 0x08, 0xC3, 0x08, 0xC3, 0x08, 0xC3, 0x08, 0xC3, 0x08, 0xC3, 0x08, 0xC3, 0x08, 0xC3, 0x08,
    0xC3, 0x08, 0xC3, 0x08, 0xC3, 0x08, 0xC3, 0x08, 0xC3, 0x08, 0xC3, 0x08, 0xC3, 0x08, 0xC3, 0x08,
    0xC3, 0x08, 0xC3, 0x08, 0xA3, 0x08, 0xA3, 0x08, 0xA3, 0x08, 0xA3, 0x08, 0xA3, 0x08, 0xA3, 0x08,
    0xA3, 0x08, 0xA3, 0x08, 0xA3, 0x08, 0xA3, 0x08, 0xA3, 0x08, 0xA3, 0x08, 0xA3, 0x08, 0xA3, 0x08,
    0xA3, 0x08, 0xA3, 0x08, 0xA3, 0x08, 0xA3, 0x08, 0xA3, 0x08, 0xA3, 0x08, 0xA3, 0x08, 0xA3, 0x08,
    0xA3, 0x08, 0xA3, 0x08, 0xA3, 0x08, 0xA3, 0x08, 0xA3, 0x08, 0xA3, 0x08, 0xA3, 0x08, 0x83, 0x08,
    0x83, 0x08, 0x83, 0x08, 0x83, 0x08, 0x83, 0x08, 0x83, 0x08, 0x83, 0x08, 0x83, 0x08, 0x83, 0x08,
    0x83, 0x08, 0x83, 0x08, 0x83, 0x08, 0x83, 0x08, 0x83, 0x08, 0x83, 0x08, 0x82, 0x08, 0x82, 0x08,
    0x82, 0x08, 0x82, 0x08, 0x82, 0x08, 0x82, 0x08, 0x82, 0x08, 0x82, 0x08, 0x82, 0x08, 0x82, 0x08,
    0x82, 0x08, 0x82, 0x08, 0x82, 0x08, 0x82, 0x08, 0x62, 0x08, 0x62, 0x08, 0x62, 0x08, 0x62, 0x08,
    0x62, 0x08, 0x62, 0x08, 0x62, 0x08, 0x62, 0x08, 0x62, 0x08, 0x62, 0x08, 0x62, 0x08, 0x62, 0x08,
    0x62, 0x08, 0x62, 0x08, 0x62, 0x08, 0x62, 0x08, 0x62, 0x08, 0x62, 0x08, 0x62, 0x08, 0x62, 0x08,
    0x62, 0x08, 0x62, 0x08, 0x62, 0x08, 0x62, 0x08, 0x62, 0x08, 0x62, 0x08, 0x62, 0x08, 0x62, 0x08,
    0x62, 0x08, 0x62, 0x08, 0x62, 0x08, 0x62, 0x08, 0x62, 0x08, 0x62, 0x08, 0x62, 0x08, 0x62, 0x08,
    0x62, 0x08, 0x62, 0x08, 0x62, 0x08, 0x62, 0x08, 0x62, 0x08, 0x62, 0x08, 0x62, 0x08, 0x62, 0x08,
    0x62, 0x08, 0x62, 0x08, 0x62, 0x08, 0x62, 0x08, 0x62, 0x08, 0x62, 0x08, 0x62, 0x08, 0x62, 0x08,
    0x62, 0x08, 0x62, 0x08, 0x62, 0x08, 0x62, 0x08, 0x62, 0x08, 0x62, 0x08, 0x62, 0x08, 0x62, 0x08,
    0x62, 0x08, 0x62, 0x08, 0x62, 0x08, 0x62, 0x08, 0x62, 0x08, 0x62, 0x08, 0x62, 0x08, 0x62, 0x08,
    0x62, 0x08, 0x62, 0x08, 0x62, 0x08, 0x62, 0x08, 0x62, 0x08, 0x62, 0x08, 0x62, 0x08, 0x62, 0x08,
    0x62, 0x08, 0x62, 0x08, 0x62, 0x08, 0x62, 0x08, 0x62, 0x08, 0x62, 0x08, 0x62, 0x08, 0x62, 0x08,
    0x62, 0x08, 0x62, 0x08, 0x62, 0x08, 0x62, 0x08, 0x62, 0x08, 0x62, 0x08, 0x62, 0x08, 0x62, 0x08,
    0x62, 0x08, 0x62, 0x08, 0x62, 0x08, 0x62, 0x08, 0x62, 0x08, 0x62, 0x08, 0x62, 0x08, 0x62, 0x08,
    0x62, 0x08, 0x62, 0x08, 0x62, 0x08, 0x62, 0x08, 0x62, 0x08, 0x62, 0x08, 0x62, 0x08, 0x62, 0x08,
    0x62, 0x08, 0x62, 0x08, 0x62, 0x08, 0x62, 0x08, 0x62, 0x08, 0x62, 0x08, 0x62, 0x08, 0x62, 0x08,
    0x62, 0x08, 0x62, 0x08, 0x62, 0x08, 0x62, 0x08, 0x62, 0x08, 0x62, 0x08, 0x62, 0x08, 0x62, 0x08,
    0x62, 0x08, 0x62, 0x08, 0x62, 0x08, 0x62, 0x08, 0x62, 0x08, 0x62, 0x08, 0x62, 0x08, 0x62, 0x08,
    0x62, 0x08, 0x62, 0x08, 0x62, 0x08, 0x62, 0x08, 0x62, 0x08, 0x62, 0x08, 0x62, 0x08, 0x62, 0x08,
    0x62, 0x08, 0x62, 0x08, 0x62, 0x08, 0x62, 0x08, 0x62, 0x08, 0x62, 0x08, 0x62, 0x08, 0x62, 0x08,
    0x62, 0x08, 0x62, 0x08, 0x62, 0x08, 0x62, 0x08, 0x62, 0x08, 0x62, 0x08, 0x62, 0x08, 0x62, 0x08,
    0x62, 0x08, 0x62, 0x08, 0x62, 0x08, 0x62, 0x08, 0x62, 0x08, 0x62, 0x08, 0x62, 0x08, 0x62, 0x08,
    0x62, 0x08, 0x62, 0x08, 0x62, 0x08, 0x62, 0x08, 0x62, 0x08, 0x62, 0x08, 0x82, 0x08, 0x82, 0x08,
    0x82, 0x08, 0x82, 0x08, 0x82, 0x08, 0x82, 0x08, 0x82, 0x08, 0x82, 0x08, 0x82, 0x08, 0x82, 0x08,
    0x82, 0x08, 0x82, 0x08, 0x82, 0x08, 0x82, 0x08, 0x83, 0x08, 0x83, 0x08, 0x83, 0x08, 0x83, 0x08,
    0x83, 0x08, 0x83, 0x08, 0x83, 0x08, 0x83, 0x08, 0x83, 0x08, 0x83, 0x08, 0x83, 0x08, 0x83, 0x08,
    0x83, 0x08, 0x83, 0x08, 0x83, 0x08, 0xA3, 0x08, 0xA3, 0x08, 0xA3, 0x08, 0xA3, 0x08, 0xA3, 0x08,
    0xA3, 0x08, 0xA3, 0x08, 0xA3, 0x08, 0xA3, 0x08, 0xA3, 0x08, 0xA3, 0x08, 0xA3, 0x08, 0xA3, 0x08,
    0xA3, 0x08, 0xA3, 0x08, 0xA3, 0x08, 0xA3, 0x08, 0xA3, 0x08, 0xA3, 0x08, 0xA3, 0x08, 0xA3, 0x08,
    0xA3, 0x08, 0xA3, 0x08, 0xA3, 0x08, 0xA3, 0x08, 0xA3, 0x08, 0xA3, 0x08, 0xA3, 0x08, 0xA3, 0x08,
    0xA3, 0x08, 0xA3, 0x08, 0xA3, 0x08, 0xC3, 0x08, 0xC3, 0x08, 0xC3, 0x08, 0xC3, 0x08, 0xC3, 0x08,
    0xC3, 0x08, 0xC3, 0x08, 0xC3, 0x08, 0xC3, 0x08, 0xC3, 0x08, 0xC3, 0x08, 0xC3, 0x08, 0xC3, 0x08,
    0xC3, 0x08, 0xC3, 0x08, 0xC3, 0x08, 0xC3, 0x08, 0xC3, 0x08, 0xC3, 0x08, 0xC3, 0x08, 0xC3, 0x08,
    0xC3, 0x08, 0xC3, 0x08, 0xC3, 0x08, 0xC3, 0x08, 0xC3, 0x08, 0xC3, 0x08, 0xC3, 0x08, 0xC3, 0x08,
    0xC3, 0x08, 0xC3, 0x08, 0xC3, 0x08, 0xC3, 0x08, 0xC3, 0x08, 0xC3, 0x08, 0xC3, 0x08, 0xC3, 0x08,
    0xC3, 0x08, 0xC3, 0x08, 0xC3, 0x08, 0xC3, 0x08, 0xC3, 0x08, 0xC3, 0x08, 0xC3, 0x08, 0xC3, 0x08,
    0xC3, 0x08, 0xA3, 0x08, 0xA3, 0x08, 0xA3, 0x08, 0xA3, 0x08, 0xA3, 0x08, 0xA3, 0x08, 0xA3, 0x08,
    0xA3, 0x08, 0xA3, 0x08, 0xA3, 0x08, 0xA3, 0x08, 0xA3, 0x08, 0xA3, 0x08, 0xA3, 0x08, 0xA3, 0x08,
    0xA3, 0x08, 0xA3, 0x08, 0xA3, 0x08, 0xA3, 0x08, 0xA3, 0x08, 0xA3, 0x08, 0xA3, 0x08, 0xA3, 0x08,
    0xA3, 0x08, 0xA3, 0x08, 0xA3, 0x08, 0xA3, 0x08, 0xA3, 0x08, 0xA3, 0x08, 0xA3, 0x08, 0xA3, 0x08,
    0xA3, 0x08, 0x83, 0x08, 0x83, 0x08, 0x83, 0x08, 0x83, 0x08, 0x83, 0x08, 0x83, 0x08, 0x83, 0x08,
    0x83, 0x08, 0x83, 0x08, 0x83, 0x08, 0x83, 0x08, 0x83, 0x08, 0x83, 0x08, 0x83, 0x08, 0x83, 0x08,
    0x82, 0x08, 0x82, 0x08, 0x82, 0x08, 0x82, 0x08, 0x82, 0x08, 0x82, 0x08, 0x82, 0x08, 0x82, 0x08,
    0x82, 0x08, 0x82, 0x08, 0x82, 0x08, 0x82, 0x08, 0x82, 0x08, 0x82, 0x08, 0x62, 0x08, 0x62, 0x08,
    0x62, 0x08, 0x62, 0x08, 0x62, 0x08, 0x62, 0x08, 0x62, 0x08, 0x62, 0x08, 0x62, 0x08, 0x62, 0x08,
    0x62, 0x08, 0x62, 0x08, 0x62, 0x08, 0x62, 0x08, 0x62, 0x08, 0x62, 0x08, 0x62, 0x08, 0x62, 0x08,
    0x62, 0x08, 0x62, 0x08, 0x62, 0x08, 0x62, 0x08, 0x62, 0x08, 0x62, 0x08, 0x62, 0x08, 0x62, 0x08,
    0x62, 0x08, 0x62, 0x08, 0x62, 0x08, 0x62, 0x08, 0x62, 0x08, 0x62, 0x08, 0x62, 0x08, 0x62, 0x08,
    0x62, 0x08, 0x62, 0x08, 0x62, 0x08, 0x62, 0x08, 0x62, 0x08, 0x62, 0x08, 0x62, 0x08, 0x62, 0x08,
    0x62, 0x08, 0x62, 0x08, 0x62, 0x08, 0x62, 0x08, 0x62, 0x08, 0x62, 0x08, 0x62, 0x08, 0x62, 0x08,
    0x62, 0x08, 0x62, 0x08, 0x62, 0x08, 0x62, 0x08, 0x62, 0x08, 0x62, 0x08, 0x62, 0x08, 0x62, 0x08,
    0x62, 0x08, 0x62, 0x08, 0x62, 0x08, 0x62, 0x08, 0x62, 0x08, 0x62, 0x08, 0x62, 0x08, 0x62, 0x08,
    0x62, 0x08, 0x62, 0x08, 0x62, 0x08, 0x62, 0x08, 0x62, 0x08, 0x62, 0x08, 0x62, 0x08, 0x62, 0x08,
    0x62, 0x08, 0x62, 0x08, 0x62, 0x08, 0x62, 0x08, 0x62, 0x08, 0x62, 0x08, 0x62, 0x08, 0x62, 0x08,
    0x62, 0x08, 0x62, 0x08, 0x62, 0x08, 0x62, 0x08, 0x62, 0x08, 0x62, 0x08, 0x62, 0x08, 0x62, 0x08,
    0x62, 0x08, 0x62, 0x08, 0x62, 0x08, 0x62, 0x08, 0x62, 0x08, 0x62, 0x08, 0x62, 0x08, 0x62, 0x08,
    0x62, 0x08, 0x62, 0x08, 0x62, 0x08, 0x62, 0x08, 0x62, 0x08, 0x62, 0x08, 0x62, 0x08, 0x62, 0x08,
    0x62, 0x08, 0x62, 0x08, 0x62, 0x08, 0x62, 0x08, 0x62, 0x08, 0x62, 0x08, 0x62, 0x08, 0x62, 0x08,
    0x62, 0x08, 0x62, 0x08, 0x62, 0x08, 0x62, 0x08, 0x62, 0x08, 0x62, 0x08, 0x62, 0x08, 0x62, 0x08,
    0x62, 0x08, 0x62, 0x08, 0x62, 0x08, 0x62, 0x08, 0x62, 0x08, 0x62, 0x08, 0x62, 0x08, 0x62, 0x08,
    0x62, 0x08, 0x62, 0x08, 0x62, 0x08, 0x62, 0x08, 0x62, 0x08, 0x62, 0x08, 0x62, 0x08, 0x62, 0x08,
    0x62, 0x08, 0x62, 0x08, 0x62, 0x08, 0x62, 0x08, 0x62, 0x08, 0x62, 0x08, 0x62, 0x08, 0x62, 0x08,
    0x62, 0x08, 0x62, 0x08, 0x62, 0x08, 0x62, 0x08, 0x62, 0x08, 0x62, 0x08, 0x62, 0x08, 0x62, 0x08,
    0x62, 0x08, 0x62, 0x08, 0x62, 0x08, 0x62, 0x08, 0x62, 0x08, 0x62, 0x08, 0x62, 0x08, 0x62, 0x08,
    0x62, 0x08, 0x62, 0x08, 0x62, 0x08, 0x62, 0x08, 0x62, 0x08, 0x62, 0x08, 0x62, 0x08, 0x62, 0x08,
    0x62, 0x08, 0x62, 0x08, 0x62, 0x08, 0x82, 0x08, 0x82, 0x08, 0x82, 0x08, 0x82, 0x08, 0x82, 0x08,
    0x82, 0x08, 0x82, 0x08, 0x82, 0x08, 0x82, 0x08, 0x82, 0x08, 0x82, 0x08, 0x82, 0x08, 0x82, 0x08,
    0x82, 0x08, 0x83, 0x08, 0x83, 0x08, 0x83, 0x08, 0x83, 0x08, 0x83, 0x08, 0x83, 0x08, 0x83, 0x08,
    0x83, 0x08, 0x83, 0x08, 0x83, 0x08, 0x83, 0x08, 0x83, 0x08, 0x83, 0x08, 0x83, 0x08, 0x83, 0x08,
    0x83, 0x08, 0xA3, 0x08, 0xA3, 0x08, 0xA3, 0x08, 0xA3, 0x08, 0xA3, 0x08, 0xA3, 0x08, 0xA3, 0x08,
    0xA3, 0x08, 0xA3, 0x08, 0xA3, 0x08, 0xA3, 0x08, 0xA3, 0x08, 0xA3, 0x08, 0xA3, 0x08, 0xA3, 0x08,
    0xA3, 0x08, 0xA3, 0x08, 0xA3, 0x08, 0xA3, 0x08, 0xA3, 0x08, 0xA3, 0x08, 0xA3, 0x08, 0xA3, 0x08,
    0xA3, 0x08, 0xA3, 0x08, 0xA3, 0x08, 0xA3, 0x08, 0xA3, 0x08, 0xA3, 0x08, 0xA3, 0x08, 0xA3, 0x08,
    0xA3, 0x08, 0xA3, 0x08, 0xC3, 0x08, 0xC3, 0x08, 0xC3, 0x08, 0xC3, 0x08, 0xC3, 0x08, 0xC3, 0x08,
    0xC3, 0x08, 0xC3, 0x08, 0xC3, 0x08, 0xC3, 0x08, 0xC3, 0x08, 0xC3, 0x08, 0xC3, 0x08, 0xC3, 0x08,
    0xC3, 0x08, 0xC3, 0x08, 0xC3, 0x08, 0xC3, 0x08, 0xC3, 0x08, 0xC3, 0x08, 0xC3, 0x08, 0xC3, 0x08,
    0xC3, 0x08, 0xC3, 0x08, 0xC3, 0x08, 0xC3, 0x08, 0xC3, 0x08, 0xC3, 0x08, 0xC3, 0x08, 0xC3, 0x08,
    0xC3, 0x08, 0xC3, 0x08, 0xC3, 0x08, 0xC3, 0x08, 0xC3, 0x08, 0xC3, 0x08, 0xC3, 0x08, 0xC3, 0x08,
    0xC3, 0x08, 0xC3, 0x08, 0xA3, 0x08, 0xA3, 0x08, 0xA3, 0x08, 0xA3, 0x08, 0xA3, 0x08, 0xA3, 0x08,
    0xA3, 0x08, 0xA3, 0x08, 0xA3, 0x08, 0xA3, 0x08, 0xA3, 0x08, 0xA3, 0x08, 0xA3, 0x08, 0xA3, 0x08,
    0xA3, 0x08, 0xA3, 0x08, 0xA3, 0x08, 0xA3, 0x08, 0xA3, 0x08, 0xA3, 0x08, 0xA3, 0x08, 0xA3, 0x08,
    0xA3, 0x08, 0xA3, 0x08, 0xA3, 0x08, 0xA3, 0x08, 0xA3, 0x08, 0xA3, 0x08, 0xA3, 0x08, 0xA3, 0x08,
    0xA3, 0x08, 0xA3, 0x08, 0xA3, 0x08, 0xA3, 0x08, 0x83, 0x08, 0x83, 0x08, 0x83, 0x08, 0x83, 0x08,
    0x83, 0x08, 0x83, 0x08, 0x83, 0x08, 0x83, 0x08, 0x83, 0x08, 0x83, 0x08, 0x83, 0x08, 0x83, 0x08,
    0x83, 0x08, 0x83, 0x08, 0x83, 0x08, 0x82, 0x08, 0x82, 0x08, 0x82, 0x08, 0x82, 0x08, 0x82, 0x08,
    0x82, 0x08, 0x82, 0x08, 0x82, 0x08, 0x82, 0x08, 0x82, 0x08, 0x82, 0x08, 0x82, 0x08, 0x82, 0x08,
    0x82, 0x08, 0x62, 0x08, 0x62, 0x08, 0x62, 0x08, 0x62, 0x08, 0x62, 0x08, 0x62, 0x08, 0x62, 0x08,
    0x62, 0x08, 0x62, 0x08, 0x62, 0x08, 0x62, 0x08, 0x62, 0x08, 0x62, 0x08, 0x62, 0x08, 0x62, 0x08,
    0x62, 0x08, 0x62, 0x08, 0x62, 0x08, 0x62, 0x08, 0x62, 0x08, 0x62, 0x08, 0x62, 0x08, 0x62, 0x08,
    0x62, 0x08, 0x62, 0x08, 0x62, 0x08, 0x62, 0x08, 0x62, 0x08, 0x62, 0x08, 0x62, 0x08, 0x62, 0x08,
    0x62, 0x08, 0x62, 0x08, 0x62, 0x08, 0x62, 0x08, 0x62, 0x08, 0x62, 0x08, 0x62, 0x08, 0x62, 0x08,
    0x62, 0x08, 0x62, 0x08, 0x62, 0x08, 0x62, 0x08, 0x62, 0x08, 0x62, 0x08, 0x62, 0x08, 0x62, 0x08,
    0x62, 0x08, 0x62, 0x08, 0x62, 0x08, 0x62, 0x08, 0x62, 0x08, 0x62, 0x08, 0x62, 0x08, 0x62, 0x08,
    0x62, 0x08, 0x62, 0x08, 0x62, 0x08, 0x62, 0x08, 0x62, 0x08, 0x62, 0x08, 0x62, 0x08, 0x62, 0x08,
    0x62, 0x08, 0x62, 0x08, 0x62, 0x08, 0x62, 0x08, 0x62, 0x08, 0x62, 0x08, 0x62, 0x08, 0x62, 0x08,
    0x62, 0x08, 0x62, 0x08, 0x62, 0x08, 0x62, 0x08, 0x62, 0x08, 0x62, 0x08, 0x62, 0x08, 0x62, 0x08,
    0x62, 0x08, 0x62, 0x08, 0x62, 0x08, 0x62, 0x08, 0x62, 0x08, 0x62, 0x08, 0x62, 0x08, 0x62, 0x08,
};

const lv_img_dsc_t ui_gauge_volt_face = {
    .header.always_zero = 0,
    .header.w = 340,
    .header.h = 130,
    .data_size = 44200 * LV_COLOR_SIZE / 8,
    .header.cf = LV_IMG_CF_TRUE_COLOR,
    .data = ui_gauge_volt_face_map,
};
