#include "lvgl.h"

static const uint8_t ui_gauge_temp_face_map[] = {
    0x62, 0x08, 0x62, 0x08, 0x62, 0x08, 0x62, 0x08, 0x62, 0x08, 0x62, 0x08, 0x62, 0x08, 0x62, 0x08,
    0x62, 0x08, 0x62, 0x08, 0x62, 0x08, 0x62, 0x08, 0x62, 0x08, 0x62, 0x08, 0x62, 0x08, 0x62, 0x08,
    0x62, 0x08, 0x62, 0x08, 0x62, 0x08, 0x62, 0x08, 0x62, 0x08, 0x62, 0x08, 0x62, 0x08, 0x62, 0x08,
    0x62, 0x08, 0x62, 0x08, 0x62, 0x08, 0x62, 0x08, 0x62, 0x08, 0x62, 0x08, 0x62, 0x08, 0x62, 0x08,
    0x62, 0x08, 0x62, 0x08, 0x62, 0x08, 0x62, 0x08, 0x62, 0x08, 0x62, 0x08, 0x62, 0x08, 0x62, 0x08,
    0x62, 0x08, 0x62, 0x08, 0x62, 0x08, 0x62, 0x08, 0x62, 0x08, 0x62, 0x08, 0x62, 0x08, 0x62, 0x08,
    0x82, 0x08, 0x82, 0x08, 0x82, 0x08, 0x82, 0x08, 0x82, 0x08, 0x82, 0x08, 0x82, 0x08, 0x82, 0x08,
    0x82, 0x08, 0x83, 0x08, 0x83, 0x08, 0x83, 0x08, 0x83, 0x08, 0x83, 0x08, 0x83, 0x08, 0x83, 0x08,
    0x83, 0x08, 0x83, 0x08, 0xA3, 0x08, 0xA3, 0x08, 0xA3, 0x08, 0xA3, 0x08, 0xA3, 0x08, 0xA3, 0x08,
    0xA3, 0x08, 0xA3, 0x08, 0xA3, 0x08, 0xA3, 0x08, 0xA3, 0x08, 0xA3, 0x08, 0xA3, 0x08, 0xC3, 0x08,
    0xC3, 0x08, 0xC3, 0x08, 0xC3, 0x08, 0xC4, 0x08, 0xC4, 0x08, 0xC4, 0x08, 0xC4, 0x08, 0xC4, 0x08,
    0xC4, 0x08, 0xE4, 0x08, 0xE4, 0x08, 0xE4, 0x08, 0xE4, 0x08, 0xE4, 0x08, 0xE4, 0x08, 0xE4, 0x08,
    0xE4, 0x08, 0xE4, 0x08, 0x04, 0x09, 0x04, 0x09, 0x04, 0x09, 0x05, 0x09, 0x05, 0x09, 0x05, 0x09,
    0x05, 0x09, 0x05, 0x09, 0x05, 0x09, 0x25, 0x09, 0x25, 0x09, 0x25, 0x09, 0x25, 0x09, 0x25, 0x09,
    0x25, 0x09, 0x25, 0x09, 0x25, 0x09, 0x45, 0x09, 0x46, 0x09, 0x46, 0x09, 0x46, 0x09, 0x46, 0x09,
    0x46, 0x09, 0x46, 0x09, 0x66, 0x09, 0x66, 0x09, 0x66, 0x09, 0x66, 0x09, 0x66, 0x09, 0x66, 0x11,
    0x66, 0x11, 0x66, 0x11, 0x87, 0x11, 0x87, 0x11, 0x87, 0x11, 0x87, 0x11, 0x87, 0x11, 0x87, 0x11,
    0x87, 0x11, 0xA7, 0x11, 0xA7, 0x11, 0xA7, 0x11, 0xA7, 0x11, 0xA7, 0x11, 0xA7, 0x11, 0xA7, 0x11,
    0xA7, 0x11, 0xC8, 0x11, 0xC8, 0x11, 0xC8, 0x11, 0xC8, 0x11, 0xC8, 0x11, 0xC8, 0x11, 0xC8, 0x11,
    0xC8, 0x11, 0xC8, 0x11, 0xC8, 0x11, 0xE8, 0x11, 0xE8, 0x11, 0xE8, 0x11, 0xE8, 0x11, 0xE8, 0x11,
    0xE8, 0x11, 0xE8, 0x11, 0xE8, 0x11, 0xE8, 0x11, 0xE8, 0x11, 0xE8, 0x11, 0xE8, 0x11, 0xE8, 0x11,
    0xE8, 0x11, 0xE8, 0x11, 0xE8, 0x11, 0xE8, 0x11, 0xE8, 0x11, 0xE8, 0x11, 0xE8, 0x11, 0xE8, 0x11,
    0xE8, 0x11, 0xE8, 0x11, 0xE8, 0x11, 0xE8, 0x11, 0xE8, 0x11, 0xE8, 0x11, 0xE8, 0x11, 0xE8, 0x11,
    0xE8, 0x11, 0xC8, 0x11, 0xC8, 0x11, 0xC8, 0x11, 0xC8, 0x11, 0xC8, 0x11, 0xC8, 0x11, 0xC8, 0x11,
    0xC8, 0x11, 0xC8, 0x11, 0xC8, 0x11, 0xA7, 0x11, 0xA7, 0x11, 0xA7, 0x11, 0xA7, 0x11, 0xA7, 0x11,
    0xA7, 0x11, 0xA7, 0x11, 0xA7, 0x11, 0x87, 0x11, 0x87, 0x11, 0x87, 0x11, 0x87, 0x11, 0x87, 0x11,
    0x87, 0x11, 0x87, 0x11, 0x86, 0x11, 0x66, 0x11, 0x66, 0x11, 0x66, 0x09, 0x66, 0x09, 0x66, 0x09,
    0x66, 0x09, 0x66, 0x09, 0x46, 0x09, 0x46, 0x09, 0x46, 0x09, 0x46, 0x09, 0x46, 0x09, 0x46, 0x09,
    0x45, 0x09, 0x45, 0x09, 0x25, 0x09, 0x25, 0x09, 0x25, 0x09, 0x25, 0x09, 0x25, 0x09, 0x25, 0x09,
    0x25, 0x09, 0x25, 0x09, 0x05, 0x09, 0x05, 0x09, 0x05, 0x09, 0x05, 0x09, 0x05, 0x09, 0x05, 0x09,
    0x04, 0x09, 0x04, 0x09, 0xE4, 0x08, 0xE4, 0x08, 0xE4, 0x08, 0xE4, 0x08, 0xE4, 0x08, 0xE4, 0x08,
    0xE4, 0x08, 0xE4, 0x08, 0xE4, 0x08, 0xC4, 0x08, 0xC4, 0x08, 0xC4, 0x08, 0xC4, 0x08, 0xC4, 0x08,
    0xC4, 0x08, 0xC4, 0x08, 0xC3, 0x08, 0xC3, 0x08, 0xC3, 0x08, 0xC3, 0x08, 0xA3, 0x08, 0xA3, 0x08,
    0xA3, 0x08, 0xA3, 0x08, 0xA3, 0x08, 0xA3, 0x08, 0xA3, 0x08, 0xA3, 0x08, 0xA3, 0x08, 0xA3, 0x08,
    0xA3, 0x08, 0xA3, 0x08, 0x83, 0x08, 0x83, 0x08, 0x83, 0x08, 0x83, 0x08, 0x83, 0x08, 0x83, 0x08,
    0x83, 0x08, 0x83, 0x08, 0x83, 0x08, 0x82, 0x08, 0x82, 0x08, 0x82, 0x08, 0x82, 0x08, 0x82, 0x08,
    0x82, 0x08, 0x82, 0x08, 0x82, 0x08, 0x82, 0x08, 0x62, 0x08, 0x62, 0x08, 0x62, 0x08, 0x62, 0x08,
    0x62, 0x08, 0x62, 0x08, 0x62, 0x08, 0x62, 0x08, 0x62, 0x08, 0x62, 0x08, 0x62, 0x08, 0x62, 0x08,
    0x62, 0x08, 0x62, 0x08, 0x62, 0x08, 0x62, 0x08, 0x62, 0x08, 0x62, 0x08, 0x62, 0x08, 0x62, 0x08,
    0x62, 0x08, 0x62, 0x08, 0x62, 0x08, 0x62, 0x08, 0x62, 0x08, 0x62, 0x08, 0x62, 0x08, 0x62, 0x08,
    0x62, 0x08, 0x62, 0x08, 0x62, 0x08, 0x62, 0x08, 0x62, 0x08, 0x62, 0x08, 0x62, 0x08, 0x62, 0x08,
    0x62, 0x08, 0x62, 0x08, 0x62, 0x08, 0x62, 0x08, 0x62, 0x08, 0x62, 0x08, 0x62, 0x08, 0x62, 0x08,
    0x62, 0x08, 0x62, 0x08, 0x62, 0x08, 0x62, 0x08, 0x62, 0x08, 0x62, 0x08, 0x62, 0x08, 0x62, 0x08,
    0x62, 0x08, 0x62, 0x08, 0x62, 0x08, 0x62, 0x08, 0x62, 0x08, 0x62, 0x08, 0x62, 0x08, 0x62, 0x08,
    0x62, 0x08, 0x62, 0x08, 0x62, 0x08, 0x62, 0x08, 0x62, 0x08, 0x62, 0x08, 0x62, 0x08, 0x62, 0x08,
    0x62, 0x08, 0x62, 0x08, 0x62, 0x08, 0x62, 0x08, 0x62, 0x08, 0x62, 0x08, 0x62, 0x08, 0x62, 0x08,
    0x62, 0x08, 0x62, 0x08, 0x62, 0x08, 0x62, 0x08, 0x62, 0x08, 0x62, 0x08, 0x62, 0x08, 0x62, 0x08,
    0x62, 0x08, 0x62, 0x08, 0x62, 0x08, 0x62, 0x08, 0x62, 0x08, 0x62, 0x08, 0x62, 0x08, 0x62, 0x08,
    0x62, 0x08, 0x62, 0x08, 0x62, 0x08, 0x62, 0x08, 0x82, 0x08, 0x82, 0x08, 0x82, 0x08, 0x82, 0x08,
    0x82, 0x08, 0x82, 0x08, 0x82, 0x08, 0x82, 0x08, 0x82, 0x08, 0x83, 0x08, 0x83, 0x08, 0x83, 0x08,
    0x83, 0x08, 0x83, 0x08, 0x83, 0x08, 0x83, 0x08, 0x83, 0x08, 0x83, 0x08, 0xA3, 0x08, 0xA3, 0x08,
    0xA3, 0x08, 0xA3, 0x08, 0xA3, 0x08, 0xA3, 0x08, 0xA3, 0x08, 0xA3, 0x08, 0xA3, 0x08, 0xA3, 0x08,
    0xA3, 0x08, 0xA3, 0x08, 0xC3, 0x08, 0xC3, 0x08, 0xC3, 0x08, 0xC3, 0x08, 0xC4, 0x08, 0xC4, 0x08,
    0xC4, 0x08, 0xC4, 0x08, 0xC4, 0x08, 0xC4, 0x08, 0xC4, 0x08, 0xE4, 0x08, 0xE4, 0x08, 0xE4, 0x08,
    0xE4, 0x08, 0xE4, 0x08, 0xE4, 0x08, 0xE4, 0x08, 0xE4, 0x08, 0xE4, 0x08, 0x04, 0x09, 0x04, 0x09,
    0x05, 0x09, 0x05, 0x09, 0x05, 0x09, 0x05, 0x09, 0x05, 0x09, 0x05, 0x09, 0x25, 0x09, 0x25, 0x09,
    0x25, 0x09, 0x25, 0x09, 0x25, 0x09, 0x25, 0x09, 0x25, 0x09, 0x25, 0x09, 0x45, 0x09, 0x46, 0x09,
    0x46, 0x09, 0x46, 0x09, 0x46, 0x09, 0x46, 0x09, 0x46, 0x09, 0x66, 0x09, 0x66, 0x09, 0x66, 0x09,
    0x66, 0x09, 0x66, 0x09, 0x66, 0x11, 0x66, 0x11, 0x66, 0x11, 0x87, 0x11, 0x87, 0x11, 0x87, 0x11,
    0x87, 0x11, 0x87, 0x11, 0x87, 0x11, 0x87, 0x11, 0xA7, 0x11, 0xA7, 0x11, 0xA7, 0x11, 0xA7, 0x11,
    0xA7, 0x11, 0xA7, 0x11, 0xA7, 0x11, 0xA8, 0x11, 0xC8, 0x11, 0xC8, 0x11, 0xC8, 0x11, 0xC8, 0x11,
    0xC8, 0x11, 0xC8, 0x11, 0xC8, 0x11, 0xC8, 0x11, 0xC8, 0x11, 0xE8, 0x11, 0xE8, 0x11, 0xE8, 0x11,
    0xE8, 0x11, 0xE8, 0x11, 0xE8, 0x11, 0xE8, 0x11, 0xE8, 0x11, 0xE8, 0x11, 0xE8, 0x11, 0xE8, 0x11,
    0xE8, 0x11, 0xE8, 0x11, 0xE8, 0x11, 0xE8, 0x11, 0xE9, 0x11, 0xE9, 0x11, 0xE9, 0x11, 0xE9, 0x11,
    0xE8, 0x11, 0xE8, 0x11, 0xE8, 0x11, 0xE8, 0x11, 0xE8, 0x11, 0xE8, 0x11, 0xE8, 0x11, 0xE8, 0x11,
    0xE8, 0x11, 0xE8, 0x11, 0xE8, 0x11, 0xE8, 0x11, 0xE8, 0x11, 0xE8, 0x11, 0xE8, 0x11, 0xC8, 0x11,
    0xC8, 0x11, 0xC8, 0x11, 0xC8, 0x11, 0xC8, 0x11, 0xC8, 0x11, 0xC8, 0x11, 0xC8, 0x11, 0xC8, 0x11,
    0xC8, 0x11, 0xA7, 0x11, 0xA7, 0x11, 0xA7, 0x11, 0xA7, 0x11, 0xA7, 0x11, 0xA7, 0x11, 0xA7, 0x11,
    0x87, 0x11, 0x87, 0x11, 0x87, 0x11, 0x87, 0x11, 0x87, 0x11, 0x87, 0x11, 0x87, 0x11, 0x86, 0x11,
    0x66, 0x11, 0x66, 0x11, 0x66, 0x09, 0x66, 0x09, 0x66, 0x09, 0x66, 0x09, 0x66, 0x09, 0x46, 0x09,
    0x46, 0x09, 0x46, 0x09, 0x46, 0x09, 0x46, 0x09, 0x46, 0x09, 0x45, 0x09, 0x25, 0x09, 0x25, 0x09,
    0x25, 0x09, 0x25, 0x09, 0x25, 0x09, 0x25, 0x09, 0x25, 0x09, 0x25, 0x09, 0x05, 0x09, 0x05, 0x09,
    0x05, 0x09, 0x05, 0x09, 0x05, 0x09, 0x05, 0x09, 0x04, 0x09, 0x04, 0x09, 0xE4, 0x08, 0xE4, 0x08,
    0xE4, 0x08, 0xE4, 0x08, 0xE4, 0x08, 0xE4, 0x08, 0xE4, 0x08, 0xE4, 0x08, 0xE4, 0x08, 0xC4, 0x08,
    0xC4, 0x08, 0xC4, 0x08, 0xC4, 0x08, 0xC4, 0x08, 0xC4, 0x08, 0xC4, 0x08, 0xC3, 0x08, 0xC3, 0x08,
    0xC3, 0x08, 0xC3, 0x08, 0xA3, 0x08, 0xA3, 0x08, 0xA3, 0x08, 0xA3, 0x08, 0xA3, 0x08, 0xA3, 0x08,
    0xA3, 0x08, 0xA3, 0x08, 0xA3, 0x08, 0xA3, 0x08, 0xA3, 0x08, 0xA3, 0x08, 0x83, 0x08, 0x83, 0x08,
    0x83, 0x08, 0x83, 0x08, 0x83, 0x08, 0x83, 0x08, 0x83, 0x08, 0x83, 0x08, 0x83, 0x08, 0x82, 0x08,
    0x82, 0x08, 0x82, 0x08, 0x82, 0x08, 0x82, 0x08, 0x82, 0x08, 0x82, 0x08, 0x82, 0x08, 0x82, 0x08,
    0x62, 0x08, 0x62, 0x08, 0x62, 0x08, 0x62, 0x08, 0x62, 0x08, 0x62, 0x08, 0x62, 0x08, 0x62, 0x08,
    0x62, 0x08, 0x62, 0x08, 0x62, 0x08, 0x62, 0x08, 0x62, 0x08, 0x62, 0x08, 0x62, 0x08, 0x62, 0x08,
    0x62, 0x08, 0x62, 0x08, 0x62, 0x08, 0x62, 0x08, 0x62, 0x08, 0x62, 0x08, 0x62, 0x08, 0x62, 0x08,
    0x62, 0x08, 0x62, 0x08, 0x62, 0x08, 0x62, 0x08, 0x62, 0x08, 0x62, 0x08, 0x62, 0x08, 0x62, 0x08,
    0x62, 0x08, 0x62, 0x08, 0x62, 0x08, 0x62, 0x08, 0x62, 0x08, 0x62, 0x08, 0x62, 0x08, 0x62, 0x08,
    0x62, 0x08, 0x62, 0x08, 0x62, 0x08, 0x62, 0x08, 0x62, 0x08, 0x62, 0x08, 0x62, 0x08, 0x62, 0x08,
    0x62, 0x08, 0x62, 0x08, 0x62, 0x08, 0x62, 0x08, 0x62, 0x08, 0x62, 0x08, 0x62, 0x08, 0x62, 0x08,
    0x62, 0x08, 0x62, 0x08, 0x62, 0x08, 0x62, 0x08, 0x62, 0x08, 0x62, 0x08, 0x62, 0x08, 0x62, 0x08,
    0x62, 0x08, 0x62, 0x08, 0x62, 0x08, 0x62, 0x08, 0x62, 0x08, 0x62, 0x08, 0x62, 0x08, 0x62, 0x08,
    0x62, 0x08, 0x62, 0x08, 0x62, 0x08, 0x62, 0x08, 0x62, 0x08, 0x62, 0x08, 0x62, 0x08, 0x62, 0x08,
    0x62, 0x08, 0x62, 0x08, 0x62, 0x08, 0x62, 0x08, 0x62, 0x08, 0x62, 0x08, 0x62, 0x08, 0x62, 0x08,
    0x62, 0x08, 0x62, 0x08, 0x62, 0x08, 0x62, 0x08, 0x62, 0x08, 0x62, 0x08, 0x62, 0x08, 0x62, 0x08,
    0x82, 0x08, 0x82, 0x08, 0x82, 0x08, 0x82, 0x08, 0x82, 0x08, 0x82, 0x08, 0x82, 0x08, 0x82, 0x08,
    0x82, 0x08, 0x83, 0x08, 0x83, 0x08, 0x83, 0x08, 0x83, 0x08, 0x83, 0x08, 0x83, 0x08, 0x83, 0x08,
    0x83, 0x08, 0x83, 0x08, 0xA3, 0x08, 0xA3, 0x08, 0xA3, 0x08, 0xA3, 0x08, 0xA3, 0x08, 0xA3, 0x08,
    0xA3, 0x08, 0xA3, 0x08, 0xA3, 0x08, 0xA3, 0x08, 0xA3, 0x08, 0xA3, 0x08, 0xC3, 0x08, 0xC3, 0x08,
    0xC3, 0x08, 0xC3, 0x08, 0xC4, 0x08, 0xC4, 0x08, 0xC4, 0x08, 0xC4, 0x08, 0xC4, 0x08, 0xC4, 0x08,
    0xE4, 0x08, 0xE4, 0x08, 0xE4, 0x08, 0xE4, 0x08, 0xE4, 0x08, 0xE4, 0x08, 0xE4, 0x08, 0xE4, 0x08,
    0xE4, 0x08, 0x04, 0x09, 0x04, 0x09, 0x04, 0x09, 0x05, 0x09, 0x05, 0x09, 0x05, 0x09, 0x05, 0x09,
    0x05, 0x09, 0x05, 0x09, 0x25, 0x09, 0x25, 0x09, 0x25, 0x09, 0x25, 0x09, 0x25, 0x09, 0x25, 0x09,
    0x25, 0x09, 0x45, 0x09, 0x45, 0x09, 0x46, 0x09, 0x46, 0x09, 0x46, 0x09, 0x46, 0x09, 0x46, 0x09,
    0x46, 0x09, 0x66, 0x09, 0x66, 0x09, 0x66, 0x09, 0x66, 0x09, 0x66, 0x09, 0x66, 0x11, 0x66, 0x11,
    0x87, 0x11, 0x87, 0x11, 0x87, 0x11, 0x87, 0x11, 0x87, 0x11, 0x87, 0x11, 0x87, 0x11, 0xA7, 0x11,
    0xA7, 0x11, 0xA7, 0x11, 0xA7, 0x11, 0xA7, 0x11, 0xA7, 0x11, 0xA7, 0x11, 0xC7, 0x11, 0xC8, 0x11,
    0xC8, 0x11, 0xC8, 0x11, 0xC8, 0x11, 0xC8, 0x11, 0xC8, 0x11, 0xC8, 0x11, 0xC8, 0x11, 0xC8, 0x11,
    0xE8, 0x11, 0xE8, 0x11, 0xE8, 0x11, 0xE8, 0x11, 0xE8, 0x11, 0xE8, 0x11, 0xE8, 0x11, 0xE8, 0x11,
    0xE8, 0x11, 0xE8, 0x11, 0xE8, 0x11, 0xE9, 0x11, 0x09, 0x12, 0x09, 0x12, 0x09, 0x12, 0x09, 0x12,
    0x09, 0x12, 0x09, 0x12, 0x09, 0x12, 0x09, 0x12, 0x09, 0x12, 0x09, 0x12, 0xE9, 0x11, 0x09, 0x12,
    0xE9, 0x11, 0xE8, 0x11, 0xE8, 0x11, 0xE8, 0x11, 0xE8, 0x11, 0xE8, 0x11, 0xE8, 0x11, 0xE8, 0x11,
    0xE8, 0x11, 0xE8, 0x11, 0xE8, 0x11, 0xE8, 0x11, 0xE8, 0x11, 0xC8, 0x11, 0xC8, 0x11, 0xC8, 0x11,
    0xC8, 0x11, 0xC8, 0x11, 0xC8, 0x11, 0xC8, 0x11, 0xC8, 0x11, 0xC7, 0x11, 0xA7, 0x11, 0xA7, 0x11,
    0xA7, 0x11, 0xA7, 0x11, 0xA7, 0x11, 0xA7, 0x11, 0xA7, 0x11, 0x87, 0x11, 0x87, 0x11, 0x87, 0x11,
    0x87, 0x11, 0x87, 0x11, 0x87, 0x11, 0x87, 0x11, 0x66, 0x11, 0x66, 0x11, 0x66, 0x11, 0x66, 0x09,
    0x66, 0x09, 0x66, 0x09, 0x66, 0x09, 0x66, 0x09, 0x46, 0x09, 0x46, 0x09, 0x46, 0x09, 0x46, 0x09,
    0x46, 0x09, 0x46, 0x09, 0x45, 0x09, 0x25, 0x09, 0x25, 0x09, 0x25, 0x09, 0x25, 0x09, 0x25, 0x09,
    0x25, 0x09, 0x25, 0x09, 0x25, 0x09, 0x05, 0x09, 0x05, 0x09, 0x05, 0x09, 0x05, 0x09, 0x05, 0x09,
    0x05, 0x09, 0x04, 0x09, 0x04, 0x09, 0xE4, 0x08, 0xE4, 0x08, 0xE4, 0x08, 0xE4, 0x08, 0xE4, 0x08,
    0xE4, 0x08, 0xE4, 0x08, 0xE4, 0x08, 0xE4, 0x08, 0xC4, 0x08, 0xC4, 0x08, 0xC4, 0x08, 0xC4, 0x08,
    0xC4, 0x08, 0xC4, 0x08, 0xC3, 0x08, 0xC3, 0x08, 0xC3, 0x08, 0xC3, 0x08, 0xA3, 0x08, 0xA3, 0x08,
    0xA3, 0x08, 0xA3, 0x08, 0xA3, 0x08, 0xA3, 0x08, 0xA3, 0x08, 0xA3, 0x08, 0xA3, 0x08, 0xA3, 0x08,
    0xA3, 0x08, 0xA3, 0x08, 0xA3, 0x08, 0x83, 0x08, 0x83, 0x08, 0x83, 0x08, 0x83, 0x08, 0x83, 0x08,
    0x83, 0x08, 0x83, 0x08, 0x83, 0x08, 0x82, 0x08, 0x82, 0x08, 0x82, 0x08, 0x82, 0x08, 0x82, 0x08,
    0x82, 0x08, 0x82, 0x08, 0x82, 0x08, 0x82, 0x08, 0x82, 0x08, 0x62, 0x08, 0x62, 0x08, 0x62, 0x08,
    0x62, 0x08, 0x62, 0x08, 0x62, 0x08, 0x62, 0x08, 0x62, 0x08, 0x62, 0x08, 0x62, 0x08, 0x62, 0x08,
    0x62, 0x08, 0x62, 0x08, 0x62, 0x08, 0x62, 0x08, 0x62, 0x08, 0x62, 0x08, 0x62, 0x08, 0x62, 0x08,
    0x62, 0x08, 0x62, 0x08, 0x62, 0x08, 0x62, 0x08, 0x62, 0x08, 0x62, 0x08, 0x62, 0x08, 0x62, 0x08,
    0x62, 0x08, 0x62, 0x08, 0x62, 0x08, 0x62, 0x08, 0x62, 0x08, 0x62, 0x08, 0x62, 0x08, 0x62, 0x08,
    0x62, 0x08, 0x62, 0x08, 0x62, 0x08, 0x62, 0x08, 0x62, 0x08, 0x62, 0x08, 0x62, 0x08, 0x62, 0x08,
    0x62, 0x08, 0x62, 0x08, 0x62, 0x08, 0x62, 0x08, 0x62, 0x08, 0x62, 0x08, 0x62, 0x08, 0x62, 0x08,
    0x62, 0x08, 0x62, 0x08, 0x62, 0x08, 0x62, 0x08, 0x62, 0x08, 0x62, 0x08, 0x62, 0x08, 0x62, 0x08,
    0x62, 0x08, 0x62, 0x08, 0x62, 0x08, 0x62, 0x08, 0x62, 0x08, 0x62, 0x08, 0x62, 0x08, 0x62, 0x08,
    0x62, 0x08, 0x62, 0x08, 0x62, 0x08, 0x62, 0x08, 0x62, 0x08, 0x62, 0x08, 0x62, 0x08, 0x62, 0x08,
    0x62, 0x08, 0x62, 0x08, 0x62, 0x08, 0x62, 0x08, 0x62, 0x08, 0x62, 0x08, 0x62, 0x08, 0x62, 0x08,
    0x62, 0x08, 0x62, 0x08, 0x62, 0x08, 0x62, 0x08, 0x62, 0x08, 0x62, 0x08, 0x62, 0x08, 0x62, 0x08,
    0x62, 0x08, 0x62, 0x08, 0x62, 0x08, 0x82, 0x08, 0x82, 0x08, 0x82, 0x08, 0x82, 0x08, 0x82, 0x08,
    0x82, 0x08, 0x82, 0x08, 0x82, 0x08, 0x82, 0x08, 0x82, 0x08, 0x83, 0x08, 0x83, 0x08, 0x83, 0x08,
    0x83, 0x08, 0x83, 0x08, 0x83, 0x08, 0x83, 0x08, 0x83, 0x08, 0xA3, 0x08, 0xA3, 0x08, 0xA3, 0x08,
    0xA3, 0x08, 0xA3, 0x08, 0xA3, 0x08, 0xA3, 0x08, 0xA3, 0x08, 0xA3, 0x08, 0xA3, 0x08, 0xA3, 0x08,
    0xA3, 0x08, 0xA3, 0x08, 0xC3, 0x08, 0xC3, 0x08, 0xC3, 0x08, 0xC3, 0x08, 0xC4, 0x08, 0xC4, 0x08,
    0xC4, 0x08, 0xC4, 0x08, 0xC4, 0x08, 0xC4, 0x08, 0xE4, 0x08, 0xE4, 0x08, 0xE4, 0x08, 0xE4, 0x08,
    0xE4, 0x08, 0xE4, 0x08, 0xE4, 0x08, 0xE4, 0x08, 0xE4, 0x08, 0x04, 0x09, 0x04, 0x09, 0x05, 0x09,
    0x05, 0x09, 0x05, 0x09, 0x05, 0x09, 0x05, 0x09, 0x05, 0x09, 0x25, 0x09, 0x25, 0x09, 0x25, 0x09,
    0x25, 0x09, 0x25, 0x09, 0x25, 0x09, 0x25, 0x09, 0x25, 0x09, 0x45, 0x09, 0x46, 0x09, 0x46, 0x09,
    0x46, 0x09, 0x46, 0x09, 0x46, 0x09, 0x46, 0x09, 0x66, 0x09, 0x66, 0x09, 0x66, 0x09, 0x66, 0x09,
    0x66, 0x09, 0x66, 0x11, 0x66, 0x11, 0x86, 0x11, 0x87, 0x11, 0x87, 0x11, 0x87, 0x11, 0x87, 0x11,
    0x87, 0x11, 0x87, 0x11, 0xA7, 0x11, 0xA7, 0x11, 0xA7, 0x11, 0xA7, 0x11, 0xA7, 0x11, 0xA7, 0x11,
    0xA7, 0x11, 0xA8, 0x11, 0xC8, 0x11, 0xC8, 0x11, 0xC8, 0x11, 0xC8, 0x11, 0xC8, 0x11, 0xC8, 0x11,
    0xC8, 0x11, 0xE8, 0x11, 0xE8, 0x11, 0xE8, 0x11, 0xE8, 0x11, 0xE8, 0x11, 0xE8, 0x11, 0xE8, 0x11,
    0xE8, 0x11, 0xE8, 0x11, 0xE8, 0x11, 0xE9, 0x11, 0x09, 0x12, 0x09, 0x12, 0x09, 0x12, 0x09, 0x12,
    0x09, 0x12, 0x09, 0x12, 0x09, 0x12, 0x09, 0x12, 0x09, 0x12, 0x09, 0x12, 0x09, 0x12, 0x09, 0x12,
    0x09, 0x12, 0x09, 0x12, 0x09, 0x12, 0x09, 0x12, 0x09, 0x12, 0x09, 0x12, 0x09, 0x12, 0x09, 0x12,
    0xE9, 0x11, 0xE9, 0x11, 0xE8, 0x11, 0xE8, 0x11, 0xE8, 0x11, 0xE8, 0x11, 0xE8, 0x11, 0xE8, 0x11,
    0xE8, 0x11, 0xE8, 0x11, 0xE8, 0x11, 0xC8, 0x11, 0xC8, 0x11, 0xC8, 0x11, 0xC8, 0x11, 0xC8, 0x11,
    0xC8, 0x11, 0xC8, 0x11, 0xC8, 0x11, 0xA7, 0x11, 0xA7, 0x11, 0xA7, 0x11, 0xA7, 0x11, 0xA7, 0x11,
    0xA7, 0x11, 0xA7, 0x11, 0x87, 0x11, 0x87, 0x11, 0x87, 0x11, 0x87, 0x11, 0x87, 0x11, 0x87, 0x11,
    0x87, 0x11, 0x66, 0x11, 0x66, 0x11, 0x66, 0x09, 0x66, 0x09, 0x66, 0x09, 0x66, 0x09, 0x66, 0x09,
    0x46, 0x09, 0x46, 0x09, 0x46, 0x09, 0x46, 0x09, 0x46, 0x09, 0x46, 0x09, 0x45, 0x09, 0x25, 0x09,
    0x25, 0x09, 0x25, 0x09, 0x25, 0x09, 0x25, 0x09, 0x25, 0x09, 0x25, 0x09, 0x25, 0x09, 0x05, 0x09,
    0x05, 0x09, 0x05, 0x09, 0x05, 0x09, 0x05, 0x09, 0x05, 0x09, 0x04, 0x09, 0x04, 0x09, 0xE4, 0x08,
    0xE4, 0x08, 0xE4, 0x08, 0xE4, 0x08, 0xE4, 0x08, 0xE4, 0x08, 0xE4, 0x08, 0xE4, 0x08, 0xE4, 0x08,
    0xC4, 0x08, 0xC4, 0x08, 0xC4, 0x08, 0xC4, 0x08, 0xC4, 0x08, 0xC4, 0x08, 0xC4, 0x08, 0xC3, 0x08,
    0xC3, 0x08, 0xC3, 0x08, 0xC3, 0x08, 0xA3, 0x08, 0xA3, 0x08, 0xA3, 0x08, 0xA3, 0x08, 0xA3, 0x08,
    0xA3, 0x08, 0xA3, 0x08, 0xA3, 0x08, 0xA3, 0x08, 0xA3, 0x08, 0xA3, 0x08, 0xA3, 0x08, 0x83, 0x08,
    0x83, 0x08, 0x83, 0x08, 0x83, 0x08, 0x83, 0x08, 0x83, 0x08, 0x83, 0x08, 0x83, 0x08, 0x83, 0x08,
    0x82, 0x08, 0x82, 0x08, 0x82, 0x08, 0x82, 0x08, 0x82, 0x08, 0x82, 0x08, 0x82, 0x08, 0x82, 0x08,
    0x82, 0x08, 0x62, 0x08, 0x62, 0x08, 0x62, 0x08, 0x62, 0x08, 0x62, 0x08, 0x62, 0x08, 0x62, 0x08,
    0x62, 0x08, 0x62, 0x08, 0x62, 0x08, 0x62, 0x08, 0x62, 0x08, 0x62, 0x08, 0x62, 0x08, 0x62, 0x08,
    0x62, 0x08, 0x62, 0x08, 0x62, 0x08, 0x62, 0x08, 0x62, 0x08, 0x62, 0x08, 0x62, 0x08, 0x62, 0x08,
    0x62, 0x08, 0x62, 0x08, 0x62, 0x08, 0x62, 0x08, 0x62, 0x08, 0x62, 0x08, 0x62, 0x08, 0x62, 0x08,
    0x62, 0x08, 0x62, 0x08, 0x62, 0x08, 0x62, 0x08, 0x62, 0x08, 0x62, 0x08, 0x62, 0x08, 0x62, 0x08,
    0x62, 0x08, 0x62, 0x08, 0x62, 0x08, 0x62, 0x08, 0x62, 0x08, 0x62, 0x08, 0x62, 0x08, 0x62, 0x08,
    0x62, 0x08, 0x62, 0x08, 0x62, 0x08, 0x62, 0x08, 0x62, 0x08, 0x62, 0x08, 0x62, 0x08, 0x62, 0x08,
    0x62, 0x08, 0x62, 0x08, 0x62, 0x08, 0x62, 0x08, 0x62, 0x08, 0x62, 0x08, 0x62, 0x08, 0x62, 0x08,
    0x62, 0x08, 0x62, 0x08, 0x62, 0x08, 0x62, 0x08, 0x62, 0x08, 0x62, 0x08, 0x62, 0x08, 0x62, 0x08,
    0x62, 0x08, 0x62, 0x08, 0x62, 0x08, 0x62, 0x08, 0x62, 0x08, 0x62, 0x08, 0x62, 0x08, 0x62, 0x08,
    0x62, 0x08, 0x62, 0x08, 0x62, 0x08, 0x62, 0x08, 0x62, 0x08, 0x62, 0x08, 0x62, 0x08, 0x62, 0x08,
    0x62, 0x08, 0x62, 0x08, 0x62, 0x08, 0x62, 0x08, 0x62, 0x08, 0x62, 0x08, 0x62, 0x08, 0x82, 0x08,
    0x82, 0x08, 0x82, 0x08, 0x82, 0x08, 0x82, 0x08, 0x82, 0x08, 0x82, 0x08, 0x82, 0x08, 0x82, 0x08,
    0x83, 0x08, 0x83, 0x08, 0x83, 0x08, 0x83, 0x08, 0x83, 0x08, 0x83, 0x08, 0x83, 0x08, 0x83, 0x08,
    0x83, 0x08, 0xA3, 0x08, 0xA3, 0x08, 0xA3, 0x08, 0xA3, 0x08, 0xA3, 0x08, 0xA3, 0x08, 0xA3, 0x08,
    0xA3, 0x08, 0xA3, 0x08, 0xA3, 0x08, 0xA3, 0x08, 0xA3, 0x08, 0xC3, 0x08, 0xC3, 0x08, 0xC3, 0x08,
    0xC3, 0x08, 0xC4, 0x08, 0xC4, 0x08, 0xC4, 0x08, 0xC4, 0x08, 0xC4, 0x08, 0xC4, 0x08, 0xC4, 0x08,
    0xE4, 0x08, 0xE4, 0x08, 0xE4, 0x08, 0xE4, 0x08, 0xE4, 0x08, 0xE4, 0x08, 0xE4, 0x08, 0xE4, 0x08,
    0xE4, 0x08, 0x04, 0x09, 0x04, 0x09, 0x05, 0x09, 0x05, 0x09, 0x05, 0x09, 0x05, 0x09, 0x05, 0x09,
    0x05, 0x09, 0x25, 0x09, 0x25, 0x09, 0x25, 0x09, 0x25, 0x09, 0x25, 0x09, 0x25, 0x09, 0x25, 0x09,
    0x45, 0x09, 0x45, 0x09, 0x46, 0x09, 0x46, 0x09, 0x46, 0x09, 0x46, 0x09, 0x46, 0x09, 0x66, 0x09,
    0x66, 0x09, 0x66, 0x09, 0x66, 0x09, 0x66, 0x09, 0x66, 0x11, 0x66, 0x11, 0x66, 0x11, 0x87, 0x11,
    0x87, 0x11, 0x87, 0x11, 0x87, 0x11, 0x87, 0x11, 0x87, 0x11, 0xA7, 0x11, 0xA7, 0x11, 0xA7, 0x11,
    0xA7, 0x11, 0xA7, 0x11, 0xA7, 0x11, 0xA7, 0x11, 0xC8, 0x11, 0xC8, 0x11, 0xC8, 0x11, 0xC8, 0x11,
    0xC8, 0x11, 0xC8, 0x11, 0xC8, 0x11, 0xC8, 0x11, 0xE8, 0x11, 0xE8, 0x11, 0xE8, 0x11, 0xE8, 0x11,
    0xE8, 0x11, 0xE8, 0x11, 0xE8, 0x11, 0xE8, 0x11, 0xE8, 0x11, 0xE9, 0x11, 0x09, 0x12, 0x09, 0x12,
    0x09, 0x12, 0x09, 0x12, 0x09, 0x12, 0x09, 0x12, 0x09, 0x12, 0x09, 0x12, 0x09, 0x12, 0x09, 0x12,
    0x09, 0x12, 0x09, 0x12, 0x09, 0x12, 0x09, 0x12, 0x09, 0x12, 0x09, 0x12, 0x09, 0x12, 0x09, 0x12,
    0x09, 0x12, 0x09, 0x12, 0x09, 0x12, 0x09, 0x12, 0x09, 0x12, 0x09, 0x12, 0xE9, 0x11, 0xE9, 0x11,
    0xE8, 0x11, 0xE8, 0x11, 0xE8, 0x11, 0xE8, 0x11, 0xE8, 0x11, 0xE8, 0x11, 0xE8, 0x11, 0xE8, 0x11,
    0xC8, 0x11, 0xC8, 0x11, 0xC8, 0x11, 0xC8, 0x11, 0xC8, 0x11, 0xC8, 0x11, 0xC8, 0x11, 0xA8, 0x11,
    0xA7, 0x11, 0xA7, 0x11, 0xA7, 0x11, 0xA7, 0x11, 0xA7, 0x11, 0xA7, 0x11, 0xA7, 0x11, 0x87, 0x11,
    0x87, 0x11, 0x87, 0x11, 0x87, 0x11, 0x87, 0x11, 0x87, 0x11, 0x86, 0x11, 0x66, 0x11, 0x66, 0x11,
    0x66, 0x09, 0x66, 0x09, 0x66, 0x09, 0x66, 0x09, 0x66, 0x09, 0x46, 0x09, 0x46, 0x09, 0x46, 0x09,
    0x46, 0x09, 0x46, 0x09, 0x46, 0x09, 0x45, 0x09, 0x25, 0x09, 0x25, 0x09, 0x25, 0x09, 0x25, 0x09,
    0x25, 0x09, 0x25, 0x09, 0x25, 0x09, 0x25, 0x09, 0x05, 0x09, 0x05, 0x09, 0x05, 0x09, 0x05, 0x09,
    0x05, 0x09, 0x04, 0x09, 0x04, 0x09, 0x04, 0x09, 0xE4, 0x08, 0xE4, 0x08, 0xE4, 0x08, 0xE4, 0x08,
    0xE4, 0x08, 0xE4, 0x08, 0xE4, 0x08, 0xE4, 0x08, 0xE4, 0x08, 0xC4, 0x08, 0xC4, 0x08, 0xC4, 0x08,
    0xC4, 0x08, 0xC4, 0x08, 0xC4, 0x08, 0xC3, 0x08, 0xC3, 0x08, 0xC3, 0x08, 0xC3, 0x08, 0xA3, 0x08,
    0xA3, 0x08, 0xA3, 0x08, 0xA3, 0x08, 0xA3, 0x08, 0xA3, 0x08, 0xA3, 0x08, 0xA3, 0x08, 0xA3, 0x08,
    0xA3, 0x08, 0xA3, 0x08, 0xA3, 0x08, 0x83, 0x08, 0x83, 0x08, 0x83, 0x08, 0x83, 0x08, 0x83, 0x08,
    0x83, 0x08, 0x83, 0x08, 0x83, 0x08, 0x83, 0x08, 0x82, 0x08, 0x82, 0x08, 0x82, 0x08, 0x82, 0x08,
    0x82, 0x08, 0x82, 0x08, 0x82, 0x08, 0x82, 0x08, 0x82, 0x08, 0x62, 0x08, 0x62, 0x08, 0x62, 0x08,
    0x62, 0x08, 0x62, 0x08, 0x62, 0x08, 0x62, 0x08, 0x62, 0x08, 0x62, 0x08, 0x62, 0x08, 0x62, 0x08,
    0x62, 0x08, 0x62, 0x08, 0x62, 0x08, 0x62, 0x08, 0x62, 0x08, 0x62, 0x08, 0x62, 0x08, 0x62, 0x08,
    0x62, 0x08, 0x62, 0x08, 0x62, 0x08, 0x62, 0x08, 0x62, 0x08, 0x62, 0x08, 0x62, 0x08, 0x62, 0x08,
    0x62, 0x08, 0x62, 0x08, 0x62, 0x08, 0x62, 0x08, 0x62, 0x08, 0x62, 0x08, 0x62, 0x08, 0x62, 0x08,
    0x62, 0x08, 0x62, 0x08, 0x62, 0x08, 0x62, 0x08, 0x62, 0x08, 0x62, 0x08, 0x62, 0x08, 0x62, 0x08,
    0x62, 0x08, 0x62, 0x08, 0x62, 0x08, 0x62, 0x08, 0x62, 0x08, 0x62, 0x08, 0x62, 0x08, 0x62, 0x08,
    0x62, 0x08, 0x62, 0x08, 0x62, 0x08, 0x62, 0x08, 0x62, 0x08, 0x62, 0x08, 0x62, 0x08, 0x62, 0x08,
    0x62, 0x08, 0x62, 0x08, 0x62, 0x08, 0x62, 0x08, 0x62, 0x08, 0x62, 0x08, 0x62, 0x08, 0x62, 0x08,
    0x62, 0x08, 0x62, 0x08, 0x62, 0x08, 0x62, 0x08, 0x62, 0x08, 0x62, 0x08, 0x62, 0x08, 0x62, 0x08,
    0x62, 0x08, 0x62, 0x08, 0x62, 0x08, 0x62, 0x08, 0x62, 0x08, 0x62, 0x08, 0x62, 0x08, 0x62, 0x08,
    0x62, 0x08, 0x62, 0x08, 0x62, 0x08, 0x62, 0x08, 0x62, 0x08, 0x62, 0x08, 0x62, 0x08, 0x62, 0x08,
    0x62, 0x08, 0x62, 0x08, 0x62, 0x08, 0x82, 0x08, 0x82, 0x08, 0x82, 0x08, 0x82, 0x08, 0x82, 0x08,
    0x82, 0x08, 0x82, 0x08, 0x82, 0x08, 0x82, 0x08, 0x83, 0x08, 0x83, 0x08, 0x83, 0x08, 0x83, 0x08,
    0x83, 0x08, 0x83, 0x08, 0x83, 0x08, 0x83, 0x08, 0x83, 0x08, 0xA3, 0x08, 0xA3, 0x08, 0xA3, 0x08,
    0xA3, 0x08, 0xA3, 0x08, 0xA3, 0x08, 0xA3, 0x08, 0xA3, 0x08, 0xA3, 0x08, 0xA3, 0x08, 0xA3, 0x08,
    0xA3, 0x08, 0xC3, 0x08, 0xC3, 0x08, 0xC3, 0x08, 0xC3, 0x08, 0xC4, 0x08, 0xC4, 0x08, 0xC4, 0x08,
    0xC4, 0x08, 0xC4, 0x08, 0xC4, 0x08, 0xE4, 0x08, 0xE4, 0x08, 0xE4, 0x08, 0xE4, 0x08, 0xE4, 0x08,
    0xE4, 0x08, 0xE4, 0x08, 0xE4, 0x08, 0xE4, 0x08, 0x04, 0x09, 0x04, 0x09, 0x05, 0x09, 0x05, 0x09,
    0x05, 0x09, 0x05, 0x09, 0x05, 0x09, 0x05, 0x09, 0x25, 0x09, 0x25, 0x09, 0x25, 0x09, 0x25, 0x09,
    0x25, 0x09, 0x25, 0x09, 0x25, 0x09, 0x25, 0x09, 0x45, 0x09, 0x46, 0x09, 0x46, 0x09, 0x46, 0x09,
    0x46, 0x09, 0x46, 0x09, 0x46, 0x09, 0x66, 0x09, 0x66, 0x09, 0x66, 0x09, 0x66, 0x09, 0x66, 0x09,
    0x66, 0x11, 0x66, 0x11, 0x87, 0x11, 0x87, 0x11, 0x87, 0x11, 0x87, 0x11, 0x87, 0x11, 0x87, 0x11,
    0x87, 0x11, 0xA7, 0x11, 0xA7, 0x11, 0xA7, 0x11, 0xA7, 0x11, 0xA7, 0x11, 0xA7, 0x11, 0xA8, 0x11,
    0xC8, 0x11, 0xC8, 0x11, 0xC8, 0x11, 0xC8, 0x11, 0xC8, 0x11, 0xC8, 0x11, 0xC8, 0x11, 0xE8, 0x11,
    0xE8, 0x11, 0xE8, 0x11, 0xE8, 0x11, 0xE8, 0x11, 0xE8, 0x11, 0xE8, 0x11, 0xE8, 0x11, 0xE9, 0x11,
    0x09, 0x12, 0x09, 0x12, 0x09, 0x12, 0x09, 0x12, 0x09, 0x12, 0x09, 0x12, 0x09, 0x12, 0x09, 0x12,
    0x09, 0x12, 0x09, 0x12, 0x09, 0x12, 0x09, 0x12, 0x09, 0x12, 0x09, 0x12, 0x09, 0x12, 0x09, 0x12,
    0x09, 0x12, 0x09, 0x12, 0x09, 0x12, 0x09, 0x12, 0x09, 0x12, 0x09, 0x12, 0x09, 0x12, 0x09, 0x12,
    0x09, 0x12, 0x09, 0x12, 0x09, 0x12, 0x09, 0x12, 0x09, 0x12, 0xE9, 0x11, 0xE8, 0x11, 0xE8, 0x11,
    0xE8, 0x11, 0xE8, 0x11, 0xE8, 0x11, 0xE8, 0x11, 0xE8, 0x11, 0xE8, 0x11, 0xC8, 0x11, 0xC8, 0x11,
    0xC8, 0x11, 0xC8, 0x11, 0xC8, 0x11, 0xC8, 0x11, 0xC8, 0x11, 0xA7, 0x11, 0xA7, 0x11, 0xA7, 0x11,
    0xA7, 0x11, 0xA7, 0x11, 0xA7, 0x11, 0xA7, 0x11, 0x87, 0x11, 0x87, 0x11, 0x87, 0x11, 0x87, 0x11,
    0x87, 0x11, 0x87, 0x11, 0x66, 0x11, 0x66, 0x11, 0x66, 0x11, 0x66, 0x09, 0x66, 0x09, 0x66, 0x09,
    0x66, 0x09, 0x46, 0x09, 0x46, 0x09, 0x46, 0x09, 0x46, 0x09, 0x46, 0x09, 0x46, 0x09, 0x45, 0x09,
    0x25, 0x09, 0x25, 0x09, 0x25, 0x09, 0x25, 0x09, 0x25, 0x09, 0x25, 0x09, 0x25, 0x09, 0x25, 0x09,
    0x05, 0x09, 0x05, 0x09, 0x05, 0x09, 0x05, 0x09, 0x05, 0x09, 0x05, 0x09, 0x04, 0x09, 0x04, 0x09,
    0xE4, 0x08, 0xE4, 0x08, 0xE4, 0x08, 0xE4, 0x08, 0xE4, 0x08, 0xE4, 0x08, 0xE4, 0x08, 0xE4, 0x08,
    0xE4, 0x08, 0xC4, 0x08, 0xC4, 0x08, 0xC4, 0x08, 0xC4, 0x08, 0xC4, 0x08, 0xC4, 0x08, 0xC3, 0x08,
    0xC3, 0x08, 0xC3, 0x08, 0xC3, 0x08, 0xA3, 0x08, 0xA3, 0x08, 0xA3, 0x08, 0xA3, 0x08, 0xA3, 0x08,
    0xA3, 0x08, 0xA3, 0x08, 0xA3, 0x08, 0xA3, 0x08, 0xA3, 0x08, 0xA3, 0x08, 0xA3, 0x08, 0xA3, 0x08,
    0x83, 0x08, 0x83, 0x08, 0x83, 0x08, 0x83, 0x08, 0x83, 0x08, 0x83, 0x08, 0x83, 0x08, 0x83, 0x08,
    0x82, 0x08, 0x82, 0x08, 0x82, 0x08, 0x82, 0x08, 0x82, 0x08, 0x82, 0x08, 0x82, 0x08, 0x82, 0x08,
    0x82, 0x08, 0x62, 0x08, 0x62, 0x08, 0x62, 0x08, 0x62, 0x08, 0x62, 0x08, 0x62, 0x08, 0x62, 0x08,
    0x62, 0x08, 0x62, 0x08, 0x62, 0x08, 0x62, 0x08, 0x62, 0x08, 0x62, 0x08, 0x62, 0x08, 0x62, 0x08,
    0x62, 0x08, 0x62, 0x08, 0x62, 0x08, 0x62, 0x08, 0x62, 0x08, 0x62, 0x08, 0x62, 0x08, 0x62, 0x08,
    0x62, 0x08, 0x62, 0x08, 0x62, 0x08, 0x62, 0x08, 0x62, 0x08, 0x62, 0x08, 0x62, 0x08, 0x62, 0x08,
    0x62, 0x08, 0x62, 0x08, 0x62, 0x08, 0x62, 0x08, 0x62, 0x08, 0x62, 0x08, 0x62, 0x08, 0x62, 0x08,
    0x62, 0x08, 0x62, 0x08, 0x62, 0x08, 0x62, 0x08, 0x62, 0x08, 0x62, 0x08, 0x62, 0x08, 0x62, 0x08,
    0x62, 0x08, 0x62, 0x08, 0x62, 0x08, 0x62, 0x08, 0x62, 0x08, 0x62, 0x08, 0x62, 0x08, 0x62, 0x08,
    0x62, 0x08, 0x62, 0x08, 0x62, 0x08, 0x62, 0x08, 0x62, 0x08, 0x62, 0x08, 0x62, 0x08, 0x62, 0x08,
    0x62, 0x08, 0x62, 0x08, 0x62, 0x08, 0x62, 0x08, 0x62, 0x08, 0x62, 0x08, 0x62, 0x08, 0x62, 0x08,
    0x62, 0x08, 0x62, 0x08, 0x62, 0x08, 0x62, 0x08, 0x62, 0x08, 0x62, 0x08, 0x62, 0x08, 0x62, 0x08,
    0x62, 0x08, 0x62, 0x08, 0x62, 0x08, 0x62, 0x08, 0x62, 0x08, 0x62, 0x08, 0x62, 0x08, 0x62, 0x08,
    0x62, 0x08, 0x62, 0x08, 0x62, 0x08, 0x62, 0x08, 0x62, 0x08, 0x62, 0x08, 0x62, 0x08, 0x82, 0x08,
    0x82, 0x08, 0x82, 0x08, 0x82, 0x08, 0x82, 0x08, 0x82, 0x08, 0x82, 0x08, 0x82, 0x08, 0x82, 0x08,
    0x83, 0x08, 0x83, 0x08, 0x83, 0x08, 0x83, 0x08, 0x83, 0x08, 0x83, 0x08, 0x83, 0x08, 0x83, 0x08,
    0xA3, 0x08, 0xA3, 0x08, 0xA3, 0x08, 0xA3, 0x08, 0xA3, 0x08, 0xA3, 0x08, 0xA3, 0x08, 0xA3, 0x08,
    0xA3, 0x08, 0xA3, 0x08, 0xA3, 0x08, 0xA3, 0x08, 0xA3, 0x08, 0xC3, 0x08, 0xC3, 0x08, 0xC3, 0x08,
    0xC3, 0x08, 0xC4, 0x08, 0xC4, 0x08, 0xC4, 0x08, 0xC4, 0x08, 0xC4, 0x08, 0xC4, 0x08, 0xE4, 0x08,
    0xE4, 0x08, 0xE4, 0x08, 0xE4, 0x08, 0xE4, 0x08, 0xE4, 0x08, 0xE4, 0x08, 0xE4, 0x08, 0xE4, 0x08,
    0x04, 0x09, 0x04, 0x09, 0x05, 0x09, 0x05, 0x09, 0x05, 0x09, 0x05, 0x09, 0x05, 0x09, 0x05, 0x09,
    0x25, 0x09, 0x25, 0x09, 0x25, 0x09, 0x25, 0x09, 0x25, 0x09, 0x25, 0x09, 0x25, 0x09, 0x45, 0x09,
    0x45, 0x09, 0x46, 0x09, 0x46, 0x09, 0x46, 0x09, 0x46, 0x09, 0x46, 0x09, 0x66, 0x09, 0x66, 0x09,
    0x66, 0x09, 0x66, 0x09, 0x66, 0x09, 0x66, 0x11, 0x66, 0x11, 0x86, 0x11, 0x87, 0x11, 0x87, 0x11,
    0x87, 0x11, 0x87, 0x11, 0x87, 0x11, 0x87, 0x11, 0xA7, 0x11, 0xA7, 0x11, 0xA7, 0x11, 0xA7, 0x11,
    0xA7, 0x11, 0xA7, 0x11, 0xC7, 0x11, 0xC8, 0x11, 0xC8, 0x11, 0xC8, 0x11, 0xC8, 0x11, 0xC8, 0x11,
    0xC8, 0x11, 0xC8, 0x11, 0xE8, 0x11, 0xE8, 0x11, 0xE8, 0x11, 0xE8, 0x11, 0xE8, 0x11, 0xE8, 0x11,
    0xE8, 0x11, 0xE9, 0x11, 0x09, 0x12, 0x09, 0x12, 0x09, 0x12, 0x09, 0x12, 0x09, 0x12, 0x09, 0x12,
    0x09, 0x12, 0x09, 0x12, 0x09, 0x12, 0x09, 0x12, 0x09, 0x12, 0x09, 0x12, 0x09, 0x12, 0x09, 0x12,
    0x09, 0x12, 0x09, 0x12, 0x09, 0x12, 0x09, 0x12, 0x09, 0x12, 0x09, 0x12, 0x09, 0x12, 0x09, 0x12,
    0x09, 0x12, 0x09, 0x12, 0x09, 0x12, 0x09, 0x12, 0x09, 0x12, 0x09, 0x12, 0x09, 0x12, 0x09, 0x12,
    0x09, 0x12, 0x09, 0x12, 0xE9, 0x11, 0xE8, 0x11, 0xE8, 0x11, 0xE8, 0x11, 0xE8, 0x11, 0xE8, 0x11,
    0xE8, 0x11, 0xE8, 0x11, 0xC8, 0x11, 0xC8, 0x11, 0xC8, 0x11, 0xC8, 0x11, 0xC8, 0x11, 0xC8, 0x11,
    0xC8, 0x11, 0xC7, 0x11, 0xA7, 0x11, 0xA7, 0x11, 0xA7, 0x11, 0xA7, 0x11, 0xA7, 0x11, 0xA7, 0x11,
    0x87, 0x11, 0x87, 0x11, 0x87, 0x11, 0x87, 0x11, 0x87, 0x11, 0x87, 0x11, 0x86, 0x11, 0x66, 0x11,
    0x66, 0x11, 0x66, 0x09, 0x66, 0x09, 0x66, 0x09, 0x66, 0x09, 0x66, 0x09, 0x46, 0x09, 0x46, 0x09,
    0x46, 0x09, 0x46, 0x09, 0x46, 0x09, 0x46, 0x09, 0x45, 0x09, 0x25, 0x09, 0x25, 0x09, 0x25, 0x09,
    0x25, 0x09, 0x25, 0x09, 0x25, 0x09, 0x25, 0x09, 0x05, 0x09, 0x05, 0x09, 0x05, 0x09, 0x05, 0x09,
    0x05, 0x09, 0x05, 0x09, 0x04, 0x09, 0x04, 0x09, 0xE4, 0x08, 0xE4, 0x08, 0xE4, 0x08, 0xE4, 0x08,
    0xE4, 0x08, 0xE4, 0x08, 0xE4, 0x08, 0xE4, 0x08, 0xE4, 0x08, 0xC4, 0x08, 0xC4, 0x08, 0xC4, 0x08,
    0xC4, 0x08, 0xC4, 0x08, 0xC4, 0x08, 0xC4, 0x08, 0xC3, 0x08, 0xC3, 0x08, 0xC3, 0x08, 0xC3, 0x08,
    0xA3, 0x08, 0xA3, 0x08, 0xA3, 0x08, 0xA3, 0x08, 0xA3, 0x08, 0xA3, 0x08, 0xA3, 0x08, 0xA3, 0x08,
    0xA3, 0x08, 0xA3, 0x08, 0xA3, 0x08, 0xA3, 0x08, 0x83, 0x08, 0x83, 0x08, 0x83, 0x08, 0x83, 0x08,
    0x83, 0x08, 0x83, 0x08, 0x83, 0x08, 0x83, 0x08, 0x82, 0x08, 0x82, 0x08, 0x82, 0x08, 0x82, 0x08,
    0x82, 0x08, 0x82, 0x08, 0x82, 0x08, 0x82, 0x08, 0x82, 0x08, 0x82, 0x08, 0x62, 0x08, 0x62, 0x08,
    0x62, 0x08, 0x62, 0x08, 0x62, 0x08, 0x62, 0x08, 0x62, 0x08, 0x62, 0x08, 0x62, 0x08, 0x62, 0x08,
    0x62, 0x08, 0x62, 0x08, 0x62, 0x08, 0x62, 0x08, 0x62, 0x08, 0x62, 0x08, 0x62, 0x08, 0x62, 0x08,
    0x62, 0x08, 0x62, 0x08, 0x62, 0x08, 0x62, 0x08, 0x62, 0x08, 0x62, 0x08, 0x62, 0x08, 0x62, 0x08,
    0x62, 0x08, 0x62, 0x08, 0x62, 0x08, 0x62, 0x08, 0x62, 0x08, 0x62, 0x08, 0x62, 0x08, 0x62, 0x08,
    0x62, 0x08, 0x62, 0x08, 0x62, 0x08, 0x62, 0x08, 0x62, 0x08, 0x62, 0x08, 0x62, 0x08, 0x62, 0x08,
    0x62, 0x08, 0x62, 0x08, 0x62, 0x08, 0x62, 0x08, 0x62, 0x08, 0x62, 0x08, 0x62, 0x08, 0x62, 0x08,
    0x62, 0x08, 0x62, 0x08, 0x62, 0x08, 0x62, 0x08, 0x62, 0x08, 0x62, 0x08, 0x62, 0x08, 0x62, 0x08,
    0x62, 0x08, 0x62, 0x08, 0x62, 0x08, 0x62, 0x08, 0x62, 0x08, 0x62, 0x08, 0x62, 0x08, 0x62, 0x08,
    0x62, 0x08, 0x62, 0x08, 0x62, 0x08, 0x62, 0x08, 0x62, 0x08, 0x62, 0x08, 0x62, 0x08, 0x62, 0x08,
    0x62, 0x08, 0x62, 0x08, 0x62, 0x08, 0x62, 0x08, 0x62, 0x08, 0x62, 0x08, 0x62, 0x08, 0x62, 0x08,
    0x62, 0x08, 0x62, 0x08, 0x62, 0x08, 0x62, 0x08, 0x62, 0x08, 0x62, 0x08, 0x62, 0x08, 0x62, 0x08,
    0x62, 0x08, 0x62, 0x08, 0x82, 0x08, 0x82, 0x08, 0x82, 0x08, 0x82, 0x08, 0x82, 0x08, 0x82, 0x08,
    0x82, 0x08, 0x82, 0x08, 0x82, 0x08, 0x82, 0x08, 0x83, 0x08, 0x83, 0x08, 0x83, 0x08, 0x83, 0x08,
    0x83, 0x08, 0x83, 0x08, 0x83, 0x08, 0x83, 0x08, 0xA3, 0x08, 0xA3, 0x08, 0xA3, 0x08, 0xA3, 0x08,
    0xA3, 0x08, 0xA3, 0x08, 0xA3, 0x08, 0xA3, 0x08, 0xA3, 0x08, 0xA3, 0x08, 0xA3, 0x08, 0xA3, 0x08,
    0xC3, 0x08, 0xC3, 0x08, 0xC3, 0x08, 0xC3, 0x08, 0xC4, 0x08, 0xC4, 0x08, 0xC4, 0x08, 0xC4, 0x08,
    0xC4, 0x08, 0xC4, 0x08, 0xC4, 0x08, 0xE4, 0x08, 0xE4, 0x08, 0xE4, 0x08, 0xE4, 0x08, 0xE4, 0x08,
    0xE4, 0x08, 0xE4, 0x08, 0xE4, 0x08, 0x04, 0x09, 0x04, 0x09, 0x04, 0x09, 0x05, 0x09, 0x05, 0x09,
    0x05, 0x09, 0x05, 0x09, 0x05, 0x09, 0x25, 0x09, 0x25, 0x09, 0x25, 0x09, 0x25, 0x09, 0x25, 0x09,
    0x25, 0x09, 0x25, 0x09, 0x25, 0x09, 0x45, 0x09, 0x46, 0x09, 0x46, 0x09, 0x46, 0x09, 0x46, 0x09,
    0x46, 0x09, 0x46, 0x09, 0x66, 0x09, 0x66, 0x09, 0x66, 0x09, 0x66, 0x09, 0x66, 0x11, 0x66, 0x11,
    0x66, 0x11, 0x87, 0x11, 0x87, 0x11, 0x87, 0x11, 0x87, 0x11, 0x87, 0x11, 0x87, 0x11, 0xA7, 0x11,
    0xA7, 0x11, 0xA7, 0x11, 0xA7, 0x11, 0xA7, 0x11, 0xA7, 0x11, 0xA7, 0x11, 0xC8, 0x11, 0xC8, 0x11,
    0xC8, 0x11, 0xC8, 0x11, 0xC8, 0x11, 0xC8, 0x11, 0xE8, 0x11, 0xE8, 0x11, 0xE8, 0x11, 0xE8, 0x11,
    0xE8, 0x11, 0xE8, 0x11, 0xE8, 0x11, 0xE9, 0x11, 0xE9, 0x11, 0x09, 0x12, 0x09, 0x12, 0x09, 0x12,
    0x09, 0x12, 0x09, 0x12, 0x09, 0x12, 0x09, 0x12, 0x09, 0x12, 0x09, 0x12, 0x09, 0x12, 0x29, 0x12,
    0x29, 0x12, 0x29, 0x12, 0x29, 0x12, 0x29, 0x12, 0x29, 0x12, 0x29, 0x12, 0x29, 0x12, 0x29, 0x12,
    0x29, 0x12, 0x29, 0x12, 0x29, 0x12, 0x29, 0x12, 0x29, 0x12, 0x09, 0x12, 0x09, 0x12, 0x09, 0x12,
    0x09, 0x12, 0x09, 0x12, 0x09, 0x12, 0x09, 0x12, 0x09, 0x12, 0x09, 0x12, 0x09, 0x12, 0x09, 0x12,
    0xE9, 0x11, 0xE8, 0x11, 0xE8, 0x11, 0xE8, 0x11, 0xE8, 0x11, 0xE8, 0x11, 0xE8, 0x11, 0xE8, 0x11,
    0xC8, 0x11, 0xC8, 0x11, 0xC8, 0x11, 0xC8, 0x11, 0xC8, 0x11, 0xC8, 0x11, 0xC8, 0x11, 0xA7, 0x11,
    0xA7, 0x11, 0xA7, 0x11, 0xA7, 0x11, 0xA7, 0x11, 0xA7, 0x11, 0x87, 0x11, 0x87, 0x11, 0x87, 0x11,
    0x87, 0x11, 0x87, 0x11, 0x87, 0x11, 0x86, 0x11, 0x66, 0x11, 0x66, 0x11, 0x66, 0x09, 0x66, 0x09,
    0x66, 0x09, 0x66, 0x09, 0x66, 0x09, 0x46, 0x09, 0x46, 0x09, 0x46, 0x09, 0x46, 0x09, 0x46, 0x09,
    0x45, 0x09, 0x25, 0x09, 0x25, 0x09, 0x25, 0x09, 0x25, 0x09, 0x25, 0x09, 0x25, 0x09, 0x25, 0x09,
    0x25, 0x09, 0x05, 0x09, 0x05, 0x09, 0x05, 0x09, 0x05, 0x09, 0x05, 0x09, 0x05, 0x09, 0x04, 0x09,
    0x04, 0x09, 0xE4, 0x08, 0xE4, 0x08, 0xE4, 0x08, 0xE4, 0x08, 0xE4, 0x08, 0xE4, 0x08, 0xE4, 0x08,
    0xE4, 0x08, 0xE4, 0x08, 0xC4, 0x08, 0xC4, 0x08, 0xC4, 0x08, 0xC4, 0x08, 0xC4, 0x08, 0xC4, 0x08,
    0xC3, 0x08, 0xC3, 0x08, 0xC3, 0x08, 0xC3, 0x08, 0xA3, 0x08, 0xA3, 0x08, 0xA3, 0x08, 0xA3, 0x08,
    0xA3, 0x08, 0xA3, 0x08, 0xA3, 0x08, 0xA3, 0x08, 0xA3, 0x08, 0xA3, 0x08, 0xA3, 0x08, 0xA3, 0x08,
    0x83, 0x08, 0x83, 0x08, 0x83, 0x08, 0x83, 0x08, 0x83, 0x08, 0x83, 0x08, 0x83, 0x08, 0x83, 0x08,
    0x83, 0x08, 0x82, 0x08, 0x82, 0x08, 0x82, 0x08, 0x82, 0x08, 0x82, 0x08, 0x82, 0x08, 0x82, 0x08,
    0x82, 0x08, 0x82, 0x08, 0x62, 0x08, 0x62, 0x08, 0x62, 0x08, 0x62, 0x08, 0x62, 0x08, 0x62, 0x08,
    0x62, 0x08, 0x62, 0x08, 0x62, 0x08, 0x62, 0x08, 0x62, 0x08, 0x62, 0x08, 0x62, 0x08, 0x62, 0x08,
    0x62, 0x08, 0x62, 0x08, 0x62, 0x08, 0x62, 0x08, 0x62, 0x08, 0x62, 0x08, 0x62, 0x08, 0x62, 0x08,
    0x62, 0x08, 0x62, 0x08, 0x62, 0x08, 0x62, 0x08, 0x62, 0x08, 0x62, 0x08, 0x62, 0x08, 0x62, 0x08,
    0x62, 0x08, 0x62, 0x08, 0x62, 0x08, 0x62, 0x08, 0x62, 0x08, 0x62, 0x08, 0x62, 0x08, 0x62, 0x08,
    0x62, 0x08, 0x62, 0x08, 0x62, 0x08, 0x62, 0x08, 0x62, 0x08, 0x62, 0x08, 0x62, 0x08, 0x62, 0x08,
    0x62, 0x08, 0x62, 0x08, 0x62, 0x08, 0x62, 0x08, 0x62, 0x08, 0x62, 0x08, 0x62, 0x08, 0x62, 0x08,
    0x62, 0x08, 0x62, 0x08, 0x62, 0x08, 0x62, 0x08, 0x62, 0x08, 0x62, 0x08, 0x62, 0x08, 0x62, 0x08,
    0x62, 0x08, 0x62, 0x08, 0x62, 0x08, 0x62, 0x08, 0x62, 0x08, 0x62, 0x08, 0x62, 0x08, 0x62, 0x08,
    0x62, 0x08, 0x62, 0x08, 0x62, 0x08, 0x62, 0x08, 0x62, 0x08, 0x62, 0x08, 0x62, 0x08, 0x62, 0x08,
    0x62, 0x08, 0x62, 0x08, 0x62, 0x08, 0x62, 0x08, 0x62, 0x08, 0x62, 0x08, 0x62, 0x08, 0x62, 0x08,
    0x62, 0x08, 0x62, 0x08, 0x62, 0x08, 0x62, 0x08, 0x62, 0x08, 0x62, 0x08, 0x82, 0x08, 0x82, 0x08,
    0x82, 0x08, 0x82, 0x08, 0x82, 0x08, 0x82, 0x08, 0x82, 0x08, 0x82, 0x08, 0x82, 0x08, 0x83, 0x08,
    0x83, 0x08, 0x83, 0x08, 0x83, 0x08, 0x83, 0x08, 0x83, 0x08, 0x83, 0x08, 0x83, 0x08, 0x83, 0x08,
    0xA3, 0x08, 0xA3, 0x08, 0xA3, 0x08, 0xA3, 0x08, 0xA3, 0x08, 0xA3, 0x08, 0xA3, 0x08, 0xA3, 0x08,
    0xA3, 0x08, 0xA3, 0x08, 0xA3, 0x08, 0xA3, 0x08, 0xC3, 0x08, 0xC3, 0x08, 0xC3, 0x08, 0xC3, 0x08,
    0xC4, 0x08, 0xC4, 0x08, 0xC4, 0x08, 0xC4, 0x08, 0xC4, 0x08, 0xC4, 0x08, 0xE4, 0x08, 0xE4, 0x08,
    0xE4, 0x08, 0xE4, 0x08, 0xE4, 0x08, 0xE4, 0x08, 0xE4, 0x08, 0xE4, 0x08, 0xE4, 0x08, 0x04, 0x09,
    0x04, 0x09, 0x05, 0x09, 0x05, 0x09, 0x05, 0x09, 0x05, 0x09, 0x05, 0x09, 0x05, 0x09, 0x25, 0x09,
    0x25, 0x09, 0x25, 0x09, 0x25, 0x09, 0x25, 0x09, 0x25, 0x09, 0x25, 0x09, 0x45, 0x09, 0x45, 0x09,
    0x46, 0x09, 0x46, 0x09, 0x46, 0x09, 0x46, 0x09, 0x46, 0x09, 0x66, 0x09, 0x66, 0x09, 0x66, 0x09,
    0x66, 0x09, 0x66, 0x09, 0x66, 0x11, 0x66, 0x11, 0x86, 0x11, 0x87, 0x11, 0x87, 0x11, 0x87, 0x11,
    0x87, 0x11, 0x87, 0x11, 0x87, 0x11, 0xA7, 0x11, 0xA7, 0x11, 0xA7, 0x11, 0xA7, 0x11, 0xA7, 0x11,
    0xA7, 0x11, 0xC8, 0x11, 0xC8, 0x11, 0xC8, 0x11, 0xC8, 0x11, 0xC8, 0x11, 0xC8, 0x11, 0xC8, 0x11,
    0xE8, 0x11, 0xE8, 0x11, 0xE8, 0x11, 0xE8, 0x11, 0xE8, 0x11, 0xE8, 0x11, 0xE9, 0x11, 0x09, 0x12,
    0x09, 0x12, 0x09, 0x12, 0x09, 0x12, 0x09, 0x12, 0x09, 0x12, 0x09, 0x12, 0x09, 0x12, 0x09, 0x12,
    0x29, 0x12, 0x29, 0x12, 0x29, 0x12, 0x29, 0x12, 0x29, 0x12, 0x29, 0x12, 0x29, 0x12, 0x29, 0x12,
    0x29, 0x12, 0x29, 0x12, 0x29, 0x12, 0x29, 0x12, 0x29, 0x12, 0x29, 0x12, 0x29, 0x12, 0x29, 0x12,
    0x29, 0x12, 0x29, 0x12, 0x29, 0x12, 0x29, 0x12, 0x09, 0x12, 0x09, 0x12, 0x09, 0x12, 0x09, 0x12,
    0x09, 0x12, 0x09, 0x12, 0x09, 0x12, 0x09, 0x12, 0x09, 0x12, 0x09, 0x12, 0xE8, 0x11, 0xE8, 0x11,
    0xE8, 0x11, 0xE8, 0x11, 0xE8, 0x11, 0xE8, 0x11, 0xE8, 0x11, 0xC8, 0x11, 0xC8, 0x11, 0xC8, 0x11,
    0xC8, 0x11, 0xC8, 0x11, 0xC8, 0x11, 0xA7, 0x11, 0xA7, 0x11, 0xA7, 0x11, 0xA7, 0x11, 0xA7, 0x11,
    0xA7, 0x11, 0xA7, 0x11, 0x87, 0x11, 0x87, 0x11, 0x87, 0x11, 0x87, 0x11, 0x87, 0x11, 0x87, 0x11,
    0x66, 0x11, 0x66, 0x11, 0x66, 0x09, 0x66, 0x09, 0x66, 0x09, 0x66, 0x09, 0x66, 0x09, 0x46, 0x09,
    0x46, 0x09, 0x46, 0x09, 0x46, 0x09, 0x46, 0x09, 0x46, 0x09, 0x45, 0x09, 0x25, 0x09, 0x25, 0x09,
    0x25, 0x09, 0x25, 0x09, 0x25, 0x09, 0x25, 0x09, 0x25, 0x09, 0x05, 0x09, 0x05, 0x09, 0x05, 0x09,
    0x05, 0x09, 0x05, 0x09, 0x05, 0x09, 0x04, 0x09, 0x04, 0x09, 0xE4, 0x08, 0xE4, 0x08, 0xE4, 0x08,
    0xE4, 0x08, 0xE4, 0x08, 0xE4, 0x08, 0xE4, 0x08, 0xE4, 0x08, 0xE4, 0x08, 0xC4, 0x08, 0xC4, 0x08,
    0xC4, 0x08, 0xC4, 0x08, 0xC4, 0x08, 0xC4, 0x08, 0xC3, 0x08, 0xC3, 0x08, 0xC3, 0x08, 0xC3, 0x08,
    0xA3, 0x08, 0xA3, 0x08, 0xA3, 0x08, 0xA3, 0x08, 0xA3, 0x08, 0xA3, 0x08, 0xA3, 0x08, 0xA3, 0x08,
    0xA3, 0x08, 0xA3, 0x08, 0xA3, 0x08, 0xA3, 0x08, 0x83, 0x08, 0x83, 0x08, 0x83, 0x08, 0x83, 0x08,
    0x83, 0x08, 0x83, 0x08, 0x83, 0x08, 0x83, 0x08, 0x83, 0x08, 0x82, 0x08, 0x82, 0x08, 0x82, 0x08,
    0x82, 0x08, 0x82, 0x08, 0x82, 0x08, 0x82, 0x08, 0x82, 0x08, 0x82, 0x08, 0x62, 0x08, 0x62, 0x08,
    0x62, 0x08, 0x62, 0x08, 0x62, 0x08, 0x62, 0x08, 0x62, 0x08, 0x62, 0x08, 0x62, 0x08, 0x62, 0x08,
    0x62, 0x08, 0x62, 0x08, 0x62, 0x08, 0x62, 0x08, 0x62, 0x08, 0x62, 0x08, 0x62, 0x08, 0x62, 0x08,
    0x62, 0x08, 0x62, 0x08, 0x62, 0x08, 0x62, 0x08, 0x62, 0x08, 0x62, 0x08, 0x62, 0x08, 0x62, 0x08,
    0x62, 0x08, 0x62, 0x08, 0x62, 0x08, 0x62, 0x08, 0x62, 0x08, 0x62, 0x08, 0x62, 0x08, 0x62, 0x08,
    0x62, 0x08, 0x62, 0x08, 0x62, 0x08, 0x62, 0x08, 0x62, 0x08, 0x62, 0x08, 0x62, 0x08, 0x62, 0x08,
    0x62, 0x08, 0x62, 0x08, 0x62, 0x08, 0x62, 0x08, 0x62, 0x08, 0x62, 0x08, 0x62, 0x08, 0x62, 0x08,
    0x62, 0x08, 0x62, 0x08, 0x62, 0x08, 0x62, 0x08, 0x62, 0x08, 0x62, 0x08, 0x62, 0x08, 0x62, 0x08,
    0x62, 0x08, 0x62, 0x08, 0x62, 0x08, 0x62, 0x08, 0x62, 0x08, 0x62, 0x08, 0x62, 0x08, 0x62, 0x08,
    0x62, 0x08, 0x62, 0x08, 0x62, 0x08, 0x62, 0x08, 0x62, 0x08, 0x62, 0x08, 0x62, 0x08, 0x62, 0x08,
    0x62, 0x08, 0x62, 0x08, 0x62, 0x08, 0x62, 0x08, 0x62, 0x08, 0x62, 0x08, 0x62, 0x08, 0x62, 0x08,
    0x62, 0x08, 0x62, 0x08, 0x62, 0x08, 0x62, 0x08, 0x62, 0x08, 0x62, 0x08, 0x62, 0x08, 0x62, 0x08,
    0x62, 0x08, 0x62, 0x08, 0x82, 0x08, 0x82, 0x08, 0x82, 0x08, 0x82, 0x08, 0x82, 0x08, 0x82, 0x08,
    0x82, 0x08, 0x82, 0x08, 0x82, 0x08, 0x83, 0x08, 0x83, 0x08, 0x83, 0x08, 0x83, 0x08, 0x83, 0x08,
    0x83, 0x08, 0x83, 0x08, 0x83, 0x08, 0x83, 0x08, 0xA3, 0x08, 0xA3, 0x08, 0xA3, 0x08, 0xA3, 0x08,
    0xA3, 0x08, 0xA3, 0x08, 0xA3, 0x08, 0xA3, 0x08, 0xA3, 0x08, 0xA3, 0x08, 0xA3, 0x08, 0xA3, 0x08,
    0xC3, 0x08, 0xC3, 0x08, 0xC3, 0x08, 0xC3, 0x08, 0xC4, 0x08, 0xC4, 0x08, 0xC4, 0x08, 0xC4, 0x08,
    0xC4, 0x08, 0xC4, 0x08, 0xE4, 0x08, 0xE4, 0x08, 0xE4, 0x08, 0xE4, 0x08, 0xE4, 0x08, 0xE4, 0x08,
    0xE4, 0x08, 0xE4, 0x08, 0xE4, 0x08, 0x04, 0x09, 0x04, 0x09, 0x05, 0x09, 0x05, 0x09, 0x05, 0x09,
    0x05, 0x09, 0x05, 0x09, 0x05, 0x09, 0x25, 0x09, 0x25, 0x09, 0x25, 0x09, 0x25, 0x09, 0x25, 0x09,
    0x25, 0x09, 0x25, 0x09, 0x45, 0x09, 0x46, 0x09, 0x46, 0x09, 0x46, 0x09, 0x46, 0x09, 0x46, 0x09,
    0x46, 0x09, 0x66, 0x09, 0x66, 0x09, 0x66, 0x09, 0x66, 0x09, 0x66, 0x11, 0x66, 0x11, 0x86, 0x11,
    0x87, 0x11, 0x87, 0x11, 0x87, 0x11, 0x87, 0x11, 0x87, 0x11, 0x87, 0x11, 0xA7, 0x11, 0xA7, 0x11,
    0xA7, 0x11, 0xA7, 0x11, 0xA7, 0x11, 0xA7, 0x11, 0xC8, 0x11, 0xC8, 0x11, 0xC8, 0x11, 0xC8, 0x11,
    0xC8, 0x11, 0xC8, 0x11, 0xC8, 0x11, 0xE8, 0x11, 0xE8, 0x11, 0xE8, 0x11, 0xE8, 0x11, 0xE8, 0x11,
    0xE8, 0x11, 0x09, 0x12, 0x09, 0x12, 0x09, 0x12, 0x09, 0x12, 0x09, 0x12, 0x09, 0x12, 0x09, 0x12,
    0x09, 0x12, 0x09, 0x12, 0x29, 0x12, 0x29, 0x12, 0x29, 0x12, 0x29, 0x12, 0x29, 0x12, 0x29, 0x12,
    0x29, 0x12, 0x29, 0x12, 0x29, 0x12, 0x29, 0x12, 0x29, 0x12, 0x29, 0x12, 0x29, 0x12, 0x29, 0x12,
    0x29, 0x12, 0x29, 0x12, 0x29, 0x12, 0x29, 0x12, 0x29, 0x12, 0x29, 0x12, 0x29, 0x12, 0x29, 0x12,
    0x29, 0x12, 0x29, 0x12, 0x09, 0x12, 0x09, 0x12, 0x09, 0x12, 0x09, 0x12, 0x09, 0x12, 0x09, 0x12,
    0x09, 0x12, 0x09, 0x12, 0x09, 0x12, 0xE9, 0x11, 0xE8, 0x11, 0xE8, 0x11, 0xE8, 0x11, 0xE8, 0x11,
    0xE8, 0x11, 0xC8, 0x11, 0xC8, 0x11, 0xC8, 0x11, 0xC8, 0x11, 0xC8, 0x11, 0xC8, 0x11, 0xC8, 0x11,
    0xA7, 0x11, 0xA7, 0x11, 0xA7, 0x11, 0xA7, 0x11, 0xA7, 0x11, 0xA7, 0x11, 0x87, 0x11, 0x87, 0x11,
    0x87, 0x11, 0x87, 0x11, 0x87, 0x11, 0x87, 0x11, 0x86, 0x11, 0x66, 0x11, 0x66, 0x11, 0x66, 0x09,
    0x66, 0x09, 0x66, 0x09, 0x66, 0x09, 0x46, 0x09, 0x46, 0x09, 0x46, 0x09, 0x46, 0x09, 0x46, 0x09,
    0x46, 0x09, 0x45, 0x09, 0x25, 0x09, 0x25, 0x09, 0x25, 0x09, 0x25, 0x09, 0x25, 0x09, 0x25, 0x09,
    0x25, 0x09, 0x25, 0x09, 0x05, 0x09, 0x05, 0x09, 0x05, 0x09, 0x05, 0x09, 0x05, 0x09, 0x04, 0x09,
    0x04, 0x09, 0x04, 0x09, 0xE4, 0x08, 0xE4, 0x08, 0xE4, 0x08, 0xE4, 0x08, 0xE4, 0x08, 0xE4, 0x08,
    0xE4, 0x08, 0xE4, 0x08, 0xC4, 0x08, 0xC4, 0x08, 0xC4, 0x08, 0xC4, 0x08, 0xC4, 0x08, 0xC4, 0x08,
    0xC4, 0x08, 0xC3, 0x08, 0xC3, 0x08, 0xC3, 0x08, 0xA3, 0x08, 0xA3, 0x08, 0xA3, 0x08, 0xA3, 0x08,
    0xA3, 0x08, 0xA3, 0x08, 0xA3, 0x08, 0xA3, 0x08, 0xA3, 0x08, 0xA3, 0x08, 0xA3, 0x08, 0xA3, 0x08,
    0xA3, 0x08, 0x83, 0x08, 0x83, 0x08, 0x83, 0x08, 0x83, 0x08, 0x83, 0x08, 0x83, 0x08, 0x83, 0x08,
    0x83, 0x08, 0x82, 0x08, 0x82, 0x08, 0x82, 0x08, 0x82, 0x08, 0x82, 0x08, 0x82, 0x08, 0x82, 0x08,
    0x82, 0x08, 0x82, 0x08, 0x62, 0x08, 0x62, 0x08, 0x62, 0x08, 0x62, 0x08, 0x62, 0x08, 0x62, 0x08,
    0x62, 0x08, 0x62, 0x08, 0x62, 0x08, 0x62, 0x08, 0x62, 0x08, 0x62, 0x08, 0x62, 0x08, 0x62, 0x08,
    0x62, 0x08, 0x62, 0x08, 0x62, 0x08, 0x62, 0x08, 0x62, 0x08, 0x62, 0x08, 0x62, 0x08, 0x62, 0x08,
    0x62, 0x08, 0x62, 0x08, 0x62, 0x08, 0x62, 0x08, 0x62, 0x08, 0x62, 0x08, 0x62, 0x08, 0x62, 0x08,
    0x62, 0x08, 0x62, 0x08, 0x62, 0x08, 0x62, 0x08, 0x62, 0x08, 0x62, 0x08, 0x62, 0x08, 0x62, 0x08,
    0x62, 0x08, 0x62, 0x08, 0x62, 0x08, 0x62, 0x08, 0x62, 0x08, 0x62, 0x08, 0x62, 0x08, 0x62, 0x08,
    0x62, 0x08, 0x62, 0x08, 0x62, 0x08, 0x62, 0x08, 0x62, 0x08, 0x62, 0x08, 0x62, 0x08, 0x62, 0x08,
    0x62, 0x08, 0x62, 0x08, 0x62, 0x08, 0x62, 0x08, 0x62, 0x08, 0x62, 0x08, 0x62, 0x08, 0x62, 0x08,
    0x62, 0x08, 0x62, 0x08, 0x62, 0x08, 0x62, 0x08, 0x62, 0x08, 0x62, 0x08, 0x62, 0x08, 0x62, 0x08,
    0x62, 0x08, 0x62, 0x08, 0x62, 0x08, 0x62, 0x08, 0x62, 0x08, 0x62, 0x08, 0x62, 0x08, 0x62, 0x08,
    0x62, 0x08, 0x62, 0x08, 0x62, 0x08, 0x62, 0x08, 0x62, 0x08, 0x62, 0x08, 0x62, 0x08, 0x62, 0x08,
    0x62, 0x08, 0x62, 0x08, 0x62, 0x08, 0x62, 0x08, 0x62, 0x08, 0x62, 0x08, 0x82, 0x08, 0x82, 0x08,
    0x82, 0x08, 0x82, 0x08, 0x82, 0x08, 0x82, 0x08, 0x82, 0x08, 0x82, 0x08, 0x82, 0x08, 0x83, 0x08,
    0x83, 0x08, 0x83, 0x08, 0x83, 0x08, 0x83, 0x08, 0x83, 0x08, 0x83, 0x08, 0x83, 0x08, 0xA3, 0x08,
    0xA3, 0x08, 0xA3, 0x08, 0xA3, 0x08, 0xA3, 0x08, 0xA3, 0x08, 0xA3, 0x08, 0xA3, 0x08, 0xA3, 0x08,
    0xA3, 0x08, 0xA3, 0x08, 0xA3, 0x08, 0xA3, 0x08, 0xC3, 0x08, 0xC3, 0x08, 0xC3, 0x08, 0xC4, 0x08,
    0xC4, 0x08, 0xC4, 0x08, 0xC4, 0x08, 0xC4, 0x08, 0xC4, 0x08, 0xC4, 0x08, 0xE4, 0x08, 0xE4, 0x08,
    0xE4, 0x08, 0xE4, 0x08, 0xE4, 0x08, 0xE4, 0x08, 0xE4, 0x08, 0xE4, 0x08, 0x04, 0x09, 0x04, 0x09,
    0x04, 0x09, 0x05, 0x09, 0x05, 0x09, 0x05, 0x09, 0x05, 0x09, 0x05, 0x09, 0x25, 0x09, 0x25, 0x09,
    0x25, 0x09, 0x25, 0x09, 0x25, 0x09, 0x25, 0x09, 0x25, 0x09, 0x45, 0x09, 0x45, 0x09, 0x46, 0x09,
    0x46, 0x09, 0x46, 0x09, 0x46, 0x09, 0x46, 0x09, 0x66, 0x09, 0x66, 0x09, 0x66, 0x09, 0x66, 0x09,
    0x66, 0x09, 0x66, 0x11, 0x66, 0x11, 0x87, 0x11, 0x87, 0x11, 0x87, 0x11, 0x87, 0x11, 0x87, 0x11,
    0x87, 0x11, 0xA7, 0x11, 0xA7, 0x11, 0xA7, 0x11, 0xA7, 0x11, 0xA7, 0x11, 0xA7, 0x11, 0xC8, 0x11,
    0xC8, 0x11, 0xC8, 0x11, 0xC8, 0x11, 0xC8, 0x11, 0xC8, 0x11, 0xC8, 0x11, 0xE8, 0x11, 0xE8, 0x11,
    0xE8, 0x11, 0xE8, 0x11, 0xE8, 0x11, 0xE9, 0x11, 0xE9, 0x11, 0x09, 0x12, 0x09, 0x12, 0x09, 0x12,
    0x09, 0x12, 0x09, 0x12, 0x09, 0x12, 0x09, 0x12, 0x29, 0x12, 0x29, 0x12, 0x29, 0x12, 0x29, 0x12,
    0x29, 0x12, 0x29, 0x12, 0x29, 0x12, 0x29, 0x12, 0x29, 0x12, 0x29, 0x12, 0x29, 0x12, 0x29, 0x12,
    0x2A, 0x12, 0x2A, 0x12, 0x2A, 0x12, 0x2A, 0x12, 0x29, 0x12, 0x29, 0x12, 0x29, 0x12, 0x29, 0x12,
    0x29, 0x12, 0x29, 0x12, 0x29, 0x12, 0x29, 0x12, 0x29, 0x12, 0x29, 0x12, 0x29, 0x12, 0x29, 0x12,
    0x09, 0x12, 0x09, 0x12, 0x09, 0x12, 0x09, 0x12, 0x09, 0x12, 0x09, 0x12, 0x09, 0x12, 0x09, 0x12,
    0xE8, 0x11, 0xE8, 0x11, 0xE8, 0x11, 0xE8, 0x11, 0xE8, 0x11, 0xE8, 0x11, 0xE8, 0x11, 0xC8, 0x11,
    0xC8, 0x11, 0xC8, 0x11, 0xC8, 0x11, 0xC8, 0x11, 0xC8, 0x11, 0xA7, 0x11, 0xA7, 0x11, 0xA7, 0x11,
    0xA7, 0x11, 0xA7, 0x11, 0xA7, 0x11, 0x87, 0x11, 0x87, 0x11, 0x87, 0x11, 0x87, 0x11, 0x87, 0x11,
    0x87, 0x11, 0x66, 0x11, 0x66, 0x11, 0x66, 0x09, 0x66, 0x09, 0x66, 0x09, 0x66, 0x09, 0x66, 0x09,
    0x46, 0x09, 0x46, 0x09, 0x46, 0x09, 0x46, 0x09, 0x46, 0x09, 0x45, 0x09, 0x45, 0x09, 0x25, 0x09,
    0x25, 0x09, 0x25, 0x09, 0x25, 0x09, 0x25, 0x09, 0x25, 0x09, 0x25, 0x09, 0x05, 0x09, 0x05, 0x09,
    0x05, 0x09, 0x05, 0x09, 0x05, 0x09, 0x04, 0x09, 0x04, 0x09, 0x04, 0x09, 0xE4, 0x08, 0xE4, 0x08,
    0xE4, 0x08, 0xE4, 0x08, 0xE4, 0x08, 0xE4, 0x08, 0xE4, 0x08, 0xE4, 0x08, 0xE4, 0x08, 0xC4, 0x08,
    0xC4, 0x08, 0xC4, 0x08, 0xC4, 0x08, 0xC4, 0x08, 0xC4, 0x08, 0xC3, 0x08, 0xC3, 0x08, 0xC3, 0x08,
    0xC3, 0x08, 0xA3, 0x08, 0xA3, 0x08, 0xA3, 0x08, 0xA3, 0x08, 0xA3, 0x08, 0xA3, 0x08, 0xA3, 0x08,
    0xA3, 0x08, 0xA3, 0x08, 0xA3, 0x08, 0xA3, 0x08, 0xA3, 0x08, 0x83, 0x08, 0x83, 0x08, 0x83, 0x08,
    0x83, 0x08, 0x83, 0x08, 0x83, 0x08, 0x83, 0x08, 0x83, 0x08, 0x82, 0x08, 0x82, 0x08, 0x82, 0x08,
    0x82, 0x08, 0x82, 0x08, 0x82, 0x08, 0x82, 0x08, 0x82, 0x08, 0x82, 0x08, 0x62, 0x08, 0x62, 0x08,
    0x62, 0x08, 0x62, 0x08, 0x62, 0x08, 0x62, 0x08, 0x62, 0x08, 0x62, 0x08, 0x62, 0x08, 0x62, 0x08,
    0x62, 0x08, 0x62, 0x08, 0x62, 0x08, 0x62, 0x08, 0x62, 0x08, 0x62, 0x08, 0x62, 0x08, 0x62, 0x08,
    0x62, 0x08, 0x62, 0x08, 0x62, 0x08, 0x62, 0x08, 0x62, 0x08, 0x62, 0x08, 0x62, 0x08, 0x62, 0x08,
    0x62, 0x08, 0x62, 0x08, 0x62, 0x08, 0x62, 0x08, 0x62, 0x08, 0x62, 0x08, 0x62, 0x08, 0x62, 0x08,
    0x62, 0x08, 0x62, 0x08, 0x62, 0x08, 0x62, 0x08, 0x62, 0x08, 0x62, 0x08, 0x62, 0x08, 0x62, 0x08,
    0x62, 0x08, 0x62, 0x08, 0x62, 0x08, 0x62, 0x08, 0x62, 0x08, 0x62, 0x08, 0x62, 0x08, 0x62, 0x08,
    0x62, 0x08, 0x62, 0x08, 0x62, 0x08, 0x62, 0x08, 0x62, 0x08, 0x62, 0x08, 0x62, 0x08, 0x62, 0x08,
    0x62, 0x08, 0x62, 0x08, 0x62, 0x08, 0x62, 0x08, 0x62, 0x08, 0x62, 0x08, 0x62, 0x08, 0x62, 0x08,
    0x62, 0x08, 0x62, 0x08, 0x62, 0x08, 0x62, 0x08, 0x62, 0x08, 0x62, 0x08, 0x62, 0x08, 0x62, 0x08,
    0x62, 0x08, 0x62, 0x08, 0x62, 0x08, 0x62, 0x08, 0x62, 0x08, 0x62, 0x08, 0x62, 0x08, 0x62, 0x08,
    0x62, 0x08, 0x62, 0x08, 0x62, 0x08, 0x62, 0x08, 0x62, 0x08, 0x62, 0x08, 0x62, 0x08, 0x62, 0x08,
    0x62, 0x08, 0x62, 0x08, 0x82, 0x08, 0x82, 0x08, 0x82, 0x08, 0x82, 0x08, 0x82, 0x08, 0x82, 0x08,
    0x82, 0x08, 0x82, 0x08, 0x82, 0x08, 0x83, 0x08, 0x83, 0x08, 0x83, 0x08, 0x83, 0x08, 0x83, 0x08,
    0x83, 0x08, 0x83, 0x08, 0x83, 0x08, 0xA3, 0x08, 0xA3, 0x08, 0xA3, 0x08, 0xA3, 0x08, 0xA3, 0x08,
    0xA3, 0x08, 0xA3, 0x08, 0xA3, 0x08, 0xA3, 0x08, 0xA3, 0x08, 0xA3, 0x08, 0xA3, 0x08, 0xC3, 0x08,
    0xC3, 0x08, 0xC3, 0x08, 0xC3, 0x08, 0xC4, 0x08, 0xC4, 0x08, 0xC4, 0x08, 0xC4, 0x08, 0xC4, 0x08,
    0xC4, 0x08, 0xE4, 0x08, 0xE4, 0x08, 0xE4, 0x08, 0xE4, 0x08, 0xE4, 0x08, 0xE4, 0x08, 0xE4, 0x08,
    0xE4, 0x08, 0xE4, 0x08, 0x04, 0x09, 0x04, 0x09, 0x05, 0x09, 0x05, 0x09, 0x05, 0x09, 0x05, 0x09,
    0x05, 0x09, 0x05, 0x09, 0x25, 0x09, 0x25, 0x09, 0x25, 0x09, 0x25, 0x09, 0x25, 0x09, 0x25, 0x09,
    0x25, 0x09, 0x45, 0x09, 0x46, 0x09, 0x46, 0x09, 0x46, 0x09, 0x46, 0x09, 0x46, 0x09, 0x46, 0x09,
    0x66, 0x09, 0x66, 0x09, 0x66, 0x09, 0x66, 0x09, 0x66, 0x11, 0x66, 0x11, 0x86, 0x11, 0x87, 0x11,
    0x87, 0x11, 0x87, 0x11, 0x87, 0x11, 0x87, 0x11, 0x87, 0x11, 0xA7, 0x11, 0xA7, 0x11, 0xA7, 0x11,
    0xA7, 0x11, 0xA7, 0x11, 0xA7, 0x11, 0xC8, 0x11, 0xC8, 0x11, 0xC8, 0x11, 0xC8, 0x11, 0xC8, 0x11,
    0xC8, 0x11, 0xE8, 0x11, 0xE8, 0x11, 0xE8, 0x11, 0xE8, 0x11, 0xE8, 0x11, 0xE8, 0x11, 0x09, 0x12,
    0x09, 0x12, 0x09, 0x12, 0x09, 0x12, 0x09, 0x12, 0x09, 0x12, 0x09, 0x12, 0x29, 0x12, 0x29, 0x12,
    0x29, 0x12, 0x29, 0x12, 0x29, 0x12, 0x29, 0x12, 0x29, 0x12, 0x29, 0x12, 0x2A, 0x12, 0x2A, 0x12,
    0x2A, 0x12, 0x2A, 0x12, 0x2A, 0x12, 0x4A, 0x12, 0x4A, 0x12, 0x4A, 0x12, 0x4A, 0x12, 0x4A, 0x12,
    0x4A, 0x12, 0x2A, 0x12, 0x4A, 0x12, 0x2A, 0x12, 0x2A, 0x12, 0x29, 0x12, 0x29, 0x12, 0x29, 0x12,
    0x29, 0x12, 0x29, 0x12, 0x29, 0x12, 0x29, 0x12, 0x29, 0x12, 0x29, 0x12, 0x09, 0x12, 0x09, 0x12,
    0x09, 0x12, 0x09, 0x12, 0x09, 0x12, 0x09, 0x12, 0x09, 0x12, 0xE9, 0x11, 0xE8, 0x11, 0xE8, 0x11,
    0xE8, 0x11, 0xE8, 0x11, 0xE8, 0x11, 0xC8, 0x11, 0xC8, 0x11, 0xC8, 0x11, 0xC8, 0x11, 0xC8, 0x11,
    0xC8, 0x11, 0xA7, 0x11, 0xA7, 0x11, 0xA7, 0x11, 0xA7, 0x11, 0xA7, 0x11, 0xA7, 0x11, 0xA7, 0x11,
    0x87, 0x11, 0x87, 0x11, 0x87, 0x11, 0x87, 0x11, 0x87, 0x11, 0x86, 0x11, 0x66, 0x11, 0x66, 0x11,
    0x66, 0x09, 0x66, 0x09, 0x66, 0x09, 0x66, 0x09, 0x46, 0x09, 0x46, 0x09, 0x46, 0x09, 0x46, 0x09,
    0x46, 0x09, 0x46, 0x09, 0x45, 0x09, 0x25, 0x09, 0x25, 0x09, 0x25, 0x09, 0x25, 0x09, 0x25, 0x09,
    0x25, 0x09, 0x25, 0x09, 0x05, 0x09, 0x05, 0x09, 0x05, 0x09, 0x05, 0x09, 0x05, 0x09, 0x05, 0x09,
    0x04, 0x09, 0x04, 0x09, 0xE4, 0x08, 0xE4, 0x08, 0xE4, 0x08, 0xE4, 0x08, 0xE4, 0x08, 0xE4, 0x08,
    0xE4, 0x08, 0xE4, 0x08, 0xE4, 0x08, 0xC4, 0x08, 0xC4, 0x08, 0xC4, 0x08, 0xC4, 0x08, 0xC4, 0x08,
    0xC4, 0x08, 0xC3, 0x08, 0xC3, 0x08, 0xC3, 0x08, 0xC3, 0x08, 0xA3, 0x08, 0xA3, 0x08, 0xA3, 0x08,
    0xA3, 0x08, 0xA3, 0x08, 0xA3, 0x08, 0xA3, 0x08, 0xA3, 0x08, 0xA3, 0x08, 0xA3, 0x08, 0xA3, 0x08,
    0xA3, 0x08, 0x83, 0x08, 0x83, 0x08, 0x83, 0x08, 0x83, 0x08, 0x83, 0x08, 0x83, 0x08, 0x83, 0x08,
    0x83, 0x08, 0x82, 0x08, 0x82, 0x08, 0x82, 0x08, 0x82, 0x08, 0x82, 0x08, 0x82, 0x08, 0x82, 0x08,
    0x82, 0x08, 0x82, 0x08, 0x82, 0x08, 0x62, 0x08, 0x62, 0x08, 0x62, 0x08, 0x62, 0x08, 0x62, 0x08,
    0x62, 0x08, 0x62, 0x08, 0x62, 0x08, 0x62, 0x08, 0x62, 0x08, 0x62, 0x08, 0x62, 0x08, 0x62, 0x08,
    0x62, 0x08, 0x62, 0x08, 0x62, 0x08, 0x62, 0x08, 0x62, 0x08, 0x62, 0x08, 0x62, 0x08, 0x62, 0x08,
    0x62, 0x08, 0x62, 0x08, 0x62, 0x08, 0x62, 0x08, 0x62, 0x08, 0x62, 0x08, 0x62, 0x08, 0x62, 0x08,
    0x62, 0x08, 0x62, 0x08, 0x62, 0x08, 0x62, 0x08, 0x62, 0x08, 0x62, 0x08, 0x62, 0x08, 0x62, 0x08,
    0x62, 0x08, 0x62, 0x08, 0x62, 0x08, 0x62, 0x08, 0x62, 0x08, 0x62, 0x08, 0x62, 0x08, 0x62, 0x08,
    0x62, 0x08, 0x62, 0x08, 0x62, 0x08, 0x62, 0x08, 0x62, 0x08, 0x62, 0x08, 0x62, 0x08, 0x62, 0x08,
    0x62, 0x08, 0x62, 0x08, 0x62, 0x08, 0x62, 0x08, 0x62, 0x08, 0x62, 0x08, 0x62, 0x08, 0x62, 0x08,
    0x62, 0x08, 0x62, 0x08, 0x62, 0x08, 0x62, 0x08, 0x62, 0x08, 0x62, 0x08, 0x62, 0x08, 0x62, 0x08,
    0x62, 0x08, 0x62, 0x08, 0x62, 0x08, 0x62, 0x08, 0x62, 0x08, 0x62, 0x08, 0x62, 0x08, 0x62, 0x08,
    0x62, 0x08, 0x62, 0x08, 0x62, 0x08, 0x62, 0x08, 0x62, 0x08, 0x62, 0x08, 0x62, 0x08, 0x62, 0x08,
    0x62, 0x08, 0x62, 0x08, 0x62, 0x08, 0x62, 0x08, 0x62, 0x08, 0x82, 0x08, 0x82, 0x08, 0x82, 0x08,
    0x82, 0x08, 0x82, 0x08, 0x82, 0x08, 0x82, 0x08, 0x82, 0x08, 0x82, 0x08, 0x82, 0x08, 0x83, 0x08,
    0x83, 0x08, 0x83, 0x08, 0x83, 0x08, 0x83, 0x08, 0x83, 0x08, 0x83, 0x08, 0x83, 0x08, 0xA3, 0x08,
    0xA3, 0x08, 0xA3, 0x08, 0xA3, 0x08, 0xA3, 0x08, 0xA3, 0x08, 0xA3, 0x08, 0xA3, 0x08, 0xA3, 0x08,
    0xA3, 0x08, 0xA3, 0x08, 0xA3, 0x08, 0xC3, 0x08, 0xC3, 0x08, 0xC3, 0x08, 0xC3, 0x08, 0xC4, 0x08,
    0xC4, 0x08, 0xC4, 0x08, 0xC4, 0x08, 0xC4, 0x08, 0xC4, 0x08, 0xE4, 0x08, 0xE4, 0x08, 0xE4, 0x08,
    0xE4, 0x08, 0xE4, 0x08, 0xE4, 0x08, 0xE4, 0x08, 0xE4, 0x08, 0xE4, 0x08, 0x04, 0x09, 0x04, 0x09,
    0x05, 0x09, 0x05, 0x09, 0x05, 0x09, 0x05, 0x09, 0x05, 0x09, 0x05, 0x09, 0x25, 0x09, 0x25, 0x09,
    0x25, 0x09, 0x25, 0x09, 0x25, 0x09, 0x25, 0x09, 0x25, 0x09, 0x45, 0x09, 0x46, 0x09, 0x46, 0x09,
    0x46, 0x09, 0x46, 0x09, 0x46, 0x09, 0x46, 0x09, 0x66, 0x09, 0x66, 0x09, 0x66, 0x09, 0x66, 0x09,
    0x66, 0x11, 0x66, 0x11, 0x87, 0x11, 0x87, 0x11, 0x87, 0x11, 0x87, 0x11, 0x87, 0x11, 0x87, 0x11,
    0xA7, 0x11, 0xA7, 0x11, 0xA7, 0x11, 0xA7, 0x11, 0xA7, 0x11, 0xA7, 0x11, 0xC8, 0x11, 0xC8, 0x11,
    0xC8, 0x11, 0xC8, 0x11, 0xC8, 0x11, 0xC8, 0x11, 0xE8, 0x11, 0xE8, 0x11, 0xE8, 0x11, 0xE8, 0x11,
    0xE8, 0x11, 0xE8, 0x11, 0xE9, 0x11, 0x09, 0x12, 0x09, 0x12, 0x09, 0x12, 0x09, 0x12, 0x09, 0x12,
    0x09, 0x12, 0x29, 0x12, 0x29, 0x12, 0x29, 0x12, 0x29, 0x12, 0x29, 0x12, 0x29, 0x12, 0x29, 0x12,
    0x29, 0x12, 0x2A, 0x12, 0x2A, 0x12, 0x4A, 0x12, 0x4A, 0x12, 0x4A, 0x12, 0x4A, 0x12, 0x4A, 0x12,
    0x4A, 0x12, 0x4A, 0x12, 0x4A, 0x12, 0x4A, 0x12, 0x4A, 0x12, 0x4A, 0x12, 0x4A, 0x12, 0x4A, 0x12,
    0x4A, 0x12, 0x4A, 0x12, 0x2A, 0x12, 0x2A, 0x12, 0x29, 0x12, 0x29, 0x12, 0x29, 0x12, 0x29, 0x12,
    0x29, 0x12, 0x29, 0x12, 0x29, 0x12, 0x09, 0x12, 0x09, 0x12, 0x09, 0x12, 0x09, 0x12, 0x09, 0x12,
    0x09, 0x12, 0xE9, 0x11, 0xE9, 0x11, 0xE8, 0x11, 0xE8, 0x11, 0xE8, 0x11, 0xE8, 0x11, 0xE8, 0x11,
    0xC8, 0x11, 0xC8, 0x11, 0xC8, 0x11, 0xC8, 0x11, 0xC8, 0x11, 0xC8, 0x11, 0xA7, 0x11, 0xA7, 0x11,
    0xA7, 0x11, 0xA7, 0x11, 0xA7, 0x11, 0xA7, 0x11, 0x87, 0x11, 0x87, 0x11, 0x87, 0x11, 0x87, 0x11,
    0x87, 0x11, 0x87, 0x11, 0x66, 0x11, 0x66, 0x11, 0x66, 0x09, 0x66, 0x09, 0x66, 0x09, 0x66, 0x09,
    0x66, 0x09, 0x46, 0x09, 0x46, 0x09, 0x46, 0x09, 0x46, 0x09, 0x46, 0x09, 0x45, 0x09, 0x25, 0x09,
    0x25, 0x09, 0x25, 0x09, 0x25, 0x09, 0x25, 0x09, 0x25, 0x09, 0x25, 0x09, 0x25, 0x09, 0x05, 0x09,
    0x05, 0x09, 0x05, 0x09, 0x05, 0x09, 0x05, 0x09, 0x04, 0x09, 0x04, 0x09, 0xE4, 0x08, 0xE4, 0x08,
    0xE4, 0x08, 0xE4, 0x08, 0xE4, 0x08, 0xE4, 0x08, 0xE4, 0x08, 0xE4, 0x08, 0xE4, 0x08, 0xC4, 0x08,
    0xC4, 0x08, 0xC4, 0x08, 0xC4, 0x08, 0xC4, 0x08, 0xC4, 0x08, 0xC3, 0x08, 0xC3, 0x08, 0xC3, 0x08,
    0xC3, 0x08, 0xA3, 0x08, 0xA3, 0x08, 0xA3, 0x08, 0xA3, 0x08, 0xA3, 0x08, 0xA3, 0x08, 0xA3, 0x08,
    0xA3, 0x08, 0xA3, 0x08, 0xA3, 0x08, 0xA3, 0x08, 0xA3, 0x08, 0x83, 0x08, 0x83, 0x08, 0x83, 0x08,
    0x83, 0x08, 0x83, 0x08, 0x83, 0x08, 0x83, 0x08, 0x83, 0x08, 0x83, 0x08, 0x82, 0x08, 0x82, 0x08,
    0x82, 0x08, 0x82, 0x08, 0x82, 0x08, 0x82, 0x08, 0x82, 0x08, 0x82, 0x08, 0x82, 0x08, 0x62, 0x08,
    0x62, 0x08, 0x62, 0x08, 0x62, 0x08, 0x62, 0x08, 0x62, 0x08, 0x62, 0x08, 0x62, 0x08, 0x62, 0x08,
    0x62, 0x08, 0x62, 0x08, 0x62, 0x08, 0x62, 0x08, 0x62, 0x08, 0x62, 0x08, 0x62, 0x08, 0x62, 0x08,
    0x62, 0x08, 0x62, 0x08, 0x62, 0x08, 0x62, 0x08, 0x62, 0x08, 0x62, 0x08, 0x62, 0x08, 0x62, 0x08,
    0x62, 0x08, 0x62, 0x08, 0x62, 0x08, 0x62, 0x08, 0x62, 0x08, 0x62, 0x08, 0x62, 0x08, 0x62, 0x08,
    0x62, 0x08, 0x62, 0x08, 0x62, 0x08, 0x62, 0x08, 0x62, 0x08, 0x62, 0x08, 0x62, 0x08, 0x62, 0x08,
    0x62, 0x08, 0x62, 0x08, 0x62, 0x08, 0x62, 0x08, 0x62, 0x08, 0x62, 0x08, 0x62, 0x08, 0x62, 0x08,
    0x62, 0x08, 0x62, 0x08, 0x62, 0x08, 0x62, 0x08, 0x62, 0x08, 0x62, 0x08, 0x62, 0x08, 0x62, 0x08,
    0x62, 0x08, 0x62, 0x08, 0x62, 0x08, 0x62, 0x08, 0x62, 0x08, 0x62, 0x08, 0x62, 0x08, 0x62, 0x08,
    0x62, 0x08, 0x62, 0x08, 0x62, 0x08, 0x62, 0x08, 0x62, 0x08, 0x62, 0x08, 0x62, 0x08, 0x62, 0x08,
    0x62, 0x08, 0x62, 0x08, 0x62, 0x08, 0x62, 0x08, 0x62, 0x08, 0x62, 0x08, 0x62, 0x08, 0x62, 0x08,
    0x62, 0x08, 0x62, 0x08, 0x62, 0x08, 0x62, 0x08, 0x62, 0x08, 0x62, 0x08, 0x62, 0x08, 0x62, 0x08,
    0x62, 0x08, 0x82, 0x08, 0x82, 0x08, 0x82, 0x08, 0x82, 0x08, 0x82, 0x08, 0x82, 0x08, 0x82, 0x08,
    0x82, 0x08, 0x82, 0x08, 0x83, 0x08, 0x83, 0x08, 0x83, 0x08, 0x83, 0x08, 0x83, 0x08, 0x83, 0x08,
    0x83, 0x08, 0x83, 0x08, 0x83, 0x08, 0xA3, 0x08, 0xA3, 0x08, 0xA3, 0x08, 0xA3, 0x08, 0xA3, 0x08,
    0xA3, 0x08, 0xA3, 0x08, 0xA3, 0x08, 0xA3, 0x08, 0xA3, 0x08, 0xA3, 0x08, 0xA3, 0x08, 0xC3, 0x08,
    0xC3, 0x08, 0xC3, 0x08, 0xC3, 0x08, 0xC4, 0x08, 0xC4, 0x08, 0xC4, 0x08, 0xC4, 0x08, 0xC4, 0x08,
    0xC4, 0x08, 0xE4, 0x08, 0xE4, 0x08, 0xE4, 0x08, 0xE4, 0x08, 0xE4, 0x08, 0xE4, 0x08, 0xE4, 0x08,
    0xE4, 0x08, 0xE4, 0x08, 0x04, 0x09, 0x04, 0x09, 0x05, 0x09, 0x05, 0x09, 0x05, 0x09, 0x05, 0x09,
    0x05, 0x09, 0x25, 0x09, 0x25, 0x09, 0x25, 0x09, 0x25, 0x09, 0x25, 0x09, 0x25, 0x09, 0x25, 0x09,
    0x45, 0x09, 0x45, 0x09, 0x46, 0x09, 0x46, 0x09, 0x46, 0x09, 0x46, 0x09, 0x46, 0x09, 0x66, 0x09,
    0x66, 0x09, 0x66, 0x09, 0x66, 0x09, 0x66, 0x09, 0x66, 0x11, 0x86, 0x11, 0x87, 0x11, 0x87, 0x11,
    0x87, 0x11, 0x87, 0x11, 0x87, 0x11, 0x87, 0x11, 0xA7, 0x11, 0xA7, 0x11, 0xA7, 0x11, 0xA7, 0x11,
    0xA7, 0x11, 0xA7, 0x11, 0xC8, 0x11, 0xC8, 0x11, 0xC8, 0x11, 0xC8, 0x11, 0xC8, 0x11, 0xC8, 0x11,
    0xE8, 0x11, 0xE8, 0x11, 0xE8, 0x11, 0xE8, 0x11, 0xE8, 0x11, 0x09, 0x12, 0x09, 0x12, 0x09, 0x12,
    0x09, 0x12, 0x09, 0x12, 0x09, 0x12, 0x09, 0x12, 0x29, 0x12, 0x29, 0x12, 0x29, 0x12, 0x29, 0x12,
    0x29, 0x12, 0x29, 0x12, 0x29, 0x12, 0x2A, 0x12, 0x2A, 0x12, 0x4A, 0x12, 0x4A, 0x12, 0x4A, 0x12,
    0x4A, 0x12, 0x4A, 0x12, 0x4A, 0x12, 0x4A, 0x12, 0x4A, 0x12, 0x4A, 0x12, 0x4A, 0x12, 0x4A, 0x12,
    0x4A, 0x12, 0x4A, 0x12, 0x4A, 0x12, 0x4A, 0x12, 0x4A, 0x12, 0x4A, 0x12, 0x4A, 0x12, 0x4A, 0x12,
    0x2A, 0x12, 0x2A, 0x12, 0x29, 0x12, 0x29, 0x12, 0x29, 0x12, 0x29, 0x12, 0x29, 0x12, 0x29, 0x12,
    0x09, 0x12, 0x09, 0x12, 0x09, 0x12, 0x09, 0x12, 0x09, 0x12, 0x09, 0x12, 0x09, 0x12, 0xE8, 0x11,
    0xE8, 0x11, 0xE8, 0x11, 0xE8, 0x11, 0xE8, 0x11, 0xE8, 0x11, 0xC8, 0x11, 0xC8, 0x11, 0xC8, 0x11,
    0xC8, 0x11, 0xC8, 0x11, 0xC8, 0x11, 0xA7, 0x11, 0xA7, 0x11, 0xA7, 0x11, 0xA7, 0x11, 0xA7, 0x11,
    0xA7, 0x11, 0x87, 0x11, 0x87, 0x11, 0x87, 0x11, 0x87, 0x11, 0x87, 0x11, 0x86, 0x11, 0x66, 0x11,
    0x66, 0x11, 0x66, 0x09, 0x66, 0x09, 0x66, 0x09, 0x66, 0x09, 0x46, 0x09, 0x46, 0x09, 0x46, 0x09,
    0x46, 0x09, 0x46, 0x09, 0x46, 0x09, 0x45, 0x09, 0x25, 0x09, 0x25, 0x09, 0x25, 0x09, 0x25, 0x09,
    0x25, 0x09, 0x25, 0x09, 0x25, 0x09, 0x05, 0x09, 0x05, 0x09, 0x05, 0x09, 0x05, 0x09, 0x05, 0x09,
    0x04, 0x09, 0x04, 0x09, 0x04, 0x09, 0xE4, 0x08, 0xE4, 0x08, 0xE4, 0x08, 0xE4, 0x08, 0xE4, 0x08,
    0xE4, 0x08, 0xE4, 0x08, 0xE4, 0x08, 0xC4, 0x08, 0xC4, 0x08, 0xC4, 0x08, 0xC4, 0x08, 0xC4, 0x08,
    0xC4, 0x08, 0xC4, 0x08, 0xC3, 0x08, 0xC3, 0x08, 0xC3, 0x08, 0xA3, 0x08, 0xA3, 0x08, 0xA3, 0x08,
    0xA3, 0x08, 0xA3, 0x08, 0xA3, 0x08, 0xA3, 0x08, 0xA3, 0x08, 0xA3, 0x08, 0xA3, 0x08, 0xA3, 0x08,
    0xA3, 0x08, 0x83, 0x08, 0x83, 0x08, 0x83, 0x08, 0x83, 0x08, 0x83, 0x08, 0x83, 0x08, 0x83, 0x08,
    0x83, 0x08, 0x83, 0x08, 0x82, 0x08, 0x82, 0x08, 0x82, 0x08, 0x82, 0x08, 0x82, 0x08, 0x82, 0x08,
    0x82, 0x08, 0x82, 0x08, 0x82, 0x08, 0x62, 0x08, 0x62, 0x08, 0x62, 0x08, 0x62, 0x08, 0x62, 0x08,
    0x62, 0x08, 0x62, 0x08, 0x62, 0x08, 0x62, 0x08, 0x62, 0x08, 0x62, 0x08, 0x62, 0x08, 0x62, 0x08,
    0x62, 0x08, 0x62, 0x08, 0x62, 0x08, 0x62, 0x08, 0x62, 0x08, 0x62, 0x08, 0x62, 0x08, 0x62, 0x08,
    0x62, 0x08, 0x62, 0x08, 0x62, 0x08, 0x62, 0x08, 0x62, 0x08, 0x62, 0x08, 0x62, 0x08, 0x62, 0x08,
    0x62, 0x08, 0x62, 0x08, 0x62, 0x08, 0x62, 0x08, 0x62, 0x08, 0x62, 0x08, 0x62, 0x08, 0x62, 0x08,
    0x62, 0x08, 0x62, 0x08, 0x62, 0x08, 0x62, 0x08, 0x62, 0x08, 0x62, 0x08, 0x62, 0x08, 0x62, 0x08,
    0x62, 0x08, 0x62, 0x08, 0x62, 0x08, 0x62, 0x08, 0x62, 0x08, 0x62, 0x08, 0x62, 0x08, 0x62, 0x08,
    0x62, 0x08, 0x62, 0x08, 0x62, 0x08, 0x62, 0x08, 0x62, 0x08, 0x62, 0x08, 0x62, 0x08, 0x62, 0x08,
    0x62, 0x08, 0x62, 0x08, 0x62, 0x08, 0x62, 0x08, 0x62, 0x08, 0x62, 0x08, 0x62, 0x08, 0x62, 0x08,
    0x62, 0x08, 0x62, 0x08, 0x62, 0x08, 0x62, 0x08, 0x62, 0x08, 0x62, 0x08, 0x62, 0x08, 0x62, 0x08,
    0x62, 0x08, 0x62, 0x08, 0x62, 0x08, 0x62, 0x08, 0x62, 0x08, 0x62, 0x08, 0x62, 0x08, 0x62, 0x08,
    0x62, 0x08, 0x62, 0x08, 0x62, 0x08, 0x62, 0x08, 0x62, 0x08, 0x82, 0x08, 0x82, 0x08, 0x82, 0x08,
    0x82, 0x08, 0x82, 0x08, 0x82, 0x08, 0x82, 0x08, 0x82, 0x08, 0x82, 0x08, 0x83, 0x08, 0x83, 0x08,
    0x83, 0x08, 0x83, 0x08, 0x83, 0x08, 0x83, 0x08, 0x83, 0x08, 0x83, 0x08, 0x83, 0x08, 0xA3, 0x08,
    0xA3, 0x08, 0xA3, 0x08, 0xA3, 0x08, 0xA3, 0x08, 0xA3, 0x08, 0xA3, 0x08, 0xA3, 0x08, 0xA3, 0x08,
    0xA3, 0x08, 0xA3, 0x08, 0xA3, 0x08, 0xC3, 0x08, 0xC3, 0x08, 0xC3, 0x08, 0xC3, 0x08, 0xC4, 0x08,
    0xC4, 0x08, 0xC4, 0x08, 0xC4, 0x08, 0xC4, 0x08, 0xC4, 0x08, 0xE4, 0x08, 0xE4, 0x08, 0xE4, 0x08,
    0xE4, 0x08, 0xE4, 0x08, 0xE4, 0x08, 0xE4, 0x08, 0xE4, 0x08, 0x04, 0x09, 0x04, 0x09, 0x05, 0x09,
    0x05, 0x09, 0x05, 0x09, 0x05, 0x09, 0x05, 0x09, 0x05, 0x09, 0x25, 0x09, 0x25, 0x09, 0x25, 0x09,
    0x25, 0x09, 0x25, 0x09, 0x25, 0x09, 0x25, 0x09, 0x45, 0x09, 0x46, 0x09, 0x46, 0x09, 0x46, 0x09,
    0x46, 0x09, 0x46, 0x09, 0x46, 0x09, 0x66, 0x09, 0x66, 0x09, 0x66, 0x09, 0x66, 0x09, 0x66, 0x11,
    0x66, 0x11, 0x86, 0x11, 0x87, 0x11, 0x87, 0x11, 0x87, 0x11, 0x87, 0x11, 0x87, 0x11, 0xA7, 0x11,
    0xA7, 0x11, 0xA7, 0x11, 0xA7, 0x11, 0xA7, 0x11, 0xA7, 0x11, 0xC8, 0x11, 0xC8, 0x11, 0xC8, 0x11,
    0xC8, 0x11, 0xC8, 0x11, 0xC8, 0x11, 0xE8, 0x11, 0xE8, 0x11, 0xE8, 0x11, 0xE8, 0x11, 0xE8, 0x11,
    0xE9, 0x11, 0x09, 0x12, 0x09, 0x12, 0x09, 0x12, 0x09, 0x12, 0x09, 0x12, 0x09, 0x12, 0x29, 0x12,
    0x29, 0x12, 0x29, 0x12, 0x29, 0x12, 0x29, 0x12, 0x2A, 0x12, 0x2A, 0x12, 0x4A, 0x12, 0x4A, 0x12,
    0x4A, 0x12, 0x4A, 0x12, 0x4A, 0x12, 0x4A, 0x12, 0x4A, 0x12, 0x4A, 0x12, 0x4A, 0x12, 0x4A, 0x12,
    0x4A, 0x12, 0x4A, 0x12, 0x4A, 0x12, 0x4A, 0x12, 0x4A, 0x12, 0x4A, 0x12, 0x4A, 0x12, 0x4A, 0x12,
    0x4A, 0x12, 0x4A, 0x12, 0x4A, 0x12, 0x4A, 0x12, 0x4A, 0x12, 0x4A, 0x12, 0x2A, 0x12, 0x2A, 0x12,
    0x29, 0x12, 0x29, 0x12, 0x29, 0x12, 0x29, 0x12, 0x29, 0x12, 0x09, 0x12, 0x09, 0x12, 0x09, 0x12,
    0x09, 0x12, 0x09, 0x12, 0x09, 0x12, 0x09, 0x12, 0xE8, 0x11, 0xE8, 0x11, 0xE8, 0x11, 0xE8, 0x11,
    0xE8, 0x11, 0xC8, 0x11, 0xC8, 0x11, 0xC8, 0x11, 0xC8, 0x11, 0xC8, 0x11, 0xC8, 0x11, 0xA7, 0x11,
    0xA7, 0x11, 0xA7, 0x11, 0xA7, 0x11, 0xA7, 0x11, 0xA7, 0x11, 0x87, 0x11, 0x87, 0x11, 0x87, 0x11,
    0x87, 0x11, 0x87, 0x11, 0x87, 0x11, 0x66, 0x11, 0x66, 0x11, 0x66, 0x09, 0x66, 0x09, 0x66, 0x09,
    0x66, 0x09, 0x46, 0x09, 0x46, 0x09, 0x46, 0x09, 0x46, 0x09, 0x46, 0x09, 0x46, 0x09, 0x45, 0x09,
    0x25, 0x09, 0x25, 0x09, 0x25, 0x09, 0x25, 0x09, 0x25, 0x09, 0x25, 0x09, 0x25, 0x09, 0x05, 0x09,
    0x05, 0x09, 0x05, 0x09, 0x05, 0x09, 0x05, 0x09, 0x05, 0x09, 0x04, 0x09, 0x04, 0x09, 0xE4, 0x08,
    0xE4, 0x08, 0xE4, 0x08, 0xE4, 0x08, 0xE4, 0x08, 0xE4, 0x08, 0xE4, 0x08, 0xE4, 0x08, 0xE4, 0x08,
    0xC4, 0x08, 0xC4, 0x08, 0xC4, 0x08, 0xC4, 0x08, 0xC4, 0x08, 0xC4, 0x08, 0xC3, 0x08, 0xC3, 0x08,
    0xC3, 0x08, 0xC3, 0x08, 0xA3, 0x08, 0xA3, 0x08, 0xA3, 0x08, 0xA3, 0x08, 0xA3, 0x08, 0xA3, 0x08,
    0xA3, 0x08, 0xA3, 0x08, 0xA3, 0x08, 0xA3, 0x08, 0xA3, 0x08, 0xA3, 0x08, 0x83, 0x08, 0x83, 0x08,
    0x83, 0x08, 0x83, 0x08, 0x83, 0x08, 0x83, 0x08, 0x83, 0x08, 0x83, 0x08, 0x82, 0x08, 0x82, 0x08,
    0x82, 0x08, 0x82, 0x08, 0x82, 0x08, 0x82, 0x08, 0x82, 0x08, 0x82, 0x08, 0x82, 0x08, 0x62, 0x08,
    0x62, 0x08, 0x62, 0x08, 0x62, 0x08, 0x62, 0x08, 0x62, 0x08, 0x62, 0x08, 0x62, 0x08, 0x62, 0x08,
    0x62, 0x08, 0x62, 0x08, 0x62, 0x08, 0x62, 0x08, 0x62, 0x08, 0x62, 0x08, 0x62, 0x08, 0x62, 0x08,
    0x62, 0x08, 0x62, 0x08, 0x62, 0x08, 0x62, 0x08, 0x62, 0x08, 0x62, 0x08, 0x62, 0x08, 0x62, 0x08,
    0x62, 0x08, 0x62, 0x08, 0x62, 0x08, 0x62, 0x08, 0x62, 0x08, 0x62, 0x08, 0x62, 0x08, 0x62, 0x08,
    0x62, 0x08, 0x62, 0x08, 0x62, 0x08, 0x62, 0x08, 0x62, 0x08, 0x62, 0x08, 0x62, 0x08, 0x62, 0x08,
    0x62, 0x08, 0x62, 0x08, 0x62, 0x08, 0x62, 0x08, 0x62, 0x08, 0x62, 0x08, 0x62, 0x08, 0x62, 0x08,
    0x62, 0x08, 0x62, 0x08, 0x62, 0x08, 0x62, 0x08, 0x62, 0x08, 0x62, 0x08, 0x62, 0x08, 0x62, 0x08,
    0x62, 0x08, 0x62, 0x08, 0x62, 0x08, 0x62, 0x08, 0x62, 0x08, 0x62, 0x08, 0x62, 0x08, 0x62, 0x08,
    0x62, 0x08, 0x62, 0x08, 0x62, 0x08, 0x62, 0x08, 0x62, 0x08, 0x62, 0x08, 0x62, 0x08, 0x62, 0x08,
    0x62, 0x08, 0x62, 0x08, 0x62, 0x08, 0x62, 0x08, 0x62, 0x08, 0x62, 0x08, 0x62, 0x08, 0x62, 0x08,
    0x62, 0x08, 0x62, 0x08, 0x62, 0x08, 0x62, 0x08, 0x62, 0x08, 0x62, 0x08, 0x62, 0x08, 0x62, 0x08,
    0x62, 0x08, 0x82, 0x08, 0x82, 0x08, 0x82, 0x08, 0x82, 0x08, 0x82, 0x08, 0x82, 0x08, 0x82, 0x08,
    0x82, 0x08, 0x82, 0x08, 0x83, 0x08, 0x83, 0x08, 0x83, 0x08, 0x83, 0x08, 0x83, 0x08, 0x83, 0x08,
    0x83, 0x08, 0x83, 0x08, 0xA3, 0x08, 0xA3, 0x08, 0xA3, 0x08, 0xA3, 0x08, 0xA3, 0x08, 0xA3, 0x08,
    0xA3, 0x08, 0xA3, 0x08, 0xA3, 0x08, 0xA3, 0x08, 0xA3, 0x08, 0xA3, 0x08, 0xA3, 0x08, 0xC3, 0x08,
    0xC3, 0x08, 0xC3, 0x08, 0xC4, 0x08, 0xC4, 0x08, 0xC4, 0x08, 0xC4, 0x08, 0xC4, 0x08, 0xC4, 0x08,
    0xE4, 0x08, 0xE4, 0x08, 0xE4, 0x08, 0xE4, 0x08, 0xE4, 0x08, 0xE4, 0x08, 0xE4, 0x08, 0xE4, 0x08,
    0xE4, 0x08, 0x04, 0x09, 0x04, 0x09, 0x05, 0x09, 0x05, 0x09, 0x05, 0x09, 0x05, 0x09, 0x05, 0x09,
    0x05, 0x09, 0x25, 0x09, 0x25, 0x09, 0x25, 0x09, 0x25, 0x09, 0x25, 0x09, 0x25, 0x09, 0x25, 0x09,
    0x45, 0x09, 0x46, 0x09, 0x46, 0x09, 0x46, 0x09, 0x46, 0x09, 0x46, 0x09, 0x66, 0x09, 0x66, 0x09,
    0x66, 0x09, 0x66, 0x09, 0x66, 0x09, 0x66, 0x11, 0x66, 0x11, 0x87, 0x11, 0x87, 0x11, 0x87, 0x11,
    0x87, 0x11, 0x87, 0x11, 0x87, 0x11, 0xA7, 0x11, 0xA7, 0x11, 0xA7, 0x11, 0xA7, 0x11, 0xA7, 0x11,
    0xA7, 0x11, 0xC8, 0x11, 0xC8, 0x11, 0xC8, 0x11, 0xC8, 0x11, 0xC8, 0x11, 0xE8, 0x11, 0xE8, 0x11,
    0xE8, 0x11, 0xE8, 0x11, 0xE8, 0x11, 0xE9, 0x11, 0x09, 0x12, 0x09, 0x12, 0x09, 0x12, 0x09, 0x12,
    0x09, 0x12, 0x09, 0x12, 0x29, 0x12, 0x29, 0x12, 0x29, 0x12, 0x29, 0x12, 0x29, 0x12, 0x2A, 0x12,
    0x4A, 0x12, 0x4A, 0x12, 0x4A, 0x12, 0x4A, 0x12, 0x4A, 0x12, 0x4A, 0x12, 0x4A, 0x12, 0x4A, 0x12,
    0x4A, 0x12, 0x4A, 0x12, 0x4A, 0x12, 0x4A, 0x12, 0x6A, 0x12, 0x4A, 0x12, 0x4A, 0x12, 0x6A, 0x12,
    0x4A, 0x12, 0x4A, 0x12, 0x4A, 0x12, 0x4A, 0x12, 0x4A, 0x12, 0x4A, 0x12, 0x4A, 0x12, 0x4A, 0x12,
    0x4A, 0x12, 0x4A, 0x12, 0x4A, 0x12, 0x2A, 0x12, 0x2A, 0x12, 0x29, 0x12, 0x29, 0x12, 0x29, 0x12,
    0x29, 0x12, 0x29, 0x12, 0x09, 0x12, 0x09, 0x12, 0x09, 0x12, 0x09, 0x12, 0x09, 0x12, 0x09, 0x12,
    0xE9, 0x11, 0xE8, 0x11, 0xE8, 0x11, 0xE8, 0x11, 0xE8, 0x11, 0xE8, 0x11, 0xC8, 0x11, 0xC8, 0x11,
    0xC8, 0x11, 0xC8, 0x11, 0xC8, 0x11, 0xC8, 0x11, 0xA7, 0x11, 0xA7, 0x11, 0xA7, 0x11, 0xA7, 0x11,
    0xA7, 0x11, 0x87, 0x11, 0x87, 0x11, 0x87, 0x11, 0x87, 0x11, 0x87, 0x11, 0x87, 0x11, 0x86, 0x11,
    0x66, 0x11, 0x66, 0x11, 0x66, 0x09, 0x66, 0x09, 0x66, 0x09, 0x66, 0x09, 0x46, 0x09, 0x46, 0x09,
    0x46, 0x09, 0x46, 0x09, 0x46, 0x09, 0x45, 0x09, 0x25, 0x09, 0x25, 0x09, 0x25, 0x09, 0x25, 0x09,
    0x25, 0x09, 0x25, 0x09, 0x25, 0x09, 0x05, 0x09, 0x05, 0x09, 0x05, 0x09, 0x05, 0x09, 0x05, 0x09,
    0x05, 0x09, 0x04, 0x09, 0x04, 0x09, 0xE4, 0x08, 0xE4, 0x08, 0xE4, 0x08, 0xE4, 0x08, 0xE4, 0x08,
    0xE4, 0x08, 0xE4, 0x08, 0xE4, 0x08, 0xE4, 0x08, 0xC4, 0x08, 0xC4, 0x08, 0xC4, 0x08, 0xC4, 0x08,
    0xC4, 0x08, 0xC4, 0x08, 0xC3, 0x08, 0xC3, 0x08, 0xC3, 0x08, 0xC3, 0x08, 0xA3, 0x08, 0xA3, 0x08,
    0xA3, 0x08, 0xA3, 0x08, 0xA3, 0x08, 0xA3, 0x08, 0xA3, 0x08, 0xA3, 0x08, 0xA3, 0x08, 0xA3, 0x08,
    0xA3, 0x08, 0xA3, 0x08, 0x83, 0x08, 0x83, 0x08, 0x83, 0x08, 0x83, 0x08, 0x83, 0x08, 0x83, 0x08,
    0x83, 0x08, 0x83, 0x08, 0x82, 0x08, 0x82, 0x08, 0x82, 0x08, 0x82, 0x08, 0x82, 0x08, 0x82, 0x08,
    0x82, 0x08, 0x82, 0x08, 0x82, 0x08, 0x62, 0x08, 0x62, 0x08, 0x62, 0x08, 0x62, 0x08, 0x62, 0x08,
    0x62, 0x08, 0x62, 0x08, 0x62, 0x08, 0x62, 0x08, 0x62, 0x08, 0x62, 0x08, 0x62, 0x08, 0x62, 0x08,
    0x62, 0x08, 0x62, 0x08, 0x62, 0x08, 0x62, 0x08, 0x62, 0x08, 0x62, 0x08, 0x62, 0x08, 0x62, 0x08,
    0x62, 0x08, 0x62, 0x08, 0x62, 0x08, 0x62, 0x08, 0x62, 0x08, 0x62, 0x08, 0x62, 0x08, 0x62, 0x08,
    0x62, 0x08, 0x62, 0x08, 0x62, 0x08, 0x62, 0x08, 0x62, 0x08, 0x62, 0x08, 0x62, 0x08, 0x62, 0x08,
    0x62, 0x08, 0x62, 0x08, 0x62, 0x08, 0x62, 0x08, 0x62, 0x08, 0x62, 0x08, 0x62, 0x08, 0x62, 0x08,
    0x62, 0x08, 0x62, 0x08, 0x62, 0x08, 0x62, 0x08, 0x62, 0x08, 0x62, 0x08, 0x62, 0x08, 0x62, 0x08,
    0x62, 0x08, 0x62, 0x08, 0x62, 0x08, 0x62, 0x08, 0x62, 0x08, 0x62, 0x08, 0x62, 0x08, 0x62, 0x08,
    0x62, 0x08, 0x62, 0x08, 0x62, 0x08, 0x62, 0x08, 0x62, 0x08, 0x62, 0x08, 0x62, 0x08, 0x62, 0x08,
    0x62, 0x08, 0x62, 0x08, 0x62, 0x08, 0x62, 0x08, 0x62, 0x08, 0x62, 0x08, 0x62, 0x08, 0x62, 0x08,
    0x62, 0x08, 0x62, 0x08, 0x62, 0x08, 0x62, 0x08, 0x62, 0x08, 0x62, 0x08, 0x62, 0x08, 0x62, 0x08,
    0x62, 0x08, 0x62, 0x08, 0x62, 0x08, 0x62, 0x08, 0x62, 0x08, 0x82, 0x08, 0x82, 0x08, 0x82, 0x08,
    0x82, 0x08, 0x82, 0x08, 0x82, 0x08, 0x82, 0x08, 0x82, 0x08, 0x82, 0x08, 0x83, 0x08, 0x83, 0x08,
    0x83, 0x08, 0x83, 0x08, 0x83, 0x08, 0x83, 0x08, 0x83, 0x08, 0x83, 0x08, 0xA3, 0x08, 0xA3, 0x08,
    0xA3, 0x08, 0xA3, 0x08, 0xA3, 0x08, 0xA3, 0x08, 0xA3, 0x08, 0xA3, 0x08, 0xA3, 0x08, 0xA3, 0x08,
    0xA3, 0x08, 0xA3, 0x08, 0xC3, 0x08, 0xC3, 0x08, 0xC3, 0x08, 0xC3, 0x08, 0xC4, 0x08, 0xC4, 0x08,
    0xC4, 0x08, 0xC4, 0x08, 0xC4, 0x08, 0xC4, 0x08, 0xE4, 0x08, 0xE4, 0x08, 0xE4, 0x08, 0xE4, 0x08,
    0xE4, 0x08, 0xE4, 0x08, 0xE4, 0x08, 0xE4, 0x08, 0xE4, 0x08, 0x04, 0x09, 0x04, 0x09, 0x05, 0x09,
    0x05, 0x09, 0x05, 0x09, 0x05, 0x09, 0x05, 0x09, 0x05, 0x09, 0x25, 0x09, 0x25, 0x09, 0x25, 0x09,
    0x25, 0x09, 0x25, 0x09, 0x25, 0x09, 0x25, 0x09, 0x45, 0x09, 0x46, 0x09, 0x46, 0x09, 0x46, 0x09,
    0x46, 0x09, 0x46, 0x09, 0x66, 0x09, 0x66, 0x09, 0x66, 0x09, 0x66, 0x09, 0x66, 0x11, 0x66, 0x11,
    0x86, 0x11, 0x87, 0x11, 0x87, 0x11, 0x87, 0x11, 0x87, 0x11, 0x87, 0x11, 0xA7, 0x11, 0xA7, 0x11,
    0xA7, 0x11, 0xA7, 0x11, 0xA7, 0x11, 0xA7, 0x11, 0xC8, 0x11, 0xC8, 0x11, 0xC8, 0x11, 0xC8, 0x11,
    0xC8, 0x11, 0xC8, 0x11, 0xE8, 0x11, 0xE8, 0x11, 0xE8, 0x11, 0xE8, 0x11, 0xE8, 0x11, 0x09, 0x12,
    0x09, 0x12, 0x09, 0x12, 0x09, 0x12, 0x09, 0x12, 0x09, 0x12, 0x29, 0x12, 0x29, 0x12, 0x29, 0x12,
    0x29, 0x12, 0x29, 0x12, 0x2A, 0x12, 0x2A, 0x12, 0x4A, 0x12, 0x4A, 0x12, 0x4A, 0x12, 0x4A, 0x12,
    0x4A, 0x12, 0x4A, 0x12, 0x4A, 0x12, 0x4A, 0x12, 0x4A, 0x12, 0x6A, 0x12, 0x6A, 0x12, 0x6A, 0x12,
    0x6A, 0x12, 0x6A, 0x12, 0x6A, 0x12, 0x6A, 0x12, 0x6A, 0x12, 0x6A, 0x12, 0x6A, 0x12, 0x6A, 0x12,
    0x4A, 0x12, 0x4A, 0x12, 0x4A, 0x12, 0x4A, 0x12, 0x4A, 0x12, 0x4A, 0x12, 0x4A, 0x12, 0x4A, 0x12,
    0x4A, 0x12, 0x2A, 0x12, 0x29, 0x12, 0x29, 0x12, 0x29, 0x12, 0x29, 0x12, 0x29, 0x12, 0x09, 0x12,
    0x09, 0x12, 0x09, 0x12, 0x09, 0x12, 0x09, 0x12, 0x09, 0x12, 0xE9, 0x11, 0xE8, 0x11, 0xE8, 0x11,
    0xE8, 0x11, 0xE8, 0x11, 0xE8, 0x11, 0xC8, 0x11, 0xC8, 0x11, 0xC8, 0x11, 0xC8, 0x11, 0xC8, 0x11,
    0xA7, 0x11, 0xA7, 0x11, 0xA7, 0x11, 0xA7, 0x11, 0xA7, 0x11, 0xA7, 0x11, 0x87, 0x11, 0x87, 0x11,
    0x87, 0x11, 0x87, 0x11, 0x87, 0x11, 0x86, 0x11, 0x66, 0x11, 0x66, 0x11, 0x66, 0x09, 0x66, 0x09,
    0x66, 0x09, 0x66, 0x09, 0x46, 0x09, 0x46, 0x09, 0x46, 0x09, 0x46, 0x09, 0x46, 0x09, 0x46, 0x09,
    0x45, 0x09, 0x25, 0x09, 0x25, 0x09, 0x25, 0x09, 0x25, 0x09, 0x25, 0x09, 0x25, 0x09, 0x25, 0x09,
    0x05, 0x09, 0x05, 0x09, 0x05, 0x09, 0x05, 0x09, 0x05, 0x09, 0x04, 0x09, 0x04, 0x09, 0xE4, 0x08,
    0xE4, 0x08, 0xE4, 0x08, 0xE4, 0x08, 0xE4, 0x08, 0xE4, 0x08, 0xE4, 0x08, 0xE4, 0x08, 0xE4, 0x08,
    0xC4, 0x08, 0xC4, 0x08, 0xC4, 0x08, 0xC4, 0x08, 0xC4, 0x08, 0xC4, 0x08, 0xC3, 0x08, 0xC3, 0x08,
    0xC3, 0x08, 0xC3, 0x08, 0xA3, 0x08, 0xA3, 0x08, 0xA3, 0x08, 0xA3, 0x08, 0xA3, 0x08, 0xA3, 0x08,
    0xA3, 0x08, 0xA3, 0x08, 0xA3, 0x08, 0xA3, 0x08, 0xA3, 0x08, 0xA3, 0x08, 0x83, 0x08, 0x83, 0x08,
    0x83, 0x08, 0x83, 0x08, 0x83, 0x08, 0x83, 0x08, 0x83, 0x08, 0x83, 0x08, 0x82, 0x08, 0x82, 0x08,
    0x82, 0x08, 0x82, 0x08, 0x82, 0x08, 0x82, 0x08, 0x82, 0x08, 0x82, 0x08, 0x82, 0x08, 0x62, 0x08,
    0x62, 0x08, 0x62, 0x08, 0x62, 0x08, 0x62, 0x08, 0x62, 0x08, 0x62, 0x08, 0x62, 0x08, 0x62, 0x08,
    0x62, 0x08, 0x62, 0x08, 0x62, 0x08, 0x62, 0x08, 0x62, 0x08, 0x62, 0x08, 0x62, 0x08, 0x62, 0x08,
    0x62, 0x08, 0x62, 0x08, 0x62, 0x08, 0x62, 0x08, 0x62, 0x08, 0x62, 0x08, 0x62, 0x08, 0x62, 0x08,
    0x62, 0x08, 0x62, 0x08, 0x62, 0x08, 0x62, 0x08, 0x62, 0x08, 0x62, 0x08, 0x62, 0x08, 0x62, 0x08,
    0x62, 0x08, 0x62, 0x08, 0x62, 0x08, 0x62, 0x08, 0x62, 0x08, 0x62, 0x08, 0x62, 0x08, 0x62, 0x08,
    0x62, 0x08, 0x62, 0x08, 0x62, 0x08, 0x62, 0x08, 0x62, 0x08, 0x62, 0x08, 0x62, 0x08, 0x62, 0x08,
    0x62, 0x08, 0x62, 0x08, 0x62, 0x08, 0x62, 0x08, 0x62, 0x08, 0x62, 0x08, 0x62, 0x08, 0x62, 0x08,
    0x62, 0x08, 0x62, 0x08, 0x62, 0x08, 0x62, 0x08, 0x62, 0x08, 0x62, 0x08, 0x62, 0x08, 0x62, 0x08,
    0x62, 0x08, 0x62, 0x08, 0x62, 0x08, 0x62, 0x08, 0x62, 0x08, 0x62, 0x08, 0x62, 0x08, 0x62, 0x08,
    0x62, 0x08, 0x62, 0x08, 0x62, 0x08, 0x62, 0x08, 0x62, 0x08, 0x62, 0x08, 0x62, 0x08, 0x62, 0x08,
    0x62, 0x08, 0x62, 0x08, 0x62, 0x08, 0x62, 0x08, 0x62, 0x08, 0x62, 0x08, 0x62, 0x08, 0x62, 0x08,
    0x62, 0x08, 0x82, 0x08, 0x82, 0x08, 0x82, 0x08, 0x82, 0x08, 0x82, 0x08, 0x82, 0x08, 0x82, 0x08,
    0x82, 0x08, 0x82, 0x08, 0x83, 0x08, 0x83, 0x08, 0x83, 0x08, 0x83, 0x08, 0x83, 0x08, 0x83, 0x08,
    0x83, 0x08, 0x83, 0x08, 0xA3, 0x08, 0xA3, 0x08, 0xA3, 0x08, 0xA3, 0x08, 0xA3, 0x08, 0xA3, 0x08,
    0xA3, 0x08, 0xA3, 0x08, 0xA3, 0x08, 0xA3, 0x08, 0xA3, 0x08, 0xA3, 0x08, 0xC3, 0x08, 0xC3, 0x08,
    0xC3, 0x08, 0xC3, 0x08, 0xC4, 0x08, 0xC4, 0x08, 0xC4, 0x08, 0xC4, 0x08, 0xC4, 0x08, 0xC4, 0x08,
    0xE4, 0x08, 0xE4, 0x08, 0xE4, 0x08, 0xE4, 0x08, 0xE4, 0x08, 0xE4, 0x08, 0xE4, 0x08, 0xE4, 0x08,
    0xE4, 0x08, 0x04, 0x09, 0x04, 0x09, 0x05, 0x09, 0x05, 0x09, 0x05, 0x09, 0x05, 0x09, 0x05, 0x09,
    0x25, 0x09, 0x25, 0x09, 0x25, 0x09, 0x25, 0x09, 0x25, 0x09, 0x25, 0x09, 0x25, 0x09, 0x45, 0x09,
    0x46, 0x09, 0x46, 0x09, 0x46, 0x09, 0x46, 0x09, 0x46, 0x09, 0x46, 0x09, 0x66, 0x09, 0x66, 0x09,
    0x66, 0x09, 0x66, 0x09, 0x66, 0x11, 0x66, 0x11, 0x87, 0x11, 0x87, 0x11, 0x87, 0x11, 0x87, 0x11,
    0x87, 0x11, 0x87, 0x11, 0xA7, 0x11, 0xA7, 0x11, 0xA7, 0x11, 0xA7, 0x11, 0xA7, 0x11, 0xA7, 0x11,
    0xC8, 0x11, 0xC8, 0x11, 0xC8, 0x11, 0xC8, 0x11, 0xC8, 0x11, 0xE8, 0x11, 0xE8, 0x11, 0xE8, 0x11,
    0xE8, 0x11, 0xE8, 0x11, 0xE9, 0x11, 0x09, 0x12, 0x09, 0x12, 0x09, 0x12, 0x09, 0x12, 0x09, 0x12,
    0x09, 0x12, 0x29, 0x12, 0x29, 0x12, 0x29, 0x12, 0x29, 0x12, 0x2A, 0x12, 0x4A, 0x12, 0x4A, 0x12,
    0x4A, 0x12, 0x4A, 0x12, 0x4A, 0x12, 0x4A, 0x12, 0x4A, 0x12, 0x4A, 0x12, 0x6A, 0x12, 0x6A, 0x12,
    0x6A, 0x12, 0x6A, 0x12, 0x6A, 0x12, 0x6A, 0x12, 0x6A, 0x12, 0x6A, 0x12, 0x6A, 0x12, 0x6A, 0x12,
    0x6A, 0x12, 0x6A, 0x12, 0x6A, 0x12, 0x6A, 0x12, 0x6A, 0x12, 0x6A, 0x12, 0x4A, 0x12, 0x4A, 0x12,
    0x4A, 0x12, 0x4A, 0x12, 0x4A, 0x12, 0x4A, 0x12, 0x4A, 0x12, 0x4A, 0x12, 0x2A, 0x12, 0x29, 0x12,
    0x29, 0x12, 0x29, 0x12, 0x29, 0x12, 0x29, 0x12, 0x09, 0x12, 0x09, 0x12, 0x09, 0x12, 0x09, 0x12,
    0x09, 0x12, 0xE9, 0x11, 0xE8, 0x11, 0xE8, 0x11, 0xE8, 0x11, 0xE8, 0x11, 0xE8, 0x11, 0xC8, 0x11,
    0xC8, 0x11, 0xC8, 0x11, 0xC8, 0x11, 0xC8, 0x11, 0xA8, 0x11, 0xA7, 0x11, 0xA7, 0x11, 0xA7, 0x11,
    0xA7, 0x11, 0xA7, 0x11, 0x87, 0x11, 0x87, 0x11, 0x87, 0x11, 0x87, 0x11, 0x87, 0x11, 0x87, 0x11,
    0x66, 0x11, 0x66, 0x11, 0x66, 0x09, 0x66, 0x09, 0x66, 0x09, 0x66, 0x09, 0x46, 0x09, 0x46, 0x09,
    0x46, 0x09, 0x46, 0x09, 0x46, 0x09, 0x46, 0x09, 0x45, 0x09, 0x25, 0x09, 0x25, 0x09, 0x25, 0x09,
    0x25, 0x09, 0x25, 0x09, 0x25, 0x09, 0x25, 0x09, 0x05, 0x09, 0x05, 0x09, 0x05, 0x09, 0x05, 0x09,
    0x05, 0x09, 0x04, 0x09, 0x04, 0x09, 0x04, 0x09, 0xE4, 0x08, 0xE4, 0x08, 0xE4, 0x08, 0xE4, 0x08,
    0xE4, 0x08, 0xE4, 0x08, 0xE4, 0x08, 0xE4, 0x08, 0xC4, 0x08, 0xC4, 0x08, 0xC4, 0x08, 0xC4, 0x08,
    0xC4, 0x08, 0xC4, 0x08, 0xC3, 0x08, 0xC3, 0x08, 0xC3, 0x08, 0xC3, 0x08, 0xA3, 0x08, 0xA3, 0x08,
    0xA3, 0x08, 0xA3, 0x08, 0xA3, 0x08, 0xA3, 0x08, 0xA3, 0x08, 0xA3, 0x08, 0xA3, 0x08, 0xA3, 0x08,
    0xA3, 0x08, 0xA3, 0x08, 0x83, 0x08, 0x83, 0x08, 0x83, 0x08, 0x83, 0x08, 0x83, 0x08, 0x83, 0x08,
    0x83, 0x08, 0x83, 0x08, 0x83, 0x08, 0x82, 0x08, 0x82, 0x08, 0x82, 0x08, 0x82, 0x08, 0x82, 0x08,
    0x82, 0x08, 0x82, 0x08, 0x82, 0x08, 0x82, 0x08, 0x62, 0x08, 0x62, 0x08, 0x62, 0x08, 0x62, 0x08,
    0x62, 0x08, 0x62, 0x08, 0x62, 0x08, 0x62, 0x08, 0x62, 0x08, 0x62, 0x08, 0x62, 0x08, 0x62, 0x08,
    0x62, 0x08, 0x62, 0x08, 0x62, 0x08, 0x62, 0x08, 0x62, 0x08, 0x62, 0x08, 0x62, 0x08, 0x62, 0x08,
    0x62, 0x08, 0x62, 0x08, 0x62, 0x08, 0x62, 0x08, 0x62, 0x08, 0x62, 0x08, 0x62, 0x08, 0x62, 0x08,
    0x62, 0x08, 0x62, 0x08, 0x62, 0x08, 0x62, 0x08, 0x62, 0x08, 0x62, 0x08, 0x62, 0x08, 0x62, 0x08,
    0x62, 0x08, 0x62, 0x08, 0x62, 0x08, 0x62, 0x08, 0x62, 0x08, 0x62, 0x08, 0x62, 0x08, 0x62, 0x08,
    0x62, 0x08, 0x62, 0x08, 0x62, 0x08, 0x62, 0x08, 0x62, 0x08, 0x62, 0x08, 0x62, 0x08, 0x62, 0x08,
    0x62, 0x08, 0x62, 0x08, 0x62, 0x08, 0x62, 0x08, 0x62, 0x08, 0x62, 0x08, 0x62, 0x08, 0x62, 0x08,
    0x62, 0x08, 0x62, 0x08, 0x62, 0x08, 0x62, 0x08, 0x62, 0x08, 0x62, 0x08, 0x62, 0x08, 0x62, 0x08,
    0x62, 0x08, 0x62, 0x08, 0x62, 0x08, 0x62, 0x08, 0x62, 0x08, 0x62, 0x08, 0x62, 0x08, 0x62, 0x08,
    0x62, 0x08, 0x62, 0x08, 0x62, 0x08, 0x62, 0x08, 0x62, 0x08, 0x62, 0x08, 0x62, 0x08, 0x62, 0x08,
    0x62, 0x08, 0x62, 0x08, 0x62, 0x08, 0x62, 0x08, 0x62, 0x08, 0x82, 0x08, 0x82, 0x08, 0x82, 0x08,
    0x82, 0x08, 0x82, 0x08, 0x82, 0x08, 0x82, 0x08, 0x82, 0x08, 0x82, 0x08, 0x83, 0x08, 0x83, 0x08,
    0x83, 0x08, 0x83, 0x08, 0x83, 0x08, 0x83, 0x08, 0x83, 0x08, 0x83, 0x08, 0xA3, 0x08, 0xA3, 0x08,
    0xA3, 0x08, 0xA3, 0x08, 0xA3, 0x08, 0xA3, 0x08, 0xA3, 0x08, 0xA3, 0x08, 0xA3, 0x08, 0xA3, 0x08,
    0xA3, 0x08, 0xA3, 0x08, 0xC3, 0x08, 0xC3, 0x08, 0xC3, 0x08, 0xC3, 0x08, 0xC4, 0x08, 0xC4, 0x08,
    0xC4, 0x08, 0xC4, 0x08, 0xC4, 0x08, 0xC4, 0x08, 0xE4, 0x08, 0xE4, 0x08, 0xE4, 0x08, 0xE4, 0x08,
    0xE4, 0x08, 0xE4, 0x08, 0xE4, 0x08, 0xE4, 0x08, 0x04, 0x09, 0x04, 0x09, 0x04, 0x09, 0x05, 0x09,
    0x05, 0x09, 0x05, 0x09, 0x05, 0x09, 0x05, 0x09, 0x25, 0x09, 0x25, 0x09, 0x25, 0x09, 0x25, 0x09,
    0x25, 0x09, 0x25, 0x09, 0x25, 0x09, 0x45, 0x09, 0x46, 0x09, 0x46, 0x09, 0x46, 0x09, 0x46, 0x09,
    0x46, 0x09, 0x66, 0x09, 0x66, 0x09, 0x66, 0x09, 0x66, 0x09, 0x66, 0x09, 0x66, 0x11, 0x66, 0x11,
    0x87, 0x11, 0x87, 0x11, 0x87, 0x11, 0x87, 0x11, 0x87, 0x11, 0xA7, 0x11, 0xA7, 0x11, 0xA7, 0x11,
    0xA7, 0x11, 0xA7, 0x11, 0xA7, 0x11, 0xC8, 0x11, 0xC8, 0x11, 0xC8, 0x11, 0xC8, 0x11, 0xC8, 0x11,
    0xE8, 0x11, 0xE8, 0x11, 0xE8, 0x11, 0xE8, 0x11, 0xE8, 0x11, 0xE9, 0x11, 0x09, 0x12, 0x09, 0x12,
    0x09, 0x12, 0x09, 0x12, 0x09, 0x12, 0x29, 0x12, 0x29, 0x12, 0x29, 0x12, 0x29, 0x12, 0x2A, 0x12,
    0x4A, 0x12, 0x4A, 0x12, 0x4A, 0x12, 0x4A, 0x12, 0x4A, 0x12, 0x4A, 0x12, 0x4A, 0x12, 0x6A, 0x12,
    0x6A, 0x12, 0x6A, 0x12, 0x6A, 0x12, 0x6A, 0x12, 0x6A, 0x12, 0x6A, 0x12, 0x6B, 0x12, 0x6B, 0x12,
    0x6B, 0x12, 0x6B, 0x12, 0x6B, 0x12, 0x6B, 0x12, 0x6B, 0x12, 0x6B, 0x12, 0x6B, 0x12, 0x6A, 0x12,
    0x6A, 0x12, 0x6A, 0x12, 0x6A, 0x12, 0x6A, 0x12, 0x6A, 0x12, 0x6A, 0x12, 0x4A, 0x12, 0x4A, 0x12,
    0x4A, 0x12, 0x4A, 0x12, 0x4A, 0x12, 0x4A, 0x12, 0x2A, 0x12, 0x29, 0x12, 0x29, 0x12, 0x29, 0x12,
    0x29, 0x12, 0x09, 0x12, 0x09, 0x12, 0x09, 0x12, 0x09, 0x12, 0x09, 0x12, 0x09, 0x12, 0xE8, 0x11,
    0xE8, 0x11, 0xE8, 0x11, 0xE8, 0x11, 0xE8, 0x11, 0xC8, 0x11, 0xC8, 0x11, 0xC8, 0x11, 0xC8, 0x11,
    0xC8, 0x11, 0xA7, 0x11, 0xA7, 0x11, 0xA7, 0x11, 0xA7, 0x11, 0xA7, 0x11, 0xA7, 0x11, 0x87, 0x11,
    0x87, 0x11, 0x87, 0x11, 0x87, 0x11, 0x87, 0x11, 0x86, 0x11, 0x66, 0x11, 0x66, 0x09, 0x66, 0x09,
    0x66, 0x09, 0x66, 0x09, 0x66, 0x09, 0x46, 0x09, 0x46, 0x09, 0x46, 0x09, 0x46, 0x09, 0x46, 0x09,
    0x45, 0x09, 0x25, 0x09, 0x25, 0x09, 0x25, 0x09, 0x25, 0x09, 0x25, 0x09, 0x25, 0x09, 0x25, 0x09,
    0x05, 0x09, 0x05, 0x09, 0x05, 0x09, 0x05, 0x09, 0x05, 0x09, 0x05, 0x09, 0x04, 0x09, 0x04, 0x09,
    0xE4, 0x08, 0xE4, 0x08, 0xE4, 0x08, 0xE4, 0x08, 0xE4, 0x08, 0xE4, 0x08, 0xE4, 0x08, 0xE4, 0x08,
    0xC4, 0x08, 0xC4, 0x08, 0xC4, 0x08, 0xC4, 0x08, 0xC4, 0x08, 0xC4, 0x08, 0xC3, 0x08, 0xC3, 0x08,
    0xC3, 0x08, 0xC3, 0x08, 0xA3, 0x08, 0xA3, 0x08, 0xA3, 0x08, 0xA3, 0x08, 0xA3, 0x08, 0xA3, 0x08,
    0xA3, 0x08, 0xA3, 0x08, 0xA3, 0x08, 0xA3, 0x08, 0xA3, 0x08, 0xA3, 0x08, 0x83, 0x08, 0x83, 0x08,
    0x83, 0x08, 0x83, 0x08, 0x83, 0x08, 0x83, 0x08, 0x83, 0x08, 0x83, 0x08, 0x83, 0x08, 0x82, 0x08,
    0x82, 0x08, 0x82, 0x08, 0x82, 0x08, 0x82, 0x08, 0x82, 0x08, 0x82, 0x08, 0x82, 0x08, 0x82, 0x08,
    0x62, 0x08, 0x62, 0x08, 0x62, 0x08, 0x62, 0x08, 0x62, 0x08, 0x62, 0x08, 0x62, 0x08, 0x62, 0x08,
    0x62, 0x08, 0x62, 0x08, 0x62, 0x08, 0x62, 0x08, 0x62, 0x08, 0x62, 0x08, 0x62, 0x08, 0x62, 0x08,
    0x62, 0x08, 0x62, 0x08, 0x62, 0x08, 0x62, 0x08, 0x62, 0x08, 0x62, 0x08, 0x62, 0x08, 0x62, 0x08,
    0x62, 0x08, 0x62, 0x08, 0x62, 0x08, 0x62, 0x08, 0x62, 0x08, 0x62, 0x08, 0x62, 0x08, 0x62, 0x08,
    0x62, 0x08, 0x62, 0x08, 0x62, 0x08, 0x62, 0x08, 0x62, 0x08, 0x62, 0x08, 0x62, 0x08, 0x62, 0x08,
    0x62, 0x08, 0x62, 0x08, 0x62, 0x08, 0x62, 0x08, 0x62, 0x08, 0x62, 0x08, 0x62, 0x08, 0x62, 0x08,
    0x62, 0x08, 0x62, 0x08, 0x62, 0x08, 0x62, 0x08, 0x62, 0x08, 0x62, 0x08, 0x62, 0x08, 0x62, 0x08,
    0x62, 0x08, 0x62, 0x08, 0x62, 0x08, 0x62, 0x08, 0x62, 0x08, 0x62, 0x08, 0x62, 0x08, 0x62, 0x08,
    0x62, 0x08, 0x62, 0x08, 0x62, 0x08, 0x62, 0x08, 0x62, 0x08, 0x62, 0x08, 0x62, 0x08, 0x62, 0x08,
    0x62, 0x08, 0x62, 0x08, 0x62, 0x08, 0x62, 0x08, 0x62, 0x08, 0x62, 0x08, 0x62, 0x08, 0x62, 0x08,
    0x62, 0x08, 0x82, 0x08, 0x82, 0x08, 0x82, 0x08, 0x82, 0x08, 0x82, 0x08, 0x82, 0x08, 0x82, 0x08,
    0x83, 0x08, 0x83, 0x08, 0x83, 0x08, 0x83, 0x08, 0x83, 0x08, 0x83, 0x08, 0x83, 0x08, 0x83, 0x08,
    0x83, 0x08, 0x83, 0x08, 0x83, 0x08, 0x83, 0x08, 0x83, 0x08, 0x83, 0x08, 0xA3, 0x08, 0xA3, 0x08,
    0xA3, 0x08, 0xA3, 0x08, 0xA3, 0x08, 0xA3, 0x08, 0xA3, 0x08, 0xA3, 0x08, 0xA3, 0x08, 0xA3, 0x08,
    0xA3, 0x08, 0xA3, 0x08, 0xA3, 0x08, 0xC3, 0x08, 0xC3, 0x08, 0xC3, 0x08, 0xC3, 0x08, 0xC4, 0x08,
    0xC4, 0x08, 0xC4, 0x08, 0xC4, 0x08, 0xC4, 0x08, 0xC4, 0x08, 0xC4, 0x08, 0xC4, 0x08, 0xC4, 0x08,
    0xE4, 0x08, 0xE4, 0x08, 0xE4, 0x08, 0xE4, 0x08, 0xE4, 0x08, 0xE4, 0x08, 0xE4, 0x08, 0xE4, 0x08,
    0x04, 0x09, 0x05, 0x09, 0x05, 0x09, 0x05, 0x09, 0x05, 0x09, 0x05, 0x09, 0x05, 0x09, 0x05, 0x09,
    0x25, 0x09, 0x25, 0x09, 0x25, 0x09, 0x25, 0x09, 0x25, 0x09, 0x25, 0x09, 0x25, 0x09, 0x45, 0x09,
    0x46, 0x09, 0x46, 0x11, 0x46, 0x11, 0x46, 0x11, 0x46, 0x11, 0x46, 0x11, 0x46, 0x11, 0x66, 0x11,
    0x66, 0x11, 0x66, 0x11, 0x66, 0x11, 0x66, 0x11, 0x66, 0x11, 0x87, 0x11, 0x87, 0x11, 0x87, 0x11,
    0x87, 0x11, 0x87, 0x11, 0x87, 0x11, 0xA7, 0x11, 0xA7, 0x11, 0xA7, 0x11, 0xA7, 0x11, 0xA7, 0x11,
    0xA8, 0x11, 0xC8, 0x11, 0xC8, 0x11, 0xC8, 0x11, 0xC8, 0x11, 0xC8, 0x11, 0xC8, 0x11, 0xE8, 0x11,
    0xE8, 0x11, 0xE8, 0x11, 0xE8, 0x11, 0xE9, 0x11, 0x09, 0x12, 0x09, 0x12, 0x09, 0x12, 0x09, 0x12,
    0x09, 0x12, 0x09, 0x12, 0x29, 0x12, 0x29, 0x12, 0x29, 0x12, 0x29, 0x12, 0x2A, 0x12, 0x2A, 0x12,
    0x4A, 0x12, 0x4A, 0x12, 0x4A, 0x12, 0x4A, 0x12, 0x4A, 0x12, 0x4A, 0x12, 0x4A, 0x12, 0x4A, 0x12,
    0x4A, 0x12, 0x6A, 0x12, 0x6A, 0x12, 0x6A, 0x12, 0x6A, 0x12, 0x6A, 0x12, 0x6A, 0x12, 0x6A, 0x12,
    0x6A, 0x12, 0x6A, 0x12, 0x6A, 0x12, 0x4A, 0x12, 0x4A, 0x12, 0x4A, 0x12, 0x4A, 0x12, 0x4A, 0x12,
    0x4A, 0x12, 0x4A, 0x12, 0x4A, 0x12, 0x4A, 0x12, 0x2A, 0x12, 0x2A, 0x12, 0x29, 0x12, 0x29, 0x12,
    0x29, 0x12, 0x29, 0x12, 0x09, 0x12, 0x09, 0x12, 0x09, 0x12, 0x09, 0x12, 0x09, 0x12, 0x09, 0x12,
    0xE9, 0x11, 0xE8, 0x11, 0xE8, 0x11, 0xE8, 0x11, 0xE8, 0x11, 0xC8, 0x11, 0xC8, 0x11, 0xC8, 0x11,
    0xC8, 0x11, 0xC8, 0x11, 0xC8, 0x11, 0xC8, 0x11, 0xA7, 0x11, 0xA7, 0x11, 0xA7, 0x11, 0xA7, 0x11,
    0xA7, 0x11, 0x87, 0x11, 0x87, 0x11, 0x87, 0x11, 0x87, 0x11, 0x87, 0x11, 0x87, 0x11, 0x66, 0x11,
    0x66, 0x11, 0x66, 0x11, 0x66, 0x11, 0x66, 0x11, 0x66, 0x11, 0x66, 0x11, 0x46, 0x11, 0x46, 0x11,
    0x46, 0x11, 0x46, 0x11, 0x46, 0x11, 0x46, 0x09, 0x45, 0x09, 0x25, 0x09, 0x25, 0x09, 0x25, 0x09,
    0x25, 0x09, 0x25, 0x09, 0x25, 0x09, 0x25, 0x09, 0x05, 0x09, 0x05, 0x09, 0x05, 0x09, 0x05, 0x09,
    0x05, 0x09, 0x05, 0x09, 0x05, 0x09, 0x05, 0x09, 0xE4, 0x08, 0xE4, 0x08, 0xE4, 0x08, 0xE4, 0x08,
    0xE4, 0x08, 0xE4, 0x08, 0xE4, 0x08, 0xE4, 0x08, 0xE4, 0x08, 0xC4, 0x08, 0xC4, 0x08, 0xC4, 0x08,
    0xC4, 0x08, 0xC4, 0x08, 0xC4, 0x08, 0xC4, 0x08, 0xC4, 0x08, 0xC3, 0x08, 0xC3, 0x08, 0xC3, 0x08,
    0xC3, 0x08, 0xA3, 0x08, 0xA3, 0x08, 0xA3, 0x08, 0xA3, 0x08, 0xA3, 0x08, 0xA3, 0x08, 0xA3, 0x08,
    0xA3, 0x08, 0xA3, 0x08, 0xA3, 0x08, 0xA3, 0x08, 0xA3, 0x08, 0xA3, 0x08, 0x83, 0x08, 0x83, 0x08,
    0x83, 0x08, 0x83, 0x08, 0x83, 0x08, 0x83, 0x08, 0x83, 0x08, 0x83, 0x08, 0x83, 0x08, 0x83, 0x08,
    0x83, 0x08, 0x83, 0x08, 0x83, 0x08, 0x83, 0x08, 0x82, 0x08, 0x82, 0x08, 0x82, 0x08, 0x82, 0x08,
    0x82, 0x08, 0x82, 0x08, 0x82, 0x08, 0x62, 0x08, 0x62, 0x08, 0x62, 0x08, 0x62, 0x08, 0x62, 0x08,
    0x62, 0x08, 0x62, 0x08, 0x62, 0x08, 0x62, 0x08, 0x62, 0x08, 0x62, 0x08, 0x62, 0x08, 0x62, 0x08,
    0x62, 0x08, 0x62, 0x08, 0x62, 0x08, 0x62, 0x08, 0x62, 0x08, 0x62, 0x08, 0x62, 0x08, 0x62, 0x08,
    0x62, 0x08, 0x62, 0x08, 0x62, 0x08, 0x62, 0x08, 0x62, 0x08, 0x62, 0x08, 0x62, 0x08, 0x62, 0x08,
    0x62, 0x08, 0x62, 0x08, 0x62, 0x08, 0x62, 0x08, 0x62, 0x08, 0x62, 0x08, 0x62, 0x08, 0x62, 0x08,
    0x62, 0x08, 0x62, 0x08, 0x62, 0x08, 0x62, 0x08, 0x62, 0x08, 0x62, 0x08, 0x62, 0x08, 0x62, 0x08,
    0x62, 0x08, 0x62, 0x08, 0x62, 0x08, 0x62, 0x08, 0x62, 0x08, 0x62, 0x08, 0x62, 0x08, 0x62, 0x08,
    0x62, 0x08, 0x62, 0x08, 0x62, 0x08, 0x62, 0x08, 0x62, 0x08, 0x62, 0x08, 0x62, 0x08, 0x62, 0x08,
    0x62, 0x08, 0x62, 0x08, 0x62, 0x08, 0x62, 0x08, 0x62, 0x08, 0x83, 0x08, 0xC4, 0x10, 0xE5, 0x10,
    0x05, 0x19, 0x05, 0x19, 0x05, 0x19, 0x05, 0x19, 0x05, 0x19, 0x05, 0x19, 0x05, 0x19, 0x05, 0x19,
    0x05, 0x19, 0x05, 0x19, 0x05, 0x19, 0x05, 0x19, 0x05, 0x19, 0x05, 0x19, 0x05, 0x19, 0x05, 0x19,
    0x05, 0x19, 0x05, 0x19, 0x05, 0x19, 0x05, 0x19, 0x05, 0x19, 0x05, 0x19, 0x05, 0x19, 0x05, 0x19,
    0x05, 0x19, 0x05, 0x19, 0x05, 0x19, 0x05, 0x19, 0x05, 0x19, 0x05, 0x19, 0x05, 0x19, 0x05, 0x19,
    0x05, 0x19, 0x05, 0x19, 0x05, 0x19, 0x05, 0x19, 0x05, 0x19, 0x05, 0x19, 0x05, 0x19, 0x05, 0x19,
    0x05, 0x19, 0x05, 0x19, 0x05, 0x19, 0x05, 0x19, 0x05, 0x19, 0x05, 0x19, 0x05, 0x19, 0x05, 0x19,
    0x05, 0x19, 0x05, 0x19, 0x05, 0x19, 0x05, 0x19, 0x05, 0x19, 0x05, 0x19, 0x05, 0x19, 0x05, 0x19,
    0x05, 0x19, 0x05, 0x19, 0x05, 0x19, 0x05, 0x19, 0x05, 0x19, 0x05, 0x19, 0x06, 0x19, 0x05, 0x19,
    0x06, 0x19, 0x06, 0x19, 0x06, 0x19, 0x06, 0x19, 0x06, 0x19, 0x06, 0x19, 0x06, 0x19, 0x06, 0x19,
    0x06, 0x19, 0x06, 0x19, 0x06, 0x19, 0x06, 0x19, 0x06, 0x19, 0x06, 0x19, 0x06, 0x19, 0x06, 0x19,
    0x06, 0x19, 0x06, 0x19, 0x06, 0x19, 0x06, 0x19, 0x06, 0x19, 0x06, 0x19, 0x06, 0x19, 0x06, 0x19,
    0x06, 0x19, 0x06, 0x19, 0x06, 0x19, 0x06, 0x19, 0x06, 0x19, 0x06, 0x19, 0x06, 0x19, 0x06, 0x19,
    0x06, 0x19, 0x06, 0x19, 0x06, 0x19, 0x06, 0x19, 0x26, 0x19, 0x26, 0x19, 0x26, 0x19, 0x26, 0x19,
    0x26, 0x19, 0x26, 0x19, 0x26, 0x19, 0x26, 0x19, 0x26, 0x19, 0x26, 0x19, 0x26, 0x19, 0x26, 0x19,
    0x26, 0x19, 0x26, 0x19, 0x26, 0x19, 0x26, 0x19, 0x26, 0x19, 0x26, 0x19, 0x26, 0x19, 0x26, 0x19,
    0x26, 0x19, 0x26, 0x19, 0x26, 0x19, 0x26, 0x19, 0x26, 0x19, 0x26, 0x19, 0x26, 0x19, 0x26, 0x19,
    0x26, 0x19, 0x26, 0x19, 0x26, 0x19, 0x26, 0x19, 0x26, 0x19, 0x26, 0x19, 0x26, 0x19, 0x26, 0x19,
    0x26, 0x19, 0x26, 0x19, 0x26, 0x19, 0x26, 0x19, 0x26, 0x19, 0x26, 0x19, 0x26, 0x19, 0x26, 0x19,
    0x26, 0x19, 0x26, 0x19, 0x26, 0x19, 0x26, 0x19, 0x26, 0x19, 0x26, 0x19, 0x26, 0x19, 0x26, 0x19,
    0x26, 0x19, 0x26, 0x19, 0x26, 0x19, 0x26, 0x19, 0x26, 0x19, 0x26, 0x19, 0x26, 0x19, 0x26, 0x19,
    0x26, 0x19, 0x26, 0x19, 0x26, 0x19, 0x26, 0x19, 0x26, 0x19, 0x26, 0x19, 0x26, 0x19, 0x26, 0x19,
    0x26, 0x19, 0x26, 0x19, 0x26, 0x19, 0x26, 0x19, 0x26, 0x19, 0x26, 0x19, 0x26, 0x19, 0x06, 0x19,
    0x06, 0x19, 0x06, 0x19, 0x06, 0x19, 0x06, 0x19, 0x06, 0x19, 0x06, 0x19, 0x06, 0x19, 0x06, 0x19,
    0x06, 0x19, 0x06, 0x19, 0x06, 0x19, 0x06, 0x19, 0x06, 0x19, 0x06, 0x19, 0x06, 0x19, 0x06, 0x19,
    0x06, 0x19, 0x06, 0x19, 0x06, 0x19, 0x06, 0x19, 0x06, 0x19, 0x06, 0x19, 0x06, 0x19, 0x06, 0x19,
    0x06, 0x19, 0x06, 0x19, 0x06, 0x19, 0x06, 0x19, 0x06, 0x19, 0x06, 0x19, 0x06, 0x19, 0x06, 0x19,
    0x06, 0x19, 0x06, 0x19, 0x06, 0x19, 0x06, 0x19, 0x05, 0x19, 0x05, 0x19, 0x05, 0x19, 0x05, 0x19,
    0x05, 0x19, 0x05, 0x19, 0x05, 0x19, 0x05, 0x19, 0x05, 0x19, 0x05, 0x19, 0x05, 0x19, 0x05, 0x19,
    0x05, 0x19, 0x05, 0x19, 0x05, 0x19, 0x05, 0x19, 0x05, 0x19, 0x05, 0x19, 0x05, 0x19, 0x05, 0x19,
    0x05, 0x19, 0x05, 0x19, 0x05, 0x19, 0x05, 0x19, 0x05, 0x19, 0x05, 0x19, 0x05, 0x19, 0x05, 0x19,
    0x05, 0x19, 0x05, 0x19, 0x05, 0x19, 0x05, 0x19, 0x05, 0x19, 0x05, 0x19, 0x05, 0x19, 0x05, 0x19,
    0x05, 0x19, 0x05, 0x19, 0x05, 0x19, 0x05, 0x19, 0x05, 0x19, 0x05, 0x19, 0x05, 0x19, 0x05, 0x19,
    0x05, 0x19, 0x05, 0x19, 0x05, 0x19, 0x05, 0x19, 0x05, 0x19, 0x05, 0x19, 0x05, 0x19, 0x05, 0x19,
    0x05, 0x19, 0x05, 0x19, 0x05, 0x19, 0x05, 0x19, 0x05, 0x19, 0x05, 0x19, 0x05, 0x19, 0x05, 0x19,
    0x05, 0x19, 0x05, 0x19, 0x05, 0x19, 0x05, 0x19, 0xE5, 0x10, 0xC4, 0x10, 0xA3, 0x08, 0x62, 0x08,
    0x62, 0x08, 0x62, 0x08, 0x62, 0x08, 0x62, 0x08, 0x62, 0x08, 0x62, 0x08, 0x62, 0x08, 0x62, 0x08,
    0x62, 0x08, 0x62, 0x08, 0x62, 0x08, 0x62, 0x08, 0x62, 0x08, 0x62, 0x08, 0x62, 0x08, 0x62, 0x08,
    0x62, 0x08, 0x62, 0x08, 0x62, 0x08, 0x62, 0x08, 0x62, 0x08, 0x62, 0x08, 0x62, 0x08, 0x62, 0x08,
    0x62, 0x08, 0x62, 0x08, 0x62, 0x08, 0x62, 0x08, 0x62, 0x08, 0x62, 0x08, 0x62, 0x08, 0x62, 0x08,
    0x62, 0x08, 0x62, 0x08, 0x62, 0x08, 0x62, 0x08, 0x62, 0x08, 0x62, 0x08, 0x62, 0x08, 0x62, 0x08,
    0x62, 0x08, 0x62, 0x08, 0x62, 0x08, 0x62, 0x08, 0x62, 0x08, 0x62, 0x08, 0x62, 0x08, 0x62, 0x08,
    0x62, 0x08, 0x62, 0x08, 0x62, 0x08, 0x62, 0x08, 0x62, 0x08, 0x62, 0x08, 0x62, 0x08, 0xA3, 0x08,
    0xE5, 0x10, 0x06, 0x19, 0x26, 0x19, 0x06, 0x19, 0x06, 0x19, 0x06, 0x19, 0x06, 0x19, 0x06, 0x19,
    0x06, 0x19, 0x06, 0x19, 0x06, 0x19, 0x06, 0x19, 0x06, 0x19, 0x06, 0x19, 0x06, 0x19, 0x06, 0x19,
    0x06, 0x19, 0x06, 0x19, 0x06, 0x19, 0x06, 0x19, 0x06, 0x19, 0x06, 0x19, 0x06, 0x19, 0x06, 0x19,
    0x06, 0x19, 0x06, 0x19, 0x06, 0x19, 0x06, 0x19, 0x06, 0x19, 0x06, 0x19, 0x06, 0x19, 0x06, 0x19,
    0x06, 0x19, 0x06, 0x19, 0x06, 0x19, 0x06, 0x19, 0x06, 0x19, 0x06, 0x19, 0x06, 0x19, 0x06, 0x19,
    0x06, 0x19, 0x06, 0x19, 0x06, 0x19, 0x06, 0x19, 0x06, 0x19, 0x06, 0x19, 0x06, 0x19, 0x06, 0x19,
    0x06, 0x19, 0x06, 0x19, 0x06, 0x19, 0x06, 0x19, 0x06, 0x19, 0x06, 0x19, 0x06, 0x19, 0x06, 0x19,
    0x06, 0x19, 0x06, 0x19, 0x06, 0x19, 0x06, 0x19, 0x06, 0x19, 0x06, 0x19, 0x06, 0x19, 0x06, 0x19,
    0x06, 0x19, 0x06, 0x19, 0x06, 0x19, 0x06, 0x19, 0x06, 0x19, 0x06, 0x19, 0x06, 0x19, 0x06, 0x19,
    0x06, 0x19, 0x06, 0x19, 0x06, 0x19, 0x06, 0x19, 0x06, 0x19, 0x06, 0x19, 0x06, 0x19, 0x06, 0x19,
    0x06, 0x19, 0x06, 0x19, 0x06, 0x19, 0x06, 0x19, 0x06, 0x19, 0x06, 0x19, 0x06, 0x19, 0x06, 0x19,
    0x06, 0x19, 0x06, 0x19, 0x06, 0x19, 0x06, 0x19, 0x06, 0x19, 0x06, 0x19, 0x06, 0x19, 0x06, 0x19,
    0x06, 0x19, 0x06, 0x19, 0x06, 0x19, 0x06, 0x19, 0x06, 0x19, 0x06, 0x19, 0x06, 0x19, 0x06, 0x19,
    0x06, 0x19, 0x06, 0x19, 0x06, 0x19, 0x06, 0x19, 0x06, 0x19, 0x06, 0x19, 0x06, 0x19, 0x06, 0x19,
    0x06, 0x19, 0x06, 0x19, 0x06, 0x19, 0x06, 0x19, 0x06, 0x19, 0x06, 0x19, 0x06, 0x19, 0x05, 0x19,
    0x05, 0x19, 0x05, 0x19, 0x05, 0x19, 0x05, 0x19, 0x05, 0x19, 0x05, 0x19, 0x05, 0x19, 0x05, 0x19,
    0x05, 0x19, 0x05, 0x19, 0x05, 0x19, 0x05, 0x19, 0x05, 0x19, 0x05, 0x19, 0x05, 0x19, 0x05, 0x19,
    0x05, 0x19, 0x05, 0x19, 0x05, 0x19, 0x05, 0x19, 0x05, 0x19, 0x05, 0x19, 0x05, 0x19, 0x05, 0x19,
    0x05, 0x19, 0x05, 0x19, 0x05, 0x19, 0x05, 0x19, 0x05, 0x19, 0x05, 0x19, 0x05, 0x19, 0x05, 0x19,
    0x05, 0x19, 0x05, 0x19, 0x05, 0x19, 0x05, 0x19, 0x05, 0x19, 0x05, 0x19, 0x05, 0x19, 0x05, 0x19,
    0x05, 0x19, 0x05, 0x19, 0x05, 0x19, 0x05, 0x19, 0x05, 0x19, 0x06, 0x19, 0x06, 0x19, 0x06, 0x19,
    0x06, 0x19, 0x06, 0x19, 0x06, 0x19, 0x06, 0x19, 0x06, 0x19, 0x06, 0x19, 0x06, 0x19, 0x06, 0x19,
    0x06, 0x19, 0x06, 0x19, 0x06, 0x19, 0x06, 0x19, 0x06, 0x19, 0x06, 0x19, 0x06, 0x19, 0x06, 0x19,
    0x06, 0x19, 0x06, 0x19, 0x06, 0x19, 0x06, 0x19, 0x06, 0x19, 0x06, 0x19, 0x06, 0x19, 0x06, 0x19,
    0x06, 0x19, 0x06, 0x19, 0x06, 0x19, 0x06, 0x19, 0x06, 0x19, 0x06, 0x19, 0x06, 0x19, 0x06, 0x19,
    0x06, 0x19, 0x06, 0x19, 0x06, 0x19, 0x06, 0x19, 0x06, 0x19, 0x06, 0x19, 0x06, 0x19, 0x06, 0x19,
    0x06, 0x19, 0x06, 0x19, 0x06, 0x19, 0x06, 0x19, 0x06, 0x19, 0x06, 0x19, 0x06, 0x19, 0x06, 0x19,
    0x06, 0x19, 0x06, 0x19, 0x06, 0x19, 0x06, 0x19, 0x06, 0x19, 0x06, 0x19, 0x06, 0x19, 0x06, 0x19,
    0x06, 0x19, 0x06, 0x19, 0x06, 0x19, 0x06, 0x19, 0x06, 0x19, 0x06, 0x19, 0x06, 0x19, 0x06, 0x19,
    0x06, 0x19, 0x06, 0x19, 0x06, 0x19, 0x06, 0x19, 0x06, 0x19, 0x06, 0x19, 0x06, 0x19, 0x06, 0x19,
    0x06, 0x19, 0x06, 0x19, 0x06, 0x19, 0x06, 0x19, 0x06, 0x19, 0x06, 0x19, 0x06, 0x19, 0x06, 0x19,
    0x06, 0x19, 0x06, 0x19, 0x06, 0x19, 0x06, 0x19, 0x06, 0x19, 0x06, 0x19, 0x06, 0x19, 0x06, 0x19,
    0x06, 0x19, 0x06, 0x19, 0x06, 0x19, 0x06, 0x19, 0x06, 0x19, 0x06, 0x19, 0x06, 0x19, 0x06, 0x19,
    0x06, 0x19, 0x06, 0x19, 0x06, 0x19, 0x06, 0x19, 0x06, 0x19, 0x06, 0x19, 0x06, 0x19, 0x06, 0x19,
    0x06, 0x19, 0x06, 0x19, 0x06, 0x19, 0x06, 0x19, 0x06, 0x19, 0x06, 0x19, 0x06, 0x19, 0x06, 0x19,
    0x06, 0x19, 0x06, 0x19, 0x06, 0x19, 0xE5, 0x18, 0xC4, 0x10, 0x62, 0x08, 0x62, 0x08, 0x62, 0x08,
    0x62, 0x08, 0x62, 0x08, 0x62, 0x08, 0x62, 0x08, 0x62, 0x08, 0x62, 0x08, 0x62, 0x08, 0x62, 0x08,
    0x62, 0x08, 0x62, 0x08, 0x62, 0x08, 0x62, 0x08, 0x62, 0x08, 0x62, 0x08, 0x62, 0x08, 0x62, 0x08,
    0x62, 0x08, 0x62, 0x08, 0x62, 0x08, 0x62, 0x08, 0x62, 0x08, 0x62, 0x08, 0x62, 0x08, 0x62, 0x08,
    0x62, 0x08, 0x62, 0x08, 0x62, 0x08, 0x62, 0x08, 0x62, 0x08, 0x62, 0x08, 0x62, 0x08, 0x62, 0x08,
    0x62, 0x08, 0x62, 0x08, 0x62, 0x08, 0x62, 0x08, 0x62, 0x08, 0x62, 0x08, 0x62, 0x08, 0x62, 0x08,
    0x62, 0x08, 0x62, 0x08, 0x62, 0x08, 0x62, 0x08, 0x62, 0x08, 0x62, 0x08, 0x62, 0x08, 0x62, 0x08,
    0x62, 0x08, 0x62, 0x08, 0xE5, 0x10, 0x06, 0x19, 0x06, 0x19, 0x06, 0x19, 0x05, 0x19, 0x06, 0x19,
    0x06, 0x19, 0x06, 0x19, 0x06, 0x19, 0x06, 0x19, 0x06, 0x19, 0x06, 0x19, 0x06, 0x19, 0x06, 0x19,
    0x06, 0x19, 0x06, 0x19, 0x06, 0x19, 0x06, 0x19, 0x06, 0x19, 0x06, 0x19, 0x06, 0x19, 0x06, 0x19,
    0x06, 0x19, 0x06, 0x19, 0x06, 0x19, 0x06, 0x19, 0x06, 0x19, 0x06, 0x19, 0x06, 0x19, 0x06, 0x19,
    0x06, 0x19, 0x06, 0x19, 0x06, 0x19, 0x06, 0x19, 0x06, 0x19, 0x06, 0x19, 0x06, 0x19, 0x06, 0x19,
    0x06, 0x19, 0x06, 0x19, 0x06, 0x19, 0x06, 0x19, 0x06, 0x19, 0x06, 0x19, 0x06, 0x19, 0x06, 0x19,
    0x06, 0x19, 0x06, 0x19, 0x06, 0x19, 0x06, 0x19, 0x06, 0x19, 0x06, 0x19, 0x06, 0x19, 0x06, 0x19,
    0x06, 0x19, 0x06, 0x19, 0x06, 0x19, 0x06, 0x19, 0x06, 0x19, 0x06, 0x19, 0x06, 0x19, 0x06, 0x19,
    0x06, 0x19, 0x06, 0x19, 0x06, 0x19, 0x06, 0x19, 0x06, 0x19, 0x06, 0x19, 0x06, 0x19, 0x06, 0x19,
    0x06, 0x19, 0x06, 0x19, 0x06, 0x19, 0x06, 0x19, 0x06, 0x19, 0x06, 0x19, 0x06, 0x19, 0x06, 0x19,
    0x06, 0x19, 0x06, 0x19, 0x06, 0x19, 0x06, 0x19, 0x06, 0x19, 0x06, 0x19, 0x06, 0x19, 0x06, 0x19,
    0x06, 0x19, 0x06, 0x19, 0x06, 0x19, 0x06, 0x19, 0x06, 0x19, 0x06, 0x19, 0x06, 0x19, 0x06, 0x19,
    0x06, 0x19, 0x06, 0x19, 0x06, 0x19, 0x06, 0x19, 0x06, 0x19, 0x06, 0x19, 0x06, 0x19, 0x06, 0x19,
    0x06, 0x19, 0x06, 0x19, 0x06, 0x19, 0x06, 0x19, 0x06, 0x19, 0x06, 0x19, 0x06, 0x19, 0x06, 0x19,
    0x06, 0x19, 0x06, 0x19, 0x06, 0x19, 0x06, 0x19, 0x06, 0x19, 0x06, 0x19, 0x06, 0x19, 0x06, 0x19,
    0x06, 0x19, 0x06, 0x19, 0x06, 0x19, 0x06, 0x19, 0x06, 0x19, 0x06, 0x19, 0x06, 0x19, 0x06, 0x19,
    0x06, 0x19, 0x06, 0x19, 0x06, 0x19, 0x06, 0x19, 0x06, 0x19, 0x06, 0x19, 0x06, 0x19, 0x06, 0x19,
    0x06, 0x19, 0x06, 0x19, 0x06, 0x19, 0x06, 0x19, 0x06, 0x19, 0x06, 0x19, 0x06, 0x19, 0x06, 0x19,
    0x06, 0x19, 0x06, 0x19, 0x06, 0x19, 0x06, 0x19, 0x06, 0x19, 0x06, 0x19, 0x06, 0x19, 0x06, 0x19,
    0x06, 0x19, 0x06, 0x19, 0x06, 0x19, 0x06, 0x19, 0x06, 0x19, 0x06, 0x19, 0x06, 0x19, 0x06, 0x19,
    0x06, 0x19, 0x06, 0x19, 0x06, 0x19, 0x06, 0x19, 0x06, 0x19, 0x06, 0x19, 0x06, 0x19, 0x06, 0x19,
    0x06, 0x19, 0x06, 0x19, 0x06, 0x19, 0x06, 0x19, 0x06, 0x19, 0x06, 0x19, 0x06, 0x19, 0x06, 0x19,
    0x06, 0x19, 0x06, 0x19, 0x06, 0x19, 0x06, 0x19, 0x06, 0x19, 0x06, 0x19, 0x06, 0x19, 0x06, 0x19,
    0x06, 0x19, 0x06, 0x19, 0x06, 0x19, 0x06, 0x19, 0x06, 0x19, 0x06, 0x19, 0x06, 0x19, 0x06, 0x19,
    0x06, 0x19, 0x06, 0x19, 0x06, 0x19, 0x06, 0x19, 0x06, 0x19, 0x06, 0x19, 0x06, 0x19, 0x06, 0x19,
    0x06, 0x19, 0x06, 0x19, 0x06, 0x19, 0x06, 0x19, 0x06, 0x19, 0x06, 0x19, 0x06, 0x19, 0x06, 0x19,
    0x06, 0x19, 0x06, 0x19, 0x06, 0x19, 0x06, 0x19, 0x06, 0x19, 0x06, 0x19, 0x06, 0x19, 0x06, 0x19,
    0x06, 0x19, 0x06, 0x19, 0x06, 0x19, 0x06, 0x19, 0x06, 0x19, 0x06, 0x19, 0x06, 0x19, 0x06, 0x19,
    0x06, 0x19, 0x06, 0x19, 0x06, 0x19, 0x06, 0x19, 0x06, 0x19, 0x06, 0x19, 0x06, 0x19, 0x06, 0x19,
    0x06, 0x19, 0x06, 0x19, 0x06, 0x19, 0x06, 0x19, 0x06, 0x19, 0x06, 0x19, 0x06, 0x19, 0x06, 0x19,
    0x06, 0x19, 0x06, 0x19, 0x06, 0x19, 0x06, 0x19, 0x06, 0x19, 0x06, 0x19, 0x06, 0x19, 0x06, 0x19,
    0x06, 0x19, 0x06, 0x19, 0x06, 0x19, 0x06, 0x19, 0x06, 0x19, 0x06, 0x19, 0x06, 0x19, 0x06, 0x19,
    0x06, 0x19, 0x06, 0x19, 0x06, 0x19, 0x06, 0x19, 0x06, 0x19, 0x06, 0x19, 0x06, 0x19, 0x06, 0x19,
    0x06, 0x19, 0x06, 0x19, 0x06, 0x19, 0x06, 0x19, 0x06, 0x19, 0x06, 0x19, 0x06, 0x19, 0x06, 0x19,
    0x06, 0x19, 0x06, 0x19, 0x06, 0x19, 0x06, 0x19, 0x06, 0x19, 0x06, 0x19, 0x06, 0x19, 0x06, 0x19,
    0x06, 0x19, 0x06, 0x19, 0x06, 0x19, 0x06, 0x19, 0x06, 0x19, 0x06, 0x19, 0x06, 0x19, 0x06, 0x19,
    0x26, 0x19, 0xE5, 0x18, 0x83, 0x08, 0x62, 0x08, 0x62, 0x08, 0x62, 0x08, 0x62, 0x08, 0x62, 0x08,
    0x62, 0x08, 0x62, 0x08, 0x62, 0x08, 0x62, 0x08, 0x62, 0x08, 0x62, 0x08, 0x62, 0x08, 0x62, 0x08,
    0x62, 0x08, 0x62, 0x08, 0x62, 0x08, 0x62, 0x08, 0x62, 0x08, 0x62, 0x08, 0x62, 0x08, 0x62, 0x08,
    0x62, 0x08, 0x62, 0x08, 0x62, 0x08, 0x62, 0x08, 0x62, 0x08, 0x62, 0x08, 0x62, 0x08, 0x62, 0x08,
    0x62, 0x08, 0x62, 0x08, 0x62, 0x08, 0x62, 0x08, 0x62, 0x08, 0x62, 0x08, 0x62, 0x08, 0x62, 0x08,
    0x62, 0x08, 0x62, 0x08, 0x62, 0x08, 0x62, 0x08, 0x62, 0x08, 0x62, 0x08, 0x62, 0x08, 0x62, 0x08,
    0x62, 0x08, 0x62, 0x08, 0x62, 0x08, 0x62, 0x08, 0x83, 0x08, 0x05, 0x19, 0x06, 0x19, 0x06, 0x19,
    0x06, 0x19, 0x06, 0x19, 0x06, 0x19, 0x06, 0x19, 0x06, 0x19, 0x06, 0x19, 0x06, 0x19, 0x06, 0x19,
    0x06, 0x19, 0x06, 0x19, 0x06, 0x19, 0x06, 0x19, 0x06, 0x19, 0x06, 0x19, 0x06, 0x19, 0x06, 0x19,
    0x06, 0x19, 0x06, 0x19, 0x06, 0x19, 0x06, 0x19, 0x06, 0x19, 0x06, 0x19, 0x06, 0x19, 0x06, 0x19,
    0x06, 0x19, 0x06, 0x19, 0x06, 0x19, 0x06, 0x19, 0x06, 0x19, 0x06, 0x19, 0x06, 0x19, 0x06, 0x19,
    0x06, 0x19, 0x06, 0x19, 0x06, 0x19, 0x06, 0x19, 0x06, 0x19, 0x06, 0x19, 0x06, 0x19, 0x06, 0x19,
    0x06, 0x19, 0x06, 0x19, 0x06, 0x19, 0x06, 0x19, 0x06, 0x19, 0x06, 0x19, 0x06, 0x19, 0x06, 0x19,
    0x06, 0x19, 0x06, 0x19, 0x06, 0x19, 0x06, 0x19, 0x06, 0x19, 0x06, 0x19, 0x06, 0x19, 0x06, 0x19,
    0x06, 0x19, 0x06, 0x19, 0x06, 0x19, 0x06, 0x19, 0x06, 0x19, 0x06, 0x19, 0x06, 0x19, 0x06, 0x19,
    0x06, 0x19, 0x06, 0x19, 0x06, 0x19, 0x06, 0x19, 0x06, 0x19, 0x06, 0x19, 0x06, 0x19, 0x06, 0x19,
    0x06, 0x19, 0x06, 0x19, 0x06, 0x19, 0x06, 0x19, 0x06, 0x19, 0x06, 0x19, 0x06, 0x19, 0x06, 0x19,
    0x06, 0x19, 0x06, 0x19, 0x06, 0x19, 0x06, 0x19, 0x06, 0x19, 0x06, 0x19, 0x06, 0x19, 0x06, 0x19,
    0x06, 0x19, 0x06, 0x19, 0x06, 0x19, 0x06, 0x19, 0x06, 0x19, 0x06, 0x19, 0x06, 0x19, 0x06, 0x19,
    0x06, 0x19, 0x06, 0x19, 0x06, 0x19, 0x06, 0x19, 0x06, 0x19, 0x06, 0x19, 0x06, 0x19, 0x06, 0x19,
    0x06, 0x19, 0x06, 0x19, 0x06, 0x19, 0x06, 0x19, 0x06, 0x19, 0x06, 0x19, 0x06, 0x19, 0x06, 0x19,
    0x06, 0x19, 0x06, 0x19, 0x06, 0x19, 0x06, 0x19, 0x06, 0x19, 0x06, 0x19, 0x06, 0x19, 0x06, 0x19,
    0x06, 0x19, 0x06, 0x19, 0x06, 0x19, 0x06, 0x19, 0x06, 0x19, 0x06, 0x19, 0x06, 0x19, 0x06, 0x19,
    0x06, 0x19, 0x06, 0x19, 0x06, 0x19, 0x06, 0x19, 0x06, 0x19, 0x06, 0x19, 0x06, 0x19, 0x06, 0x19,
    0x06, 0x19, 0x06, 0x19, 0x06, 0x19, 0x06, 0x19, 0x06, 0x19, 0x06, 0x19, 0x06, 0x19, 0x06, 0x19,
    0x06, 0x19, 0x06, 0x19, 0x06, 0x19, 0x06, 0x19, 0x06, 0x19, 0x06, 0x19, 0x06, 0x19, 0x06, 0x19,
    0x06, 0x19, 0x06, 0x19, 0x06, 0x19, 0x06, 0x19, 0x06, 0x19, 0x06, 0x19, 0x06, 0x19, 0x06, 0x19,
    0x06, 0x19, 0x06, 0x19, 0x06, 0x19, 0x06, 0x19, 0x06, 0x19, 0x06, 0x19, 0x06, 0x19, 0x06, 0x19,
    0x06, 0x19, 0x06, 0x19, 0x06, 0x19, 0x06, 0x19, 0x06, 0x19, 0x06, 0x19, 0x06, 0x19, 0x06, 0x19,
    0x06, 0x19, 0x06, 0x19, 0x06, 0x19, 0x06, 0x19, 0x06, 0x19, 0x06, 0x19, 0x06, 0x19, 0x06, 0x19,
    0x06, 0x19, 0x06, 0x19, 0x06, 0x19, 0x06, 0x19, 0x06, 0x19, 0x06, 0x19, 0x06, 0x19, 0x06, 0x19,
    0x06, 0x19, 0x06, 0x19, 0x06, 0x19, 0x06, 0x19, 0x06, 0x19, 0x06, 0x19, 0x06, 0x19, 0x06, 0x19,
    0x06, 0x19, 0x06, 0x19, 0x06, 0x19, 0x06, 0x19, 0x06, 0x19, 0x06, 0x19, 0x06, 0x19, 0x06, 0x19,
    0x06, 0x19, 0x06, 0x19, 0x06, 0x19, 0x06, 0x19, 0x06, 0x19, 0x06, 0x19, 0x06, 0x19, 0x06, 0x19,
    0x06, 0x19, 0x06, 0x19, 0x06, 0x19, 0x06, 0x19, 0x06, 0x19, 0x06, 0x19, 0x06, 0x19, 0x06, 0x19,
    0x06, 0x19, 0x06, 0x19, 0x06, 0x19, 0x06, 0x19, 0x06, 0x19, 0x06, 0x19, 0x06, 0x19, 0x06, 0x19,
    0x06, 0x19, 0x06, 0x19, 0x06, 0x19, 0x06, 0x19, 0x06, 0x19, 0x06, 0x19, 0x06, 0x19, 0x06, 0x19,
    0x06, 0x19, 0x06, 0x19, 0x06, 0x19, 0x06, 0x19, 0x06, 0x19, 0x06, 0x19, 0x06, 0x19, 0x06, 0x19,
    0x06, 0x19, 0x06, 0x19, 0x06, 0x19, 0x06, 0x19, 0x06, 0x19, 0x06, 0x19, 0x06, 0x19, 0x06, 0x19,
    0x06, 0x19, 0x06, 0x19, 0x06, 0x19, 0x06, 0x19, 0x06, 0x19, 0x06, 0x19, 0x06, 0x19, 0x06, 0x19,
    0x06, 0x19, 0x06, 0x19, 0x06, 0x19, 0x06, 0x19, 0x06, 0x19, 0x06, 0x19, 0x06, 0x19, 0x06, 0x19,
    0x06, 0x19, 0x06, 0x19, 0x06, 0x19, 0x06, 0x19, 0x06, 0x19, 0x06, 0x19, 0x06, 0x19, 0x06, 0x19,
    0x06, 0x19, 0x06, 0x19, 0x06, 0x19, 0x06, 0x19, 0x06, 0x19, 0x06, 0x19, 0x06, 0x19, 0xA3, 0x10,
    0x62, 0x08, 0x62, 0x08, 0x62, 0x08, 0x62, 0x08, 0x62, 0x08, 0x62, 0x08, 0x62, 0x08, 0x62, 0x08,
    0x62, 0x08, 0x62, 0x08, 0x62, 0x08, 0x62, 0x08, 0x62, 0x08, 0x62, 0x08, 0x62, 0x08, 0x62, 0x08,
    0x62, 0x08, 0x62, 0x08, 0x62, 0x08, 0x62, 0x08, 0x62, 0x08, 0x62, 0x08, 0x62, 0x08, 0x62, 0x08,
    0x62, 0x08, 0x62, 0x08, 0x62, 0x08, 0x62, 0x08, 0x62, 0x08, 0x62, 0x08, 0x62, 0x08, 0x62, 0x08,
    0x62, 0x08, 0x62, 0x08, 0x62, 0x08, 0x62, 0x08, 0x62, 0x08, 0x62, 0x08, 0x62, 0x08, 0x62, 0x08,
    0x62, 0x08, 0x62, 0x08, 0x62, 0x08, 0x62, 0x08, 0x62, 0x08, 0x62, 0x08, 0x62, 0x08, 0x83, 0x08,
    0x05, 0x19, 0x06, 0x19, 0x06, 0x19, 0x06, 0x19, 0x06, 0x19, 0x06, 0x19, 0x06, 0x19, 0x06, 0x19,
    0x06, 0x19, 0x06, 0x19, 0x06, 0x19, 0x06, 0x19, 0x06, 0x19, 0x06, 0x19, 0x06, 0x19, 0x06, 0x19,
    0x06, 0x19, 0x06, 0x19, 0x06, 0x19, 0x06, 0x19, 0x06, 0x19, 0x06, 0x19, 0x06, 0x19, 0x06, 0x19,
    0x06, 0x19, 0x06, 0x19, 0x06, 0x19, 0x06, 0x19, 0x06, 0x19, 0x06, 0x19, 0x06, 0x19, 0x06, 0x19,
    0x06, 0x19, 0x06, 0x19, 0x06, 0x19, 0x06, 0x19, 0x06, 0x19, 0x06, 0x19, 0x06, 0x19, 0x06, 0x19,
    0x06, 0x19, 0x06, 0x19, 0x06, 0x19, 0x06, 0x19, 0x06, 0x19, 0x06, 0x19, 0x06, 0x19, 0x06, 0x19,
    0x06, 0x19, 0x06, 0x19, 0x06, 0x19, 0x06, 0x19, 0x06, 0x19, 0x06, 0x19, 0x06, 0x19, 0x06, 0x19,
    0x06, 0x19, 0x06, 0x19, 0x06, 0x19, 0x06, 0x19, 0x06, 0x19, 0x06, 0x19, 0x06, 0x19, 0x06, 0x19,
    0x06, 0x19, 0x06, 0x19, 0x06, 0x19, 0x06, 0x19, 0x06, 0x19, 0x06, 0x19, 0x06, 0x19, 0x06, 0x19,
    0x06, 0x19, 0x06, 0x19, 0x06, 0x19, 0x06, 0x19, 0x06, 0x19, 0x06, 0x19, 0x06, 0x19, 0x06, 0x19,
    0x06, 0x19, 0x06, 0x19, 0x06, 0x19, 0x06, 0x19, 0x06, 0x19, 0x06, 0x19, 0x06, 0x19, 0x06, 0x19,
    0x06, 0x19, 0x06, 0x19, 0x06, 0x19, 0x06, 0x19, 0x06, 0x19, 0x06, 0x19, 0x06, 0x19, 0x06, 0x19,
    0x06, 0x19, 0x06, 0x19, 0x06, 0x19, 0x06, 0x19, 0x06, 0x19, 0x06, 0x19, 0x06, 0x19, 0x06, 0x19,
    0x06, 0x19, 0x06, 0x19, 0x06, 0x19, 0x06, 0x19, 0x06, 0x19, 0x06, 0x19, 0x06, 0x19, 0x06, 0x19,
    0x06, 0x19, 0x06, 0x19, 0x06, 0x19, 0x06, 0x19, 0x06, 0x19, 0x06, 0x19, 0x06, 0x19, 0x06, 0x19,
    0x06, 0x19, 0x06, 0x19, 0x06, 0x19, 0x06, 0x19, 0x06, 0x19, 0x06, 0x19, 0x06, 0x19, 0x06, 0x19,
    0x06, 0x19, 0x06, 0x19, 0x06, 0x19, 0x06, 0x19, 0x06, 0x19, 0x06, 0x19, 0x06, 0x19, 0x06, 0x19,
    0x06, 0x19, 0x06, 0x19, 0x06, 0x19, 0x06, 0x19, 0x06, 0x19, 0x06, 0x19, 0x06, 0x19, 0x06, 0x19,
    0x06, 0x19, 0x06, 0x19, 0x06, 0x19, 0x06, 0x19, 0x06, 0x19, 0x06, 0x19, 0x06, 0x19, 0x06, 0x19,
    0x06, 0x19, 0x06, 0x19, 0x06, 0x19, 0x06, 0x19, 0x06, 0x19, 0x06, 0x19, 0x06, 0x19, 0x06, 0x19,
    0x06, 0x19, 0x06, 0x19, 0x06, 0x19, 0x06, 0x19, 0x06, 0x19, 0x06, 0x19, 0x06, 0x19, 0x06, 0x19,
    0x06, 0x19, 0x06, 0x19, 0x06, 0x19, 0x06, 0x19, 0x06, 0x19, 0x06, 0x19, 0x06, 0x19, 0x06, 0x19,
    0x06, 0x19, 0x06, 0x19, 0x06, 0x19, 0x06, 0x19, 0x06, 0x19, 0x06, 0x19, 0x06, 0x19, 0x06, 0x19,
    0x06, 0x19, 0x06, 0x19, 0x06, 0x19, 0x06, 0x19, 0x06, 0x19, 0x06, 0x19, 0x06, 0x19, 0x06, 0x19,
    0x06, 0x19, 0x06, 0x19, 0x06, 0x19, 0x06, 0x19, 0x06, 0x19, 0x06, 0x19, 0x06, 0x19, 0x06, 0x19,
    0x06, 0x19, 0x06, 0x19, 0x06, 0x19, 0x06, 0x19, 0x06, 0x19, 0x06, 0x19, 0x06, 0x19, 0x06, 0x19,
    0x06, 0x19, 0x06, 0x19, 0x06, 0x19, 0x06, 0x19, 0x06, 0x19, 0x06, 0x19, 0x06, 0x19, 0x06, 0x19,
    0x06, 0x19, 0x06, 0x19, 0x06, 0x19, 0x06, 0x19, 0x06, 0x19, 0x06, 0x19, 0x06, 0x19, 0x06, 0x19,
    0x06, 0x19, 0x06, 0x19, 0x06, 0x19, 0x06, 0x19, 0x06, 0x19, 0x06, 0x19, 0x06, 0x19, 0x06, 0x19,
    0x06, 0x19, 0x06, 0x19, 0x06, 0x19, 0x06, 0x19, 0x06, 0x19, 0x06, 0x19, 0x06, 0x19, 0x06, 0x19,
    0x06, 0x19, 0x06, 0x19, 0x06, 0x19, 0x06, 0x19, 0x06, 0x19, 0x06, 0x19, 0x06, 0x19, 0x06, 0x19,
    0x06, 0x19, 0x06, 0x19, 0x06, 0x19, 0x06, 0x19, 0x06, 0x19, 0x06, 0x19, 0x06, 0x19, 0x06, 0x19,
    0x06, 0x19, 0x06, 0x19, 0x06, 0x19, 0x06, 0x19, 0x06, 0x19, 0x06, 0x19, 0x06, 0x19, 0x06, 0x19,
    0x06, 0x19, 0x06, 0x19, 0x06, 0x19, 0x06, 0x19, 0x06, 0x19, 0x06, 0x19, 0x06, 0x19, 0x06, 0x19,
    0x06, 0x19, 0x06, 0x19, 0x06, 0x19, 0x06, 0x19, 0x06, 0x19, 0x06, 0x19, 0x06, 0x19, 0x06, 0x19,
    0x06, 0x19, 0x06, 0x19, 0x06, 0x19, 0x06, 0x19, 0x06, 0x19, 0x06, 0x19, 0x06, 0x19, 0x06, 0x19,
    0x06, 0x19, 0x06, 0x19, 0x06, 0x19, 0x06, 0x19, 0xA3, 0x10, 0x62, 0x08, 0x62, 0x08, 0x62, 0x08,
    0x62, 0x08, 0x62, 0x08, 0x62, 0x08, 0x62, 0x08, 0x62, 0x08, 0x62, 0x08, 0x62, 0x08, 0x62, 0x08,
    0x62, 0x08, 0x62, 0x08, 0x62, 0x08, 0x62, 0x08, 0x62, 0x08, 0x62, 0x08, 0x62, 0x08, 0x62, 0x08,
    0x62, 0x08, 0x62, 0x08, 0x62, 0x08, 0x62, 0x08, 0x62, 0x08, 0x62, 0x08, 0x62, 0x08, 0x62, 0x08,
    0x62, 0x08, 0x62, 0x08, 0x62, 0x08, 0x62, 0x08, 0x62, 0x08, 0x62, 0x08, 0x62, 0x08, 0x62, 0x08,
    0x62, 0x08, 0x62, 0x08, 0x62, 0x08, 0x62, 0x08, 0x62, 0x08, 0x62, 0x08, 0x62, 0x08, 0x62, 0x08,
    0x62, 0x08, 0x62, 0x08, 0x62, 0x08, 0x05, 0x19, 0x06, 0x19, 0x06, 0x19, 0x06, 0x19, 0x06, 0x19,
    0x06, 0x19, 0x06, 0x19, 0x06, 0x19, 0x06, 0x19, 0x06, 0x19, 0x06, 0x19, 0x06, 0x19, 0x06, 0x19,
    0x06, 0x19, 0x06, 0x19, 0x06, 0x19, 0x06, 0x19, 0x06, 0x19, 0x06, 0x19, 0x06, 0x19, 0x06, 0x19,
    0x06, 0x19, 0x06, 0x19, 0x06, 0x19, 0x06, 0x19, 0x06, 0x19, 0x06, 0x19, 0x06, 0x19, 0x06, 0x19,
    0x06, 0x19, 0x06, 0x19, 0x06, 0x19, 0x06, 0x19, 0x06, 0x19, 0x06, 0x19, 0x06, 0x19, 0x06, 0x19,
    0x06, 0x19, 0x06, 0x19, 0x06, 0x19, 0x06, 0x19, 0x06, 0x19, 0x06, 0x19, 0x06, 0x19, 0x06, 0x19,
    0x06, 0x19, 0x06, 0x19, 0x06, 0x19, 0x06, 0x19, 0x06, 0x19, 0x06, 0x19, 0x06, 0x19, 0x06, 0x19,
    0x06, 0x19, 0x06, 0x19, 0x06, 0x19, 0x06, 0x19, 0x06, 0x19, 0x06, 0x19, 0x06, 0x19, 0x06, 0x19,
    0x06, 0x19, 0x06, 0x19, 0x06, 0x19, 0x06, 0x19, 0x06, 0x19, 0x06, 0x19, 0x06, 0x19, 0x06, 0x19,
    0x06, 0x19, 0x06, 0x19, 0x06, 0x19, 0x06, 0x19, 0x06, 0x19, 0x06, 0x19, 0x06, 0x19, 0x06, 0x19,
    0x06, 0x19, 0x06, 0x19, 0x06, 0x19, 0x06, 0x19, 0x06, 0x19, 0x06, 0x19, 0x06, 0x19, 0x06, 0x19,
    0x06, 0x19, 0x06, 0x19, 0x06, 0x19, 0x06, 0x19, 0x06, 0x19, 0x06, 0x19, 0x06, 0x19, 0x06, 0x19,
    0x06, 0x19, 0x06, 0x19, 0x06, 0x19, 0x06, 0x19, 0x06, 0x19, 0x06, 0x19, 0x06, 0x19, 0x06, 0x19,
    0x06, 0x19, 0x06, 0x19, 0x06, 0x19, 0x06, 0x19, 0x06, 0x19, 0x06, 0x19, 0x06, 0x19, 0x06, 0x19,
    0x06, 0x19, 0x06, 0x19, 0x06, 0x19, 0x06, 0x19, 0x06, 0x19, 0x06, 0x19, 0x06, 0x19, 0x06, 0x19,
    0x06, 0x19, 0x06, 0x19, 0x06, 0x19, 0x06, 0x19, 0x06, 0x19, 0x06, 0x19, 0x06, 0x19, 0x06, 0x19,
    0x06, 0x19, 0x06, 0x19, 0x06, 0x19, 0x06, 0x19, 0x06, 0x19, 0x06, 0x19, 0x06, 0x19, 0x06, 0x19,
    0x06, 0x19, 0x06, 0x19, 0x06, 0x19, 0x06, 0x19, 0x06, 0x19, 0x06, 0x19, 0x06, 0x19, 0x06, 0x19,
    0x06, 0x19, 0x06, 0x19, 0x06, 0x19, 0x06, 0x19, 0x06, 0x19, 0x06, 0x19, 0x06, 0x19, 0x06, 0x19,
    0x06, 0x19, 0x06, 0x19, 0x06, 0x19, 0x06, 0x19, 0x06, 0x19, 0x06, 0x19, 0x06, 0x19, 0x06, 0x19,
    0x06, 0x19, 0x06, 0x19, 0x06, 0x19, 0x06, 0x19, 0x06, 0x19, 0x06, 0x19, 0x06, 0x19, 0x06, 0x19,
    0x06, 0x19, 0x06, 0x19, 0x06, 0x19, 0x06, 0x19, 0x06, 0x19, 0x06, 0x19, 0x06, 0x19, 0x06, 0x19,
    0x06, 0x19, 0x06, 0x19, 0x06, 0x19, 0x06, 0x19, 0x06, 0x19, 0x06, 0x19, 0x06, 0x19, 0x06, 0x19,
    0x06, 0x19, 0x06, 0x19, 0x06, 0x19, 0x06, 0x19, 0x06, 0x19, 0x06, 0x19, 0x06, 0x19, 0x06, 0x19,
    0x06, 0x19, 0x06, 0x19, 0x06, 0x19, 0x06, 0x19, 0x06, 0x19, 0x06, 0x19, 0x06, 0x19, 0x06, 0x19,
    0x06, 0x19, 0x06, 0x19, 0x06, 0x19, 0x06, 0x19, 0x06, 0x19, 0x06, 0x19, 0x06, 0x19, 0x06, 0x19,
    0x06, 0x19, 0x06, 0x19, 0x06, 0x19, 0x06, 0x19, 0x06, 0x19, 0x06, 0x19, 0x06, 0x19, 0x06, 0x19,
    0x06, 0x19, 0x06, 0x19, 0x06, 0x19, 0x06, 0x19, 0x06, 0x19, 0x06, 0x19, 0x06, 0x19, 0x06, 0x19,
    0x06, 0x19, 0x06, 0x19, 0x06, 0x19, 0x06, 0x19, 0x06, 0x19, 0x06, 0x19, 0x06, 0x19, 0x06, 0x19,
    0x06, 0x19, 0x06, 0x19, 0x06, 0x19, 0x06, 0x19, 0x06, 0x19, 0x06, 0x19, 0x06, 0x19, 0x06, 0x19,
    0x06, 0x19, 0x06, 0x19, 0x06, 0x19, 0x06, 0x19, 0x06, 0x19, 0x06, 0x19, 0x06, 0x19, 0x06, 0x19,
    0x06, 0x19, 0x06, 0x19, 0x06, 0x19, 0x06, 0x19, 0x06, 0x19, 0x06, 0x19, 0x06, 0x19, 0x06, 0x19,
    0x06, 0x19, 0x06, 0x19, 0x06, 0x19, 0x06, 0x19, 0x06, 0x19, 0x06, 0x19, 0x06, 0x19, 0x06, 0x19,
    0x06, 0x19, 0x06, 0x19, 0x06, 0x19, 0x06, 0x19, 0x06, 0x19, 0x06, 0x19, 0x06, 0x19, 0x06, 0x19,
    0x06, 0x19, 0x06, 0x19, 0x06, 0x19, 0x06, 0x19, 0x06, 0x19, 0x06, 0x19, 0x06, 0x19, 0x06, 0x19,
    0x06, 0x19, 0x06, 0x19, 0x06, 0x19, 0x06, 0x19, 0x06, 0x19, 0x06, 0x19, 0x06, 0x19, 0x06, 0x19,
    0x06, 0x19, 0x06, 0x19, 0x06, 0x19, 0x06, 0x19, 0x06, 0x19, 0x06, 0x19, 0x06, 0x19, 0x06, 0x19,
    0x06, 0x19, 0x83, 0x08, 0x62, 0x08, 0x62, 0x08, 0x62, 0x08, 0x62, 0x08, 0x62, 0x08, 0x62, 0x08,
    0x62, 0x08, 0x62, 0x08, 0x62, 0x08, 0x62, 0x08, 0x62, 0x08, 0x62, 0x08, 0x62, 0x08, 0x62, 0x08,
    0x62, 0x08, 0x62, 0x08, 0x62, 0x08, 0x62, 0x08, 0x62, 0x08, 0x62, 0x08, 0x62, 0x08, 0x62, 0x08,
    0x62, 0x08, 0x62, 0x08, 0x62, 0x08, 0x62, 0x08, 0x62, 0x08, 0x62, 0x08, 0x62, 0x08, 0x62, 0x08,
    0x62, 0x08, 0x62, 0x08, 0x62, 0x08, 0x62, 0x08, 0x62, 0x08, 0x62, 0x08, 0x62, 0x08, 0x62, 0x08,
    0x62, 0x08, 0x62, 0x08, 0x62, 0x08, 0x62, 0x08, 0x62, 0x08, 0x62, 0x08, 0xE5, 0x10, 0x06, 0x19,
    0x06, 0x19, 0x06, 0x19, 0x06, 0x19, 0x06, 0x19, 0x06, 0x19, 0x06, 0x19, 0x06, 0x19, 0x06, 0x19,
    0x06, 0x19, 0x06, 0x19, 0x06, 0x19, 0x06, 0x19, 0x06, 0x19, 0x06, 0x19, 0x06, 0x19, 0x06, 0x19,
    0x06, 0x19, 0x06, 0x19, 0x06, 0x19, 0x06, 0x19, 0x06, 0x19, 0x06, 0x19, 0x06, 0x19, 0x06, 0x19,
    0x06, 0x19, 0x06, 0x19, 0x06, 0x19, 0x06, 0x19, 0x06, 0x19, 0x06, 0x19, 0x06, 0x19, 0x06, 0x19,
    0x06, 0x19, 0x06, 0x19, 0x06, 0x19, 0x06, 0x19, 0x06, 0x19, 0x06, 0x19, 0x06, 0x19, 0x06, 0x19,
    0x06, 0x19, 0x06, 0x19, 0x06, 0x19, 0x06, 0x19, 0x06, 0x19, 0x06, 0x19, 0x06, 0x19, 0x06, 0x19,
    0x06, 0x19, 0x06, 0x19, 0x06, 0x19, 0x06, 0x19, 0x06, 0x19, 0x06, 0x19, 0x06, 0x19, 0x06, 0x19,
    0x06, 0x19, 0x06, 0x19, 0x06, 0x19, 0x06, 0x19, 0x06, 0x19, 0x06, 0x19, 0x06, 0x19, 0x06, 0x19,
    0x06, 0x19, 0x06, 0x19, 0x06, 0x19, 0x06, 0x19, 0x06, 0x19, 0x06, 0x19, 0x06, 0x19, 0x06, 0x19,
    0x06, 0x19, 0x06, 0x19, 0x06, 0x19, 0x06, 0x19, 0x06, 0x19, 0x06, 0x19, 0x06, 0x19, 0x06, 0x19,
    0x06, 0x19, 0x06, 0x19, 0x06, 0x19, 0x06, 0x19, 0x06, 0x19, 0x06, 0x19, 0x06, 0x19, 0x06, 0x19,
    0x06, 0x19, 0x06, 0x19, 0x06, 0x19, 0x06, 0x19, 0x06, 0x19, 0x06, 0x19, 0x06, 0x19, 0x06, 0x19,
    0x06, 0x19, 0x06, 0x19, 0x06, 0x19, 0x06, 0x19, 0x06, 0x19, 0x06, 0x19, 0x06, 0x19, 0x06, 0x19,
    0x06, 0x19, 0x06, 0x19, 0x06, 0x19, 0x06, 0x19, 0x06, 0x19, 0x06, 0x19, 0x06, 0x19, 0x06, 0x19,
    0x06, 0x19, 0x06, 0x19, 0x06, 0x19, 0x06, 0x19, 0x06, 0x19, 0x06, 0x19, 0x06, 0x19, 0x06, 0x19,
    0x06, 0x19, 0x06, 0x19, 0x06, 0x19, 0x06, 0x19, 0x06, 0x19, 0x06, 0x19, 0x06, 0x19, 0x06, 0x19,
    0x06, 0x19, 0x06, 0x19, 0x06, 0x19, 0x06, 0x19, 0x06, 0x19, 0x06, 0x19, 0x06, 0x19, 0x06, 0x19,
    0x06, 0x19, 0x06, 0x19, 0x06, 0x19, 0x06, 0x19, 0x06, 0x19, 0x06, 0x19, 0x06, 0x19, 0x06, 0x19,
    0x06, 0x19, 0x06, 0x19, 0x06, 0x19, 0x06, 0x19, 0x06, 0x19, 0x06, 0x19, 0x06, 0x19, 0x06, 0x19,
    0x06, 0x19, 0x06, 0x19, 0x06, 0x19, 0x06, 0x19, 0x06, 0x19, 0x06, 0x19, 0x06, 0x19, 0x06, 0x19,
    0x06, 0x19, 0x06, 0x19, 0x06, 0x19, 0x06, 0x19, 0x06, 0x19, 0x06, 0x19, 0x06, 0x19, 0x06, 0x19,
    0x06, 0x19, 0x06, 0x19, 0x06, 0x19, 0x06, 0x19, 0x06, 0x19, 0x06, 0x19, 0x06, 0x19, 0x06, 0x19,
    0x06, 0x19, 0x06, 0x19, 0x06, 0x19, 0x06, 0x19, 0x06, 0x19, 0x06, 0x19, 0x06, 0x19, 0x06, 0x19,
    0x06, 0x19, 0x06, 0x19, 0x06, 0x19, 0x06, 0x19, 0x06, 0x19, 0x06, 0x19, 0x06, 0x19, 0x06, 0x19,
    0x06, 0x19, 0x06, 0x19, 0x06, 0x19, 0x06, 0x19, 0x06, 0x19, 0x06, 0x19, 0x06, 0x19, 0x06, 0x19,
    0x06, 0x19, 0x06, 0x19, 0x06, 0x19, 0x06, 0x19, 0x06, 0x19, 0x06, 0x19, 0x06, 0x19, 0x06, 0x19,
    0x06, 0x19, 0x06, 0x19, 0x06, 0x19, 0x06, 0x19, 0x06, 0x19, 0x06, 0x19, 0x06, 0x19, 0x06, 0x19,
    0x06, 0x19, 0x06, 0x19, 0x06, 0x19, 0x06, 0x19, 0x06, 0x19, 0x06, 0x19, 0x06, 0x19, 0x06, 0x19,
    0x06, 0x19, 0x06, 0x19, 0x06, 0x19, 0x06, 0x19, 0x06, 0x19, 0x06, 0x19, 0x06, 0x19, 0x06, 0x19,
    0x06, 0x19, 0x06, 0x19, 0x06, 0x19, 0x06, 0x19, 0x06, 0x19, 0x06, 0x19, 0x06, 0x19, 0x06, 0x19,
    0x06, 0x19, 0x06, 0x19, 0x06, 0x19, 0x06, 0x19, 0x06, 0x19, 0x06, 0x19, 0x06, 0x19, 0x06, 0x19,
    0x06, 0x19, 0x06, 0x19, 0x06, 0x19, 0x06, 0x19, 0x06, 0x19, 0x06, 0x19, 0x06, 0x19, 0x06, 0x19,
    0x06, 0x19, 0x06, 0x19, 0x06, 0x19, 0x06, 0x19, 0x06, 0x19, 0x06, 0x19, 0x06, 0x19, 0x06, 0x19,
    0x06, 0x19, 0x06, 0x19, 0x06, 0x19, 0x06, 0x19, 0x06, 0x19, 0x06, 0x19, 0x06, 0x19, 0x06, 0x19,
    0x06, 0x19, 0x06, 0x19, 0x06, 0x19, 0x06, 0x19, 0x06, 0x19, 0x06, 0x19, 0x06, 0x19, 0x06, 0x19,
    0x06, 0x19, 0x06, 0x19, 0x06, 0x19, 0x06, 0x19, 0x06, 0x19, 0x06, 0x19, 0x06, 0x19, 0x06, 0x19,
    0x06, 0x19, 0x06, 0x19, 0x06, 0x19, 0x06, 0x19, 0x06, 0x19, 0x05, 0x19, 0x62, 0x08, 0x62, 0x08,
    0x62, 0x08, 0x62, 0x08, 0x62, 0x08, 0x62, 0x08, 0x62, 0x08, 0x62, 0x08, 0x62, 0x08, 0x62, 0x08,
    0x62, 0x08, 0x62, 0x08, 0x62, 0x08, 0x62, 0x08, 0x62, 0x08, 0x62, 0x08, 0x62, 0x08, 0x62, 0x08,
    0x62, 0x08, 0x62, 0x08, 0x62, 0x08, 0x62, 0x08, 0x62, 0x08, 0x62, 0x08, 0x62, 0x08, 0x62, 0x08,
    0x62, 0x08, 0x62, 0x08, 0x62, 0x08, 0x62, 0x08, 0x62, 0x08, 0x62, 0x08, 0x62, 0x08, 0x62, 0x08,
    0x62, 0x08, 0x62, 0x08, 0x62, 0x08, 0x62, 0x08, 0x62, 0x08, 0x62, 0x08, 0x62, 0x08, 0x62, 0x08,
    0x62, 0x08, 0xA3, 0x08, 0x06, 0x19, 0x06, 0x19, 0x06, 0x19, 0x06, 0x19, 0x06, 0x19, 0x06, 0x19,
    0x06, 0x19, 0x06, 0x19, 0x06, 0x19, 0x06, 0x19, 0x06, 0x19, 0x06, 0x19, 0x06, 0x19, 0x06, 0x19,
    0x06, 0x19, 0x06, 0x19, 0x06, 0x19, 0x06, 0x19, 0x06, 0x19, 0x06, 0x19, 0x06, 0x19, 0x06, 0x19,
    0x06, 0x19, 0x06, 0x19, 0x06, 0x19, 0x06, 0x19, 0x06, 0x19, 0x06, 0x19, 0x06, 0x19, 0x06, 0x19,
    0x06, 0x19, 0x06, 0x19, 0x06, 0x19, 0x06, 0x19, 0x06, 0x19, 0x06, 0x19, 0x06, 0x19, 0x06, 0x19,
    0x06, 0x19, 0x06, 0x19, 0x06, 0x19, 0x06, 0x19, 0x06, 0x19, 0x06, 0x19, 0x06, 0x19, 0x06, 0x19,
    0x06, 0x19, 0x06, 0x19, 0x06, 0x19, 0x06, 0x19, 0x06, 0x19, 0x06, 0x19, 0x06, 0x19, 0x06, 0x19,
    0x06, 0x19, 0x06, 0x19, 0x06, 0x19, 0x06, 0x19, 0x06, 0x19, 0x06, 0x19, 0x06, 0x19, 0x06, 0x19,
    0x06, 0x19, 0x06, 0x19, 0x06, 0x19, 0x06, 0x19, 0x06, 0x19, 0x06, 0x19, 0x06, 0x19, 0x06, 0x19,
    0x06, 0x19, 0x06, 0x19, 0x06, 0x19, 0x06, 0x19, 0x06, 0x19, 0x06, 0x19, 0x06, 0x19, 0x06, 0x19,
    0x06, 0x19, 0x06, 0x19, 0x06, 0x19, 0x06, 0x19, 0x06, 0x19, 0x06, 0x19, 0x06, 0x19, 0x06, 0x19,
    0x06, 0x19, 0x06, 0x19, 0x06, 0x19, 0x06, 0x19, 0x06, 0x19, 0x06, 0x19, 0x06, 0x19, 0x06, 0x19,
    0x06, 0x19, 0x06, 0x19, 0x06, 0x19, 0x06, 0x19, 0x06, 0x19, 0x06, 0x19, 0x06, 0x19, 0x06, 0x19,
    0x06, 0x19, 0x06, 0x19, 0x06, 0x19, 0x06, 0x19, 0x06, 0x19, 0x06, 0x19, 0x06, 0x19, 0x06, 0x19,
    0x06, 0x19, 0x06, 0x19, 0x06, 0x19, 0x06, 0x19, 0x06, 0x19, 0x06, 0x19, 0x06, 0x19, 0x06, 0x19,
    0x06, 0x19, 0x06, 0x19, 0x06, 0x19, 0x06, 0x19, 0x06, 0x19, 0x06, 0x19, 0x06, 0x19, 0x06, 0x19,
    0x06, 0x19, 0x06, 0x19, 0x06, 0x19, 0x06, 0x19, 0x06, 0x19, 0x06, 0x19, 0x06, 0x19, 0x06, 0x19,
    0x06, 0x19, 0x06, 0x19, 0x06, 0x19, 0x06, 0x19, 0x06, 0x19, 0x06, 0x19, 0x06, 0x19, 0x06, 0x19,
    0x06, 0x19, 0x06, 0x19, 0x06, 0x19, 0x06, 0x19, 0x06, 0x19, 0x06, 0x19, 0x06, 0x19, 0x06, 0x19,
    0x06, 0x19, 0x06, 0x19, 0x06, 0x19, 0x06, 0x19, 0x06, 0x19, 0x06, 0x19, 0x06, 0x19, 0x06, 0x19,
    0x06, 0x19, 0x06, 0x19, 0x06, 0x19, 0x06, 0x19, 0x06, 0x19, 0x06, 0x19, 0x06, 0x19, 0x06, 0x19,
    0x06, 0x19, 0x06, 0x19, 0x06, 0x19, 0x06, 0x19, 0x06, 0x19, 0x06, 0x19, 0x06, 0x19, 0x06, 0x19,
    0x06, 0x19, 0x06, 0x19, 0x06, 0x19, 0x06, 0x19, 0x06, 0x19, 0x06, 0x19, 0x06, 0x19, 0x06, 0x19,
    0x06, 0x19, 0x06, 0x19, 0x06, 0x19, 0x06, 0x19, 0x06, 0x19, 0x06, 0x19, 0x06, 0x19, 0x06, 0x19,
    0x06, 0x19, 0x06, 0x19, 0x06, 0x19, 0x06, 0x19, 0x06, 0x19, 0x06, 0x19, 0x06, 0x19, 0x06, 0x19,
    0x06, 0x19, 0x06, 0x19, 0x06, 0x19, 0x06, 0x19, 0x06, 0x19, 0x06, 0x19, 0x06, 0x19, 0x06, 0x19,
    0x06, 0x19, 0x06, 0x19, 0x06, 0x19, 0x06, 0x19, 0x06, 0x19, 0x06, 0x19, 0x06, 0x19, 0x06, 0x19,
    0x06, 0x19, 0x06, 0x19, 0x06, 0x19, 0x06, 0x19, 0x06, 0x19, 0x06, 0x19, 0x06, 0x19, 0x06, 0x19,
    0x06, 0x19, 0x06, 0x19, 0x06, 0x19, 0x06, 0x19, 0x06, 0x19, 0x06, 0x19, 0x06, 0x19, 0x06, 0x19,
    0x06, 0x19, 0x06, 0x19, 0x06, 0x19, 0x06, 0x19, 0x06, 0x19, 0x06, 0x19, 0x06, 0x19, 0x06, 0x19,
    0x06, 0x19, 0x06, 0x19, 0x06, 0x19, 0x06, 0x19, 0x06, 0x19, 0x06, 0x19, 0x06, 0x19, 0x06, 0x19,
    0x06, 0x19, 0x06, 0x19, 0x06, 0x19, 0x06, 0x19, 0x06, 0x19, 0x06, 0x19, 0x06, 0x19, 0x06, 0x19,
    0x06, 0x19, 0x06, 0x19, 0x06, 0x19, 0x06, 0x19, 0x06, 0x19, 0x06, 0x19, 0x06, 0x19, 0x06, 0x19,
    0x06, 0x19, 0x06, 0x19, 0x06, 0x19, 0x06, 0x19, 0x06, 0x19, 0x06, 0x19, 0x06, 0x19, 0x06, 0x19,
    0x06, 0x19, 0x06, 0x19, 0x06, 0x19, 0x06, 0x19, 0x06, 0x19, 0x06, 0x19, 0x06, 0x19, 0x06, 0x19,
    0x06, 0x19, 0x06, 0x19, 0x06, 0x19, 0x06, 0x19, 0x06, 0x19, 0x06, 0x19, 0x06, 0x19, 0x06, 0x19,
    0x06, 0x19, 0x06, 0x19, 0x06, 0x19, 0x06, 0x19, 0x06, 0x19, 0x06, 0x19, 0x06, 0x19, 0x06, 0x19,
    0x06, 0x19, 0x06, 0x19, 0xC4, 0x10, 0x62, 0x08, 0x62, 0x08, 0x62, 0x08, 0x62, 0x08, 0x62, 0x08,
    0x62, 0x08, 0x62, 0x08, 0x62, 0x08, 0x62, 0x08, 0x62, 0x08, 0x62, 0x08, 0x62, 0x08, 0x62, 0x08,
    0x62, 0x08, 0x62, 0x08, 0x62, 0x08, 0x62, 0x08, 0x62, 0x08, 0x62, 0x08, 0x62, 0x08, 0x62, 0x08,
    0x62, 0x08, 0x62, 0x08, 0x62, 0x08, 0x62, 0x08, 0x62, 0x08, 0x62, 0x08, 0x62, 0x08, 0x62, 0x08,
    0x62, 0x08, 0x62, 0x08, 0x62, 0x08, 0x62, 0x08, 0x62, 0x08, 0x62, 0x08, 0x62, 0x08, 0x62, 0x08,
    0x62, 0x08, 0x62, 0x08, 0x62, 0x08, 0x62, 0x08, 0x62, 0x08, 0xE5, 0x10, 0x06, 0x19, 0x06, 0x19,
    0x06, 0x19, 0x06, 0x19, 0x06, 0x19, 0x06, 0x19, 0x06, 0x19, 0x06, 0x19, 0x06, 0x19, 0x06, 0x19,
    0x06, 0x19, 0x06, 0x19, 0x06, 0x19, 0x06, 0x19, 0x06, 0x19, 0x06, 0x19, 0x06, 0x19, 0x06, 0x19,
    0x06, 0x19, 0x06, 0x19, 0x06, 0x19, 0x06, 0x19, 0x06, 0x19, 0x06, 0x19, 0x06, 0x19, 0x06, 0x19,
    0x06, 0x19, 0x06, 0x19, 0x06, 0x19, 0x06, 0x19, 0x06, 0x19, 0x06, 0x19, 0x06, 0x19, 0x06, 0x19,
    0x06, 0x19, 0x06, 0x19, 0x06, 0x19, 0x06, 0x19, 0x06, 0x19, 0x06, 0x19, 0x06, 0x19, 0x06, 0x19,
    0x06, 0x19, 0x06, 0x19, 0x06, 0x19, 0x06, 0x19, 0x06, 0x19, 0x06, 0x19, 0x06, 0x19, 0x06, 0x19,
    0x06, 0x19, 0x06, 0x19, 0x06, 0x19, 0x06, 0x19, 0x06, 0x19, 0x06, 0x19, 0x06, 0x19, 0x06, 0x19,
    0x06, 0x19, 0x06, 0x19, 0x06, 0x19, 0x06, 0x19, 0x06, 0x19, 0x06, 0x19, 0x06, 0x19, 0x06, 0x19,
    0x06, 0x19, 0x06, 0x19, 0x06, 0x19, 0x06, 0x19, 0x06, 0x19, 0x06, 0x19, 0x06, 0x19, 0x06, 0x19,
    0x06, 0x19, 0x06, 0x19, 0x06, 0x19, 0x06, 0x19, 0x06, 0x19, 0x06, 0x19, 0x06, 0x19, 0x06, 0x19,
    0x06, 0x19, 0x06, 0x19, 0x06, 0x19, 0x06, 0x19, 0x06, 0x19, 0x06, 0x19, 0x06, 0x19, 0x06, 0x19,
    0x06, 0x19, 0x06, 0x19, 0x06, 0x19, 0x06, 0x19, 0x06, 0x19, 0x06, 0x19, 0x06, 0x19, 0x06, 0x19,
    0x06, 0x19, 0x06, 0x19, 0x06, 0x19, 0x06, 0x19, 0x06, 0x19, 0x06, 0x19, 0x06, 0x19, 0x06, 0x19,
    0x06, 0x19, 0x06, 0x19, 0x06, 0x19, 0x06, 0x19, 0x06, 0x19, 0x06, 0x19, 0x06, 0x19, 0x06, 0x19,
    0x06, 0x19, 0x06, 0x19, 0x06, 0x19, 0x06, 0x19, 0x06, 0x19, 0x06, 0x19, 0x06, 0x19, 0x06, 0x19,
    0x06, 0x19, 0x06, 0x19, 0x06, 0x19, 0x06, 0x19, 0x06, 0x19, 0x06, 0x19, 0x06, 0x19, 0x06, 0x19,
    0x06, 0x19, 0x06, 0x19, 0x06, 0x19, 0x06, 0x19, 0x06, 0x19, 0x06, 0x19, 0x06, 0x19, 0x06, 0x19,
    0x06, 0x19, 0x06, 0x19, 0x06, 0x19, 0x06, 0x19, 0x06, 0x19, 0x06, 0x19, 0x06, 0x19, 0x06, 0x19,
    0x06, 0x19, 0x06, 0x19, 0x06, 0x19, 0x06, 0x19, 0x06, 0x19, 0x06, 0x19, 0x06, 0x19, 0x06, 0x19,
    0x06, 0x19, 0x06, 0x19, 0x06, 0x19, 0x06, 0x19, 0x06, 0x19, 0x06, 0x19, 0x06, 0x19, 0x06, 0x19,
    0x06, 0x19, 0x06, 0x19, 0x06, 0x19, 0x06, 0x19, 0x06, 0x19, 0x06, 0x19, 0x06, 0x19, 0x06, 0x19,
    0x06, 0x19, 0x06, 0x19, 0x06, 0x19, 0x06, 0x19, 0x06, 0x19, 0x06, 0x19, 0x06, 0x19, 0x06, 0x19,
    0x06, 0x19, 0x06, 0x19, 0x06, 0x19, 0x06, 0x19, 0x06, 0x19, 0x06, 0x19, 0x06, 0x19, 0x06, 0x19,
    0x06, 0x19, 0x06, 0x19, 0x06, 0x19, 0x06, 0x19, 0x06, 0x19, 0x06, 0x19, 0x06, 0x19, 0x06, 0x19,
    0x06, 0x19, 0x06, 0x19, 0x06, 0x19, 0x06, 0x19, 0x06, 0x19, 0x06, 0x19, 0x06, 0x19, 0x06, 0x19,
    0x06, 0x19, 0x06, 0x19, 0x06, 0x19, 0x06, 0x19, 0x06, 0x19, 0x06, 0x19, 0x06, 0x19, 0x06, 0x19,
    0x06, 0x19, 0x06, 0x19, 0x06, 0x19, 0x06, 0x19, 0x06, 0x19, 0x06, 0x19, 0x06, 0x19, 0x06, 0x19,
    0x06, 0x19, 0x06, 0x19, 0x06, 0x19, 0x06, 0x19, 0x06, 0x19, 0x06, 0x19, 0x06, 0x19, 0x06, 0x19,
    0x06, 0x19, 0x06, 0x19, 0x06, 0x19, 0x06, 0x19, 0x06, 0x19, 0x06, 0x19, 0x06, 0x19, 0x06, 0x19,
    0x06, 0x19, 0x06, 0x19, 0x06, 0x19, 0x06, 0x19, 0x06, 0x19, 0x06, 0x19, 0x06, 0x19, 0x06, 0x19,
    0x06, 0x19, 0x06, 0x19, 0x06, 0x19, 0x06, 0x19, 0x06, 0x19, 0x06, 0x19, 0x06, 0x19, 0x06, 0x19,
    0x06, 0x19, 0x06, 0x19, 0x06, 0x19, 0x06, 0x19, 0x06, 0x19, 0x06, 0x19, 0x06, 0x19, 0x06, 0x19,
    0x06, 0x19, 0x06, 0x19, 0x06, 0x19, 0x06, 0x19, 0x06, 0x19, 0x06, 0x19, 0x06, 0x19, 0x06, 0x19,
    0x06, 0x19, 0x06, 0x19, 0x06, 0x19, 0x06, 0x19, 0x06, 0x19, 0x06, 0x19, 0x06, 0x19, 0x06, 0x19,
    0x06, 0x19, 0x06, 0x19, 0x06, 0x19, 0x06, 0x19, 0x06, 0x19, 0x06, 0x19, 0x06, 0x19, 0x06, 0x19,
    0x06, 0x19, 0x06, 0x19, 0x06, 0x19, 0x06, 0x19, 0x06, 0x19, 0x06, 0x19, 0x06, 0x19, 0x06, 0x19,
    0x06, 0x19, 0x06, 0x19, 0x06, 0x19, 0x06, 0x19, 0x06, 0x19, 0x06, 0x19, 0x05, 0x19, 0x82, 0x08,
    0x62, 0x08, 0x62, 0x08, 0x62, 0x08, 0x62, 0x08, 0x62, 0x08, 0x62, 0x08, 0x62, 0x08, 0x62, 0x08,
    0x62, 0x08, 0x62, 0x08, 0x62, 0x08, 0x62, 0x08, 0x62, 0x08, 0x62, 0x08, 0x62, 0x08, 0x62, 0x08,
    0x62, 0x08, 0x62, 0x08, 0x62, 0x08, 0x62, 0x08, 0x62, 0x08, 0x62, 0x08, 0x62, 0x08, 0x62, 0x08,
    0x62, 0x08, 0x62, 0x08, 0x62, 0x08, 0x62, 0x08, 0x62, 0x08, 0x62, 0x08, 0x62, 0x08, 0x62, 0x08,
    0x62, 0x08, 0x62, 0x08, 0x62, 0x08, 0x62, 0x08, 0x62, 0x08, 0x62, 0x08, 0x62, 0x08, 0x62, 0x08,
    0x83, 0x08, 0x06, 0x19, 0x06, 0x19, 0x06, 0x19, 0x06, 0x19, 0x06, 0x19, 0x06, 0x19, 0x06, 0x19,
    0x06, 0x19, 0x06, 0x19, 0x06, 0x19, 0x06, 0x19, 0x06, 0x19, 0x06, 0x19, 0x06, 0x19, 0x06, 0x19,
    0x06, 0x19, 0x06, 0x19, 0x06, 0x19, 0x06, 0x19, 0x06, 0x19, 0x06, 0x19, 0x06, 0x19, 0x06, 0x19,
    0x06, 0x19, 0x06, 0x19, 0x06, 0x19, 0x06, 0x19, 0x06, 0x19, 0x06, 0x19, 0x06, 0x19, 0x06, 0x19,
    0x06, 0x19, 0x06, 0x19, 0x06, 0x19, 0x06, 0x19, 0x06, 0x19, 0x06, 0x19, 0x06, 0x19, 0x06, 0x19,
    0x06, 0x19, 0x06, 0x19, 0x06, 0x19, 0x06, 0x19, 0x06, 0x19, 0x06, 0x19, 0x06, 0x19, 0x06, 0x19,
    0x06, 0x19, 0x06, 0x19, 0x06, 0x19, 0x06, 0x19, 0x06, 0x19, 0x06, 0x19, 0x06, 0x19, 0x06, 0x19,
    0x06, 0x19, 0x06, 0x19, 0x06, 0x19, 0x06, 0x19, 0x06, 0x19, 0x06, 0x19, 0x06, 0x19, 0x06, 0x19,
    0x06, 0x19, 0x06, 0x19, 0x06, 0x19, 0x06, 0x19, 0x06, 0x19, 0x06, 0x19, 0x06, 0x19, 0x06, 0x19,
    0x06, 0x19, 0x06, 0x19, 0x06, 0x19, 0x06, 0x19, 0x06, 0x19, 0x06, 0x19, 0x06, 0x19, 0x06, 0x19,
    0x06, 0x19, 0x06, 0x19, 0x06, 0x19, 0x06, 0x19, 0x06, 0x19, 0x06, 0x19, 0x06, 0x19, 0x06, 0x19,
    0x06, 0x19, 0x06, 0x19, 0x06, 0x19, 0x06, 0x19, 0x06, 0x19, 0x06, 0x19, 0x06, 0x19, 0x06, 0x19,
    0x06, 0x19, 0x06, 0x19, 0x06, 0x19, 0x06, 0x19, 0x06, 0x19, 0x06, 0x19, 0x06, 0x19, 0x06, 0x19,
    0x06, 0x19, 0x06, 0x19, 0x06, 0x19, 0x06, 0x19, 0x06, 0x19, 0x06, 0x19, 0x06, 0x19, 0x06, 0x19,
    0x06, 0x19, 0x06, 0x19, 0x06, 0x19, 0x06, 0x19, 0x06, 0x19, 0x06, 0x19, 0x06, 0x19, 0x06, 0x19,
    0x06, 0x19, 0x06, 0x19, 0x06, 0x19, 0x06, 0x19, 0x06, 0x19, 0x06, 0x19, 0x06, 0x19, 0x06, 0x19,
    0x06, 0x19, 0x06, 0x19, 0x06, 0x19, 0x06, 0x19, 0x06, 0x19, 0x06, 0x19, 0x06, 0x19, 0x06, 0x19,
    0x06, 0x19, 0x06, 0x19, 0x06, 0x19, 0x06, 0x19, 0x06, 0x19, 0x06, 0x19, 0x06, 0x19, 0x06, 0x19,
    0x06, 0x19, 0x06, 0x19, 0x06, 0x19, 0x06, 0x19, 0x06, 0x19, 0x06, 0x19, 0x06, 0x19, 0x06, 0x19,
    0x06, 0x19, 0x06, 0x19, 0x06, 0x19, 0x06, 0x19, 0x06, 0x19, 0x06, 0x19, 0x06, 0x19, 0x06, 0x19,
    0x06, 0x19, 0x06, 0x19, 0x06, 0x19, 0x06, 0x19, 0x06, 0x19, 0x06, 0x19, 0x06, 0x19, 0x06, 0x19,
    0x06, 0x19, 0x06, 0x19, 0x06, 0x19, 0x06, 0x19, 0x06, 0x19, 0x06, 0x19, 0x06, 0x19, 0x06, 0x19,
    0x06, 0x19, 0x06, 0x19, 0x06, 0x19, 0x06, 0x19, 0x06, 0x19, 0x06, 0x19, 0x06, 0x19, 0x06, 0x19,
    0x06, 0x19, 0x06, 0x19, 0x06, 0x19, 0x06, 0x19, 0x06, 0x19, 0x06, 0x19, 0x06, 0x19, 0x06, 0x19,
    0x06, 0x19, 0x06, 0x19, 0x06, 0x19, 0x06, 0x19, 0x06, 0x19, 0x06, 0x19, 0x06, 0x19, 0x06, 0x19,
    0x06, 0x19, 0x06, 0x19, 0x06, 0x19, 0x06, 0x19, 0x06, 0x19, 0x06, 0x19, 0x06, 0x19, 0x06, 0x19,
    0x06, 0x19, 0x06, 0x19, 0x06, 0x19, 0x06, 0x19, 0x06, 0x19, 0x06, 0x19, 0x06, 0x19, 0x06, 0x19,
    0x06, 0x19, 0x06, 0x19, 0x06, 0x19, 0x06, 0x19, 0x06, 0x19, 0x06, 0x19, 0x06, 0x19, 0x06, 0x19,
    0x06, 0x19, 0x06, 0x19, 0x06, 0x19, 0x06, 0x19, 0x06, 0x19, 0x06, 0x19, 0x06, 0x19, 0x06, 0x19,
    0x06, 0x19, 0x06, 0x19, 0x06, 0x19, 0x06, 0x19, 0x06, 0x19, 0x06, 0x19, 0x06, 0x19, 0x06, 0x19,
    0x06, 0x19, 0x06, 0x19, 0x06, 0x19, 0x06, 0x19, 0x06, 0x19, 0x06, 0x19, 0x06, 0x19, 0x06, 0x19,
    0x06, 0x19, 0x06, 0x19, 0x06, 0x19, 0x06, 0x19, 0x06, 0x19, 0x06, 0x19, 0x06, 0x19, 0x06, 0x19,
    0x06, 0x19, 0x06, 0x19, 0x06, 0x19, 0x06, 0x19, 0x06, 0x19, 0x06, 0x19, 0x06, 0x19, 0x06, 0x19,
    0x06, 0x19, 0x06, 0x19, 0x06, 0x19, 0x06, 0x19, 0x06, 0x19, 0x06, 0x19, 0x06, 0x19, 0x06, 0x19,
    0x06, 0x19, 0x06, 0x19, 0x06, 0x19, 0x06, 0x19, 0x06, 0x19, 0x06, 0x19, 0x06, 0x19, 0x06, 0x19,
    0x06, 0x19, 0x06, 0x19, 0x06, 0x19, 0x06, 0x19, 0x06, 0x19, 0x06, 0x19, 0x06, 0x19, 0x06, 0x19,
    0x06, 0x19, 0x06, 0x19, 0x06, 0x19, 0x06, 0x19, 0x06, 0x19, 0x06, 0x19, 0x06, 0x19, 0x06, 0x19,
    0x06, 0x19, 0x06, 0x19, 0x26, 0x19, 0xA4, 0x10, 0x62, 0x08, 0x62, 0x08, 0x62, 0x08, 0x62, 0x08,
    0x62, 0x08, 0x62, 0x08, 0x62, 0x08, 0x62, 0x08, 0x62, 0x08, 0x62, 0x08, 0x62, 0x08, 0x62, 0x08,
    0x62, 0x08, 0x62, 0x08, 0x62, 0x08, 0x62, 0x08, 0x62, 0x08, 0x62, 0x08, 0x62, 0x08, 0x62, 0x08,
    0x62, 0x08, 0x62, 0x08, 0x62, 0x08, 0x62, 0x08, 0x62, 0x08, 0x62, 0x08, 0x62, 0x08, 0x62, 0x08,
    0x62, 0x08, 0x62, 0x08, 0x62, 0x08, 0x62, 0x08, 0x62, 0x08, 0x62, 0x08, 0x62, 0x08, 0x62, 0x08,
    0x62, 0x08, 0x62, 0x08, 0x62, 0x08, 0x62, 0x08, 0xC4, 0x10, 0x26, 0x19, 0x06, 0x19, 0x06, 0x19,
    0x06, 0x19, 0x06, 0x19, 0x06, 0x19, 0x06, 0x19, 0x06, 0x19, 0x06, 0x19, 0x06, 0x19, 0x06, 0x19,
    0x06, 0x19, 0x06, 0x19, 0x06, 0x19, 0x06, 0x19, 0x06, 0x19, 0x06, 0x19, 0x06, 0x19, 0x06, 0x19,
    0x06, 0x19, 0x06, 0x19, 0x06, 0x19, 0x06, 0x19, 0x06, 0x19, 0x06, 0x19, 0x06, 0x19, 0x06, 0x19,
    0x06, 0x19, 0x06, 0x19, 0x06, 0x19, 0x06, 0x19, 0x06, 0x19, 0x06, 0x19, 0x06, 0x19, 0x06, 0x19,
    0x06, 0x19, 0x06, 0x19, 0x06, 0x19, 0x06, 0x19, 0x06, 0x19, 0x06, 0x19, 0x06, 0x19, 0x06, 0x19,
    0x06, 0x19, 0x06, 0x19, 0x06, 0x19, 0x06, 0x19, 0x06, 0x19, 0x06, 0x19, 0x06, 0x19, 0x06, 0x19,
    0x06, 0x19, 0x06, 0x19, 0x06, 0x19, 0x06, 0x19, 0x06, 0x19, 0x06, 0x19, 0x06, 0x19, 0x06, 0x19,
    0x06, 0x19, 0x06, 0x19, 0x06, 0x19, 0x06, 0x19, 0x06, 0x19, 0x06, 0x19, 0x06, 0x19, 0x06, 0x19,
    0x06, 0x19, 0x06, 0x19, 0x06, 0x19, 0x06, 0x19, 0x06, 0x19, 0x06, 0x19, 0x06, 0x19, 0x06, 0x19,
    0x06, 0x19, 0x06, 0x19, 0x06, 0x19, 0x06, 0x19, 0x06, 0x19, 0x06, 0x19, 0x06, 0x19, 0x06, 0x19,
    0x06, 0x19, 0x06, 0x19, 0x06, 0x19, 0x06, 0x19, 0x06, 0x19, 0x06, 0x19, 0x06, 0x19, 0x06, 0x19,
    0x06, 0x19, 0x06, 0x19, 0x06, 0x19, 0x06, 0x19, 0x06, 0x19, 0x06, 0x19, 0x06, 0x19, 0x06, 0x19,
    0x06, 0x19, 0x06, 0x19, 0x06, 0x19, 0x06, 0x19, 0x06, 0x19, 0x06, 0x19, 0x06, 0x19, 0x06, 0x19,
    0x06, 0x19, 0x06, 0x19, 0x06, 0x19, 0x06, 0x19, 0x06, 0x19, 0x06, 0x19, 0x06, 0x19, 0x06, 0x19,
    0x06, 0x19, 0x06, 0x19, 0x06, 0x19, 0x06, 0x19, 0x06, 0x19, 0x06, 0x19, 0x06, 0x19, 0x06, 0x19,
    0x06, 0x19, 0x06, 0x19, 0x06, 0x19, 0x06, 0x19, 0x06, 0x19, 0x06, 0x19, 0x06, 0x19, 0x06, 0x19,
    0x06, 0x19, 0x06, 0x19, 0x06, 0x19, 0x06, 0x19, 0x06, 0x19, 0x06, 0x19, 0x06, 0x19, 0x06, 0x19,
    0x06, 0x19, 0x06, 0x19, 0x06, 0x19, 0x06, 0x19, 0x06, 0x19, 0x06, 0x19, 0x06, 0x19, 0x06, 0x19,
    0x06, 0x19, 0x06, 0x19, 0x06, 0x19, 0x06, 0x19, 0x06, 0x19, 0x06, 0x19, 0x06, 0x19, 0x06, 0x19,
    0x06, 0x19, 0x06, 0x19, 0x06, 0x19, 0x06, 0x19, 0x06, 0x19, 0x06, 0x19, 0x06, 0x19, 0x06, 0x19,
    0x06, 0x19, 0x06, 0x19, 0x06, 0x19, 0x06, 0x19, 0x06, 0x19, 0x06, 0x19, 0x06, 0x19, 0x06, 0x19,
    0x06, 0x19, 0x06, 0x19, 0x06, 0x19, 0x06, 0x19, 0x06, 0x19, 0x06, 0x19, 0x06, 0x19, 0x06, 0x19,
    0x06, 0x19, 0x06, 0x19, 0x06, 0x19, 0x06, 0x19, 0x06, 0x19, 0x06, 0x19, 0x06, 0x19, 0x06, 0x19,
    0x06, 0x19, 0x06, 0x19, 0x06, 0x19, 0x06, 0x19, 0x06, 0x19, 0x06, 0x19, 0x06, 0x19, 0x06, 0x19,
    0x06, 0x19, 0x06, 0x19, 0x06, 0x19, 0x06, 0x19, 0x06, 0x19, 0x06, 0x19, 0x06, 0x19, 0x06, 0x19,
    0x06, 0x19, 0x06, 0x19, 0x06, 0x19, 0x06, 0x19, 0x06, 0x19, 0x06, 0x19, 0x06, 0x19, 0x06, 0x19,
    0x06, 0x19, 0x06, 0x19, 0x06, 0x19, 0x06, 0x19, 0x06, 0x19, 0x06, 0x19, 0x06, 0x19, 0x06, 0x19,
    0x06, 0x19, 0x06, 0x19, 0x06, 0x19, 0x06, 0x19, 0x06, 0x19, 0x06, 0x19, 0x06, 0x19, 0x06, 0x19,
    0x06, 0x19, 0x06, 0x19, 0x06, 0x19, 0x06, 0x19, 0x06, 0x19, 0x06, 0x19, 0x06, 0x19, 0x06, 0x19,
    0x06, 0x19, 0x06, 0x19, 0x06, 0x19, 0x06, 0x19, 0x06, 0x19, 0x06, 0x19, 0x06, 0x19, 0x06, 0x19,
    0x06, 0x19, 0x06, 0x19, 0x06, 0x19, 0x06, 0x19, 0x06, 0x19, 0x06, 0x19, 0x06, 0x19, 0x06, 0x19,
    0x06, 0x19, 0x06, 0x19, 0x06, 0x19, 0x06, 0x19, 0x06, 0x19, 0x06, 0x19, 0x06, 0x19, 0x06, 0x19,
    0x06, 0x19, 0x06, 0x19, 0x06, 0x19, 0x06, 0x19, 0x06, 0x19, 0x06, 0x19, 0x06, 0x19, 0x06, 0x19,
    0x06, 0x19, 0x06, 0x19, 0x06, 0x19, 0x06, 0x19, 0x06, 0x19, 0x06, 0x19, 0x06, 0x19, 0x06, 0x19,
    0x06, 0x19, 0x06, 0x19, 0x06, 0x19, 0x06, 0x19, 0x06, 0x19, 0x06, 0x19, 0x06, 0x19, 0x06, 0x19,
    0x06, 0x19, 0x06, 0x19, 0x06, 0x19, 0x06, 0x19, 0x06, 0x19, 0x06, 0x19, 0x06, 0x19, 0x06, 0x19,
    0x06, 0x19, 0x06, 0x19, 0x06, 0x19, 0x06, 0x19, 0x06, 0x19, 0x06, 0x19, 0x06, 0x19, 0xE5, 0x10,
    0x62, 0x08, 0x62, 0x08, 0x62, 0x08, 0x62, 0x08, 0x62, 0x08, 0x62, 0x08, 0x62, 0x08, 0x62, 0x08,
    0x62, 0x08, 0x62, 0x08, 0x62, 0x08, 0x62, 0x08, 0x62, 0x08, 0x62, 0x08, 0x62, 0x08, 0x62, 0x08,
    0x62, 0x08, 0x62, 0x08, 0x62, 0x08, 0x62, 0x08, 0x62, 0x08, 0x62, 0x08, 0x62, 0x08, 0x62, 0x08,
    0x62, 0x08, 0x62, 0x08, 0x62, 0x08, 0x62, 0x08, 0x62, 0x08, 0x62, 0x08, 0x62, 0x08, 0x62, 0x08,
    0x62, 0x08, 0x62, 0x08, 0x62, 0x08, 0x62, 0x08, 0x62, 0x08, 0x62, 0x08, 0x62, 0x08, 0x62, 0x08,
    0xE5, 0x10, 0x06, 0x19, 0x06, 0x19, 0x06, 0x19, 0x06, 0x19, 0x06, 0x19, 0x06, 0x19, 0x06, 0x19,
    0x06, 0x19, 0x06, 0x19, 0x06, 0x19, 0x06, 0x19, 0x06, 0x19, 0x06, 0x19, 0x06, 0x19, 0x06, 0x19,
    0x06, 0x19, 0x06, 0x19, 0x06, 0x19, 0x06, 0x19, 0x06, 0x19, 0x06, 0x19, 0x06, 0x19, 0x06, 0x19,
    0x06, 0x19, 0x06, 0x19, 0x06, 0x19, 0x06, 0x19, 0x06, 0x19, 0x06, 0x19, 0x06, 0x19, 0x06, 0x19,
    0x06, 0x19, 0x06, 0x19, 0x06, 0x19, 0x06, 0x19, 0x06, 0x19, 0x06, 0x19, 0x06, 0x19, 0x06, 0x19,
    0x06, 0x19, 0x06, 0x19, 0x06, 0x19, 0x06, 0x19, 0x06, 0x19, 0x06, 0x19, 0x06, 0x19, 0x06, 0x19,
    0x06, 0x19, 0x06, 0x19, 0x06, 0x19, 0x06, 0x19, 0x06, 0x19, 0x06, 0x19, 0x06, 0x19, 0x06, 0x19,
    0x06, 0x19, 0x06, 0x19, 0x06, 0x19, 0x06, 0x19, 0x06, 0x19, 0x06, 0x19, 0x06, 0x19, 0x06, 0x19,
    0x06, 0x19, 0x06, 0x19, 0x06, 0x19, 0x06, 0x19, 0x06, 0x19, 0x06, 0x19, 0x06, 0x19, 0x06, 0x19,
    0x06, 0x19, 0x06, 0x19, 0x06, 0x19, 0x06, 0x19, 0x06, 0x19, 0x06, 0x19, 0x06, 0x19, 0x06, 0x19,
    0x06, 0x19, 0x06, 0x19, 0x06, 0x19, 0x06, 0x19, 0x06, 0x19, 0x06, 0x19, 0x06, 0x19, 0x06, 0x19,
    0x06, 0x19, 0x06, 0x19, 0x06, 0x19, 0x06, 0x19, 0x06, 0x19, 0x06, 0x19, 0x06, 0x19, 0x06, 0x19,
    0x06, 0x19, 0x06, 0x19, 0x06, 0x19, 0x06, 0x19, 0x06, 0x19, 0x06, 0x19, 0x06, 0x19, 0x06, 0x19,
    0x06, 0x19, 0x06, 0x19, 0x06, 0x19, 0x06, 0x19, 0x06, 0x19, 0x06, 0x19, 0x06, 0x19, 0x06, 0x19,
    0x06, 0x19, 0x06, 0x19, 0x06, 0x19, 0x06, 0x19, 0x06, 0x19, 0x06, 0x19, 0x06, 0x19, 0x06, 0x19,
    0x06, 0x19, 0x06, 0x19, 0x06, 0x19, 0x06, 0x19, 0x06, 0x19, 0x06, 0x19, 0x06, 0x19, 0x06, 0x19,
    0x06, 0x19, 0x06, 0x19, 0x06, 0x19, 0x06, 0x19, 0x06, 0x19, 0x06, 0x19, 0x06, 0x19, 0x06, 0x19,
    0x06, 0x19, 0x06, 0x19, 0x06, 0x19, 0x06, 0x19, 0x06, 0x19, 0x06, 0x19, 0x06, 0x19, 0x06, 0x19,
    0x06, 0x19, 0x06, 0x19, 0x06, 0x19, 0x06, 0x19, 0x06, 0x19, 0x06, 0x19, 0x06, 0x19, 0x06, 0x19,
    0x06, 0x19, 0x06, 0x19, 0x06, 0x19, 0x06, 0x19, 0x06, 0x19, 0x06, 0x19, 0x06, 0x19, 0x06, 0x19,
    0x06, 0x19, 0x06, 0x19, 0x06, 0x19, 0x06, 0x19, 0x06, 0x19, 0x06, 0x19, 0x06, 0x19, 0x06, 0x19,
    0x06, 0x19, 0x06, 0x19, 0x06, 0x19, 0x06, 0x19, 0x06, 0x19, 0x06, 0x19, 0x06, 0x19, 0x06, 0x19,
    0x06, 0x19, 0x06, 0x19, 0x06, 0x19, 0x06, 0x19, 0x06, 0x19, 0x06, 0x19, 0x06, 0x19, 0x06, 0x19,
    0x06, 0x19, 0x06, 0x19, 0x06, 0x19, 0x06, 0x19, 0x06, 0x19, 0x06, 0x19, 0x06, 0x19, 0x06, 0x19,
    0x06, 0x19, 0x06, 0x19, 0x06, 0x19, 0x06, 0x19, 0x06, 0x19, 0x06, 0x19, 0x06, 0x19, 0x06, 0x19,
    0x06, 0x19, 0x06, 0x19, 0x06, 0x19, 0x06, 0x19, 0x06, 0x19, 0x06, 0x19, 0x06, 0x19, 0x06, 0x19,
    0x06, 0x19, 0x06, 0x19, 0x06, 0x19, 0x06, 0x19, 0x06, 0x19, 0x06, 0x19, 0x06, 0x19, 0x06, 0x19,
    0x06, 0x19, 0x06, 0x19, 0x06, 0x19, 0x06, 0x19, 0x06, 0x19, 0x06, 0x19, 0x06, 0x19, 0x06, 0x19,
    0x06, 0x19, 0x06, 0x19, 0x06, 0x19, 0x06, 0x19, 0x06, 0x19, 0x06, 0x19, 0x06, 0x19, 0x06, 0x19,
    0x06, 0x19, 0x06, 0x19, 0x06, 0x19, 0x06, 0x19, 0x06, 0x19, 0x06, 0x19, 0x06, 0x19, 0x06, 0x19,
    0x06, 0x19, 0x06, 0x19, 0x06, 0x19, 0x06, 0x19, 0x06, 0x19, 0x06, 0x19, 0x06, 0x19, 0x06, 0x19,
    0x06, 0x19, 0x06, 0x19, 0x06, 0x19, 0x06, 0x19, 0x06, 0x19, 0x06, 0x19, 0x06, 0x19, 0x06, 0x19,
    0x06, 0x19, 0x06, 0x19, 0x06, 0x19, 0x06, 0x19, 0x06, 0x19, 0x06, 0x19, 0x06, 0x19, 0x06, 0x19,
    0x06, 0x19, 0x06, 0x19, 0x06, 0x19, 0x06, 0x19, 0x06, 0x19, 0x06, 0x19, 0x06, 0x19, 0x06, 0x19,
    0x06, 0x19, 0x06, 0x19, 0x06, 0x19, 0x06, 0x19, 0x06, 0x19, 0x06, 0x19, 0x06, 0x19, 0x06, 0x19,
    0x06, 0x19, 0x06, 0x19, 0x06, 0x19, 0x06, 0x19, 0x06, 0x19, 0x06, 0x19, 0x06, 0x19, 0x06, 0x19,
    0x06, 0x19, 0x06, 0x19, 0x06, 0x19, 0x06, 0x19, 0x06, 0x19, 0x06, 0x19, 0x06, 0x19, 0x06, 0x19,
    0x06, 0x19, 0x06, 0x19, 0x06, 0x19, 0x05, 0x19, 0x62, 0x08, 0x62, 0x08, 0x62, 0x08, 0x62, 0x08,
    0x62, 0x08, 0x62, 0x08, 0x62, 0x08, 0x62, 0x08, 0x62, 0x08, 0x62, 0x08, 0x62, 0x08, 0x62, 0x08,
    0x62, 0x08, 0x62, 0x08, 0x62, 0x08, 0x62, 0x08, 0x62, 0x08, 0x62, 0x08, 0x62, 0x08, 0x62, 0x08,
    0x62, 0x08, 0x62, 0x08, 0x62, 0x08, 0x62, 0x08, 0x62, 0x08, 0x62, 0x08, 0x62, 0x08, 0x62, 0x08,
    0x62, 0x08, 0x62, 0x08, 0x62, 0x08, 0x62, 0x08, 0x62, 0x08, 0x62, 0x08, 0x62, 0x08, 0x62, 0x08,
    0x62, 0x08, 0x62, 0x08, 0x62, 0x08, 0x62, 0x08, 0x05, 0x19, 0x06, 0x19, 0x06, 0x19, 0x06, 0x19,
    0x06, 0x19, 0x06, 0x19, 0x06, 0x19, 0x06, 0x19, 0x06, 0x19, 0x06, 0x19, 0x06, 0x19, 0x06, 0x19,
    0x06, 0x19, 0x06, 0x19, 0x06, 0x19, 0x06, 0x19, 0x06, 0x19, 0x06, 0x19, 0x06, 0x19, 0x06, 0x19,
    0x06, 0x19, 0x06, 0x19, 0x06, 0x19, 0x06, 0x19, 0x06, 0x19, 0x06, 0x19, 0x06, 0x19, 0x06, 0x19,
    0x06, 0x19, 0x06, 0x19, 0x06, 0x19, 0x06, 0x19, 0x06, 0x19, 0x06, 0x19, 0x06, 0x19, 0x06, 0x19,
    0x06, 0x19, 0x06, 0x19, 0x06, 0x19, 0x06, 0x19, 0x06, 0x19, 0x06, 0x19, 0x06, 0x19, 0x06, 0x19,
    0x06, 0x19, 0x06, 0x19, 0x06, 0x19, 0x06, 0x19, 0x06, 0x19, 0x06, 0x19, 0x06, 0x19, 0x06, 0x19,
    0x06, 0x19, 0x06, 0x19, 0x06, 0x19, 0x06, 0x19, 0x06, 0x19, 0x06, 0x19, 0x06, 0x19, 0x06, 0x19,
    0x06, 0x19, 0x06, 0x19, 0x06, 0x19, 0x06, 0x19, 0x06, 0x19, 0x06, 0x19, 0x06, 0x19, 0x06, 0x19,
    0x06, 0x19, 0x06, 0x19, 0x06, 0x19, 0x06, 0x19, 0x06, 0x19, 0x06, 0x19, 0x06, 0x19, 0x06, 0x19,
    0x06, 0x19, 0x06, 0x19, 0x06, 0x19, 0x06, 0x19, 0x06, 0x19, 0x06, 0x19, 0x06, 0x19, 0x06, 0x19,
    0x06, 0x19, 0x06, 0x19, 0x06, 0x19, 0x06, 0x19, 0x06, 0x19, 0x06, 0x19, 0x06, 0x19, 0x06, 0x19,
    0x06, 0x19, 0x06, 0x19, 0x06, 0x19, 0x06, 0x19, 0x06, 0x19, 0x06, 0x19, 0x06, 0x19, 0x06, 0x19,
    0x06, 0x19, 0x06, 0x19, 0x06, 0x19, 0x06, 0x19, 0x06, 0x19, 0x06, 0x19, 0x06, 0x19, 0x06, 0x19,
    0x06, 0x19, 0x06, 0x19, 0x06, 0x19, 0x06, 0x19, 0x06, 0x19, 0x06, 0x19, 0x06, 0x19, 0x06, 0x19,
    0x06, 0x19, 0x06, 0x19, 0x06, 0x19, 0x06, 0x19, 0x06, 0x19, 0x06, 0x19, 0x06, 0x19, 0x06, 0x19,
    0x06, 0x19, 0x06, 0x19, 0x06, 0x19, 0x06, 0x19, 0x06, 0x19, 0x06, 0x19, 0x06, 0x19, 0x06, 0x19,
    0x06, 0x19, 0x06, 0x19, 0x06, 0x19, 0x06, 0x19, 0x06, 0x19, 0x06, 0x19, 0x06, 0x19, 0x06, 0x19,
    0x06, 0x19, 0x06, 0x19, 0x06, 0x19, 0x06, 0x19, 0x06, 0x19, 0x06, 0x19, 0x06, 0x19, 0x06, 0x19,
    0x06, 0x19, 0x06, 0x19, 0x06, 0x19, 0x06, 0x19, 0x06, 0x19, 0x06, 0x19, 0x06, 0x19, 0x06, 0x19,
    0x06, 0x19, 0x06, 0x19, 0x06, 0x19, 0x06, 0x19, 0x06, 0x19, 0x06, 0x19, 0x06, 0x19, 0x06, 0x19,
    0x06, 0x19, 0x06, 0x19, 0x06, 0x19, 0x06, 0x19, 0x06, 0x19, 0x06, 0x19, 0x06, 0x19, 0x06, 0x19,
    0x06, 0x19, 0x06, 0x19, 0x06, 0x19, 0x06, 0x19, 0x06, 0x19, 0x06, 0x19, 0x06, 0x19, 0x06, 0x19,
    0x06, 0x19, 0x06, 0x19, 0x06, 0x19, 0x06, 0x19, 0x06, 0x19, 0x06, 0x19, 0x06, 0x19, 0x06, 0x19,
    0x06, 0x19, 0x06, 0x19, 0x06, 0x19, 0x06, 0x19, 0x06, 0x19, 0x06, 0x19, 0x06, 0x19, 0x06, 0x19,
    0x06, 0x19, 0x06, 0x19, 0x06, 0x19, 0x06, 0x19, 0x06, 0x19, 0x06, 0x19, 0x06, 0x19, 0x06, 0x19,
    0x06, 0x19, 0x06, 0x19, 0x06, 0x19, 0x06, 0x19, 0x06, 0x19, 0x06, 0x19, 0x06, 0x19, 0x06, 0x19,
    0x06, 0x19, 0x06, 0x19, 0x06, 0x19, 0x06, 0x19, 0x06, 0x19, 0x06, 0x19, 0x06, 0x19, 0x06, 0x19,
    0x06, 0x19, 0x06, 0x19, 0x06, 0x19, 0x06, 0x19, 0x06, 0x19, 0x06, 0x19, 0x06, 0x19, 0x06, 0x19,
    0x06, 0x19, 0x06, 0x19, 0x06, 0x19, 0x06, 0x19, 0x06, 0x19, 0x06, 0x19, 0x06, 0x19, 0x06, 0x19,
    0x06, 0x19, 0x06, 0x19, 0x06, 0x19, 0x06, 0x19, 0x06, 0x19, 0x06, 0x19, 0x06, 0x19, 0x06, 0x19,
    0x06, 0x19, 0x06, 0x19, 0x06, 0x19, 0x06, 0x19, 0x06, 0x19, 0x06, 0x19, 0x06, 0x19, 0x06, 0x19,
    0x06, 0x19, 0x06, 0x19, 0x06, 0x19, 0x06, 0x19, 0x06, 0x19, 0x06, 0x19, 0x06, 0x19, 0x06, 0x19,
    0x06, 0x19, 0x06, 0x19, 0x06, 0x19, 0x06, 0x19, 0x06, 0x19, 0x06, 0x19, 0x06, 0x19, 0x06, 0x19,
    0x06, 0x19, 0x06, 0x19, 0x06, 0x19, 0x06, 0x19, 0x06, 0x19, 0x06, 0x19, 0x06, 0x19, 0x06, 0x19,
    0x06, 0x19, 0x06, 0x19, 0x06, 0x19, 0x06, 0x19, 0x06, 0x19, 0x06, 0x19, 0x06, 0x19, 0x06, 0x19,
    0x06, 0x19, 0x06, 0x19, 0x06, 0x19, 0x06, 0x19, 0x06, 0x19, 0x06, 0x19, 0x06, 0x19, 0x06, 0x19,
    0x06, 0x19, 0x06, 0x19, 0x06, 0x19, 0x06, 0x19, 0x06, 0x19, 0x06, 0x19, 0x06, 0x19, 0x06, 0x19,
    0x83, 0x08, 0x62, 0x08, 0x62, 0x08, 0x62, 0x08, 0x62, 0x08, 0x62, 0x08, 0x62, 0x08, 0x62, 0x08,
    0x62, 0x08, 0x62, 0x08, 0x62, 0x08, 0x62, 0x08, 0x62, 0x08, 0x62, 0x08, 0x62, 0x08, 0x62, 0x08,
    0x62, 0x08, 0x62, 0x08, 0x62, 0x08, 0x62, 0x08, 0x62, 0x08, 0x62, 0x08, 0x62, 0x08, 0x62, 0x08,
    0x62, 0x08, 0x62, 0x08, 0x62, 0x08, 0x62, 0x08, 0x62, 0x08, 0x62, 0x08, 0x62, 0x08, 0x62, 0x08,
    0x62, 0x08, 0x62, 0x08, 0x62, 0x08, 0x62, 0x08, 0x62, 0x08, 0x62, 0x08, 0x62, 0x08, 0x62, 0x08,
    0x05, 0x19, 0x06, 0x19, 0x06, 0x19, 0x06, 0x19, 0x06, 0x19, 0x06, 0x19, 0x06, 0x19, 0x06, 0x19,
    0x06, 0x19, 0x06, 0x19, 0x06, 0x19, 0x06, 0x19, 0x06, 0x19, 0x06, 0x19, 0x06, 0x19, 0x06, 0x19,
    0x06, 0x19, 0x06, 0x19, 0x06, 0x19, 0x06, 0x19, 0x06, 0x19, 0x06, 0x19, 0x06, 0x19, 0x06, 0x19,
    0x06, 0x19, 0x06, 0x19, 0x06, 0x19, 0x06, 0x19, 0x06, 0x19, 0x06, 0x19, 0x06, 0x19, 0x06, 0x19,
    0x06, 0x19, 0x06, 0x19, 0x06, 0x19, 0x06, 0x19, 0x06, 0x19, 0x06, 0x19, 0x06, 0x19, 0x06, 0x19,
    0x06, 0x19, 0x06, 0x19, 0x06, 0x19, 0x06, 0x19, 0x06, 0x19, 0x06, 0x19, 0x06, 0x19, 0x06, 0x19,
    0x06, 0x19, 0x06, 0x19, 0x06, 0x19, 0x06, 0x19, 0x06, 0x19, 0x06, 0x19, 0x06, 0x19, 0x06, 0x19,
    0x06, 0x19, 0x06, 0x19, 0x06, 0x19, 0x06, 0x19, 0x06, 0x19, 0x06, 0x19, 0x06, 0x19, 0x06, 0x19,
    0x06, 0x19, 0x06, 0x19, 0x06, 0x19, 0x06, 0x19, 0x06, 0x19, 0x06, 0x19, 0x06, 0x19, 0x06, 0x19,
    0x06, 0x19, 0x06, 0x19, 0x06, 0x19, 0x06, 0x19, 0x06, 0x19, 0x06, 0x19, 0x06, 0x19, 0x06, 0x19,
    0x06, 0x19, 0x06, 0x19, 0x06, 0x19, 0x06, 0x19, 0x06, 0x19, 0x06, 0x19, 0x06, 0x19, 0x06, 0x19,
    0x06, 0x19, 0x06, 0x19, 0x06, 0x19, 0x06, 0x19, 0x06, 0x19, 0x06, 0x19, 0x06, 0x19, 0x06, 0x19,
    0x06, 0x19, 0x06, 0x19, 0x06, 0x19, 0x06, 0x19, 0x06, 0x19, 0x06, 0x19, 0x06, 0x19, 0x06, 0x19,
    0x06, 0x19, 0x06, 0x19, 0x06, 0x19, 0x06, 0x19, 0x06, 0x19, 0x06, 0x19, 0x06, 0x19, 0x06, 0x19,
    0x06, 0x19, 0x06, 0x19, 0x06, 0x19, 0x06, 0x19, 0x06, 0x19, 0x06, 0x19, 0x06, 0x19, 0x06, 0x19,
    0x06, 0x19, 0x06, 0x19, 0x06, 0x19, 0x06, 0x19, 0x06, 0x19, 0x06, 0x19, 0x06, 0x19, 0x06, 0x19,
    0x06, 0x19, 0x06, 0x19, 0x06, 0x19, 0x06, 0x19, 0x06, 0x19, 0x06, 0x19, 0x06, 0x19, 0x06, 0x19,
    0x06, 0x19, 0x06, 0x19, 0x06, 0x19, 0x06, 0x19, 0x06, 0x19, 0x06, 0x19, 0x06, 0x19, 0x06, 0x19,
    0x06, 0x19, 0x06, 0x19, 0x06, 0x19, 0x06, 0x19, 0x06, 0x19, 0x06, 0x19, 0x06, 0x19, 0x06, 0x19,
    0x06, 0x19, 0x06, 0x19, 0x06, 0x19, 0x06, 0x19, 0x06, 0x19, 0x06, 0x19, 0x06, 0x19, 0x06, 0x19,
    0x06, 0x19, 0x06, 0x19, 0x06, 0x19, 0x06, 0x19, 0x06, 0x19, 0x06, 0x19, 0x06, 0x19, 0x06, 0x19,
    0x06, 0x19, 0x06, 0x19, 0x06, 0x19, 0x06, 0x19, 0x06, 0x19, 0x06, 0x19, 0x06, 0x19, 0x06, 0x19,
    0x06, 0x19, 0x06, 0x19, 0x06, 0x19, 0x06, 0x19, 0x06, 0x19, 0x06, 0x19, 0x06, 0x19, 0x06, 0x19,
    0x06, 0x19, 0x06, 0x19, 0x06, 0x19, 0x06, 0x19, 0x06, 0x19, 0x06, 0x19, 0x06, 0x19, 0x06, 0x19,
    0x06, 0x19, 0x06, 0x19, 0x06, 0x19, 0x06, 0x19, 0x06, 0x19, 0x06, 0x19, 0x06, 0x19, 0x06, 0x19,
    0x06, 0x19, 0x06, 0x19, 0x06, 0x19, 0x06, 0x19, 0x06, 0x19, 0x06, 0x19, 0x06, 0x19, 0x06, 0x19,
    0x06, 0x19, 0x06, 0x19, 0x06, 0x19, 0x06, 0x19, 0x06, 0x19, 0x06, 0x19, 0x06, 0x19, 0x06, 0x19,
    0x06, 0x19, 0x06, 0x19, 0x06, 0x19, 0x06, 0x19, 0x06, 0x19, 0x06, 0x19, 0x06, 0x19, 0x06, 0x19,
    0x06, 0x19, 0x06, 0x19, 0x06, 0x19, 0x06, 0x19, 0x06, 0x19, 0x06, 0x19, 0x06, 0x19, 0x06, 0x19,
    0x06, 0x19, 0x06, 0x19, 0x06, 0x19, 0x06, 0x19, 0x06, 0x19, 0x06, 0x19, 0x06, 0x19, 0x06, 0x19,
    0x06, 0x19, 0x06, 0x19, 0x06, 0x19, 0x06, 0x19, 0x06, 0x19, 0x06, 0x19, 0x06, 0x19, 0x06, 0x19,
    0x06, 0x19, 0x06, 0x19, 0x06, 0x19, 0x06, 0x19, 0x06, 0x19, 0x06, 0x19, 0x06, 0x19, 0x06, 0x19,
    0x06, 0x19, 0x06, 0x19, 0x06, 0x19, 0x06, 0x19, 0x06, 0x19, 0x06, 0x19, 0x06, 0x19, 0x06, 0x19,
    0x06, 0x19, 0x06, 0x19, 0x06, 0x19, 0x06, 0x19, 0x06, 0x19, 0x06, 0x19, 0x06, 0x19, 0x06, 0x19,
    0x06, 0x19, 0x06, 0x19, 0x06, 0x19, 0x06, 0x19, 0x06, 0x19, 0x06, 0x19, 0x06, 0x19, 0x06, 0x19,
    0x06, 0x19, 0x06, 0x19, 0x06, 0x19, 0x06, 0x19, 0x06, 0x19, 0x06, 0x19, 0x06, 0x19, 0x06, 0x19,
    0x06, 0x19, 0x06, 0x19, 0x06, 0x19, 0x06, 0x19, 0x06, 0x19, 0x06, 0x19, 0x06, 0x19, 0x06, 0x19,
    0x06, 0x19, 0x06, 0x19, 0x06, 0x19, 0x06, 0x19, 0x83, 0x08, 0x62, 0x08, 0x62, 0x08, 0x62, 0x08,
    0x62, 0x08, 0x62, 0x08, 0x62, 0x08, 0x62, 0x08, 0x62, 0x08, 0x62, 0x08, 0x62, 0x08, 0x62, 0x08,
    0x62, 0x08, 0x62, 0x08, 0x62, 0x08, 0x62, 0x08, 0x62, 0x08, 0x62, 0x08, 0x62, 0x08, 0x62, 0x08,
    0x62, 0x08, 0x62, 0x08, 0x62, 0x08, 0x62, 0x08, 0x62, 0x08, 0x62, 0x08, 0x62, 0x08, 0x62, 0x08,
    0x62, 0x08, 0x62, 0x08, 0x62, 0x08, 0x62, 0x08, 0x62, 0x08, 0x62, 0x08, 0x62, 0x08, 0x62, 0x08,
    0x62, 0x08, 0x62, 0x08, 0x62, 0x08, 0x62, 0x08, 0x05, 0x19, 0x06, 0x19, 0x06, 0x19, 0x06, 0x19,
    0x06, 0x19, 0x06, 0x19, 0x06, 0x19, 0x06, 0x19, 0x06, 0x19, 0x06, 0x19, 0x06, 0x19, 0x06, 0x19,
    0x06, 0x19, 0x06, 0x19, 0x06, 0x19, 0x06, 0x19, 0x06, 0x19, 0x06, 0x19, 0x06, 0x19, 0x06, 0x19,
    0x06, 0x19, 0x06, 0x19, 0x06, 0x19, 0x06, 0x19, 0x06, 0x19, 0x06, 0x19, 0x06, 0x19, 0x06, 0x19,
    0x06, 0x19, 0x06, 0x19, 0x06, 0x19, 0x06, 0x19, 0x06, 0x19, 0x06, 0x19, 0x06, 0x19, 0x06, 0x19,
    0x06, 0x19, 0x06, 0x19, 0x06, 0x19, 0x06, 0x19, 0x06, 0x19, 0x06, 0x19, 0x06, 0x19, 0x06, 0x19,
    0x06, 0x19, 0x06, 0x19, 0x06, 0x19, 0x06, 0x19, 0x06, 0x19, 0x06, 0x19, 0x06, 0x19, 0x06, 0x19,
    0x06, 0x19, 0x06, 0x19, 0x06, 0x19, 0x06, 0x19, 0x06, 0x19, 0x06, 0x19, 0x06, 0x19, 0x06, 0x19,
    0x06, 0x19, 0x06, 0x19, 0x06, 0x19, 0x06, 0x19, 0x06, 0x19, 0x06, 0x19, 0x06, 0x19, 0x06, 0x19,
    0x06, 0x19, 0x06, 0x19, 0x06, 0x19, 0x06, 0x19, 0x06, 0x19, 0x06, 0x19, 0x06, 0x19, 0x06, 0x19,
    0x06, 0x19, 0x06, 0x19, 0x06, 0x19, 0x06, 0x19, 0x06, 0x19, 0x06, 0x19, 0x06, 0x19, 0x06, 0x19,
    0x06, 0x19, 0x06, 0x19, 0x06, 0x19, 0x06, 0x19, 0x06, 0x19, 0x06, 0x19, 0x06, 0x19, 0x06, 0x19,
    0x06, 0x19, 0x06, 0x19, 0x06, 0x19, 0x06, 0x19, 0x06, 0x19, 0x06, 0x19, 0x06, 0x19, 0x06, 0x19,
    0x06, 0x19, 0x06, 0x19, 0x06, 0x19, 0x06, 0x19, 0x06, 0x19, 0x06, 0x19, 0x06, 0x19, 0x06, 0x19,
    0x06, 0x19, 0x06, 0x19, 0x06, 0x19, 0x06, 0x19, 0x06, 0x19, 0x06, 0x19, 0x06, 0x19, 0x06, 0x19,
    0x06, 0x19, 0x06, 0x19, 0x06, 0x19, 0x06, 0x19, 0x06, 0x19, 0x06, 0x19, 0x06, 0x19, 0x06, 0x19,
    0x06, 0x19, 0x06, 0x19, 0x06, 0x19, 0x06, 0x19, 0x06, 0x19, 0x06, 0x19, 0x06, 0x19, 0x06, 0x19,
    0x06, 0x19, 0x06, 0x19, 0x06, 0x19, 0x06, 0x19, 0x06, 0x19, 0x06, 0x19, 0x06, 0x19, 0x06, 0x19,
    0x06, 0x19, 0x06, 0x19, 0x06, 0x19, 0x06, 0x19, 0x06, 0x19, 0x06, 0x19, 0x06, 0x19, 0x06, 0x19,
    0x06, 0x19, 0x06, 0x19, 0x06, 0x19, 0x06, 0x19, 0x06, 0x19, 0x06, 0x19, 0x06, 0x19, 0x06, 0x19,
    0x06, 0x19, 0x06, 0x19, 0x06, 0x19, 0x06, 0x19, 0x06, 0x19, 0x06, 0x19, 0x06, 0x19, 0x06, 0x19,
    0x06, 0x19, 0x06, 0x19, 0x06, 0x19, 0x06, 0x19, 0x06, 0x19, 0x06, 0x19, 0x06, 0x19, 0x06, 0x19,
    0x06, 0x19, 0x06, 0x19, 0x06, 0x19, 0x06, 0x19, 0x06, 0x19, 0x06, 0x19, 0x06, 0x19, 0x06, 0x19,
    0x06, 0x19, 0x06, 0x19, 0x06, 0x19, 0x06, 0x19, 0x06, 0x19, 0x06, 0x19, 0x06, 0x19, 0x06, 0x19,
    0x06, 0x19, 0x06, 0x19, 0x06, 0x19, 0x06, 0x19, 0x06, 0x19, 0x06, 0x19, 0x06, 0x19, 0x06, 0x19,
    0x06, 0x19, 0x06, 0x19, 0x06, 0x19, 0x06, 0x19, 0x06, 0x19, 0x06, 0x19, 0x06, 0x19, 0x06, 0x19,
    0x06, 0x19, 0x06, 0x19, 0x06, 0x19, 0x06, 0x19, 0x06, 0x19, 0x06, 0x19, 0x06, 0x19, 0x06, 0x19,
    0x06, 0x19, 0x06, 0x19, 0x06, 0x19, 0x06, 0x19, 0x06, 0x19, 0x06, 0x19, 0x06, 0x19, 0x06, 0x19,
    0x06, 0x19, 0x06, 0x19, 0x06, 0x19, 0x06, 0x19, 0x06, 0x19, 0x06, 0x19, 0x06, 0x19, 0x06, 0x19,
    0x06, 0x19, 0x06, 0x19, 0x06, 0x19, 0x06, 0x19, 0x06, 0x19, 0x06, 0x19, 0x06, 0x19, 0x06, 0x19,
    0x06, 0x19, 0x06, 0x19, 0x06, 0x19, 0x06, 0x19, 0x06, 0x19, 0x06, 0x19, 0x06, 0x19, 0x06, 0x19,
    0x06, 0x19, 0x06, 0x19, 0x06, 0x19, 0x06, 0x19, 0x06, 0x19, 0x06, 0x19, 0x06, 0x19, 0x06, 0x19,
    0x06, 0x19, 0x06, 0x19, 0x06, 0x19, 0x06, 0x19, 0x06, 0x19, 0x06, 0x19, 0x06, 0x19, 0x06, 0x19,
    0x06, 0x19, 0x06, 0x19, 0x06, 0x19, 0x06, 0x19, 0x06, 0x19, 0x06, 0x19, 0x06, 0x19, 0x06, 0x19,
    0x06, 0x19, 0x06, 0x19, 0x06, 0x19, 0x06, 0x19, 0x06, 0x19, 0x06, 0x19, 0x06, 0x19, 0x06, 0x19,
    0x06, 0x19, 0x06, 0x19, 0x06, 0x19, 0x06, 0x19, 0x06, 0x19, 0x06, 0x19, 0x06, 0x19, 0x06, 0x19,
    0x06, 0x19, 0x06, 0x19, 0x06, 0x19, 0x06, 0x19, 0x06, 0x19, 0x06, 0x19, 0x06, 0x19, 0x06, 0x19,
    0x06, 0x19, 0x06, 0x19, 0x06, 0x19, 0x06, 0x19, 0x06, 0x19, 0x06, 0x19, 0x06, 0x19, 0x06, 0x19,
    0x83, 0x08, 0x62, 0x08, 0x62, 0x08, 0x62, 0x08, 0x62, 0x08, 0x62, 0x08, 0x62, 0x08, 0x62, 0x08,
    0x62, 0x08, 0x62, 0x08, 0x62, 0x08, 0x62, 0x08, 0x62, 0x08, 0x62, 0x08, 0x62, 0x08, 0x62, 0x08,
    0x62, 0x08, 0x62, 0x08, 0x62, 0x08, 0x62, 0x08, 0x62, 0x08, 0x62, 0x08, 0x62, 0x08, 0x62, 0x08,
    0x62, 0x08, 0x62, 0x08, 0x62, 0x08, 0x62, 0x08, 0x62, 0x08, 0x62, 0x08, 0x62, 0x08, 0x62, 0x08,
    0x62, 0x08, 0x62, 0x08, 0x62, 0x08, 0x62, 0x08, 0x62, 0x08, 0x62, 0x08, 0x62, 0x08, 0x62, 0x08,
    0x05, 0x19, 0x06, 0x19, 0x06, 0x19, 0x06, 0x19, 0x06, 0x19, 0x06, 0x19, 0x06, 0x19, 0x06, 0x19,
    0x06, 0x19, 0x06, 0x19, 0x06, 0x19, 0x06, 0x19, 0x06, 0x19, 0x06, 0x19, 0x06, 0x19, 0x06, 0x19,
    0x06, 0x19, 0x06, 0x19, 0x06, 0x19, 0x06, 0x19, 0x06, 0x19, 0x06, 0x19, 0x06, 0x19, 0x06, 0x19,
    0x06, 0x19, 0x06, 0x19, 0x06, 0x19, 0x06, 0x19, 0x06, 0x19, 0x06, 0x19, 0x06, 0x19, 0x06, 0x19,
    0x06, 0x19, 0x06, 0x19, 0x06, 0x19, 0x06, 0x19, 0x06, 0x19, 0x06, 0x19, 0x06, 0x19, 0x06, 0x19,
    0x06, 0x19, 0x06, 0x19, 0x06, 0x19, 0x06, 0x19, 0x06, 0x19, 0x06, 0x19, 0x06, 0x19, 0x06, 0x19,
    0x06, 0x19, 0x06, 0x19, 0x06, 0x19, 0x06, 0x19, 0x06, 0x19, 0x06, 0x19, 0x06, 0x19, 0x06, 0x19,
    0x06, 0x19, 0x06, 0x19, 0x06, 0x19, 0x06, 0x19, 0x06, 0x19, 0x06, 0x19, 0x06, 0x19, 0x06, 0x19,
    0x06, 0x19, 0x06, 0x19, 0x06, 0x19, 0x06, 0x19, 0x06, 0x19, 0x06, 0x19, 0x06, 0x19, 0x06, 0x19,
    0x06, 0x19, 0x06, 0x19, 0x06, 0x19, 0x06, 0x19, 0x06, 0x19, 0x06, 0x19, 0x06, 0x19, 0x06, 0x19,
    0x06, 0x19, 0x06, 0x19, 0x06, 0x19, 0x06, 0x19, 0x06, 0x19, 0x06, 0x19, 0x06, 0x19, 0x06, 0x19,
    0x06, 0x19, 0x06, 0x19, 0x06, 0x19, 0x06, 0x19, 0x06, 0x19, 0x06, 0x19, 0x06, 0x19, 0x06, 0x19,
    0x06, 0x19, 0x06, 0x19, 0x06, 0x19, 0x06, 0x19, 0x06, 0x19, 0x06, 0x19, 0x06, 0x19, 0x06, 0x19,
    0x06, 0x19, 0x06, 0x19, 0x06, 0x19, 0x06, 0x19, 0x06, 0x19, 0x06, 0x19, 0x06, 0x19, 0x06, 0x19,
    0x06, 0x19, 0x06, 0x19, 0x06, 0x19, 0x06, 0x19, 0x06, 0x19, 0x06, 0x19, 0x06, 0x19, 0x06, 0x19,
    0x06, 0x19, 0x06, 0x19, 0x06, 0x19, 0x06, 0x19, 0x06, 0x19, 0x06, 0x19, 0x06, 0x19, 0x06, 0x19,
    0x06, 0x19, 0x06, 0x19, 0x06, 0x19, 0x06, 0x19, 0x06, 0x19, 0x06, 0x19, 0x06, 0x19, 0x06, 0x19,
    0x06, 0x19, 0x06, 0x19, 0x06, 0x19, 0x06, 0x19, 0x06, 0x19, 0x06, 0x19, 0x06, 0x19, 0x06, 0x19,
    0x06, 0x19, 0x06, 0x19, 0x06, 0x19, 0x06, 0x19, 0x06, 0x19, 0x06, 0x19, 0x06, 0x19, 0x06, 0x19,
    0x06, 0x19, 0x06, 0x19, 0x06, 0x19, 0x06, 0x19, 0x06, 0x19, 0x06, 0x19, 0x06, 0x19, 0x06, 0x19,
    0x06, 0x19, 0x06, 0x19, 0x06, 0x19, 0x06, 0x19, 0x06, 0x19, 0x06, 0x19, 0x06, 0x19, 0x06, 0x19,
    0x06, 0x19, 0x06, 0x19, 0x06, 0x19, 0x06, 0x19, 0x06, 0x19, 0x06, 0x19, 0x06, 0x19, 0x06, 0x19,
    0x06, 0x19, 0x06, 0x19, 0x06, 0x19, 0x06, 0x19, 0x06, 0x19, 0x06, 0x19, 0x06, 0x19, 0x06, 0x19,
    0x06, 0x19, 0x06, 0x19, 0x06, 0x19, 0x06, 0x19, 0x06, 0x19, 0x06, 0x19, 0x06, 0x19, 0x06, 0x19,
    0x06, 0x19, 0x06, 0x19, 0x06, 0x19, 0x06, 0x19, 0x06, 0x19, 0x06, 0x19, 0x06, 0x19, 0x06, 0x19,
    0x06, 0x19, 0x06, 0x19, 0x06, 0x19, 0x06, 0x19, 0x06, 0x19, 0x06, 0x19, 0x06, 0x19, 0x06, 0x19,
    0x06, 0x19, 0x06, 0x19, 0x06, 0x19, 0x06, 0x19, 0x06, 0x19, 0x06, 0x19, 0x06, 0x19, 0x06, 0x19,
    0x06, 0x19, 0x06, 0x19, 0x06, 0x19, 0x06, 0x19, 0x06, 0x19, 0x06, 0x19, 0x06, 0x19, 0x06, 0x19,
    0x06, 0x19, 0x06, 0x19, 0x06, 0x19, 0x06, 0x19, 0x06, 0x19, 0x06, 0x19, 0x06, 0x19, 0x06, 0x19,
    0x06, 0x19, 0x06, 0x19, 0x06, 0x19, 0x06, 0x19, 0x06, 0x19, 0x06, 0x19, 0x06, 0x19, 0x06, 0x19,
    0x06, 0x19, 0x06, 0x19, 0x06, 0x19, 0x06, 0x19, 0x06, 0x19, 0x06, 0x19, 0x06, 0x19, 0x06, 0x19,
    0x06, 0x19, 0x06, 0x19, 0x06, 0x19, 0x06, 0x19, 0x06, 0x19, 0x06, 0x19, 0x06, 0x19, 0x06, 0x19,
    0x06, 0x19, 0x06, 0x19, 0x06, 0x19, 0x06, 0x19, 0x06, 0x19, 0x06, 0x19, 0x06, 0x19, 0x06, 0x19,
    0x06, 0x19, 0x06, 0x19, 0x06, 0x19, 0x06, 0x19, 0x06, 0x19, 0x06, 0x19, 0x06, 0x19, 0x06, 0x19,
    0x06, 0x19, 0x06, 0x19, 0x06, 0x19, 0x06, 0x19, 0x06, 0x19, 0x06, 0x19, 0x06, 0x19, 0x06, 0x19,
    0x06, 0x19, 0x06, 0x19, 0x06, 0x19, 0x06, 0x19, 0x06, 0x19, 0x06, 0x19, 0x06, 0x19, 0x06, 0x19,
    0x06, 0x19, 0x06, 0x19, 0x06, 0x19, 0x06, 0x19, 0x06, 0x19, 0x06, 0x19, 0x06, 0x19, 0x06, 0x19,
    0x06, 0x19, 0x06, 0x19, 0x06, 0x19, 0x06, 0x19, 0x83, 0x08, 0x62, 0x08, 0x62, 0x08, 0x62, 0x08,
    0x62, 0x08, 0x62, 0x08, 0x62, 0x08, 0x62, 0x08, 0x62, 0x08, 0x62, 0x08, 0x62, 0x08, 0x62, 0x08,
    0x62, 0x08, 0x62, 0x08, 0x62, 0x08, 0x62, 0x08, 0x62, 0x08, 0x62, 0x08, 0x62, 0x08, 0x62, 0x08,
    0x62, 0x08, 0x62, 0x08, 0x62, 0x08, 0x62, 0x08, 0x62, 0x08, 0x62, 0x08, 0x62, 0x08, 0x62, 0x08,
    0x62, 0x08, 0x62, 0x08, 0x62, 0x08, 0x62, 0x08, 0x62, 0x08, 0x62, 0x08, 0x62, 0x08, 0x62, 0x08,
    0x62, 0x08, 0x62, 0x08, 0x62, 0x08, 0x62, 0x08, 0xE5, 0x10, 0x06, 0x19, 0x06, 0x19, 0x06, 0x19,
    0x06, 0x19, 0x06, 0x19, 0x06, 0x19, 0x06, 0x19, 0x06, 0x19, 0x06, 0x19, 0x06, 0x19, 0x06, 0x19,
    0x06, 0x19, 0x06, 0x19, 0x06, 0x19, 0x06, 0x19, 0x06, 0x19, 0x06, 0x19, 0x06, 0x19, 0x06, 0x19,
    0x06, 0x19, 0x06, 0x19, 0x06, 0x19, 0x06, 0x19, 0x06, 0x19, 0x06, 0x19, 0x06, 0x19, 0x06, 0x19,
    0x06, 0x19, 0x06, 0x19, 0x06, 0x19, 0x06, 0x19, 0x06, 0x19, 0x06, 0x19, 0x06, 0x19, 0x06, 0x19,
    0x06, 0x19, 0x06, 0x19, 0x06, 0x19, 0x06, 0x19, 0x06, 0x19, 0x06, 0x19, 0x06, 0x19, 0x06, 0x19,
    0x06, 0x19, 0x06, 0x19, 0x06, 0x19, 0x06, 0x19, 0x06, 0x19, 0x06, 0x19, 0x06, 0x19, 0x06, 0x19,
    0x06, 0x19, 0x06, 0x19, 0x06, 0x19, 0x06, 0x19, 0x06, 0x19, 0x06, 0x19, 0x06, 0x19, 0x06, 0x19,
    0x06, 0x19, 0x06, 0x19, 0x06, 0x19, 0x06, 0x19, 0x06, 0x19, 0x06, 0x19, 0x06, 0x19, 0x06, 0x19,
    0x06, 0x19, 0x06, 0x19, 0x06, 0x19, 0x06, 0x19, 0x06, 0x19, 0x06, 0x19, 0x06, 0x19, 0x06, 0x19,
    0x06, 0x19, 0x06, 0x19, 0x06, 0x19, 0x06, 0x19, 0x06, 0x19, 0x06, 0x19, 0x06, 0x19, 0x06, 0x19,
    0x06, 0x19, 0x06, 0x19, 0x06, 0x19, 0x06, 0x19, 0x06, 0x19, 0x06, 0x19, 0x06, 0x19, 0x06, 0x19,
    0x06, 0x19, 0x06, 0x19, 0x06, 0x19, 0x06, 0x19, 0x06, 0x19, 0x06, 0x19, 0x06, 0x19, 0x06, 0x19,
    0x06, 0x19, 0x06, 0x19, 0x06, 0x19, 0x06, 0x19, 0x06, 0x19, 0x06, 0x19, 0x06, 0x19, 0x06, 0x19,
    0x06, 0x19, 0x06, 0x19, 0x06, 0x19, 0x06, 0x19, 0x06, 0x19, 0x06, 0x19, 0x06, 0x19, 0x06, 0x19,
    0x06, 0x19, 0x06, 0x19, 0x06, 0x19, 0x06, 0x19, 0x06, 0x19, 0x06, 0x19, 0x06, 0x19, 0x06, 0x19,
    0x06, 0x19, 0x06, 0x19, 0x06, 0x19, 0x06, 0x19, 0x06, 0x19, 0x06, 0x19, 0x06, 0x19, 0x06, 0x19,
    0x06, 0x19, 0x06, 0x19, 0x06, 0x19, 0x06, 0x19, 0x06, 0x19, 0x06, 0x19, 0x06, 0x19, 0x06, 0x19,
    0x06, 0x19, 0x06, 0x19, 0x06, 0x19, 0x06, 0x19, 0x06, 0x19, 0x06, 0x19, 0x06, 0x19, 0x06, 0x19,
    0x06, 0x19, 0x06, 0x19, 0x06, 0x19, 0x06, 0x19, 0x06, 0x19, 0x06, 0x19, 0x06, 0x19, 0x06, 0x19,
    0x06, 0x19, 0x06, 0x19, 0x06, 0x19, 0x06, 0x19, 0x06, 0x19, 0x06, 0x19, 0x06, 0x19, 0x06, 0x19,
    0x06, 0x19, 0x06, 0x19, 0x06, 0x19, 0x06, 0x19, 0x06, 0x19, 0x06, 0x19, 0x06, 0x19, 0x06, 0x19,
    0x06, 0x19, 0x06, 0x19, 0x06, 0x19, 0x06, 0x19, 0x06, 0x19, 0x06, 0x19, 0x06, 0x19, 0x06, 0x19,
    0x06, 0x19, 0x06, 0x19, 0x06, 0x19, 0x06, 0x19, 0x06, 0x19, 0x06, 0x19, 0x06, 0x19, 0x06, 0x19,
    0x06, 0x19, 0x06, 0x19, 0x06, 0x19, 0x06, 0x19, 0x06, 0x19, 0x06, 0x19, 0x06, 0x19, 0x06, 0x19,
    0x06, 0x19, 0x06, 0x19, 0x06, 0x19, 0x06, 0x19, 0x06, 0x19, 0x06, 0x19, 0x06, 0x19, 0x06, 0x19,
    0x06, 0x19, 0x06, 0x19, 0x06, 0x19, 0x06, 0x19, 0x06, 0x19, 0x06, 0x19, 0x06, 0x19, 0x06, 0x19,
    0x06, 0x19, 0x06, 0x19, 0x06, 0x19, 0x06, 0x19, 0x06, 0x19, 0x06, 0x19, 0x06, 0x19, 0x06, 0x19,
    0x06, 0x19, 0x06, 0x19, 0x06, 0x19, 0x06, 0x19, 0x06, 0x19, 0x06, 0x19, 0x06, 0x19, 0x06, 0x19,
    0x06, 0x19, 0x06, 0x19, 0x06, 0x19, 0x06, 0x19, 0x06, 0x19, 0x06, 0x19, 0x06, 0x19, 0x06, 0x19,
    0x06, 0x19, 0x06, 0x19, 0x06, 0x19, 0x06, 0x19, 0x06, 0x19, 0x06, 0x19, 0x06, 0x19, 0x06, 0x19,
    0x06, 0x19, 0x06, 0x19, 0x06, 0x19, 0x06, 0x19, 0x06, 0x19, 0x06, 0x19, 0x06, 0x19, 0x06, 0x19,
    0x06, 0x19, 0x06, 0x19, 0x06, 0x19, 0x06, 0x19, 0x06, 0x19, 0x06, 0x19, 0x06, 0x19, 0x06, 0x19,
    0x06, 0x19, 0x06, 0x19, 0x06, 0x19, 0x06, 0x19, 0x06, 0x19, 0x06, 0x19, 0x06, 0x19, 0x06, 0x19,
    0x06, 0x19, 0x06, 0x19, 0x06, 0x19, 0x06, 0x19, 0x06, 0x19, 0x06, 0x19, 0x06, 0x19, 0x06, 0x19,
    0x06, 0x19, 0x06, 0x19, 0x06, 0x19, 0x06, 0x19, 0x06, 0x19, 0x06, 0x19, 0x06, 0x19, 0x06, 0x19,
    0x06, 0x19, 0x06, 0x19, 0x06, 0x19, 0x06, 0x19, 0x06, 0x19, 0x06, 0x19, 0x06, 0x19, 0x06, 0x19,
    0x06, 0x19, 0x06, 0x19, 0x06, 0x19, 0x06, 0x19, 0x06, 0x19, 0x06, 0x19, 0x06, 0x19, 0x05, 0x19,
    0x62, 0x08, 0x62, 0x08, 0x62, 0x08, 0x62, 0x08, 0x62, 0x08, 0x62, 0x08, 0x62, 0x08, 0x62, 0x08,
    0x62, 0x08, 0x62, 0x08, 0x62, 0x08, 0x62, 0x08, 0x62, 0x08, 0x62, 0x08, 0x62, 0x08, 0x62, 0x08,
    0x62, 0x08, 0x62, 0x08, 0x62, 0x08, 0x62, 0x08, 0x62, 0x08, 0x62, 0x08, 0x62, 0x08, 0x62, 0x08,
    0x62, 0x08, 0x62, 0x08, 0x62, 0x08, 0x62, 0x08, 0x62, 0x08, 0x62, 0x08, 0x62, 0x08, 0x62, 0x08,
    0x62, 0x08, 0x62, 0x08, 0x62, 0x08, 0x62, 0x08, 0x62, 0x08, 0x62, 0x08, 0x62, 0x08, 0x62, 0x08,
    0xC4, 0x10, 0x26, 0x19, 0x06, 0x19, 0x06, 0x19, 0x06, 0x19, 0x06, 0x19, 0x06, 0x19, 0x06, 0x19,
    0x06, 0x19, 0x06, 0x19, 0x06, 0x19, 0x06, 0x19, 0x06, 0x19, 0x06, 0x19, 0x06, 0x19, 0x06, 0x19,
    0x06, 0x19, 0x06, 0x19, 0x06, 0x19, 0x06, 0x19, 0x06, 0x19, 0x06, 0x19, 0x06, 0x19, 0x06, 0x19,
    0x06, 0x19, 0x06, 0x19, 0x06, 0x19, 0x06, 0x19, 0x06, 0x19, 0x06, 0x19, 0x06, 0x19, 0x06, 0x19,
    0x06, 0x19, 0x06, 0x19, 0x06, 0x19, 0x06, 0x19, 0x06, 0x19, 0x06, 0x19, 0x06, 0x19, 0x06, 0x19,
    0x06, 0x19, 0x06, 0x19, 0x06, 0x19, 0x06, 0x19, 0x06, 0x19, 0x06, 0x19, 0x06, 0x19, 0x06, 0x19,
    0x06, 0x19, 0x06, 0x19, 0x06, 0x19, 0x06, 0x19, 0x06, 0x19, 0x06, 0x19, 0x06, 0x19, 0x06, 0x19,
    0x06, 0x19, 0x06, 0x19, 0x06, 0x19, 0x06, 0x19, 0x06, 0x19, 0x06, 0x19, 0x06, 0x19, 0x06, 0x19,
    0x06, 0x19, 0x06, 0x19, 0x06, 0x19, 0x06, 0x19, 0x06, 0x19, 0x06, 0x19, 0x06, 0x19, 0x06, 0x19,
    0x06, 0x19, 0x06, 0x19, 0x06, 0x19, 0x06, 0x19, 0x06, 0x19, 0x06, 0x19, 0x06, 0x19, 0x06, 0x19,
    0x06, 0x19, 0x06, 0x19, 0x06, 0x19, 0x06, 0x19, 0x06, 0x19, 0x06, 0x19, 0x06, 0x19, 0x06, 0x19,
    0x06, 0x19, 0x06, 0x19, 0x06, 0x19, 0x06, 0x19, 0x06, 0x19, 0x06, 0x19, 0x06, 0x19, 0x06, 0x19,
    0x06, 0x19, 0x06, 0x19, 0x06, 0x19, 0x06, 0x19, 0x06, 0x19, 0x06, 0x19, 0x06, 0x19, 0x06, 0x19,
    0x06, 0x19, 0x06, 0x19, 0x06, 0x19, 0x06, 0x19, 0x06, 0x19, 0x06, 0x19, 0x06, 0x19, 0x06, 0x19,
    0x06, 0x19, 0x06, 0x19, 0x06, 0x19, 0x06, 0x19, 0x06, 0x19, 0x06, 0x19, 0x06, 0x19, 0x06, 0x19,
    0x06, 0x19, 0x06, 0x19, 0x06, 0x19, 0x06, 0x19, 0x06, 0x19, 0x06, 0x19, 0x06, 0x19, 0x06, 0x19,
    0x06, 0x19, 0x06, 0x19, 0x06, 0x19, 0x06, 0x19, 0x06, 0x19, 0x06, 0x19, 0x06, 0x19, 0x06, 0x19,
    0x06, 0x19, 0x06, 0x19, 0x06, 0x19, 0x06, 0x19, 0x06, 0x19, 0x06, 0x19, 0x06, 0x19, 0x06, 0x19,
    0x06, 0x19, 0x06, 0x19, 0x06, 0x19, 0x06, 0x19, 0x06, 0x19, 0x06, 0x19, 0x06, 0x19, 0x06, 0x19,
    0x06, 0x19, 0x06, 0x19, 0x06, 0x19, 0x06, 0x19, 0x06, 0x19, 0x06, 0x19, 0x06, 0x19, 0x06, 0x19,
    0x06, 0x19, 0x06, 0x19, 0x06, 0x19, 0x06, 0x19, 0x06, 0x19, 0x06, 0x19, 0x06, 0x19, 0x06, 0x19,
    0x06, 0x19, 0x06, 0x19, 0x06, 0x19, 0x06, 0x19, 0x06, 0x19, 0x06, 0x19, 0x06, 0x19, 0x06, 0x19,
    0x06, 0x19, 0x06, 0x19, 0x06, 0x19, 0x06, 0x19, 0x06, 0x19, 0x06, 0x19, 0x06, 0x19, 0x06, 0x19,
    0x06, 0x19, 0x06, 0x19, 0x06, 0x19, 0x06, 0x19, 0x06, 0x19, 0x06, 0x19, 0x06, 0x19, 0x06, 0x19,
    0x06, 0x19, 0x06, 0x19, 0x06, 0x19, 0x06, 0x19, 0x06, 0x19, 0x06, 0x19, 0x06, 0x19, 0x06, 0x19,
    0x06, 0x19, 0x06, 0x19, 0x06, 0x19, 0x06, 0x19, 0x06, 0x19, 0x06, 0x19, 0x06, 0x19, 0x06, 0x19,
    0x06, 0x19, 0x06, 0x19, 0x06, 0x19, 0x06, 0x19, 0x06, 0x19, 0x06, 0x19, 0x06, 0x19, 0x06, 0x19,
    0x06, 0x19, 0x06, 0x19, 0x06, 0x19, 0x06, 0x19, 0x06, 0x19, 0x06, 0x19, 0x06, 0x19, 0x06, 0x19,
    0x06, 0x19, 0x06, 0x19, 0x06, 0x19, 0x06, 0x19, 0x06, 0x19, 0x06, 0x19, 0x06, 0x19, 0x06, 0x19,
    0x06, 0x19, 0x06, 0x19, 0x06, 0x19, 0x06, 0x19, 0x06, 0x19, 0x06, 0x19, 0x06, 0x19, 0x06, 0x19,
    0x06, 0x19, 0x06, 0x19, 0x06, 0x19, 0x06, 0x19, 0x06, 0x19, 0x06, 0x19, 0x06, 0x19, 0x06, 0x19,
    0x06, 0x19, 0x06, 0x19, 0x06, 0x19, 0x06, 0x19, 0x06, 0x19, 0x06, 0x19, 0x06, 0x19, 0x06, 0x19,
    0x06, 0x19, 0x06, 0x19, 0x06, 0x19, 0x06, 0x19, 0x06, 0x19, 0x06, 0x19, 0x06, 0x19, 0x06, 0x19,
    0x06, 0x19, 0x06, 0x19, 0x06, 0x19, 0x06, 0x19, 0x06, 0x19, 0x06, 0x19, 0x06, 0x19, 0x06, 0x19,
    0x06, 0x19, 0x06, 0x19, 0x06, 0x19, 0x06, 0x19, 0x06, 0x19, 0x06, 0x19, 0x06, 0x19, 0x06, 0x19,
    0x06, 0x19, 0x06, 0x19, 0x06, 0x19, 0x06, 0x19, 0x06, 0x19, 0x06, 0x19, 0x06, 0x19, 0x06, 0x19,
    0x06, 0x19, 0x06, 0x19, 0x06, 0x19, 0x06, 0x19, 0x06, 0x19, 0x06, 0x19, 0x06, 0x19, 0x06, 0x19,
    0x06, 0x19, 0x06, 0x19, 0x06, 0x19, 0xE5, 0x10, 0x62, 0x08, 0x62, 0x08, 0x62, 0x08, 0x62, 0x08,
    0x62, 0x08, 0x62, 0x08, 0x62, 0x08, 0x62, 0x08, 0x62, 0x08, 0x62, 0x08, 0x62, 0x08, 0x62, 0x08,
    0x62, 0x08, 0x62, 0x08, 0x62, 0x08, 0x62, 0x08, 0x62, 0x08, 0x62, 0x08, 0x62, 0x08, 0x62, 0x08,
    0x62, 0x08, 0x62, 0x08, 0x62, 0x08, 0x62, 0x08, 0x62, 0x08, 0x62, 0x08, 0x62, 0x08, 0x62, 0x08,
    0x62, 0x08, 0x62, 0x08, 0x62, 0x08, 0x62, 0x08, 0x62, 0x08, 0x62, 0x08, 0x62, 0x08, 0x62, 0x08,
    0x62, 0x08, 0x62, 0x08, 0x62, 0x08, 0x62, 0x08, 0xA3, 0x08, 0x06, 0x19, 0x06, 0x19, 0x06, 0x19,
    0x06, 0x19, 0x06, 0x19, 0x06, 0x19, 0x06, 0x19, 0x06, 0x19, 0x06, 0x19, 0x06, 0x19, 0x06, 0x19,
    0x06, 0x19, 0x06, 0x19, 0x06, 0x19, 0x06, 0x19, 0x06, 0x19, 0x06, 0x19, 0x06, 0x19, 0x06, 0x19,
    0x06, 0x19, 0x06, 0x19, 0x06, 0x19, 0x06, 0x19, 0x06, 0x19, 0x06, 0x19, 0x06, 0x19, 0x06, 0x19,
    0x06, 0x19, 0x06, 0x19, 0x06, 0x19, 0x06, 0x19, 0x06, 0x19, 0x06, 0x19, 0x06, 0x19, 0x06, 0x19,
    0x06, 0x19, 0x06, 0x19, 0x06, 0x19, 0x06, 0x19, 0x06, 0x19, 0x06, 0x19, 0x06, 0x19, 0x06, 0x19,
    0x06, 0x19, 0x06, 0x19, 0x06, 0x19, 0x06, 0x19, 0x06, 0x19, 0x06, 0x19, 0x06, 0x19, 0x06, 0x19,
    0x06, 0x19, 0x06, 0x19, 0x06, 0x19, 0x06, 0x19, 0x06, 0x19, 0x06, 0x19, 0x06, 0x19, 0x06, 0x19,
    0x06, 0x19, 0x06, 0x19, 0x06, 0x19, 0x06, 0x19, 0x06, 0x19, 0x06, 0x19, 0x06, 0x19, 0x06, 0x19,
    0x06, 0x19, 0x06, 0x19, 0x06, 0x19, 0x06, 0x19, 0x06, 0x19, 0x06, 0x19, 0x06, 0x19, 0x06, 0x19,
    0x06, 0x19, 0x06, 0x19, 0x06, 0x19, 0x06, 0x19, 0x06, 0x19, 0x06, 0x19, 0x06, 0x19, 0x06, 0x19,
    0x06, 0x19, 0x06, 0x19, 0x06, 0x19, 0x06, 0x19, 0x06, 0x19, 0x06, 0x19, 0x06, 0x19, 0x06, 0x19,
    0x06, 0x19, 0x06, 0x19, 0x06, 0x19, 0x06, 0x19, 0x06, 0x19, 0x06, 0x19, 0x06, 0x19, 0x06, 0x19,
    0x06, 0x19, 0x06, 0x19, 0x06, 0x19, 0x06, 0x19, 0x06, 0x19, 0x06, 0x19, 0x06, 0x19, 0x06, 0x19,
    0x06, 0x19, 0x06, 0x19, 0x06, 0x19, 0x06, 0x19, 0x06, 0x19, 0x06, 0x19, 0x06, 0x19, 0x06, 0x19,
    0x06, 0x19, 0x06, 0x19, 0x06, 0x19, 0x06, 0x19, 0x06, 0x19, 0x06, 0x19, 0x06, 0x19, 0x06, 0x19,
    0x06, 0x19, 0x06, 0x19, 0x06, 0x19, 0x06, 0x19, 0x06, 0x19, 0x06, 0x19, 0x06, 0x19, 0x06, 0x19,
    0x06, 0x19, 0x06, 0x19, 0x06, 0x19, 0x06, 0x19, 0x06, 0x19, 0x06, 0x19, 0x06, 0x19, 0x06, 0x19,
    0x06, 0x19, 0x06, 0x19, 0x06, 0x19, 0x06, 0x19, 0x06, 0x19, 0x06, 0x19, 0x06, 0x19, 0x06, 0x19,
    0x06, 0x19, 0x06, 0x19, 0x06, 0x19, 0x06, 0x19, 0x06, 0x19, 0x06, 0x19, 0x06, 0x19, 0x06, 0x19,
    0x06, 0x19, 0x06, 0x19, 0x06, 0x19, 0x06, 0x19, 0x06, 0x19, 0x06, 0x19, 0x06, 0x19, 0x06, 0x19,
    0x06, 0x19, 0x06, 0x19, 0x06, 0x19, 0x06, 0x19, 0x06, 0x19, 0x06, 0x19, 0x06, 0x19, 0x06, 0x19,
    0x06, 0x19, 0x06, 0x19, 0x06, 0x19, 0x06, 0x19, 0x06, 0x19, 0x06, 0x19, 0x06, 0x19, 0x06, 0x19,
    0x06, 0x19, 0x06, 0x19, 0x06, 0x19, 0x06, 0x19, 0x06, 0x19, 0x06, 0x19, 0x06, 0x19, 0x06, 0x19,
    0x06, 0x19, 0x06, 0x19, 0x06, 0x19, 0x06, 0x19, 0x06, 0x19, 0x06, 0x19, 0x06, 0x19, 0x06, 0x19,
    0x06, 0x19, 0x06, 0x19, 0x06, 0x19, 0x06, 0x19, 0x06, 0x19, 0x06, 0x19, 0x06, 0x19, 0x06, 0x19,
    0x06, 0x19, 0x06, 0x19, 0x06, 0x19, 0x06, 0x19, 0x06, 0x19, 0x06, 0x19, 0x06, 0x19, 0x06, 0x19,
    0x06, 0x19, 0x06, 0x19, 0x06, 0x19, 0x06, 0x19, 0x06, 0x19, 0x06, 0x19, 0x06, 0x19, 0x06, 0x19,
    0x06, 0x19, 0x06, 0x19, 0x06, 0x19, 0x06, 0x19, 0x06, 0x19, 0x06, 0x19, 0x06, 0x19, 0x06, 0x19,
    0x06, 0x19, 0x06, 0x19, 0x06, 0x19, 0x06, 0x19, 0x06, 0x19, 0x06, 0x19, 0x06, 0x19, 0x06, 0x19,
    0x06, 0x19, 0x06, 0x19, 0x06, 0x19, 0x06, 0x19, 0x06, 0x19, 0x06, 0x19, 0x06, 0x19, 0x06, 0x19,
    0x06, 0x19, 0x06, 0x19, 0x06, 0x19, 0x06, 0x19, 0x06, 0x19, 0x06, 0x19, 0x06, 0x19, 0x06, 0x19,
    0x06, 0x19, 0x06, 0x19, 0x06, 0x19, 0x06, 0x19, 0x06, 0x19, 0x06, 0x19, 0x06, 0x19, 0x06, 0x19,
    0x06, 0x19, 0x06, 0x19, 0x06, 0x19, 0x06, 0x19, 0x06, 0x19, 0x06, 0x19, 0x06, 0x19, 0x06, 0x19,
    0x06, 0x19, 0x06, 0x19, 0x06, 0x19, 0x06, 0x19, 0x06, 0x19, 0x06, 0x19, 0x06, 0x19, 0x06, 0x19,
    0x06, 0x19, 0x06, 0x19, 0x06, 0x19, 0x06, 0x19, 0x06, 0x19, 0x06, 0x19, 0x06, 0x19, 0x06, 0x19,
    0x06, 0x19, 0x06, 0x19, 0x06, 0x19, 0x06, 0x19, 0x06, 0x19, 0x06, 0x19, 0x06, 0x19, 0x06, 0x19,
    0x06, 0x19, 0x06, 0x19, 0x06, 0x19, 0x06, 0x19, 0x06, 0x19, 0x06, 0x19, 0x26, 0x19, 0xC4, 0x10,
    0x62, 0x08, 0x62, 0x08, 0x62, 0x08, 0x62, 0x08, 0x62, 0x08, 0x62, 0x08, 0x62, 0x08, 0x62, 0x08,
    0x62, 0x08, 0x62, 0x08, 0x62, 0x08, 0x62, 0x08, 0x62, 0x08, 0x62, 0x08, 0x62, 0x08, 0x62, 0x08,
    0x62, 0x08, 0x62, 0x08, 0x62, 0x08, 0x62, 0x08, 0x62, 0x08, 0x62, 0x08, 0x62, 0x08, 0x62, 0x08,
    0x62, 0x08, 0x62, 0x08, 0x62, 0x08, 0x62, 0x08, 0x62, 0x08, 0x62, 0x08, 0x62, 0x08, 0x62, 0x08,
    0x62, 0x08, 0x62, 0x08, 0x62, 0x08, 0x62, 0x08, 0x62, 0x08, 0x62, 0x08, 0x62, 0x08, 0x62, 0x08,
    0x62, 0x08, 0x05, 0x19, 0x06, 0x19, 0x06, 0x19, 0x06, 0x19, 0x06, 0x19, 0x06, 0x19, 0x06, 0x19,
    0x06, 0x19, 0x06, 0x19, 0x06, 0x19, 0x06, 0x19, 0x06, 0x19, 0x06, 0x19, 0x06, 0x19, 0x06, 0x19,
    0x06, 0x19, 0x06, 0x19, 0x06, 0x19, 0x06, 0x19, 0x06, 0x19, 0x06, 0x19, 0x06, 0x19, 0x06, 0x19,
    0x06, 0x19, 0x06, 0x19, 0x06, 0x19, 0x06, 0x19, 0x06, 0x19, 0x06, 0x19, 0x06, 0x19, 0x06, 0x19,
    0x06, 0x19, 0x06, 0x19, 0x06, 0x19, 0x06, 0x19, 0x06, 0x19, 0x06, 0x19, 0x06, 0x19, 0x06, 0x19,
    0x06, 0x19, 0x06, 0x19, 0x06, 0x19, 0x06, 0x19, 0x06, 0x19, 0x06, 0x19, 0x06, 0x19, 0x06, 0x19,
    0x06, 0x19, 0x06, 0x19, 0x06, 0x19, 0x06, 0x19, 0x06, 0x19, 0x06, 0x19, 0x06, 0x19, 0x06, 0x19,
    0x06, 0x19, 0x06, 0x19, 0x06, 0x19, 0x06, 0x19, 0x06, 0x19, 0x06, 0x19, 0x06, 0x19, 0x06, 0x19,
    0x06, 0x19, 0x06, 0x19, 0x06, 0x19, 0x06, 0x19, 0x06, 0x19, 0x06, 0x19, 0x06, 0x19, 0x06, 0x19,
    0x06, 0x19, 0x06, 0x19, 0x06, 0x19, 0x06, 0x19, 0x06, 0x19, 0x06, 0x19, 0x06, 0x19, 0x06, 0x19,
    0x06, 0x19, 0x06, 0x19, 0x06, 0x19, 0x06, 0x19, 0x06, 0x19, 0x06, 0x19, 0x06, 0x19, 0x06, 0x19,
    0x06, 0x19, 0x06, 0x19, 0x06, 0x19, 0x06, 0x19, 0x06, 0x19, 0x06, 0x19, 0x06, 0x19, 0x06, 0x19,
    0x06, 0x19, 0x06, 0x19, 0x06, 0x19, 0x06, 0x19, 0x06, 0x19, 0x06, 0x19, 0x06, 0x19, 0x06, 0x19,
    0x06, 0x19, 0x06, 0x19, 0x06, 0x19, 0x06, 0x19, 0x06, 0x19, 0x06, 0x19, 0x06, 0x19, 0x06, 0x19,
    0x06, 0x19, 0x06, 0x19, 0x06, 0x19, 0x06, 0x19, 0x06, 0x19, 0x06, 0x19, 0x06, 0x19, 0x06, 0x19,
    0x06, 0x19, 0x06, 0x19, 0x06, 0x19, 0x06, 0x19, 0x06, 0x19, 0x06, 0x19, 0x06, 0x19, 0x06, 0x19,
    0x06, 0x19, 0x06, 0x19, 0x06, 0x19, 0x06, 0x19, 0x06, 0x19, 0x06, 0x19, 0x06, 0x19, 0x06, 0x19,
    0x06, 0x19, 0x06, 0x19, 0x06, 0x19, 0x06, 0x19, 0x06, 0x19, 0x06, 0x19, 0x06, 0x19, 0x06, 0x19,
    0x06, 0x19, 0x06, 0x19, 0x06, 0x19, 0x06, 0x19, 0x06, 0x19, 0x06, 0x19, 0x06, 0x19, 0x06, 0x19,
    0x06, 0x19, 0x06, 0x19, 0x06, 0x19, 0x06, 0x19, 0x06, 0x19, 0x06, 0x19, 0x06, 0x19, 0x06, 0x19,
    0x06, 0x19, 0x06, 0x19, 0x06, 0x19, 0x06, 0x19, 0x06, 0x19, 0x06, 0x19, 0x06, 0x19, 0x06, 0x19,
    0x06, 0x19, 0x06, 0x19, 0x06, 0x19, 0x06, 0x19, 0x06, 0x19, 0x06, 0x19, 0x06, 0x19, 0x06, 0x19,
    0x06, 0x19, 0x06, 0x19, 0x06, 0x19, 0x06, 0x19, 0x06, 0x19, 0x06, 0x19, 0x06, 0x19, 0x06, 0x19,
    0x06, 0x19, 0x06, 0x19, 0x06, 0x19, 0x06, 0x19, 0x06, 0x19, 0x06, 0x19, 0x06, 0x19, 0x06, 0x19,
    0x06, 0x19, 0x06, 0x19, 0x06, 0x19, 0x06, 0x19, 0x06, 0x19, 0x06, 0x19, 0x06, 0x19, 0x06, 0x19,
    0x06, 0x19, 0x06, 0x19, 0x06, 0x19, 0x06, 0x19, 0x06, 0x19, 0x06, 0x19, 0x06, 0x19, 0x06, 0x19,
    0x06, 0x19, 0x06, 0x19, 0x06, 0x19, 0x06, 0x19, 0x06, 0x19, 0x06, 0x19, 0x06, 0x19, 0x06, 0x19,
    0x06, 0x19, 0x06, 0x19, 0x06, 0x19, 0x06, 0x19, 0x06, 0x19, 0x06, 0x19, 0x06, 0x19, 0x06, 0x19,
    0x06, 0x19, 0x06, 0x19, 0x06, 0x19, 0x06, 0x19, 0x06, 0x19, 0x06, 0x19, 0x06, 0x19, 0x06, 0x19,
    0x06, 0x19, 0x06, 0x19, 0x06, 0x19, 0x06, 0x19, 0x06, 0x19, 0x06, 0x19, 0x06, 0x19, 0x06, 0x19,
    0x06, 0x19, 0x06, 0x19, 0x06, 0x19, 0x06, 0x19, 0x06, 0x19, 0x06, 0x19, 0x06, 0x19, 0x06, 0x19,
    0x06, 0x19, 0x06, 0x19, 0x06, 0x19, 0x06, 0x19, 0x06, 0x19, 0x06, 0x19, 0x06, 0x19, 0x06, 0x19,
    0x06, 0x19, 0x06, 0x19, 0x06, 0x19, 0x06, 0x19, 0x06, 0x19, 0x06, 0x19, 0x06, 0x19, 0x06, 0x19,
    0x06, 0x19, 0x06, 0x19, 0x06, 0x19, 0x06, 0x19, 0x06, 0x19, 0x06, 0x19, 0x06, 0x19, 0x06, 0x19,
    0x06, 0x19, 0x06, 0x19, 0x06, 0x19, 0x06, 0x19, 0x06, 0x19, 0x06, 0x19, 0x06, 0x19, 0x06, 0x19,
    0x06, 0x19, 0x06, 0x19, 0x06, 0x19, 0x06, 0x19, 0x06, 0x19, 0x06, 0x19, 0x06, 0x19, 0x06, 0x19,
    0x06, 0x19, 0x06, 0x19, 0x06, 0x19, 0x06, 0x19, 0x06, 0x19, 0x06, 0x19, 0x06, 0x19, 0x06, 0x19,
    0x06, 0x19, 0x06, 0x19, 0x06, 0x19, 0x83, 0x08, 0x62, 0x08, 0x62, 0x08, 0x62, 0x08, 0x62, 0x08,
    0x62, 0x08, 0x62, 0x08, 0x62, 0x08, 0x62, 0x08, 0x62, 0x08, 0x62, 0x08, 0x62, 0x08, 0x62, 0x08,
    0x62, 0x08, 0x62, 0x08, 0x62, 0x08, 0x62, 0x08, 0x62, 0x08, 0x62, 0x08, 0x62, 0x08, 0x62, 0x08,
    0x62, 0x08, 0x62, 0x08, 0x62, 0x08, 0x62, 0x08, 0x62, 0x08, 0x62, 0x08, 0x62, 0x08, 0x62, 0x08,
    0x62, 0x08, 0x62, 0x08, 0x62, 0x08, 0x62, 0x08, 0x62, 0x08, 0x62, 0x08, 0x62, 0x08, 0x62, 0x08,
    0x62, 0x08, 0x62, 0x08, 0x62, 0x08, 0x62, 0x08, 0x62, 0x08, 0xC4, 0x10, 0x26, 0x19, 0x06, 0x19,
    0x06, 0x19, 0x06, 0x19, 0x06, 0x19, 0x06, 0x19, 0x06, 0x19, 0x06, 0x19, 0x06, 0x19, 0x06, 0x19,
    0x06, 0x19, 0x06, 0x19, 0x06, 0x19, 0x06, 0x19, 0x06, 0x19, 0x06, 0x19, 0x06, 0x19, 0x06, 0x19,
    0x06, 0x19, 0x06, 0x19, 0x06, 0x19, 0x06, 0x19, 0x06, 0x19, 0x06, 0x19, 0x06, 0x19, 0x06, 0x19,
    0x06, 0x19, 0x06, 0x19, 0x06, 0x19, 0x06, 0x19, 0x06, 0x19, 0x06, 0x19, 0x06, 0x19, 0x06, 0x19,
    0x06, 0x19, 0x06, 0x19, 0x06, 0x19, 0x06, 0x19, 0x06, 0x19, 0x06, 0x19, 0x06, 0x19, 0x06, 0x19,
    0x06, 0x19, 0x06, 0x19, 0x06, 0x19, 0x06, 0x19, 0x06, 0x19, 0x06, 0x19, 0x06, 0x19, 0x06, 0x19,
    0x06, 0x19, 0x06, 0x19, 0x06, 0x19, 0x06, 0x19, 0x06, 0x19, 0x06, 0x19, 0x06, 0x19, 0x06, 0x19,
    0x06, 0x19, 0x06, 0x19, 0x06, 0x19, 0x06, 0x19, 0x06, 0x19, 0x06, 0x19, 0x06, 0x19, 0x06, 0x19,
    0x06, 0x19, 0x06, 0x19, 0x06, 0x19, 0x06, 0x19, 0x06, 0x19, 0x06, 0x19, 0x06, 0x19, 0x06, 0x19,
    0x06, 0x19, 0x06, 0x19, 0x06, 0x19, 0x06, 0x19, 0x06, 0x19, 0x06, 0x19, 0x06, 0x19, 0x06, 0x19,
    0x06, 0x19, 0x06, 0x19, 0x06, 0x19, 0x06, 0x19, 0x06, 0x19, 0x06, 0x19, 0x06, 0x19, 0x06, 0x19,
    0x06, 0x19, 0x06, 0x19, 0x06, 0x19, 0x06, 0x19, 0x06, 0x19, 0x06, 0x19, 0x06, 0x19, 0x06, 0x19,
    0x06, 0x19, 0x06, 0x19, 0x06, 0x19, 0x06, 0x19, 0x06, 0x19, 0x06, 0x19, 0x06, 0x19, 0x06, 0x19,
    0x06, 0x19, 0x06, 0x19, 0x06, 0x19, 0x06, 0x19, 0x06, 0x19, 0x06, 0x19, 0x06, 0x19, 0x06, 0x19,
    0x06, 0x19, 0x06, 0x19, 0x06, 0x19, 0x06, 0x19, 0x06, 0x19, 0x06, 0x19, 0x06, 0x19, 0x06, 0x19,
    0x06, 0x19, 0x06, 0x19, 0x06, 0x19, 0x06, 0x19, 0x06, 0x19, 0x06, 0x19, 0x06, 0x19, 0x06, 0x19,
    0x06, 0x19, 0x06, 0x19, 0x06, 0x19, 0x06, 0x19, 0x06, 0x19, 0x06, 0x19, 0x06, 0x19, 0x06, 0x19,
    0x06, 0x19, 0x06, 0x19, 0x06, 0x19, 0x06, 0x19, 0x06, 0x19, 0x06, 0x19, 0x06, 0x19, 0x06, 0x19,
    0x06, 0x19, 0x06, 0x19, 0x06, 0x19, 0x06, 0x19, 0x06, 0x19, 0x06, 0x19, 0x06, 0x19, 0x06, 0x19,
    0x06, 0x19, 0x06, 0x19, 0x06, 0x19, 0x06, 0x19, 0x06, 0x19, 0x06, 0x19, 0x06, 0x19, 0x06, 0x19,
    0x06, 0x19, 0x06, 0x19, 0x06, 0x19, 0x06, 0x19, 0x06, 0x19, 0x06, 0x19, 0x06, 0x19, 0x06, 0x19,
    0x06, 0x19, 0x06, 0x19, 0x06, 0x19, 0x06, 0x19, 0x06, 0x19, 0x06, 0x19, 0x06, 0x19, 0x06, 0x19,
    0x06, 0x19, 0x06, 0x19, 0x06, 0x19, 0x06, 0x19, 0x06, 0x19, 0x06, 0x19, 0x06, 0x19, 0x06, 0x19,
    0x06, 0x19, 0x06, 0x19, 0x06, 0x19, 0x06, 0x19, 0x06, 0x19, 0x06, 0x19, 0x06, 0x19, 0x06, 0x19,
    0x06, 0x19, 0x06, 0x19, 0x06, 0x19, 0x06, 0x19, 0x06, 0x19, 0x06, 0x19, 0x06, 0x19, 0x06, 0x19,
    0x06, 0x19, 0x06, 0x19, 0x06, 0x19, 0x06, 0x19, 0x06, 0x19, 0x06, 0x19, 0x06, 0x19, 0x06, 0x19,
    0x06, 0x19, 0x06, 0x19, 0x06, 0x19, 0x06, 0x19, 0x06, 0x19, 0x06, 0x19, 0x06, 0x19, 0x06, 0x19,
    0x06, 0x19, 0x06, 0x19, 0x06, 0x19, 0x06, 0x19, 0x06, 0x19, 0x06, 0x19, 0x06, 0x19, 0x06, 0x19,
    0x06, 0x19, 0x06, 0x19, 0x06, 0x19, 0x06, 0x19, 0x06, 0x19, 0x06, 0x19, 0x06, 0x19, 0x06, 0x19,
    0x06, 0x19, 0x06, 0x19, 0x06, 0x19, 0x06, 0x19, 0x06, 0x19, 0x06, 0x19, 0x06, 0x19, 0x06, 0x19,
    0x06, 0x19, 0x06, 0x19, 0x06, 0x19, 0x06, 0x19, 0x06, 0x19, 0x06, 0x19, 0x06, 0x19, 0x06, 0x19,
    0x06, 0x19, 0x06, 0x19, 0x06, 0x19, 0x06, 0x19, 0x06, 0x19, 0x06, 0x19, 0x06, 0x19, 0x06, 0x19,
    0x06, 0x19, 0x06, 0x19, 0x06, 0x19, 0x06, 0x19, 0x06, 0x19, 0x06, 0x19, 0x06, 0x19, 0x06, 0x19,
    0x06, 0x19, 0x06, 0x19, 0x06, 0x19, 0x06, 0x19, 0x06, 0x19, 0x06, 0x19, 0x06, 0x19, 0x06, 0x19,
    0x06, 0x19, 0x06, 0x19, 0x06, 0x19, 0x06, 0x19, 0x06, 0x19, 0x06, 0x19, 0x06, 0x19, 0x06, 0x19,
    0x06, 0x19, 0x06, 0x19, 0x06, 0x19, 0x06, 0x19, 0x06, 0x19, 0x06, 0x19, 0x06, 0x19, 0x06, 0x19,
    0x06, 0x19, 0x06, 0x19, 0x06, 0x19, 0x06, 0x19, 0x06, 0x19, 0x06, 0x19, 0xE5, 0x10, 0x62, 0x08,
    0x62, 0x08, 0x62, 0x08, 0x62, 0x08, 0x62, 0x08, 0x62, 0x08, 0x62, 0x08, 0x62, 0x08, 0x62, 0x08,
    0x62, 0x08, 0x62, 0x08, 0x62, 0x08, 0x62, 0x08, 0x62, 0x08, 0x62, 0x08, 0x62, 0x08, 0x62, 0x08,
    0x62, 0x08, 0x62, 0x08, 0x62, 0x08, 0x62, 0x08, 0x62, 0x08, 0x62, 0x08, 0x62, 0x08, 0x62, 0x08,
    0x62, 0x08, 0x62, 0x08, 0x62, 0x08, 0x62, 0x08, 0x62, 0x08, 0x62, 0x08, 0x62, 0x08, 0x62, 0x08,
    0x62, 0x08, 0x62, 0x08, 0x62, 0x08, 0x62, 0x08, 0x62, 0x08, 0x62, 0x08, 0x62, 0x08, 0x62, 0x08,
    0x62, 0x08, 0x62, 0x08, 0xE5, 0x18, 0x06, 0x19, 0x06, 0x19, 0x06, 0x19, 0x06, 0x19, 0x06, 0x19,
    0x06, 0x19, 0x06, 0x19, 0x06, 0x19, 0x06, 0x19, 0x06, 0x19, 0x06, 0x19, 0x06, 0x19, 0x06, 0x19,
    0x06, 0x19, 0x06, 0x19, 0x06, 0x19, 0x06, 0x19, 0x06, 0x19, 0x06, 0x19, 0x06, 0x19, 0x06, 0x19,
    0x06, 0x19, 0x06, 0x19, 0x06, 0x19, 0x06, 0x19, 0x06, 0x19, 0x06, 0x19, 0x06, 0x19, 0x06, 0x19,
    0x06, 0x19, 0x06, 0x19, 0x06, 0x19, 0x06, 0x19, 0x06, 0x19, 0x06, 0x19, 0x06, 0x19, 0x06, 0x19,
    0x06, 0x19, 0x06, 0x19, 0x06, 0x19, 0x06, 0x19, 0x06, 0x19, 0x06, 0x19, 0x06, 0x19, 0x06, 0x19,
    0x06, 0x19, 0x06, 0x19, 0x06, 0x19, 0x06, 0x19, 0x06, 0x19, 0x06, 0x19, 0x06, 0x19, 0x06, 0x19,
    0x06, 0x19, 0x06, 0x19, 0x06, 0x19, 0x06, 0x19, 0x06, 0x19, 0x06, 0x19, 0x06, 0x19, 0x06, 0x19,
    0x06, 0x19, 0x06, 0x19, 0x06, 0x19, 0x06, 0x19, 0x06, 0x19, 0x06, 0x19, 0x06, 0x19, 0x06, 0x19,
    0x06, 0x19, 0x06, 0x19, 0x06, 0x19, 0x06, 0x19, 0x06, 0x19, 0x06, 0x19, 0x06, 0x19, 0x06, 0x19,
    0x06, 0x19, 0x06, 0x19, 0x06, 0x19, 0x06, 0x19, 0x06, 0x19, 0x06, 0x19, 0x06, 0x19, 0x06, 0x19,
    0x06, 0x19, 0x06, 0x19, 0x06, 0x19, 0x06, 0x19, 0x06, 0x19, 0x06, 0x19, 0x06, 0x19, 0x06, 0x19,
    0x06, 0x19, 0x06, 0x19, 0x06, 0x19, 0x06, 0x19, 0x06, 0x19, 0x06, 0x19, 0x06, 0x19, 0x06, 0x19,
    0x06, 0x19, 0x06, 0x19, 0x06, 0x19, 0x06, 0x19, 0x06, 0x19, 0x06, 0x19, 0x06, 0x19, 0x06, 0x19,
    0x06, 0x19, 0x06, 0x19, 0x06, 0x19, 0x06, 0x19, 0x06, 0x19, 0x06, 0x19, 0x06, 0x19, 0x06, 0x19,
    0x06, 0x19, 0x06, 0x19, 0x06, 0x19, 0x06, 0x19, 0x06, 0x19, 0x06, 0x19, 0x06, 0x19, 0x06, 0x19,
    0x06, 0x19, 0x06, 0x19, 0x06, 0x19, 0x06, 0x19, 0x06, 0x19, 0x06, 0x19, 0x06, 0x19, 0x06, 0x19,
    0x06, 0x19, 0x06, 0x19, 0x06, 0x19, 0x06, 0x19, 0x06, 0x19, 0x06, 0x19, 0x06, 0x19, 0x06, 0x19,
    0x06, 0x19, 0x06, 0x19, 0x06, 0x19, 0x06, 0x19, 0x06, 0x19, 0x06, 0x19, 0x06, 0x19, 0x06, 0x19,
    0x06, 0x19, 0x06, 0x19, 0x06, 0x19, 0x06, 0x19, 0x06, 0x19, 0x06, 0x19, 0x06, 0x19, 0x06, 0x19,
    0x06, 0x19, 0x06, 0x19, 0x06, 0x19, 0x06, 0x19, 0x06, 0x19, 0x06, 0x19, 0x06, 0x19, 0x06, 0x19,
    0x06, 0x19, 0x06, 0x19, 0x06, 0x19, 0x06, 0x19, 0x06, 0x19, 0x06, 0x19, 0x06, 0x19, 0x06, 0x19,
    0x06, 0x19, 0x06, 0x19, 0x06, 0x19, 0x06, 0x19, 0x06, 0x19, 0x06, 0x19, 0x06, 0x19, 0x06, 0x19,
    0x06, 0x19, 0x06, 0x19, 0x06, 0x19, 0x06, 0x19, 0x06, 0x19, 0x06, 0x19, 0x06, 0x19, 0x06, 0x19,
    0x06, 0x19, 0x06, 0x19, 0x06, 0x19, 0x06, 0x19, 0x06, 0x19, 0x06, 0x19, 0x06, 0x19, 0x06, 0x19,
    0x06, 0x19, 0x06, 0x19, 0x06, 0x19, 0x06, 0x19, 0x06, 0x19, 0x06, 0x19, 0x06, 0x19, 0x06, 0x19,
    0x06, 0x19, 0x06, 0x19, 0x06, 0x19, 0x06, 0x19, 0x06, 0x19, 0x06, 0x19, 0x06, 0x19, 0x06, 0x19,
    0x06, 0x19, 0x06, 0x19, 0x06, 0x19, 0x06, 0x19, 0x06, 0x19, 0x06, 0x19, 0x06, 0x19, 0x06, 0x19,
    0x06, 0x19, 0x06, 0x19, 0x06, 0x19, 0x06, 0x19, 0x06, 0x19, 0x06, 0x19, 0x06, 0x19, 0x06, 0x19,
    0x06, 0x19, 0x06, 0x19, 0x06, 0x19, 0x06, 0x19, 0x06, 0x19, 0x06, 0x19, 0x06, 0x19, 0x06, 0x19,
    0x06, 0x19, 0x06, 0x19, 0x06, 0x19, 0x06, 0x19, 0x06, 0x19, 0x06, 0x19, 0x06, 0x19, 0x06, 0x19,
    0x06, 0x19, 0x06, 0x19, 0x06, 0x19, 0x06, 0x19, 0x06, 0x19, 0x06, 0x19, 0x06, 0x19, 0x06, 0x19,
    0x06, 0x19, 0x06, 0x19, 0x06, 0x19, 0x06, 0x19, 0x06, 0x19, 0x06, 0x19, 0x06, 0x19, 0x06, 0x19,
    0x06, 0x19, 0x06, 0x19, 0x06, 0x19, 0x06, 0x19, 0x06, 0x19, 0x06, 0x19, 0x06, 0x19, 0x06, 0x19,
    0x06, 0x19, 0x06, 0x19, 0x06, 0x19, 0x06, 0x19, 0x06, 0x19, 0x06, 0x19, 0x06, 0x19, 0x06, 0x19,
    0x06, 0x19, 0x06, 0x19, 0x06, 0x19, 0x06, 0x19, 0x06, 0x19, 0x06, 0x19, 0x06, 0x19, 0x06, 0x19,
    0x06, 0x19, 0x06, 0x19, 0x06, 0x19, 0x06, 0x19, 0x06, 0x19, 0x06, 0x19, 0x06, 0x19, 0x06, 0x19,
    0x06, 0x19, 0x06, 0x19, 0x83, 0x08, 0x62, 0x08, 0x62, 0x08, 0x62, 0x08, 0x62, 0x08, 0x62, 0x08,
    0x62, 0x08, 0x62, 0x08, 0x62, 0x08, 0x62, 0x08, 0x62, 0x08, 0x62, 0x08, 0x62, 0x08, 0x62, 0x08,
    0x62, 0x08, 0x62, 0x08, 0x62, 0x08, 0x62, 0x08, 0x62, 0x08, 0x62, 0x08, 0x62, 0x08, 0x62, 0x08,
    0x62, 0x08, 0x62, 0x08, 0x62, 0x08, 0x62, 0x08, 0x62, 0x08, 0x62, 0x08, 0x62, 0x08, 0x62, 0x08,
    0x62, 0x08, 0x62, 0x08, 0x62, 0x08, 0x62, 0x08, 0x62, 0x08, 0x62, 0x08, 0x62, 0x08, 0x62, 0x08,
    0x62, 0x08, 0x62, 0x08, 0x62, 0x08, 0x62, 0x08, 0x62, 0x08, 0x62, 0x08, 0x83, 0x08, 0x06, 0x19,
    0x06, 0x19, 0x06, 0x19, 0x06, 0x19, 0x06, 0x19, 0x06, 0x19, 0x06, 0x19, 0x06, 0x19, 0x06, 0x19,
    0x06, 0x19, 0x06, 0x19, 0x06, 0x19, 0x06, 0x19, 0x06, 0x19, 0x06, 0x19, 0x06, 0x19, 0x06, 0x19,
    0x06, 0x19, 0x06, 0x19, 0x06, 0x19, 0x06, 0x19, 0x06, 0x19, 0x06, 0x19, 0x06, 0x19, 0x06, 0x19,
    0x06, 0x19, 0x06, 0x19, 0x06, 0x19, 0x06, 0x19, 0x06, 0x19, 0x06, 0x19, 0x06, 0x19, 0x06, 0x19,
    0x06, 0x19, 0x06, 0x19, 0x06, 0x19, 0x06, 0x19, 0x06, 0x19, 0x06, 0x19, 0x06, 0x19, 0x06, 0x19,
    0x06, 0x19, 0x06, 0x19, 0x06, 0x19, 0x06, 0x19, 0x06, 0x19, 0x06, 0x19, 0x06, 0x19, 0x06, 0x19,
    0x06, 0x19, 0x06, 0x19, 0x06, 0x19, 0x06, 0x19, 0x06, 0x19, 0x06, 0x19, 0x06, 0x19, 0x06, 0x19,
    0x06, 0x19, 0x06, 0x19, 0x06, 0x19, 0x06, 0x19, 0x06, 0x19, 0x06, 0x19, 0x06, 0x19, 0x06, 0x19,
    0x06, 0x19, 0x06, 0x19, 0x06, 0x19, 0x06, 0x19, 0x06, 0x19, 0x06, 0x19, 0x06, 0x19, 0x06, 0x19,
    0x06, 0x19, 0x06, 0x19, 0x06, 0x19, 0x06, 0x19, 0x06, 0x19, 0x06, 0x19, 0x06, 0x19, 0x06, 0x19,
    0x06, 0x19, 0x06, 0x19, 0x06, 0x19, 0x06, 0x19, 0x06, 0x19, 0x06, 0x19, 0x06, 0x19, 0x06, 0x19,
    0x06, 0x19, 0x06, 0x19, 0x06, 0x19, 0x06, 0x19, 0x06, 0x19, 0x06, 0x19, 0x06, 0x19, 0x06, 0x19,
    0x06, 0x19, 0x06, 0x19, 0x06, 0x19, 0x06, 0x19, 0x06, 0x19, 0x06, 0x19, 0x06, 0x19, 0x06, 0x19,
    0x06, 0x19, 0x06, 0x19, 0x06, 0x19, 0x06, 0x19, 0x06, 0x19, 0x06, 0x19, 0x06, 0x19, 0x06, 0x19,
    0x06, 0x19, 0x06, 0x19, 0x06, 0x19, 0x06, 0x19, 0x06, 0x19, 0x06, 0x19, 0x06, 0x19, 0x06, 0x19,
    0x06, 0x19, 0x06, 0x19, 0x06, 0x19, 0x06, 0x19, 0x06, 0x19, 0x06, 0x19, 0x06, 0x19, 0x06, 0x19,
    0x06, 0x19, 0x06, 0x19, 0x06, 0x19, 0x06, 0x19, 0x06, 0x19, 0x06, 0x19, 0x06, 0x19, 0x06, 0x19,
    0x06, 0x19, 0x06, 0x19, 0x06, 0x19, 0x06, 0x19, 0x06, 0x19, 0x06, 0x19, 0x06, 0x19, 0x06, 0x19,
    0x06, 0x19, 0x06, 0x19, 0x06, 0x19, 0x06, 0x19, 0x06, 0x19, 0x06, 0x19, 0x06, 0x19, 0x06, 0x19,
    0x06, 0x19, 0x06, 0x19, 0x06, 0x19, 0x06, 0x19, 0x06, 0x19, 0x06, 0x19, 0x06, 0x19, 0x06, 0x19,
    0x06, 0x19, 0x06, 0x19, 0x06, 0x19, 0x06, 0x19, 0x06, 0x19, 0x06, 0x19, 0x06, 0x19, 0x06, 0x19,
    0x06, 0x19, 0x06, 0x19, 0x06, 0x19, 0x06, 0x19, 0x06, 0x19, 0x06, 0x19, 0x06, 0x19, 0x06, 0x19,
    0x06, 0x19, 0x06, 0x19, 0x06, 0x19, 0x06, 0x19, 0x06, 0x19, 0x06, 0x19, 0x06, 0x19, 0x06, 0x19,
    0x06, 0x19, 0x06, 0x19, 0x06, 0x19, 0x06, 0x19, 0x06, 0x19, 0x06, 0x19, 0x06, 0x19, 0x06, 0x19,
    0x06, 0x19, 0x06, 0x19, 0x06, 0x19, 0x06, 0x19, 0x06, 0x19, 0x06, 0x19, 0x06, 0x19, 0x06, 0x19,
    0x06, 0x19, 0x06, 0x19, 0x06, 0x19, 0x06, 0x19, 0x06, 0x19, 0x06, 0x19, 0x06, 0x19, 0x06, 0x19,
    0x06, 0x19, 0x06, 0x19, 0x06, 0x19, 0x06, 0x19, 0x06, 0x19, 0x06, 0x19, 0x06, 0x19, 0x06, 0x19,
    0x06, 0x19, 0x06, 0x19, 0x06, 0x19, 0x06, 0x19, 0x06, 0x19, 0x06, 0x19, 0x06, 0x19, 0x06, 0x19,
    0x06, 0x19, 0x06, 0x19, 0x06, 0x19, 0x06, 0x19, 0x06, 0x19, 0x06, 0x19, 0x06, 0x19, 0x06, 0x19,
    0x06, 0x19, 0x06, 0x19, 0x06, 0x19, 0x06, 0x19, 0x06, 0x19, 0x06, 0x19, 0x06, 0x19, 0x06, 0x19,
    0x06, 0x19, 0x06, 0x19, 0x06, 0x19, 0x06, 0x19, 0x06, 0x19, 0x06, 0x19, 0x06, 0x19, 0x06, 0x19,
    0x06, 0x19, 0x06, 0x19, 0x06, 0x19, 0x06, 0x19, 0x06, 0x19, 0x06, 0x19, 0x06, 0x19, 0x06, 0x19,
    0x06, 0x19, 0x06, 0x19, 0x06, 0x19, 0x06, 0x19, 0x06, 0x19, 0x06, 0x19, 0x06, 0x19, 0x06, 0x19,
    0x06, 0x19, 0x06, 0x19, 0x06, 0x19, 0x06, 0x19, 0x06, 0x19, 0x06, 0x19, 0x06, 0x19, 0x06, 0x19,
    0x06, 0x19, 0x06, 0x19, 0x06, 0x19, 0x06, 0x19, 0x06, 0x19, 0x06, 0x19, 0x06, 0x19, 0x06, 0x19,
    0x06, 0x19, 0x06, 0x19, 0x06, 0x19, 0x06, 0x19, 0x06, 0x19, 0x06, 0x19, 0x06, 0x19, 0x06, 0x19,
    0x06, 0x19, 0x06, 0x19, 0x06, 0x19, 0x06, 0x19, 0x26, 0x19, 0xA4, 0x10, 0x62, 0x08, 0x62, 0x08,
    0x62, 0x08, 0x62, 0x08, 0x62, 0x08, 0x62, 0x08, 0x62, 0x08, 0x62, 0x08, 0x62, 0x08, 0x62, 0x08,
    0x62, 0x08, 0x62, 0x08, 0x62, 0x08, 0x62, 0x08, 0x62, 0x08, 0x62, 0x08, 0x62, 0x08, 0x62, 0x08,
    0x62, 0x08, 0x62, 0x08, 0x62, 0x08, 0x62, 0x08, 0x62, 0x08, 0x62, 0x08, 0x62, 0x08, 0x62, 0x08,
    0x62, 0x08, 0x62, 0x08, 0x62, 0x08, 0x62, 0x08, 0x62, 0x08, 0x62, 0x08, 0x62, 0x08, 0x62, 0x08,
    0x62, 0x08, 0x62, 0x08, 0x62, 0x08, 0x62, 0x08, 0x62, 0x08, 0x62, 0x08, 0x62, 0x08, 0x62, 0x08,
    0x62, 0x08, 0x62, 0x08, 0x62, 0x08, 0xA3, 0x10, 0x06, 0x19, 0x06, 0x19, 0x06, 0x19, 0x06, 0x19,
    0x06, 0x19, 0x06, 0x19, 0x06, 0x19, 0x06, 0x19, 0x06, 0x19, 0x06, 0x19, 0x06, 0x19, 0x06, 0x19,
    0x06, 0x19, 0x06, 0x19, 0x06, 0x19, 0x06, 0x19, 0x06, 0x19, 0x06, 0x19, 0x06, 0x19, 0x06, 0x19,
    0x06, 0x19, 0x06, 0x19, 0x06, 0x19, 0x06, 0x19, 0x06, 0x19, 0x06, 0x19, 0x06, 0x19, 0x06, 0x19,
    0x06, 0x19, 0x06, 0x19, 0x06, 0x19, 0x06, 0x19, 0x06, 0x19, 0x06, 0x19, 0x06, 0x19, 0x06, 0x19,
    0x06, 0x19, 0x06, 0x19, 0x06, 0x19, 0x06, 0x19, 0x06, 0x19, 0x06, 0x19, 0x06, 0x19, 0x06, 0x19,
    0x06, 0x19, 0x06, 0x19, 0x06, 0x19, 0x06, 0x19, 0x06, 0x19, 0x06, 0x19, 0x06, 0x19, 0x06, 0x19,
    0x06, 0x19, 0x06, 0x19, 0x06, 0x19, 0x06, 0x19, 0x06, 0x19, 0x06, 0x19, 0x06, 0x19, 0x06, 0x19,
    0x06, 0x19, 0x06, 0x19, 0x06, 0x19, 0x06, 0x19, 0x06, 0x19, 0x06, 0x19, 0x06, 0x19, 0x06, 0x19,
    0x06, 0x19, 0x06, 0x19, 0x06, 0x19, 0x06, 0x19, 0x06, 0x19, 0x06, 0x19, 0x06, 0x19, 0x06, 0x19,
    0x06, 0x19, 0x06, 0x19, 0x06, 0x19, 0x06, 0x19, 0x06, 0x19, 0x06, 0x19, 0x06, 0x19, 0x06, 0x19,
    0x06, 0x19, 0x06, 0x19, 0x06, 0x19, 0x06, 0x19, 0x06, 0x19, 0x06, 0x19, 0x06, 0x19, 0x06, 0x19,
    0x06, 0x19, 0x06, 0x19, 0x06, 0x19, 0x06, 0x19, 0x06, 0x19, 0x06, 0x19, 0x06, 0x19, 0x06, 0x19,
    0x06, 0x19, 0x06, 0x19, 0x06, 0x19, 0x06, 0x19, 0x06, 0x19, 0x06, 0x19, 0x06, 0x19, 0x06, 0x19,
    0x06, 0x19, 0x06, 0x19, 0x06, 0x19, 0x06, 0x19, 0x06, 0x19, 0x06, 0x19, 0x06, 0x19, 0x06, 0x19,
    0x06, 0x19, 0x06, 0x19, 0x06, 0x19, 0x06, 0x19, 0x06, 0x19, 0x06, 0x19, 0x06, 0x19, 0x06, 0x19,
    0x06, 0x19, 0x06, 0x19, 0x06, 0x19, 0x06, 0x19, 0x06, 0x19, 0x06, 0x19, 0x06, 0x19, 0x06, 0x19,
    0x06, 0x19, 0x06, 0x19, 0x06, 0x19, 0x06, 0x19, 0x06, 0x19, 0x06, 0x19, 0x06, 0x19, 0x06, 0x19,
    0x06, 0x19, 0x06, 0x19, 0x06, 0x19, 0x06, 0x19, 0x06, 0x19, 0x06, 0x19, 0x06, 0x19, 0x06, 0x19,
    0x06, 0x19, 0x06, 0x19, 0x06, 0x19, 0x06, 0x19, 0x06, 0x19, 0x06, 0x19, 0x06, 0x19, 0x06, 0x19,
    0x06, 0x19, 0x06, 0x19, 0x06, 0x19, 0x06, 0x19, 0x06, 0x19, 0x06, 0x19, 0x06, 0x19, 0x06, 0x19,
    0x06, 0x19, 0x06, 0x19, 0x06, 0x19, 0x06, 0x19, 0x06, 0x19, 0x06, 0x19, 0x06, 0x19, 0x06, 0x19,
    0x06, 0x19, 0x06, 0x19, 0x06, 0x19, 0x06, 0x19, 0x06, 0x19, 0x06, 0x19, 0x06, 0x19, 0x06, 0x19,
    0x06, 0x19, 0x06, 0x19, 0x06, 0x19, 0x06, 0x19, 0x06, 0x19, 0x06, 0x19, 0x06, 0x19, 0x06, 0x19,
    0x06, 0x19, 0x06, 0x19, 0x06, 0x19, 0x06, 0x19, 0x06, 0x19, 0x06, 0x19, 0x06, 0x19, 0x06, 0x19,
    0x06, 0x19, 0x06, 0x19, 0x06, 0x19, 0x06, 0x19, 0x06, 0x19, 0x06, 0x19, 0x06, 0x19, 0x06, 0x19,
    0x06, 0x19, 0x06, 0x19, 0x06, 0x19, 0x06, 0x19, 0x06, 0x19, 0x06, 0x19, 0x06, 0x19, 0x06, 0x19,
    0x06, 0x19, 0x06, 0x19, 0x06, 0x19, 0x06, 0x19, 0x06, 0x19, 0x06, 0x19, 0x06, 0x19, 0x06, 0x19,
    0x06, 0x19, 0x06, 0x19, 0x06, 0x19, 0x06, 0x19, 0x06, 0x19, 0x06, 0x19, 0x06, 0x19, 0x06, 0x19,
    0x06, 0x19, 0x06, 0x19, 0x06, 0x19, 0x06, 0x19, 0x06, 0x19, 0x06, 0x19, 0x06, 0x19, 0x06, 0x19,
    0x06, 0x19, 0x06, 0x19, 0x06, 0x19, 0x06, 0x19, 0x06, 0x19, 0x06, 0x19, 0x06, 0x19, 0x06, 0x19,
    0x06, 0x19, 0x06, 0x19, 0x06, 0x19, 0x06, 0x19, 0x06, 0x19, 0x06, 0x19, 0x06, 0x19, 0x06, 0x19,
    0x06, 0x19, 0x06, 0x19, 0x06, 0x19, 0x06, 0x19, 0x06, 0x19, 0x06, 0x19, 0x06, 0x19, 0x06, 0x19,
    0x06, 0x19, 0x06, 0x19, 0x06, 0x19, 0x06, 0x19, 0x06, 0x19, 0x06, 0x19, 0x06, 0x19, 0x06, 0x19,
    0x06, 0x19, 0x06, 0x19, 0x06, 0x19, 0x06, 0x19, 0x06, 0x19, 0x06, 0x19, 0x06, 0x19, 0x06, 0x19,
    0x06, 0x19, 0x06, 0x19, 0x06, 0x19, 0x06, 0x19, 0x06, 0x19, 0x06, 0x19, 0x06, 0x19, 0x06, 0x19,
    0x06, 0x19, 0x06, 0x19, 0x06, 0x19, 0x06, 0x19, 0x06, 0x19, 0x06, 0x19, 0x06, 0x19, 0x26, 0x19,
    0xC4, 0x10, 0x62, 0x08, 0x62, 0x08, 0x62, 0x08, 0x62, 0x08, 0x62, 0x08, 0x62, 0x08, 0x62, 0x08,
    0x62, 0x08, 0x62, 0x08, 0x62, 0x08, 0x62, 0x08, 0x62, 0x08, 0x62, 0x08, 0x62, 0x08, 0x62, 0x08,
    0x62, 0x08, 0x62, 0x08, 0x62, 0x08, 0x62, 0x08, 0x62, 0x08, 0x62, 0x08, 0x62, 0x08, 0x62, 0x08,
    0x62, 0x08, 0x62, 0x08, 0x62, 0x08, 0x62, 0x08, 0x62, 0x08, 0x62, 0x08, 0x62, 0x08, 0x62, 0x08,
    0x62, 0x08, 0x62, 0x08, 0x62, 0x08, 0x62, 0x08, 0x62, 0x08, 0x62, 0x08, 0x62, 0x08, 0x62, 0x08,
    0x62, 0x08, 0x62, 0x08, 0x62, 0x08, 0x62, 0x08, 0x62, 0x08, 0x62, 0x08, 0x62, 0x08, 0x62, 0x08,
    0xA3, 0x10, 0x06, 0x19, 0x06, 0x19, 0x06, 0x19, 0x06, 0x19, 0x06, 0x19, 0x06, 0x19, 0x06, 0x19,
    0x06, 0x19, 0x06, 0x19, 0x06, 0x19, 0x06, 0x19, 0x06, 0x19, 0x06, 0x19, 0x06, 0x19, 0x06, 0x19,
    0x06, 0x19, 0x06, 0x19, 0x06, 0x19, 0x06, 0x19, 0x06, 0x19, 0x06, 0x19, 0x06, 0x19, 0x06, 0x19,
    0x06, 0x19, 0x06, 0x19, 0x06, 0x19, 0x06, 0x19, 0x06, 0x19, 0x06, 0x19, 0x06, 0x19, 0x06, 0x19,
    0x06, 0x19, 0x06, 0x19, 0x06, 0x19, 0x06, 0x19, 0x06, 0x19, 0x06, 0x19, 0x06, 0x19, 0x06, 0x19,
    0x06, 0x19, 0x06, 0x19, 0x06, 0x19, 0x06, 0x19, 0x06, 0x19, 0x06, 0x19, 0x06, 0x19, 0x06, 0x19,
    0x06, 0x19, 0x06, 0x19, 0x06, 0x19, 0x06, 0x19, 0x06, 0x19, 0x06, 0x19, 0x06, 0x19, 0x06, 0x19,
    0x06, 0x19, 0x06, 0x19, 0x06, 0x19, 0x06, 0x19, 0x06, 0x19, 0x06, 0x19, 0x06, 0x19, 0x06, 0x19,
    0x06, 0x19, 0x06, 0x19, 0x06, 0x19, 0x06, 0x19, 0x06, 0x19, 0x06, 0x19, 0x06, 0x19, 0x06, 0x19,
    0x06, 0x19, 0x06, 0x19, 0x06, 0x19, 0x06, 0x19, 0x06, 0x19, 0x06, 0x19, 0x06, 0x19, 0x06, 0x19,
    0x06, 0x19, 0x06, 0x19, 0x06, 0x19, 0x06, 0x19, 0x06, 0x19, 0x06, 0x19, 0x06, 0x19, 0x06, 0x19,
    0x06, 0x19, 0x06, 0x19, 0x06, 0x19, 0x06, 0x19, 0x06, 0x19, 0x06, 0x19, 0x06, 0x19, 0x06, 0x19,
    0x06, 0x19, 0x06, 0x19, 0x06, 0x19, 0x06, 0x19, 0x06, 0x19, 0x06, 0x19, 0x06, 0x19, 0x06, 0x19,
    0x06, 0x19, 0x06, 0x19, 0x06, 0x19, 0x06, 0x19, 0x06, 0x19, 0x06, 0x19, 0x06, 0x19, 0x06, 0x19,
    0x06, 0x19, 0x06, 0x19, 0x06, 0x19, 0x06, 0x19, 0x06, 0x19, 0x06, 0x19, 0x06, 0x19, 0x06, 0x19,
    0x06, 0x19, 0x06, 0x19, 0x06, 0x19, 0x06, 0x19, 0x06, 0x19, 0x06, 0x19, 0x06, 0x19, 0x06, 0x19,
    0x06, 0x19, 0x06, 0x19, 0x06, 0x19, 0x06, 0x19, 0x06, 0x19, 0x06, 0x19, 0x06, 0x19, 0x06, 0x19,
    0x06, 0x19, 0x06, 0x19, 0x06, 0x19, 0x06, 0x19, 0x06, 0x19, 0x06, 0x19, 0x06, 0x19, 0x06, 0x19,
    0x06, 0x19, 0x06, 0x19, 0x06, 0x19, 0x06, 0x19, 0x06, 0x19, 0x06, 0x19, 0x06, 0x19, 0x06, 0x19,
    0x06, 0x19, 0x06, 0x19, 0x06, 0x19, 0x06, 0x19, 0x06, 0x19, 0x06, 0x19, 0x06, 0x19, 0x06, 0x19,
    0x06, 0x19, 0x06, 0x19, 0x06, 0x19, 0x06, 0x19, 0x06, 0x19, 0x06, 0x19, 0x06, 0x19, 0x06, 0x19,
    0x06, 0x19, 0x06, 0x19, 0x06, 0x19, 0x06, 0x19, 0x06, 0x19, 0x06, 0x19, 0x06, 0x19, 0x06, 0x19,
    0x06, 0x19, 0x06, 0x19, 0x06, 0x19, 0x06, 0x19, 0x06, 0x19, 0x06, 0x19, 0x06, 0x19, 0x06, 0x19,
    0x06, 0x19, 0x06, 0x19, 0x06, 0x19, 0x06, 0x19, 0x06, 0x19, 0x06, 0x19, 0x06, 0x19, 0x06, 0x19,
    0x06, 0x19, 0x06, 0x19, 0x06, 0x19, 0x06, 0x19, 0x06, 0x19, 0x06, 0x19, 0x06, 0x19, 0x06, 0x19,
    0x06, 0x19, 0x06, 0x19, 0x06, 0x19, 0x06, 0x19, 0x06, 0x19, 0x06, 0x19, 0x06, 0x19, 0x06, 0x19,
    0x06, 0x19, 0x06, 0x19, 0x06, 0x19, 0x06, 0x19, 0x06, 0x19, 0x06, 0x19, 0x06, 0x19, 0x06, 0x19,
    0x06, 0x19, 0x06, 0x19, 0x06, 0x19, 0x06, 0x19, 0x06, 0x19, 0x06, 0x19, 0x06, 0x19, 0x06, 0x19,
    0x06, 0x19, 0x06, 0x19, 0x06, 0x19, 0x06, 0x19, 0x06, 0x19, 0x06, 0x19, 0x06, 0x19, 0x06, 0x19,
    0x06, 0x19, 0x06, 0x19, 0x06, 0x19, 0x06, 0x19, 0x06, 0x19, 0x06, 0x19, 0x06, 0x19, 0x06, 0x19,
    0x06, 0x19, 0x06, 0x19, 0x06, 0x19, 0x06, 0x19, 0x06, 0x19, 0x06, 0x19, 0x06, 0x19, 0x06, 0x19,
    0x06, 0x19, 0x06, 0x19, 0x06, 0x19, 0x06, 0x19, 0x06, 0x19, 0x06, 0x19, 0x06, 0x19, 0x06, 0x19,
    0x06, 0x19, 0x06, 0x19, 0x06, 0x19, 0x06, 0x19, 0x06, 0x19, 0x06, 0x19, 0x06, 0x19, 0x06, 0x19,
    0x06, 0x19, 0x06, 0x19, 0x06, 0x19, 0x06, 0x19, 0x06, 0x19, 0x06, 0x19, 0x06, 0x19, 0x06, 0x19,
    0x06, 0x19, 0x06, 0x19, 0x06, 0x19, 0x06, 0x19, 0x06, 0x19, 0x06, 0x19, 0x06, 0x19, 0x06, 0x19,
    0x06, 0x19, 0x06, 0x19, 0x06, 0x19, 0x06, 0x19, 0x06, 0x19, 0x06, 0x19, 0x06, 0x19, 0x06, 0x19,
    0x06, 0x19, 0x06, 0x19, 0x26, 0x19, 0xC4, 0x10, 0x62, 0x08, 0x62, 0x08, 0x62, 0x08, 0x62, 0x08,
    0x62, 0x08, 0x62, 0x08, 0x62, 0x08, 0x62, 0x08, 0x62, 0x08, 0x62, 0x08, 0x62, 0x08, 0x62, 0x08,
    0x62, 0x08, 0x62, 0x08, 0x62, 0x08, 0x62, 0x08, 0x62, 0x08, 0x62, 0x08, 0x62, 0x08, 0x62, 0x08,
    0x62, 0x08, 0x62, 0x08, 0x62, 0x08, 0x62, 0x08, 0x62, 0x08, 0x62, 0x08, 0x62, 0x08, 0x62, 0x08,
    0x62, 0x08, 0x62, 0x08, 0x62, 0x08, 0x62, 0x08, 0x62, 0x08, 0x62, 0x08, 0x62, 0x08, 0x62, 0x08,
    0x62, 0x08, 0x62, 0x08, 0x62, 0x08, 0x62, 0x08, 0x62, 0x08, 0x62, 0x08, 0x62, 0x08, 0x62, 0x08,
    0x62, 0x08, 0x62, 0x08, 0x62, 0x08, 0x62, 0x08, 0x62, 0x08, 0x83, 0x08, 0x05, 0x19, 0x06, 0x19,
    0x06, 0x19, 0x06, 0x19, 0x06, 0x19, 0x06, 0x19, 0x06, 0x19, 0x06, 0x19, 0x06, 0x19, 0x06, 0x19,
    0x06, 0x19, 0x06, 0x19, 0x06, 0x19, 0x06, 0x19, 0x06, 0x19, 0x06, 0x19, 0x06, 0x19, 0x06, 0x19,
    0x06, 0x19, 0x06, 0x19, 0x06, 0x19, 0x06, 0x19, 0x06, 0x19, 0x06, 0x19, 0x06, 0x19, 0x06, 0x19,
    0x06, 0x19, 0x06, 0x19, 0x06, 0x19, 0x06, 0x19, 0x06, 0x19, 0x06, 0x19, 0x06, 0x19, 0x06, 0x19,
    0x06, 0x19, 0x06, 0x19, 0x06, 0x19, 0x06, 0x19, 0x06, 0x19, 0x06, 0x19, 0x06, 0x19, 0x06, 0x19,
    0x06, 0x19, 0x06, 0x19, 0x06, 0x19, 0x06, 0x19, 0x06, 0x19, 0x06, 0x19, 0x06, 0x19, 0x06, 0x19,
    0x06, 0x19, 0x06, 0x19, 0x06, 0x19, 0x06, 0x19, 0x06, 0x19, 0x06, 0x19, 0x06, 0x19, 0x06, 0x19,
    0x06, 0x19, 0x06, 0x19, 0x06, 0x19, 0x06, 0x19, 0x06, 0x19, 0x06, 0x19, 0x06, 0x19, 0x06, 0x19,
    0x06, 0x19, 0x06, 0x19, 0x06, 0x19, 0x06, 0x19, 0x06, 0x19, 0x06, 0x19, 0x06, 0x19, 0x06, 0x19,
    0x06, 0x19, 0x06, 0x19, 0x06, 0x19, 0x06, 0x19, 0x06, 0x19, 0x06, 0x19, 0x06, 0x19, 0x06, 0x19,
    0x06, 0x19, 0x06, 0x19, 0x06, 0x19, 0x06, 0x19, 0x06, 0x19, 0x06, 0x19, 0x06, 0x19, 0x06, 0x19,
    0x06, 0x19, 0x06, 0x19, 0x06, 0x19, 0x06, 0x19, 0x06, 0x19, 0x06, 0x19, 0x06, 0x19, 0x06, 0x19,
    0x06, 0x19, 0x06, 0x19, 0x06, 0x19, 0x06, 0x19, 0x06, 0x19, 0x06, 0x19, 0x06, 0x19, 0x06, 0x19,
    0x06, 0x19, 0x06, 0x19, 0x06, 0x19, 0x06, 0x19, 0x06, 0x19, 0x06, 0x19, 0x06, 0x19, 0x06, 0x19,
    0x06, 0x19, 0x06, 0x19, 0x06, 0x19, 0x06, 0x19, 0x06, 0x19, 0x06, 0x19, 0x06, 0x19, 0x06, 0x19,
    0x06, 0x19, 0x06, 0x19, 0x06, 0x19, 0x06, 0x19, 0x06, 0x19, 0x06, 0x19, 0x06, 0x19, 0x06, 0x19,
    0x06, 0x19, 0x06, 0x19, 0x06, 0x19, 0x06, 0x19, 0x06, 0x19, 0x06, 0x19, 0x06, 0x19, 0x06, 0x19,
    0x06, 0x19, 0x06, 0x19, 0x06, 0x19, 0x06, 0x19, 0x06, 0x19, 0x06, 0x19, 0x06, 0x19, 0x06, 0x19,
    0x06, 0x19, 0x06, 0x19, 0x06, 0x19, 0x06, 0x19, 0x06, 0x19, 0x06, 0x19, 0x06, 0x19, 0x06, 0x19,
    0x06, 0x19, 0x06, 0x19, 0x06, 0x19, 0x06, 0x19, 0x06, 0x19, 0x06, 0x19, 0x06, 0x19, 0x06, 0x19,
    0x06, 0x19, 0x06, 0x19, 0x06, 0x19, 0x06, 0x19, 0x06, 0x19, 0x06, 0x19, 0x06, 0x19, 0x06, 0x19,
    0x06, 0x19, 0x06, 0x19, 0x06, 0x19, 0x06, 0x19, 0x06, 0x19, 0x06, 0x19, 0x06, 0x19, 0x06, 0x19,
    0x06, 0x19, 0x06, 0x19, 0x06, 0x19, 0x06, 0x19, 0x06, 0x19, 0x06, 0x19, 0x06, 0x19, 0x06, 0x19,
    0x06, 0x19, 0x06, 0x19, 0x06, 0x19, 0x06, 0x19, 0x06, 0x19, 0x06, 0x19, 0x06, 0x19, 0x06, 0x19,
    0x06, 0x19, 0x06, 0x19, 0x06, 0x19, 0x06, 0x19, 0x06, 0x19, 0x06, 0x19, 0x06, 0x19, 0x06, 0x19,
    0x06, 0x19, 0x06, 0x19, 0x06, 0x19, 0x06, 0x19, 0x06, 0x19, 0x06, 0x19, 0x06, 0x19, 0x06, 0x19,
    0x06, 0x19, 0x06, 0x19, 0x06, 0x19, 0x06, 0x19, 0x06, 0x19, 0x06, 0x19, 0x06, 0x19, 0x06, 0x19,
    0x06, 0x19, 0x06, 0x19, 0x06, 0x19, 0x06, 0x19, 0x06, 0x19, 0x06, 0x19, 0x06, 0x19, 0x06, 0x19,
    0x06, 0x19, 0x06, 0x19, 0x06, 0x19, 0x06, 0x19, 0x06, 0x19, 0x06, 0x19, 0x06, 0x19, 0x06, 0x19,
    0x06, 0x19, 0x06, 0x19, 0x06, 0x19, 0x06, 0x19, 0x06, 0x19, 0x06, 0x19, 0x06, 0x19, 0x06, 0x19,
    0x06, 0x19, 0x06, 0x19, 0x06, 0x19, 0x06, 0x19, 0x06, 0x19, 0x06, 0x19, 0x06, 0x19, 0x06, 0x19,
    0x06, 0x19, 0x06, 0x19, 0x06, 0x19, 0x06, 0x19, 0x06, 0x19, 0x06, 0x19, 0x06, 0x19, 0x06, 0x19,
    0x06, 0x19, 0x06, 0x19, 0x06, 0x19, 0x06, 0x19, 0x06, 0x19, 0x06, 0x19, 0x06, 0x19, 0x06, 0x19,
    0x06, 0x19, 0x06, 0x19, 0x06, 0x19, 0x06, 0x19, 0x06, 0x19, 0x06, 0x19, 0x06, 0x19, 0x06, 0x19,
    0x06, 0x19, 0x06, 0x19, 0x06, 0x19, 0x06, 0x19, 0x06, 0x19, 0x06, 0x19, 0x06, 0x19, 0x06, 0x19,
    0x06, 0x19, 0x06, 0x19, 0x06, 0x19, 0x06, 0x19, 0x06, 0x19, 0x06, 0x19, 0xA4, 0x10, 0x62, 0x08,
    0x62, 0x08, 0x62, 0x08, 0x62, 0x08, 0x62, 0x08, 0x62, 0x08, 0x62, 0x08, 0x62, 0x08, 0x62, 0x08,
    0x62, 0x08, 0x62, 0x08, 0x62, 0x08, 0x62, 0x08, 0x62, 0x08, 0x62, 0x08, 0x62, 0x08, 0x62, 0x08,
    0x62, 0x08, 0x62, 0x08, 0x62, 0x08, 0x62, 0x08, 0x62, 0x08, 0x62, 0x08, 0x62, 0x08, 0x62, 0x08,
    0x62, 0x08, 0x62, 0x08, 0x62, 0x08, 0x62, 0x08, 0x62, 0x08, 0x62, 0x08, 0x62, 0x08, 0x62, 0x08,
    0x62, 0x08, 0x62, 0x08, 0x62, 0x08, 0x62, 0x08, 0x62, 0x08, 0x62, 0x08, 0x62, 0x08, 0x62, 0x08,
    0x62, 0x08, 0x62, 0x08, 0x62, 0x08, 0x62, 0x08, 0x62, 0x08, 0x62, 0x08, 0x62, 0x08, 0x62, 0x08,
    0x62, 0x08, 0x62, 0x08, 0x62, 0x08, 0xC4, 0x10, 0x06, 0x19, 0x06, 0x19, 0x06, 0x19, 0x06, 0x19,
    0x06, 0x19, 0x06, 0x19, 0x06, 0x19, 0x06, 0x19, 0x06, 0x19, 0x06, 0x19, 0x06, 0x19, 0x06, 0x19,
    0x06, 0x19, 0x06, 0x19, 0x06, 0x19, 0x06, 0x19, 0x06, 0x19, 0x06, 0x19, 0x06, 0x19, 0x06, 0x19,
    0x06, 0x19, 0x06, 0x19, 0x06, 0x19, 0x06, 0x19, 0x06, 0x19, 0x06, 0x19, 0x06, 0x19, 0x06, 0x19,
    0x06, 0x19, 0x06, 0x19, 0x06, 0x19, 0x06, 0x19, 0x06, 0x19, 0x06, 0x19, 0x06, 0x19, 0x06, 0x19,
    0x06, 0x19, 0x06, 0x19, 0x06, 0x19, 0x06, 0x19, 0x06, 0x19, 0x06, 0x19, 0x06, 0x19, 0x06, 0x19,
    0x06, 0x19, 0x06, 0x19, 0x06, 0x19, 0x06, 0x19, 0x06, 0x19, 0x06, 0x19, 0x06, 0x19, 0x06, 0x19,
    0x06, 0x19, 0x06, 0x19, 0x06, 0x19, 0x06, 0x19, 0x06, 0x19, 0x06, 0x19, 0x06, 0x19, 0x06, 0x19,
    0x06, 0x19, 0x06, 0x19, 0x06, 0x19, 0x06, 0x19, 0x06, 0x19, 0x06, 0x19, 0x06, 0x19, 0x06, 0x19,
    0x06, 0x19, 0x06, 0x19, 0x06, 0x19, 0x06, 0x19, 0x06, 0x19, 0x06, 0x19, 0x06, 0x19, 0x06, 0x19,
    0x06, 0x19, 0x06, 0x19, 0x06, 0x19, 0x06, 0x19, 0x06, 0x19, 0x06, 0x19, 0x06, 0x19, 0x06, 0x19,
    0x06, 0x19, 0x06, 0x19, 0x06, 0x19, 0x06, 0x19, 0x06, 0x19, 0x06, 0x19, 0x06, 0x19, 0x06, 0x19,
    0x06, 0x19, 0x06, 0x19, 0x06, 0x19, 0x06, 0x19, 0x06, 0x19, 0x06, 0x19, 0x06, 0x19, 0x06, 0x19,
    0x06, 0x19, 0x06, 0x19, 0x06, 0x19, 0x06, 0x19, 0x06, 0x19, 0x06, 0x19, 0x06, 0x19, 0x06, 0x19,
    0x06, 0x19, 0x06, 0x19, 0x06, 0x19, 0x06, 0x19, 0x06, 0x19, 0x06, 0x19, 0x06, 0x19, 0x06, 0x19,
    0x06, 0x19, 0x06, 0x19, 0x06, 0x19, 0x06, 0x19, 0x06, 0x19, 0x06, 0x19, 0x06, 0x19, 0x06, 0x19,
    0x06, 0x19, 0x06, 0x19, 0x06, 0x19, 0x06, 0x19, 0x06, 0x19, 0x06, 0x19, 0x06, 0x19, 0x06, 0x19,
    0x06, 0x19, 0x06, 0x19, 0x06, 0x19, 0x06, 0x19, 0x06, 0x19, 0x06, 0x19, 0x06, 0x19, 0x06, 0x19,
    0x06, 0x19, 0x06, 0x19, 0x06, 0x19, 0x06, 0x19, 0x06, 0x19, 0x06, 0x19, 0x06, 0x19, 0x06, 0x19,
    0x06, 0x19, 0x06, 0x19, 0x06, 0x19, 0x06, 0x19, 0x06, 0x19, 0x06, 0x19, 0x06, 0x19, 0x06, 0x19,
    0x06, 0x19, 0x06, 0x19, 0x06, 0x19, 0x06, 0x19, 0x06, 0x19, 0x06, 0x19, 0x06, 0x19, 0x06, 0x19,
    0x06, 0x19, 0x06, 0x19, 0x06, 0x19, 0x06, 0x19, 0x06, 0x19, 0x06, 0x19, 0x06, 0x19, 0x06, 0x19,
    0x06, 0x19, 0x06, 0x19, 0x06, 0x19, 0x06, 0x19, 0x06, 0x19, 0x06, 0x19, 0x06, 0x19, 0x06, 0x19,
    0x06, 0x19, 0x06, 0x19, 0x06, 0x19, 0x06, 0x19, 0x06, 0x19, 0x06, 0x19, 0x06, 0x19, 0x06, 0x19,
    0x06, 0x19, 0x06, 0x19, 0x06, 0x19, 0x06, 0x19, 0x06, 0x19, 0x06, 0x19, 0x06, 0x19, 0x06, 0x19,
    0x06, 0x19, 0x06, 0x19, 0x06, 0x19, 0x06, 0x19, 0x06, 0x19, 0x06, 0x19, 0x06, 0x19, 0x06, 0x19,
    0x06, 0x19, 0x06, 0x19, 0x06, 0x19, 0x06, 0x19, 0x06, 0x19, 0x06, 0x19, 0x06, 0x19, 0x06, 0x19,
    0x06, 0x19, 0x06, 0x19, 0x06, 0x19, 0x06, 0x19, 0x06, 0x19, 0x06, 0x19, 0x06, 0x19, 0x06, 0x19,
    0x06, 0x19, 0x06, 0x19, 0x06, 0x19, 0x06, 0x19, 0x06, 0x19, 0x06, 0x19, 0x06, 0x19, 0x06, 0x19,
    0x06, 0x19, 0x06, 0x19, 0x06, 0x19, 0x06, 0x19, 0x06, 0x19, 0x06, 0x19, 0x06, 0x19, 0x06, 0x19,
    0x06, 0x19, 0x06, 0x19, 0x06, 0x19, 0x06, 0x19, 0x06, 0x19, 0x06, 0x19, 0x06, 0x19, 0x06, 0x19,
    0x06, 0x19, 0x06, 0x19, 0x06, 0x19, 0x06, 0x19, 0x06, 0x19, 0x06, 0x19, 0x06, 0x19, 0x06, 0x19,
    0x06, 0x19, 0x06, 0x19, 0x06, 0x19, 0x06, 0x19, 0x06, 0x19, 0x06, 0x19, 0x06, 0x19, 0x06, 0x19,
    0x06, 0x19, 0x06, 0x19, 0x06, 0x19, 0x06, 0x19, 0x06, 0x19, 0x06, 0x19, 0x06, 0x19, 0x06, 0x19,
    0x06, 0x19, 0x06, 0x19, 0x06, 0x19, 0x06, 0x19, 0x06, 0x19, 0x06, 0x19, 0x06, 0x19, 0x06, 0x19,
    0x06, 0x19, 0x06, 0x19, 0x06, 0x19, 0x06, 0x19, 0x06, 0x19, 0x06, 0x19, 0x26, 0x19, 0x06, 0x19,
    0xE5, 0x10, 0x83, 0x08, 0x62, 0x08, 0x62, 0x08, 0x62, 0x08, 0x62, 0x08, 0x62, 0x08, 0x62, 0x08,
    0x62, 0x08, 0x62, 0x08, 0x62, 0x08, 0x62, 0x08, 0x62, 0x08, 0x62, 0x08, 0x62, 0x08, 0x62, 0x08,
    0x62, 0x08, 0x62, 0x08, 0x62, 0x08, 0x62, 0x08, 0x62, 0x08, 0x62, 0x08, 0x62, 0x08, 0x62, 0x08,
    0x62, 0x08, 0x62, 0x08, 0x62, 0x08, 0x62, 0x08, 0x62, 0x08, 0x62, 0x08, 0x62, 0x08, 0x62, 0x08,
    0x62, 0x08, 0x62, 0x08, 0x62, 0x08, 0x62, 0x08, 0x62, 0x08, 0x62, 0x08, 0x62, 0x08, 0x62, 0x08,
    0x62, 0x08, 0x62, 0x08, 0x62, 0x08, 0x62, 0x08, 0x62, 0x08, 0x62, 0x08, 0x62, 0x08, 0x62, 0x08,
    0x62, 0x08, 0x62, 0x08, 0x62, 0x08, 0x62, 0x08, 0x62, 0x08, 0x62, 0x08, 0x62, 0x08, 0x62, 0x08,
    0x82, 0x08, 0xA4, 0x10, 0xE5, 0x10, 0x05, 0x19, 0x06, 0x19, 0x06, 0x19, 0x06, 0x19, 0x06, 0x19,
    0x06, 0x19, 0x06, 0x19, 0x06, 0x19, 0x06, 0x19, 0x06, 0x19, 0x06, 0x19, 0x06, 0x19, 0x06, 0x19,
    0x06, 0x19, 0x06, 0x19, 0x06, 0x19, 0x06, 0x19, 0x06, 0x19, 0x06, 0x19, 0x06, 0x19, 0x06, 0x19,
    0x06, 0x19, 0x06, 0x19, 0x06, 0x19, 0x06, 0x19, 0x06, 0x19, 0x06, 0x19, 0x06, 0x19, 0x06, 0x19,
    0x06, 0x19, 0x06, 0x19, 0x06, 0x19, 0x06, 0x19, 0x06, 0x19, 0x06, 0x19, 0x06, 0x19, 0x06, 0x19,
    0x06, 0x19, 0x06, 0x19, 0x06, 0x19, 0x06, 0x19, 0x06, 0x19, 0x06, 0x19, 0x06, 0x19, 0x06, 0x19,
    0x06, 0x19, 0x06, 0x19, 0x06, 0x19, 0x06, 0x19, 0x06, 0x19, 0x06, 0x19, 0x06, 0x19, 0x06, 0x19,
    0x06, 0x19, 0x06, 0x19, 0x06, 0x19, 0x06, 0x19, 0x06, 0x19, 0x06, 0x19, 0x06, 0x19, 0x06, 0x19,
    0x06, 0x19, 0x06, 0x19, 0x06, 0x19, 0x06, 0x19, 0x06, 0x19, 0x06, 0x19, 0x06, 0x19, 0x06, 0x19,
    0x06, 0x19, 0x06, 0x19, 0x06, 0x19, 0x06, 0x19, 0x06, 0x19, 0x06, 0x19, 0x06, 0x19, 0x06, 0x19,
    0x06, 0x19, 0x06, 0x19, 0x06, 0x19, 0x06, 0x19, 0x06, 0x19, 0x06, 0x19, 0x06, 0x19, 0x06, 0x19,
    0x06, 0x19, 0x06, 0x19, 0x06, 0x19, 0x06, 0x19, 0x06, 0x19, 0x06, 0x19, 0x06, 0x19, 0x06, 0x19,
    0x05, 0x19, 0x05, 0x19, 0x05, 0x19, 0x05, 0x19, 0x05, 0x19, 0x05, 0x19, 0x05, 0x19, 0x05, 0x19,
    0x05, 0x19, 0x05, 0x19, 0x05, 0x19, 0x05, 0x19, 0x05, 0x19, 0x05, 0x19, 0x05, 0x19, 0x05, 0x19,
    0x05, 0x19, 0x05, 0x19, 0x05, 0x19, 0x05, 0x19, 0x05, 0x19, 0x05, 0x19, 0x05, 0x19, 0x05, 0x19,
    0x05, 0x19, 0x05, 0x19, 0x05, 0x19, 0x05, 0x19, 0x05, 0x19, 0x05, 0x19, 0x05, 0x19, 0x05, 0x19,
    0x05, 0x19, 0x05, 0x19, 0x05, 0x19, 0x05, 0x19, 0x05, 0x19, 0x05, 0x19, 0x05, 0x19, 0x05, 0x19,
    0x05, 0x19, 0x05, 0x19, 0x05, 0x19, 0x05, 0x19, 0x05, 0x19, 0x05, 0x19, 0x05, 0x19, 0x05, 0x19,
    0x05, 0x19, 0x05, 0x19, 0x05, 0x19, 0x05, 0x19, 0x05, 0x19, 0x05, 0x19, 0x05, 0x19, 0x05, 0x19,
    0x05, 0x19, 0x05, 0x19, 0x05, 0x19, 0x05, 0x19, 0x05, 0x19, 0x05, 0x19, 0x05, 0x19, 0x05, 0x19,
    0x05, 0x19, 0x05, 0x19, 0x05, 0x19, 0x05, 0x19, 0x05, 0x19, 0x05, 0x19, 0x05, 0x19, 0x05, 0x19,
    0x05, 0x19, 0x05, 0x19, 0x05, 0x19, 0x05, 0x19, 0x05, 0x19, 0x05, 0x19, 0x05, 0x19, 0x05, 0x19,
    0x05, 0x19, 0x05, 0x19, 0x05, 0x19, 0x05, 0x19, 0x05, 0x19, 0x05, 0x19, 0x05, 0x19, 0x05, 0x19,
    0x05, 0x19, 0x05, 0x19, 0x05, 0x19, 0x06, 0x19, 0x06, 0x19, 0x06, 0x19, 0x06, 0x19, 0x06, 0x19,
    0x06, 0x19, 0x06, 0x19, 0x06, 0x19, 0x06, 0x19, 0x06, 0x19, 0x06, 0x19, 0x06, 0x19, 0x06, 0x19,
    0x06, 0x19, 0x06, 0x19, 0x06, 0x19, 0x06, 0x19, 0x06, 0x19, 0x06, 0x19, 0x06, 0x19, 0x06, 0x19,
    0x06, 0x19, 0x06, 0x19, 0x06, 0x19, 0x06, 0x19, 0x06, 0x19, 0x06, 0x19, 0x06, 0x19, 0x06, 0x19,
    0x06, 0x19, 0x06, 0x19, 0x06, 0x19, 0x06, 0x19, 0x06, 0x19, 0x06, 0x19, 0x06, 0x19, 0x06, 0x19,
    0x06, 0x19, 0x06, 0x19, 0x06, 0x19, 0x06, 0x19, 0x06, 0x19, 0x06, 0x19, 0x06, 0x19, 0x06, 0x19,
    0x06, 0x19, 0x06, 0x19, 0x06, 0x19, 0x06, 0x19, 0x06, 0x19, 0x06, 0x19, 0x06, 0x19, 0x06, 0x19,
    0x06, 0x19, 0x06, 0x19, 0x06, 0x19, 0x06, 0x19, 0x06, 0x19, 0x06, 0x19, 0x06, 0x19, 0x06, 0x19,
    0x06, 0x19, 0x06, 0x19, 0x06, 0x19, 0x06, 0x19, 0x06, 0x19, 0x06, 0x19, 0x06, 0x19, 0x06, 0x19,
    0x06, 0x19, 0x06, 0x19, 0x06, 0x19, 0x06, 0x19, 0x06, 0x19, 0x06, 0x19, 0x06, 0x19, 0x06, 0x19,
    0x06, 0x19, 0x06, 0x19, 0x06, 0x19, 0x06, 0x19, 0x06, 0x19, 0x06, 0x19, 0x06, 0x19, 0x06, 0x19,
    0x06, 0x19, 0x06, 0x19, 0x06, 0x19, 0x06, 0x19, 0x06, 0x19, 0x06, 0x19, 0x06, 0x19, 0x06, 0x19,
    0x05, 0x19, 0xE5, 0x10, 0xC4, 0x10, 0x83, 0x08, 0x62, 0x08, 0x62, 0x08, 0x62, 0x08, 0x62, 0x08,
    0x62, 0x08, 0x62, 0x08, 0x62, 0x08, 0x62, 0x08, 0x62, 0x08, 0x62, 0x08, 0x62, 0x08, 0x62, 0x08,
    0x62, 0x08, 0x62, 0x08, 0x62, 0x08, 0x62, 0x08, 0x62, 0x08, 0x62, 0x08, 0x62, 0x08, 0x62, 0x08,
    0x62, 0x08, 0x62, 0x08, 0x62, 0x08, 0x62, 0x08, 0x62, 0x08, 0x62, 0x08, 0x62, 0x08, 0x62, 0x08,
    0x62, 0x08, 0x62, 0x08, 0x62, 0x08, 0x62, 0x08, 0x62, 0x08, 0x62, 0x08, 0x62, 0x08, 0x62, 0x08,
    0x62, 0x08, 0x62, 0x08, 0x62, 0x08, 0x62, 0x08, 0x62, 0x08, 0x62, 0x08, 0x62, 0x08, 0x62, 0x08,
    0x62, 0x08, 0x62, 0x08, 0x62, 0x08, 0x62, 0x08, 0x62, 0x08, 0x62, 0x08, 0x62, 0x08, 0x62, 0x08,
    0x62, 0x08, 0x62, 0x08, 0x62, 0x08, 0x62, 0x08, 0x62, 0x08, 0x62, 0x08, 0x62, 0x08, 0x62, 0x08,
    0x83, 0x08, 0x83, 0x08, 0x83, 0x08, 0x83, 0x08, 0x83, 0x08, 0xA3, 0x08, 0xA3, 0x08, 0xA3, 0x08,
    0xA3, 0x08, 0xA3, 0x08, 0xA3, 0x08, 0xA3, 0x08, 0xA3, 0x08, 0xA3, 0x08, 0xA3, 0x08, 0xA3, 0x08,
    0xA3, 0x08, 0xA3, 0x08, 0xA3, 0x08, 0xA3, 0x08, 0xA3, 0x08, 0xA3, 0x08, 0xA3, 0x08, 0xA3, 0x08,
    0xA3, 0x08, 0xA3, 0x08, 0xA3, 0x08, 0xA3, 0x08, 0xA3, 0x08, 0xA4, 0x08, 0xC4, 0x08, 0xC4, 0x08,
    0xC4, 0x08, 0xC4, 0x08, 0xC4, 0x08, 0xC4, 0x08, 0xC4, 0x08, 0xC4, 0x08, 0xC4, 0x08, 0xC4, 0x08,
    0xC4, 0x08, 0xC4, 0x08, 0xC4, 0x08, 0xC4, 0x08, 0xC4, 0x10, 0xC4, 0x10, 0xC4, 0x10, 0xE4, 0x10,
    0xE4, 0x10, 0xE4, 0x10, 0xE4, 0x10, 0xE4, 0x10, 0xE4, 0x10, 0xE4, 0x10, 0xE4, 0x10, 0xE4, 0x10,
    0xE5, 0x10, 0xE5, 0x10, 0x05, 0x11, 0x05, 0x11, 0x05, 0x11, 0x05, 0x11, 0x05, 0x11, 0x05, 0x11,
    0x05, 0x11, 0x05, 0x11, 0x05, 0x11, 0x05, 0x11, 0x05, 0x11, 0x25, 0x11, 0x25, 0x11, 0x25, 0x11,
    0x25, 0x11, 0x25, 0x11, 0x25, 0x11, 0x25, 0x11, 0x26, 0x11, 0x26, 0x11, 0x46, 0x11, 0x46, 0x11,
    0x46, 0x11, 0x46, 0x11, 0x46, 0x11, 0x46, 0x11, 0x46, 0x11, 0x46, 0x11, 0x66, 0x11, 0x66, 0x11,
    0x66, 0x11, 0x66, 0x11, 0x66, 0x11, 0x66, 0x11, 0x67, 0x11, 0x67, 0x11, 0x87, 0x11, 0x87, 0x11,
    0x87, 0x11, 0x87, 0x11, 0x87, 0x11, 0x87, 0x11, 0x87, 0x11, 0xA7, 0x11, 0xA7, 0x11, 0xA7, 0x11,
    0xA7, 0x11, 0xA8, 0x11, 0xA8, 0x11, 0xA8, 0x11, 0xA8, 0x11, 0xC8, 0x11, 0xC8, 0x11, 0xC8, 0x11,
    0xC8, 0x11, 0xC8, 0x11, 0xC8, 0x11, 0xC8, 0x11, 0xE8, 0x11, 0xE8, 0x11, 0xE8, 0x11, 0xE9, 0x11,
    0xE9, 0x11, 0xE9, 0x11, 0xE9, 0x11, 0x09, 0x12, 0x09, 0x12, 0x09, 0x12, 0x09, 0x12, 0x09, 0x12,
    0x09, 0x12, 0x09, 0x12, 0x09, 0x12, 0x09, 0x12, 0x09, 0x12, 0x09, 0x12, 0x09, 0x12, 0x29, 0x12,
    0x29, 0x12, 0x29, 0x12, 0x29, 0x12, 0x29, 0x12, 0x29, 0x12, 0x09, 0x12, 0x09, 0x12, 0x09, 0x12,
    0x09, 0x12, 0x09, 0x12, 0x09, 0x12, 0x09, 0x12, 0x09, 0x12, 0x09, 0x12, 0x09, 0x12, 0x09, 0x12,
    0x09, 0x12, 0xE9, 0x11, 0xE9, 0x11, 0xE9, 0x11, 0xE9, 0x11, 0xE8, 0x11, 0xE8, 0x11, 0xE8, 0x11,
    0xC8, 0x11, 0xC8, 0x11, 0xC8, 0x11, 0xC8, 0x11, 0xC8, 0x11, 0xC8, 0x11, 0xC8, 0x11, 0xC8, 0x11,
    0xA8, 0x11, 0xA8, 0x11, 0xA8, 0x11, 0xA7, 0x11, 0xA7, 0x11, 0xA7, 0x11, 0xA7, 0x11, 0x87, 0x11,
    0x87, 0x11, 0x87, 0x11, 0x87, 0x11, 0x87, 0x11, 0x87, 0x11, 0x87, 0x11, 0x67, 0x11, 0x67, 0x11,
    0x66, 0x11, 0x66, 0x11, 0x66, 0x11, 0x66, 0x11, 0x66, 0x11, 0x66, 0x11, 0x46, 0x11, 0x46, 0x11,
    0x46, 0x11, 0x46, 0x11, 0x46, 0x11, 0x46, 0x11, 0x46, 0x11, 0x46, 0x11, 0x26, 0x11, 0x26, 0x11,
    0x25, 0x11, 0x25, 0x11, 0x25, 0x11, 0x25, 0x11, 0x25, 0x11, 0x25, 0x11, 0x25, 0x11, 0x05, 0x11,
    0x05, 0x11, 0x05, 0x11, 0x05, 0x11, 0x05, 0x11, 0x05, 0x11, 0x05, 0x11, 0x05, 0x11, 0x05, 0x11,
    0x05, 0x11, 0x05, 0x11, 0xE5, 0x10, 0xE5, 0x10, 0xE4, 0x10, 0xE4, 0x10, 0xE4, 0x10, 0xE4, 0x10,
    0xE4, 0x10, 0xE4, 0x10, 0xE4, 0x10, 0xE4, 0x10, 0xE4, 0x10, 0xC4, 0x10, 0xC4, 0x10, 0xC4, 0x10,
    0xC4, 0x08, 0xC4, 0x08, 0xC4, 0x08, 0xC4, 0x08, 0xC4, 0x08, 0xC4, 0x08, 0xC4, 0x08, 0xC4, 0x08,
    0xC4, 0x08, 0xC4, 0x08, 0xC4, 0x08, 0xC4, 0x08, 0xC4, 0x08, 0xC4, 0x08, 0xA4, 0x08, 0xA3, 0x08,
    0xA3, 0x08, 0xA3, 0x08, 0xA3, 0x08, 0xA3, 0x08, 0xA3, 0x08, 0xA3, 0x08, 0xA3, 0x08, 0xA3, 0x08,
    0xA3, 0x08, 0xA3, 0x08, 0xA3, 0x08, 0xA3, 0x08, 0xA3, 0x08, 0xA3, 0x08, 0xA3, 0x08, 0xA3, 0x08,
    0xA3, 0x08, 0xA3, 0x08, 0xA3, 0x08, 0xA3, 0x08, 0xA3, 0x08, 0xA3, 0x08, 0xA3, 0x08, 0x83, 0x08,
    0x83, 0x08, 0x83, 0x08, 0x83, 0x08, 0x83, 0x08, 0x82, 0x08, 0x62, 0x08, 0x62, 0x08, 0x62, 0x08,
    0x62, 0x08, 0x62, 0x08, 0x62, 0x08, 0x62, 0x08, 0x62, 0x08, 0x62, 0x08, 0x62, 0x08, 0x62, 0x08,
    0x62, 0x08, 0x62, 0x08, 0x62, 0x08, 0x62, 0x08, 0x62, 0x08, 0x62, 0x08, 0x62, 0x08, 0x62, 0x08,
    0x62, 0x08, 0x62, 0x08, 0x62, 0x08, 0x62, 0x08, 0x62, 0x08, 0x62, 0x08, 0x62, 0x08, 0x62, 0x08,
    0x62, 0x08, 0x62, 0x08, 0x62, 0x08, 0x62, 0x08, 0x62, 0x08, 0x62, 0x08, 0x62, 0x08, 0x62, 0x08,
    0x62, 0x08, 0x62, 0x08, 0x62, 0x08, 0x62, 0x08, 0x62, 0x08, 0x62, 0x08, 0x62, 0x08, 0x62, 0x08,
    0x62, 0x08, 0x62, 0x08, 0x62, 0x08, 0x62, 0x08, 0x62, 0x08, 0x62, 0x08, 0x62, 0x08, 0x62, 0x08,
    0x62, 0x08, 0x62, 0x08, 0x62, 0x08, 0x62, 0x08, 0x62, 0x08, 0x62, 0x08, 0x62, 0x08, 0x62, 0x08,
    0x62, 0x08, 0x62, 0x08, 0x62, 0x08, 0x62, 0x08, 0x62, 0x08, 0x62, 0x08, 0x62, 0x08, 0x62, 0x08,
    0x62, 0x08, 0x62, 0x08, 0x62, 0x08, 0x62, 0x08, 0x62, 0x08, 0x62, 0x08, 0x62, 0x08, 0x62, 0x08,
    0x62, 0x08, 0x62, 0x08, 0x62, 0x08, 0x62, 0x08, 0x62, 0x08, 0x62, 0x08, 0x82, 0x08, 0x82, 0x08,
    0x82, 0x08, 0x82, 0x08, 0x82, 0x08, 0x82, 0x08, 0x82, 0x08, 0x83, 0x08, 0x83, 0x08, 0x83, 0x08,
    0x83, 0x08, 0x83, 0x08, 0x83, 0x08, 0x83, 0x08, 0x83, 0x08, 0xA3, 0x08, 0xA3, 0x08, 0xA3, 0x08,
    0xA3, 0x08, 0xA3, 0x08, 0xA3, 0x08, 0xA3, 0x08, 0xA3, 0x08, 0xA3, 0x08, 0xA3, 0x08, 0xA3, 0x08,
    0xA3, 0x08, 0xC3, 0x08, 0xC3, 0x08, 0xC3, 0x08, 0xC4, 0x08, 0xC4, 0x08, 0xC4, 0x08, 0xC4, 0x08,
    0xE4, 0x08, 0xE4, 0x08, 0xE4, 0x08, 0xE4, 0x08, 0xE4, 0x08, 0xE4, 0x08, 0xE4, 0x08, 0xE4, 0x08,
    0x04, 0x09, 0x04, 0x09, 0x04, 0x09, 0x05, 0x09, 0x05, 0x09, 0x05, 0x09, 0x05, 0x09, 0x05, 0x09,
    0x25, 0x09, 0x25, 0x09, 0x25, 0x09, 0x25, 0x09, 0x25, 0x09, 0x25, 0x09, 0x25, 0x09, 0x45, 0x09,
    0x46, 0x09, 0x46, 0x09, 0x46, 0x09, 0x46, 0x09, 0x46, 0x09, 0x66, 0x09, 0x66, 0x09, 0x66, 0x09,
    0x66, 0x09, 0x66, 0x09, 0x86, 0x09, 0x86, 0x09, 0x87, 0x09, 0x87, 0x09, 0x87, 0x09, 0x87, 0x09,
    0xA7, 0x09, 0xA7, 0x09, 0xA7, 0x11, 0xA7, 0x11, 0xA7, 0x11, 0xA7, 0x11, 0xC8, 0x11, 0xC8, 0x11,
    0xC8, 0x11, 0xC8, 0x11, 0xC8, 0x11, 0xE8, 0x11, 0xE8, 0x11, 0xE8, 0x11, 0xE8, 0x11, 0xE8, 0x11,
    0x09, 0x12, 0x09, 0x12, 0x09, 0x12, 0x09, 0x12, 0x09, 0x12, 0x29, 0x12, 0x29, 0x12, 0x29, 0x12,
    0x29, 0x12, 0x2A, 0x12, 0x4A, 0x12, 0x4A, 0x12, 0x4A, 0x12, 0x4A, 0x12, 0x4A, 0x12, 0x4A, 0x12,
    0x6A, 0x12, 0x6A, 0x12, 0x6A, 0x12, 0x6A, 0x12, 0x6A, 0x12, 0x6B, 0x12, 0x6B, 0x12, 0x8B, 0x12,
    0x8B, 0x12, 0x8B, 0x12, 0x8B, 0x12, 0x8B, 0x12, 0x8B, 0x12, 0x8B, 0x12, 0x8B, 0x12, 0x8B, 0x12,
    0x8B, 0x12, 0x8B, 0x12, 0x8B, 0x12, 0x8B, 0x12, 0x8B, 0x12, 0x6B, 0x12, 0x6B, 0x12, 0x6A, 0x12,
    0x6A, 0x12, 0x6A, 0x12, 0x6A, 0x12, 0x6A, 0x12, 0x4A, 0x12, 0x4A, 0x12, 0x4A, 0x12, 0x4A, 0x12,
    0x4A, 0x12, 0x4A, 0x12, 0x2A, 0x12, 0x29, 0x12, 0x29, 0x12, 0x29, 0x12, 0x29, 0x12, 0x09, 0x12,
    0x09, 0x12, 0x09, 0x12, 0x09, 0x12, 0x09, 0x12, 0xE8, 0x11, 0xE8, 0x11, 0xE8, 0x11, 0xE8, 0x11,
    0xE8, 0x11, 0xC8, 0x11, 0xC8, 0x11, 0xC8, 0x11, 0xC8, 0x11, 0xC8, 0x11, 0xC7, 0x11, 0xA7, 0x11,
    0xA7, 0x11, 0xA7, 0x11, 0xA7, 0x11, 0xA7, 0x09, 0x87, 0x09, 0x87, 0x09, 0x87, 0x09, 0x87, 0x09,
    0x86, 0x09, 0x86, 0x09, 0x66, 0x09, 0x66, 0x09, 0x66, 0x09, 0x66, 0x09, 0x66, 0x09, 0x46, 0x09,
    0x46, 0x09, 0x46, 0x09, 0x46, 0x09, 0x46, 0x09, 0x45, 0x09, 0x25, 0x09, 0x25, 0x09, 0x25, 0x09,
    0x25, 0x09, 0x25, 0x09, 0x25, 0x09, 0x25, 0x09, 0x05, 0x09, 0x05, 0x09, 0x05, 0x09, 0x05, 0x09,
    0x05, 0x09, 0x04, 0x09, 0x04, 0x09, 0x04, 0x09, 0xE4, 0x08, 0xE4, 0x08, 0xE4, 0x08, 0xE4, 0x08,
    0xE4, 0x08, 0xE4, 0x08, 0xE4, 0x08, 0xE4, 0x08, 0xC4, 0x08, 0xC4, 0x08, 0xC4, 0x08, 0xC4, 0x08,
    0xC3, 0x08, 0xC3, 0x08, 0xC3, 0x08, 0xC3, 0x08, 0xA3, 0x08, 0xA3, 0x08, 0xA3, 0x08, 0xA3, 0x08,
    0xA3, 0x08, 0xA3, 0x08, 0xA3, 0x08, 0xA3, 0x08, 0xA3, 0x08, 0xA3, 0x08, 0xA3, 0x08, 0x83, 0x08,
    0x83, 0x08, 0x83, 0x08, 0x83, 0x08, 0x83, 0x08, 0x83, 0x08, 0x83, 0x08, 0x83, 0x08, 0x82, 0x08,
    0x82, 0x08, 0x82, 0x08, 0x82, 0x08, 0x82, 0x08, 0x82, 0x08, 0x82, 0x08, 0x62, 0x08, 0x62, 0x08,
    0x62, 0x08, 0x62, 0x08, 0x62, 0x08, 0x62, 0x08, 0x62, 0x08, 0x62, 0x08, 0x62, 0x08, 0x62, 0x08,
    0x62, 0x08, 0x62, 0x08, 0x62, 0x08, 0x62, 0x08, 0x62, 0x08, 0x62, 0x08, 0x62, 0x08, 0x62, 0x08,
    0x62, 0x08, 0x62, 0x08, 0x62, 0x08, 0x62, 0x08, 0x62, 0x08, 0x62, 0x08, 0x62, 0x08, 0x62, 0x08,
    0x62, 0x08, 0x62, 0x08, 0x62, 0x08, 0x62, 0x08, 0x62, 0x08, 0x62, 0x08, 0x62, 0x08, 0x62, 0x08,
    0x62, 0x08, 0x62, 0x08, 0x62, 0x08, 0x62, 0x08, 0x62, 0x08, 0x62, 0x08, 0x62, 0x08, 0x62, 0x08,
    0x62, 0x08, 0x62, 0x08, 0x62, 0x08, 0x62, 0x08, 0x62, 0x08, 0x62, 0x08, 0x62, 0x08, 0x62, 0x08,
    0x62, 0x08, 0x62, 0x08, 0x62, 0x08, 0x62, 0x08, 0x62, 0x08, 0x62, 0x08, 0x62, 0x08, 0x62, 0x08,
    0x62, 0x08, 0x62, 0x08, 0x62, 0x08, 0x62, 0x08, 0x62, 0x08, 0x62, 0x08, 0x62, 0x08, 0x62, 0x08,
    0x62, 0x08, 0x62, 0x08, 0x62, 0x08, 0x62, 0x08, 0x62, 0x08, 0x62, 0x08, 0x62, 0x08, 0x62, 0x08,
    0x62, 0x08, 0x62, 0x08, 0x62, 0x08, 0x62, 0x08, 0x62, 0x08, 0x62, 0x08, 0x62, 0x08, 0x62, 0x08,
    0x62, 0x08, 0x62, 0x08, 0x62, 0x08, 0x62, 0x08, 0x62, 0x08, 0x62, 0x08, 0x62, 0x08, 0x62, 0x08,
    0x62, 0x08, 0x62, 0x08, 0x62, 0x08, 0x62, 0x08, 0x62, 0x08, 0x82, 0x08, 0x82, 0x08, 0x82, 0x08,
    0x82, 0x08, 0x82, 0x08, 0x82, 0x08, 0x82, 0x08, 0x82, 0x08, 0x82, 0x08, 0x83, 0x08, 0x83, 0x08,
    0x83, 0x08, 0x83, 0x08, 0x83, 0x08, 0x83, 0x08, 0x83, 0x08, 0x83, 0x08, 0xA3, 0x08, 0xA3, 0x08,
    0xA3, 0x08, 0xA3, 0x08, 0xA3, 0x08, 0xA3, 0x08, 0xA3, 0x08, 0xA3, 0x08, 0xA3, 0x08, 0xA3, 0x08,
    0xA3, 0x08, 0xA3, 0x08, 0xC3, 0x08, 0xC3, 0x08, 0xC3, 0x08, 0xC3, 0x08, 0xC4, 0x08, 0xC4, 0x08,
    0xC4, 0x08, 0xC4, 0x08, 0xC4, 0x08, 0xC4, 0x08, 0xE4, 0x08, 0xE4, 0x08, 0xE4, 0x08, 0xE4, 0x08,
    0xE4, 0x08, 0xE4, 0x08, 0xE4, 0x08, 0xE4, 0x08, 0x04, 0x09, 0x04, 0x09, 0x04, 0x09, 0x05, 0x09,
    0x05, 0x09, 0x05, 0x09, 0x05, 0x09, 0x05, 0x09, 0x25, 0x09, 0x25, 0x09, 0x25, 0x09, 0x25, 0x09,
    0x25, 0x09, 0x25, 0x09, 0x25, 0x09, 0x45, 0x09, 0x46, 0x09, 0x46, 0x09, 0x46, 0x09, 0x46, 0x09,
    0x46, 0x09, 0x46, 0x09, 0x66, 0x09, 0x66, 0x09, 0x66, 0x09, 0x66, 0x09, 0x66, 0x11, 0x66, 0x11,
    0x87, 0x11, 0x87, 0x11, 0x87, 0x11, 0x87, 0x11, 0x87, 0x11, 0x87, 0x11, 0xA7, 0x11, 0xA7, 0x11,
    0xA7, 0x11, 0xA7, 0x11, 0xA7, 0x11, 0xA7, 0x11, 0xC8, 0x11, 0xC8, 0x11, 0xC8, 0x11, 0xC8, 0x11,
    0xC8, 0x11, 0xE8, 0x11, 0xE8, 0x11, 0xE8, 0x11, 0xE8, 0x11, 0xE8, 0x11, 0xE9, 0x11, 0x09, 0x12,
    0x09, 0x12, 0x09, 0x12, 0x09, 0x12, 0x09, 0x12, 0x09, 0x12, 0x29, 0x12, 0x29, 0x12, 0x29, 0x12,
    0x29, 0x12, 0x2A, 0x12, 0x2A, 0x12, 0x4A, 0x12, 0x4A, 0x12, 0x4A, 0x12, 0x4A, 0x12, 0x4A, 0x12,
    0x4A, 0x12, 0x4A, 0x12, 0x4A, 0x12, 0x6A, 0x12, 0x6A, 0x12, 0x6A, 0x12, 0x6A, 0x12, 0x6A, 0x12,
    0x6A, 0x12, 0x6A, 0x12, 0x6A, 0x12, 0x6A, 0x12, 0x6A, 0x12, 0x6A, 0x12, 0x6A, 0x12, 0x6A, 0x12,
    0x6A, 0x12, 0x6A, 0x12, 0x4A, 0x12, 0x4A, 0x12, 0x4A, 0x12, 0x4A, 0x12, 0x4A, 0x12, 0x4A, 0x12,
    0x4A, 0x12, 0x4A, 0x12, 0x2A, 0x12, 0x29, 0x12, 0x29, 0x12, 0x29, 0x12, 0x29, 0x12, 0x29, 0x12,
    0x09, 0x12, 0x09, 0x12, 0x09, 0x12, 0x09, 0x12, 0x09, 0x12, 0xE9, 0x11, 0xE8, 0x11, 0xE8, 0x11,
    0xE8, 0x11, 0xE8, 0x11, 0xE8, 0x11, 0xC8, 0x11, 0xC8, 0x11, 0xC8, 0x11, 0xC8, 0x11, 0xC8, 0x11,
    0xA8, 0x11, 0xA7, 0x11, 0xA7, 0x11, 0xA7, 0x11, 0xA7, 0x11, 0xA7, 0x11, 0x87, 0x11, 0x87, 0x11,
    0x87, 0x11, 0x87, 0x11, 0x87, 0x11, 0x87, 0x11, 0x66, 0x11, 0x66, 0x11, 0x66, 0x09, 0x66, 0x09,
    0x66, 0x09, 0x66, 0x09, 0x46, 0x09, 0x46, 0x09, 0x46, 0x09, 0x46, 0x09, 0x46, 0x09, 0x46, 0x09,
    0x45, 0x09, 0x25, 0x09, 0x25, 0x09, 0x25, 0x09, 0x25, 0x09, 0x25, 0x09, 0x25, 0x09, 0x25, 0x09,
    0x05, 0x09, 0x05, 0x09, 0x05, 0x09, 0x05, 0x09, 0x05, 0x09, 0x04, 0x09, 0x04, 0x09, 0x04, 0x09,
    0xE4, 0x08, 0xE4, 0x08, 0xE4, 0x08, 0xE4, 0x08, 0xE4, 0x08, 0xE4, 0x08, 0xE4, 0x08, 0xE4, 0x08,
    0xC4, 0x08, 0xC4, 0x08, 0xC4, 0x08, 0xC4, 0x08, 0xC4, 0x08, 0xC4, 0x08, 0xC3, 0x08, 0xC3, 0x08,
    0xC3, 0x08, 0xC3, 0x08, 0xA3, 0x08, 0xA3, 0x08, 0xA3, 0x08, 0xA3, 0x08, 0xA3, 0x08, 0xA3, 0x08,
    0xA3, 0x08, 0xA3, 0x08, 0xA3, 0x08, 0xA3, 0x08, 0xA3, 0x08, 0xA3, 0x08, 0x83, 0x08, 0x83, 0x08,
    0x83, 0x08, 0x83, 0x08, 0x83, 0x08, 0x83, 0x08, 0x83, 0x08, 0x83, 0x08, 0x83, 0x08, 0x82, 0x08,
    0x82, 0x08, 0x82, 0x08, 0x82, 0x08, 0x82, 0x08, 0x82, 0x08, 0x82, 0x08, 0x82, 0x08, 0x82, 0x08,
    0x62, 0x08, 0x62, 0x08, 0x62, 0x08, 0x62, 0x08, 0x62, 0x08, 0x62, 0x08, 0x62, 0x08, 0x62, 0x08,
    0x62, 0x08, 0x62, 0x08, 0x62, 0x08, 0x62, 0x08, 0x62, 0x08, 0x62, 0x08, 0x62, 0x08, 0x62, 0x08,
    0x62, 0x08, 0x62, 0x08, 0x62, 0x08, 0x62, 0x08, 0x62, 0x08, 0x62, 0x08, 0x62, 0x08, 0x62, 0x08,
    0x62, 0x08, 0x62, 0x08, 0x62, 0x08, 0x62, 0x08, 0x62, 0x08, 0x62, 0x08, 0x62, 0x08, 0x62, 0x08,
    0x62, 0x08, 0x62, 0x08, 0x62, 0x08, 0x62, 0x08, 0x62, 0x08, 0x62, 0x08, 0x62, 0x08, 0x62, 0x08,
    0x62, 0x08, 0x62, 0x08, 0x62, 0x08, 0x62, 0x08, 0x62, 0x08, 0x62, 0x08, 0x62, 0x08, 0x62, 0x08,
    0x62, 0x08, 0x62, 0x08, 0x62, 0x08, 0x62, 0x08, 0x62, 0x08, 0x62, 0x08, 0x62, 0x08, 0x62, 0x08,
    0x62, 0x08, 0x62, 0x08, 0x62, 0x08, 0x62, 0x08, 0x62, 0x08, 0x62, 0x08, 0x62, 0x08, 0x62, 0x08,
    0x62, 0x08, 0x62, 0x08, 0x62, 0x08, 0x62, 0x08, 0x62, 0x08, 0x62, 0x08, 0x62, 0x08, 0x62, 0x08,
    0x62, 0x08, 0x62, 0x08, 0x62, 0x08, 0x62, 0x08, 0x62, 0x08, 0x62, 0x08, 0x62, 0x08, 0x62, 0x08,
    0x62, 0x08, 0x62, 0x08, 0x62, 0x08, 0x62, 0x08, 0x62, 0x08, 0x62, 0x08, 0x62, 0x08, 0x62, 0x08,
    0x62, 0x08, 0x82, 0x08, 0x82, 0x08, 0x82, 0x08, 0x82, 0x08, 0x82, 0x08, 0x82, 0x08, 0x82, 0x08,
    0x82, 0x08, 0x82, 0x08, 0x83, 0x08, 0x83, 0x08, 0x83, 0x08, 0x83, 0x08, 0x83, 0x08, 0x83, 0x08,
    0x83, 0x08, 0x83, 0x08, 0xA3, 0x08, 0xA3, 0x08, 0xA3, 0x08, 0xA3, 0x08, 0xA3, 0x08, 0xA3, 0x08,
    0xA3, 0x08, 0xA3, 0x08, 0xA3, 0x08, 0xA3, 0x08, 0xA3, 0x08, 0xA3, 0x08, 0xC3, 0x08, 0xC3, 0x08,
    0xC3, 0x08, 0xC3, 0x08, 0xC4, 0x08, 0xC4, 0x08, 0xC4, 0x08, 0xC4, 0x08, 0xC4, 0x08, 0xC4, 0x08,
    0xE4, 0x08, 0xE4, 0x08, 0xE4, 0x08, 0xE4, 0x08, 0xE4, 0x08, 0xE4, 0x08, 0xE4, 0x08, 0xE4, 0x08,
    0xE4, 0x08, 0x04, 0x09, 0x04, 0x09, 0x05, 0x09, 0x05, 0x09, 0x05, 0x09, 0x05, 0x09, 0x05, 0x09,
    0x05, 0x09, 0x25, 0x09, 0x25, 0x09, 0x25, 0x09, 0x25, 0x09, 0x25, 0x09, 0x25, 0x09, 0x45, 0x09,
    0x45, 0x09, 0x46, 0x09, 0x46, 0x09, 0x46, 0x09, 0x46, 0x09, 0x46, 0x09, 0x66, 0x09, 0x66, 0x09,
    0x66, 0x09, 0x66, 0x09, 0x66, 0x11, 0x66, 0x11, 0x86, 0x11, 0x87, 0x11, 0x87, 0x11, 0x87, 0x11,
    0x87, 0x11, 0x87, 0x11, 0xA7, 0x11, 0xA7, 0x11, 0xA7, 0x11, 0xA7, 0x11, 0xA7, 0x11, 0xA7, 0x11,
    0xC8, 0x11, 0xC8, 0x11, 0xC8, 0x11, 0xC8, 0x11, 0xC8, 0x11, 0xC8, 0x11, 0xE8, 0x11, 0xE8, 0x11,
    0xE8, 0x11, 0xE8, 0x11, 0xE8, 0x11, 0x09, 0x12, 0x09, 0x12, 0x09, 0x12, 0x09, 0x12, 0x09, 0x12,
    0x09, 0x12, 0x29, 0x12, 0x29, 0x12, 0x29, 0x12, 0x29, 0x12, 0x29, 0x12, 0x2A, 0x12, 0x4A, 0x12,
    0x4A, 0x12, 0x4A, 0x12, 0x4A, 0x12, 0x4A, 0x12, 0x4A, 0x12, 0x4A, 0x12, 0x4A, 0x12, 0x6A, 0x12,
    0x6A, 0x12, 0x6A, 0x12, 0x6A, 0x12, 0x6A, 0x12, 0x6A, 0x12, 0x6A, 0x12, 0x6A, 0x12, 0x6A, 0x12,
    0x6A, 0x12, 0x6A, 0x12, 0x6A, 0x12, 0x6A, 0x12, 0x4A, 0x12, 0x4A, 0x12, 0x4A, 0x12, 0x4A, 0x12,
    0x4A, 0x12, 0x4A, 0x12, 0x4A, 0x12, 0x4A, 0x12, 0x4A, 0x12, 0x2A, 0x12, 0x29, 0x12, 0x29, 0x12,
    0x29, 0x12, 0x29, 0x12, 0x29, 0x12, 0x29, 0x12, 0x09, 0x12, 0x09, 0x12, 0x09, 0x12, 0x09, 0x12,
    0x09, 0x12, 0xE9, 0x11, 0xE8, 0x11, 0xE8, 0x11, 0xE8, 0x11, 0xE8, 0x11, 0xE8, 0x11, 0xC8, 0x11,
    0xC8, 0x11, 0xC8, 0x11, 0xC8, 0x11, 0xC8, 0x11, 0xA7, 0x11, 0xA7, 0x11, 0xA7, 0x11, 0xA7, 0x11,
    0xA7, 0x11, 0xA7, 0x11, 0x87, 0x11, 0x87, 0x11, 0x87, 0x11, 0x87, 0x11, 0x87, 0x11, 0x86, 0x11,
    0x66, 0x11, 0x66, 0x11, 0x66, 0x11, 0x66, 0x11, 0x66, 0x11, 0x66, 0x11, 0x46, 0x11, 0x46, 0x11,
    0x46, 0x11, 0x46, 0x11, 0x46, 0x11, 0x46, 0x09, 0x45, 0x09, 0x25, 0x09, 0x25, 0x09, 0x25, 0x09,
    0x25, 0x09, 0x25, 0x09, 0x25, 0x09, 0x25, 0x09, 0x05, 0x09, 0x05, 0x09, 0x05, 0x09, 0x05, 0x09,
    0x05, 0x09, 0x04, 0x09, 0x04, 0x09, 0x04, 0x09, 0xE4, 0x08, 0xE4, 0x08, 0xE4, 0x08, 0xE4, 0x08,
    0xE4, 0x08, 0xE4, 0x08, 0xE4, 0x08, 0xE4, 0x08, 0xC4, 0x08, 0xC4, 0x08, 0xC4, 0x08, 0xC4, 0x08,
    0xC4, 0x08, 0xC4, 0x08, 0xC3, 0x08, 0xC3, 0x08, 0xC3, 0x08, 0xC3, 0x08, 0xA3, 0x08, 0xA3, 0x08,
    0xA3, 0x08, 0xA3, 0x08, 0xA3, 0x08, 0xA3, 0x08, 0xA3, 0x08, 0xA3, 0x08, 0xA3, 0x08, 0xA3, 0x08,
    0xA3, 0x08, 0xA3, 0x08, 0x83, 0x08, 0x83, 0x08, 0x83, 0x08, 0x83, 0x08, 0x83, 0x08, 0x83, 0x08,
    0x83, 0x08, 0x83, 0x08, 0x82, 0x08, 0x82, 0x08, 0x82, 0x08, 0x82, 0x08, 0x82, 0x08, 0x82, 0x08,
    0x82, 0x08, 0x82, 0x08, 0x82, 0x08, 0x82, 0x08, 0x62, 0x08, 0x62, 0x08, 0x62, 0x08, 0x62, 0x08,
    0x62, 0x08, 0x62, 0x08, 0x62, 0x08, 0x62, 0x08, 0x62, 0x08, 0x62, 0x08, 0x62, 0x08, 0x62, 0x08,
    0x62, 0x08, 0x62, 0x08, 0x62, 0x08, 0x62, 0x08, 0x62, 0x08, 0x62, 0x08, 0x62, 0x08, 0x62, 0x08,
    0x62, 0x08, 0x62, 0x08, 0x62, 0x08, 0x62, 0x08, 0x62, 0x08, 0x62, 0x08, 0x62, 0x08, 0x62, 0x08,
    0x62, 0x08, 0x62, 0x08, 0x62, 0x08, 0x62, 0x08, 0x62, 0x08, 0x62, 0x08, 0x62, 0x08, 0x62, 0x08,
    0x62, 0x08, 0x62, 0x08, 0x62, 0x08, 0x62, 0x08, 0x62, 0x08, 0x62, 0x08, 0x62, 0x08, 0x62, 0x08,
    0x62, 0x08, 0x62, 0x08, 0x62, 0x08, 0x62, 0x08, 0x62, 0x08, 0x62, 0x08, 0x62, 0x08, 0x62, 0x08,
    0x62, 0x08, 0x62, 0x08, 0x62, 0x08, 0x62, 0x08, 0x62, 0x08, 0x62, 0x08, 0x62, 0x08, 0x62, 0x08,
    0x62, 0x08, 0x62, 0x08, 0x62, 0x08, 0x62, 0x08, 0x62, 0x08, 0x62, 0x08, 0x62, 0x08, 0x62, 0x08,
    0x62, 0x08, 0x62, 0x08, 0x62, 0x08, 0x62, 0x08, 0x62, 0x08, 0x62, 0x08, 0x62, 0x08, 0x62, 0x08,
    0x62, 0x08, 0x62, 0x08, 0x62, 0x08, 0x62, 0x08, 0x62, 0x08, 0x62, 0x08, 0x62, 0x08, 0x62, 0x08,
    0x62, 0x08, 0x62, 0x08, 0x62, 0x08, 0x62, 0x08, 0x62, 0x08, 0x82, 0x08, 0x82, 0x08, 0x82, 0x08,
    0x82, 0x08, 0x82, 0x08, 0x82, 0x08, 0x82, 0x08, 0x82, 0x08, 0x82, 0x08, 0x83, 0x08, 0x83, 0x08,
    0x83, 0x08, 0x83, 0x08, 0x83, 0x08, 0x83, 0x08, 0x83, 0x08, 0x83, 0x08, 0xA3, 0x08, 0xA3, 0x08,
    0xA3, 0x08, 0xA3, 0x08, 0xA3, 0x08, 0xA3, 0x08, 0xA3, 0x08, 0xA3, 0x08, 0xA3, 0x08, 0xA3, 0x08,
    0xA3, 0x08, 0xA3, 0x08, 0xC3, 0x08, 0xC3, 0x08, 0xC3, 0x08, 0xC3, 0x08, 0xC4, 0x08, 0xC4, 0x08,
    0xC4, 0x08, 0xC4, 0x08, 0xC4, 0x08, 0xC4, 0x08, 0xE4, 0x08, 0xE4, 0x08, 0xE4, 0x08, 0xE4, 0x08,
    0xE4, 0x08, 0xE4, 0x08, 0xE4, 0x08, 0xE4, 0x08, 0xE4, 0x08, 0x04, 0x09, 0x04, 0x09, 0x05, 0x09,
    0x05, 0x09, 0x05, 0x09, 0x05, 0x09, 0x05, 0x09, 0x05, 0x09, 0x25, 0x09, 0x25, 0x09, 0x25, 0x09,
    0x25, 0x09, 0x25, 0x09, 0x25, 0x09, 0x25, 0x09, 0x45, 0x09, 0x46, 0x09, 0x46, 0x09, 0x46, 0x09,
    0x46, 0x09, 0x46, 0x09, 0x66, 0x09, 0x66, 0x09, 0x66, 0x09, 0x66, 0x09, 0x66, 0x09, 0x66, 0x11,
    0x66, 0x11, 0x87, 0x11, 0x87, 0x11, 0x87, 0x11, 0x87, 0x11, 0x87, 0x11, 0x87, 0x11, 0xA7, 0x11,
    0xA7, 0x11, 0xA7, 0x11, 0xA7, 0x11, 0xA7, 0x11, 0xC8, 0x11, 0xC8, 0x11, 0xC8, 0x11, 0xC8, 0x11,
    0xC8, 0x11, 0xC8, 0x11, 0xE8, 0x11, 0xE8, 0x11, 0xE8, 0x11, 0xE8, 0x11, 0xE8, 0x11, 0xE9, 0x11,
    0x09, 0x12, 0x09, 0x12, 0x09, 0x12, 0x09, 0x12, 0x09, 0x12, 0x09, 0x12, 0x29, 0x12, 0x29, 0x12,
    0x29, 0x12, 0x29, 0x12, 0x29, 0x12, 0x2A, 0x12, 0x4A, 0x12, 0x4A, 0x12, 0x4A, 0x12, 0x4A, 0x12,
    0x4A, 0x12, 0x4A, 0x12, 0x4A, 0x12, 0x4A, 0x12, 0x4A, 0x12, 0x4A, 0x12, 0x6A, 0x12, 0x4A, 0x12,
    0x6A, 0x12, 0x6A, 0x12, 0x6A, 0x12, 0x6A, 0x12, 0x4A, 0x12, 0x6A, 0x12, 0x4A, 0x12, 0x4A, 0x12,
    0x4A, 0x12, 0x4A, 0x12, 0x4A, 0x12, 0x4A, 0x12, 0x4A, 0x12, 0x4A, 0x12, 0x4A, 0x12, 0x4A, 0x12,
    0x2A, 0x12, 0x2A, 0x12, 0x29, 0x12, 0x29, 0x12, 0x29, 0x12, 0x29, 0x12, 0x29, 0x12, 0x09, 0x12,
    0x09, 0x12, 0x09, 0x12, 0x09, 0x12, 0x09, 0x0A, 0xE9, 0x09, 0xE8, 0x09, 0xE8, 0x09, 0xE8, 0x09,
    0xE8, 0x09, 0xE8, 0x09, 0xC8, 0x09, 0xC8, 0x09, 0xC8, 0x09, 0xC8, 0x09, 0xC8, 0x09, 0xC8, 0x09,
    0xA7, 0x09, 0xA7, 0x09, 0xA7, 0x09, 0xA7, 0x09, 0xA7, 0x09, 0x87, 0x09, 0x87, 0x09, 0x87, 0x09,
    0x87, 0x09, 0x87, 0x09, 0x67, 0x09, 0x66, 0x09, 0x66, 0x09, 0x66, 0x09, 0x66, 0x09, 0x66, 0x09,
    0x66, 0x09, 0x46, 0x09, 0x46, 0x09, 0x46, 0x09, 0x46, 0x09, 0x46, 0x09, 0x46, 0x09, 0x25, 0x09,
    0x25, 0x09, 0x25, 0x09, 0x25, 0x09, 0x25, 0x09, 0x25, 0x09, 0x25, 0x09, 0x05, 0x09, 0x05, 0x09,
    0x05, 0x09, 0x05, 0x09, 0x05, 0x09, 0x05, 0x09, 0x05, 0x09, 0xE4, 0x08, 0xE4, 0x08, 0xE4, 0x08,
    0xE4, 0x08, 0xE4, 0x08, 0xE4, 0x08, 0xE4, 0x08, 0xE4, 0x08, 0xE4, 0x08, 0xC4, 0x08, 0xC4, 0x08,
    0xC4, 0x08, 0xC4, 0x08, 0xC4, 0x08, 0xC4, 0x08, 0xC4, 0x08, 0xC4, 0x08, 0xC3, 0x08, 0xA3, 0x00,
    0xA3, 0x00, 0xA3, 0x00, 0xA3, 0x00, 0xA3, 0x00, 0xA3, 0x00, 0xA3, 0x00, 0xA3, 0x00, 0xA3, 0x00,
    0xA3, 0x00, 0xA3, 0x00, 0xA3, 0x00, 0x83, 0x00, 0x83, 0x00, 0x83, 0x00, 0x83, 0x00, 0x83, 0x00,
    0x83, 0x00, 0x83, 0x00, 0x82, 0x00, 0x82, 0x00, 0x82, 0x00, 0x82, 0x00, 0x82, 0x00, 0x82, 0x00,
    0x82, 0x00, 0x82, 0x00, 0x62, 0x00, 0x62, 0x00, 0x62, 0x00, 0x62, 0x00, 0x62, 0x00, 0x62, 0x00,
    0x62, 0x00, 0x62, 0x00, 0x62, 0x00, 0x62, 0x00, 0x62, 0x00, 0x62, 0x00, 0x62, 0x00, 0x62, 0x00,
    0x62, 0x00, 0x62, 0x00, 0x62, 0x00, 0x62, 0x00, 0x62, 0x00, 0x62, 0x00, 0x62, 0x00, 0x62, 0x00,
    0x62, 0x00, 0x62, 0x00, 0x62, 0x00, 0x62, 0x00, 0x62, 0x00, 0x62, 0x08, 0x62, 0x08, 0x62, 0x08,
    0x62, 0x08, 0x62, 0x08, 0x62, 0x08, 0x62, 0x08, 0x62, 0x08, 0x62, 0x08, 0x62, 0x08, 0x62, 0x08,
    0x62, 0x08, 0x62, 0x08, 0x62, 0x08, 0x62, 0x08, 0x62, 0x08, 0x62, 0x08, 0x62, 0x08, 0x62, 0x08,
    0x62, 0x08, 0x62, 0x08, 0x62, 0x08, 0x62, 0x08, 0x62, 0x08, 0x62, 0x08, 0x62, 0x08, 0x62, 0x08,
    0x62, 0x08, 0x62, 0x08, 0x62, 0x08, 0x62, 0x08, 0x62, 0x08, 0x62, 0x08, 0x62, 0x08, 0x62, 0x08,
    0x62, 0x08, 0x62, 0x08, 0x62, 0x08, 0x62, 0x08, 0x62, 0x08, 0x62, 0x08, 0x62, 0x08, 0x62, 0x08,
    0x62, 0x08, 0x62, 0x08, 0x62, 0x08, 0x62, 0x08, 0x62, 0x08, 0x62, 0x08, 0x62, 0x08, 0x62, 0x08,
    0x62, 0x08, 0x62, 0x08, 0x62, 0x08, 0x62, 0x08, 0x62, 0x08, 0x62, 0x08, 0x62, 0x08, 0x62, 0x08,
    0x62, 0x08, 0x62, 0x08, 0x62, 0x08, 0x62, 0x08, 0x62, 0x08, 0x62, 0x08, 0x62, 0x08, 0x62, 0x08,
    0x62, 0x08, 0x82, 0x08, 0x82, 0x08, 0x82, 0x08, 0x82, 0x08, 0x82, 0x08, 0x82, 0x08, 0x82, 0x08,
    0x82, 0x08, 0x82, 0x08, 0x83, 0x08, 0x83, 0x08, 0x83, 0x08, 0x83, 0x08, 0x83, 0x08, 0x83, 0x08,
    0x83, 0x08, 0x83, 0x08, 0x83, 0x08, 0xA3, 0x08, 0xA3, 0x08, 0xA3, 0x08, 0xA3, 0x08, 0xA3, 0x08,
    0xA3, 0x08, 0xA3, 0x08, 0xA3, 0x08, 0xA3, 0x08, 0xA3, 0x08, 0xA3, 0x08, 0xA3, 0x08, 0xC3, 0x08,
    0xC3, 0x08, 0xC3, 0x08, 0xC4, 0x08, 0xC4, 0x08, 0xC4, 0x08, 0xC4, 0x08, 0xC4, 0x08, 0xC4, 0x08,
    0xC4, 0x08, 0xE4, 0x08, 0xE4, 0x08, 0xE4, 0x08, 0xE4, 0x08, 0xE4, 0x08, 0xE4, 0x08, 0xE4, 0x08,
    0xE4, 0x08, 0x04, 0x09, 0x04, 0x09, 0x05, 0x09, 0x05, 0x09, 0x05, 0x09, 0x05, 0x09, 0x05, 0x09,
    0x05, 0x09, 0x25, 0x09, 0x25, 0x09, 0x25, 0x09, 0x25, 0x09, 0x25, 0x09, 0x25, 0x09, 0x25, 0x09,
    0x45, 0x09, 0x46, 0x09, 0x46, 0x09, 0x46, 0x09, 0x46, 0x09, 0x46, 0x09, 0x46, 0x09, 0x66, 0x09,
    0x66, 0x09, 0x66, 0x09, 0x66, 0x09, 0x66, 0x11, 0x66, 0x11, 0x87, 0x11, 0x87, 0x11, 0x87, 0x11,
    0x87, 0x11, 0x87, 0x11, 0x87, 0x11, 0xA7, 0x11, 0xA7, 0x11, 0xA7, 0x11, 0xA7, 0x11, 0xA7, 0x11,
    0xA7, 0x11, 0xC8, 0x11, 0xC8, 0x11, 0xC8, 0x11, 0xC8, 0x11, 0xC8, 0x11, 0xC8, 0x11, 0xE8, 0x11,
    0xE8, 0x11, 0xE8, 0x11, 0xE8, 0x11, 0xE8, 0x11, 0xE9, 0x11, 0x09, 0x12, 0x09, 0x12, 0x09, 0x12,
    0x09, 0x12, 0x09, 0x12, 0x09, 0x12, 0x29, 0x12, 0x29, 0x12, 0x29, 0x12, 0x29, 0x12, 0x29, 0x12,
    0x2A, 0x12, 0x2A, 0x12, 0x4A, 0x12, 0x4A, 0x12, 0x4A, 0x12, 0x4A, 0x12, 0x4A, 0x12, 0x4A, 0x12,
    0x4A, 0x12, 0x4A, 0x12, 0x4A, 0x12, 0x4A, 0x12, 0x4A, 0x12, 0x4A, 0x12, 0x4A, 0x12, 0x4A, 0x12,
    0x4A, 0x12, 0x4A, 0x12, 0x4A, 0x12, 0x4A, 0x12, 0x4A, 0x12, 0x4A, 0x12, 0x4A, 0x12, 0x4A, 0x12,
    0x4A, 0x12, 0x4A, 0x12, 0x2A, 0x12, 0x2A, 0x12, 0x29, 0x12, 0x29, 0x12, 0x29, 0x12, 0x29, 0x12,
    0x29, 0x12, 0x09, 0x12, 0x09, 0x12, 0x09, 0x12, 0x09, 0x12, 0x09, 0x02, 0x09, 0x0A, 0x08, 0x22,
    0x08, 0x22, 0xE8, 0x21, 0xE8, 0x21, 0xE8, 0x21, 0xE8, 0x21, 0xE8, 0x21, 0xE8, 0x21, 0xC8, 0x21,
    0xC8, 0x21, 0xC8, 0x19, 0xC8, 0x19, 0xC7, 0x19, 0xC7, 0x19, 0xA7, 0x19, 0xA7, 0x19, 0xA7, 0x19,
    0xA7, 0x19, 0xA7, 0x19, 0xA7, 0x19, 0xA7, 0x19, 0x87, 0x19, 0x87, 0x19, 0x87, 0x19, 0x86, 0x19,
    0x86, 0x19, 0x86, 0x19, 0x66, 0x19, 0x66, 0x19, 0x66, 0x19, 0x66, 0x19, 0x66, 0x19, 0x66, 0x19,
    0x66, 0x19, 0x46, 0x19, 0x46, 0x19, 0x46, 0x19, 0x45, 0x19, 0x45, 0x19, 0x45, 0x19, 0x45, 0x19,
    0x45, 0x19, 0x25, 0x19, 0x25, 0x19, 0x25, 0x19, 0x25, 0x19, 0x25, 0x19, 0x25, 0x19, 0x25, 0x19,
    0x25, 0x19, 0x05, 0x19, 0x05, 0x19, 0x04, 0x19, 0x04, 0x19, 0x04, 0x19, 0x04, 0x19, 0x04, 0x19,
    0x04, 0x19, 0xE4, 0x18, 0xE4, 0x18, 0xE4, 0x18, 0xE4, 0x18, 0xE4, 0x18, 0xE4, 0x18, 0xE4, 0x18,
    0xE4, 0x18, 0xE4, 0x18, 0xE4, 0x18, 0xC4, 0x18, 0xC4, 0x18, 0xC4, 0x18, 0xC4, 0x18, 0xC3, 0x18,
    0xC3, 0x18, 0xC3, 0x18, 0xC3, 0x18, 0xC3, 0x18, 0xC3, 0x18, 0xC3, 0x18, 0xC3, 0x18, 0xC3, 0x18,
    0xC3, 0x18, 0xC3, 0x18, 0xA3, 0x18, 0xA3, 0x18, 0xA3, 0x18, 0xA3, 0x18, 0xA3, 0x18, 0xA3, 0x18,
    0xA3, 0x18, 0xA3, 0x18, 0xA3, 0x18, 0xA3, 0x18, 0xA3, 0x18, 0xA3, 0x18, 0xA3, 0x18, 0xA3, 0x18,
    0xA3, 0x18, 0xA3, 0x18, 0xA3, 0x18, 0x83, 0x18, 0x83, 0x18, 0x83, 0x18, 0x83, 0x18, 0x83, 0x18,
    0x83, 0x18, 0x83, 0x18, 0x82, 0x18, 0x82, 0x18, 0x82, 0x18, 0x82, 0x18, 0x82, 0x18, 0x82, 0x18,
    0x82, 0x18, 0x82, 0x18, 0x82, 0x18, 0x82, 0x18, 0x82, 0x18, 0x82, 0x18, 0x82, 0x18, 0x82, 0x18,
    0x82, 0x10, 0x42, 0x00, 0x42, 0x00, 0x62, 0x08, 0x62, 0x08, 0x62, 0x08, 0x62, 0x08, 0x62, 0x08,
    0x62, 0x08, 0x62, 0x08, 0x62, 0x08, 0x62, 0x08, 0x62, 0x08, 0x62, 0x08, 0x62, 0x08, 0x62, 0x08,
    0x62, 0x08, 0x62, 0x08, 0x62, 0x08, 0x62, 0x08, 0x62, 0x08, 0x62, 0x08, 0x62, 0x08, 0x62, 0x08,
    0x62, 0x08, 0x62, 0x08, 0x62, 0x08, 0x62, 0x08, 0x62, 0x08, 0x62, 0x08, 0x62, 0x08, 0x62, 0x08,
    0x62, 0x08, 0x62, 0x08, 0x62, 0x08, 0x62, 0x08, 0x62, 0x08, 0x62, 0x08, 0x62, 0x08, 0x62, 0x08,
    0x62, 0x08, 0x62, 0x08, 0x62, 0x08, 0x62, 0x08, 0x62, 0x08, 0x62, 0x08, 0x62, 0x08, 0x62, 0x08,
    0x62, 0x08, 0x62, 0x08, 0x62, 0x08, 0x62, 0x08, 0x62, 0x08, 0x62, 0x08, 0x62, 0x08, 0x62, 0x08,
    0x62, 0x08, 0x62, 0x08, 0x62, 0x08, 0x62, 0x08, 0x62, 0x08, 0x62, 0x08, 0x62, 0x08, 0x62, 0x08,
    0x62, 0x08, 0x62, 0x08, 0x62, 0x08, 0x62, 0x08, 0x62, 0x08, 0x82, 0x08, 0x82, 0x08, 0x82, 0x08,
    0x82, 0x08, 0x82, 0x08, 0x82, 0x08, 0x82, 0x08, 0x82, 0x08, 0x82, 0x08, 0x83, 0x08, 0x83, 0x08,
    0x83, 0x08, 0x83, 0x08, 0x83, 0x08, 0x83, 0x08, 0x83, 0x08, 0x83, 0x08, 0x83, 0x08, 0xA3, 0x08,
    0xA3, 0x08, 0xA3, 0x08, 0xA3, 0x08, 0xA3, 0x08, 0xA3, 0x08, 0xA3, 0x08, 0xA3, 0x08, 0xA3, 0x08,
    0xA3, 0x08, 0xA3, 0x08, 0xA3, 0x08, 0xC3, 0x08, 0xC3, 0x08, 0xC3, 0x08, 0xC3, 0x08, 0xC4, 0x08,
    0xC4, 0x08, 0xC4, 0x08, 0xC4, 0x08, 0xC4, 0x08, 0xC4, 0x08, 0xE4, 0x08, 0xE4, 0x08, 0xE4, 0x08,
    0xE4, 0x08, 0xE4, 0x08, 0xE4, 0x08, 0xE4, 0x08, 0xE4, 0x08, 0x04, 0x09, 0x04, 0x09, 0x04, 0x09,
    0x05, 0x09, 0x05, 0x09, 0x05, 0x09, 0x05, 0x09, 0x05, 0x09, 0x25, 0x09, 0x25, 0x09, 0x25, 0x09,
    0x25, 0x09, 0x25, 0x09, 0x25, 0x09, 0x25, 0x09, 0x45, 0x09, 0x45, 0x09, 0x46, 0x09, 0x46, 0x09,
    0x46, 0x09, 0x46, 0x09, 0x46, 0x09, 0x66, 0x09, 0x66, 0x09, 0x66, 0x09, 0x66, 0x09, 0x66, 0x11,
    0x66, 0x11, 0x86, 0x11, 0x87, 0x11, 0x87, 0x11, 0x87, 0x11, 0x87, 0x11, 0x87, 0x11, 0x87, 0x11,
    0xA7, 0x11, 0xA7, 0x11, 0xA7, 0x11, 0xA7, 0x11, 0xA7, 0x11, 0xC8, 0x11, 0xC8, 0x11, 0xC8, 0x11,
    0xC8, 0x11, 0xC8, 0x11, 0xC8, 0x11, 0xE8, 0x11, 0xE8, 0x11, 0xE8, 0x11, 0xE8, 0x11, 0xE8, 0x11,
    0xE8, 0x11, 0x09, 0x12, 0x09, 0x12, 0x09, 0x12, 0x09, 0x12, 0x09, 0x12, 0x09, 0x12, 0x09, 0x12,
    0x29, 0x12, 0x29, 0x12, 0x29, 0x12, 0x29, 0x12, 0x29, 0x12, 0x2A, 0x12, 0x2A, 0x12, 0x2A, 0x12,
    0x4A, 0x12, 0x4A, 0x12, 0x4A, 0x12, 0x4A, 0x12, 0x4A, 0x12, 0x4A, 0x12, 0x4A, 0x12, 0x4A, 0x12,
    0x4A, 0x12, 0x4A, 0x12, 0x4A, 0x12, 0x4A, 0x12, 0x4A, 0x12, 0x4A, 0x12, 0x4A, 0x12, 0x4A, 0x12,
    0x4A, 0x12, 0x4A, 0x12, 0x4A, 0x12, 0x4A, 0x12, 0x4A, 0x12, 0x2A, 0x12, 0x2A, 0x12, 0x29, 0x12,
    0x29, 0x12, 0x29, 0x12, 0x29, 0x12, 0x29, 0x12, 0x29, 0x12, 0x09, 0x12, 0x09, 0x12, 0x09, 0x12,
    0x09, 0x0A, 0x28, 0x5A, 0x47, 0xBA, 0x47, 0xDA, 0x47, 0xDA, 0x47, 0xDA, 0x47, 0xDA, 0x47, 0xDA,
    0x47, 0xDA, 0x47, 0xDA, 0x47, 0xDA, 0x47, 0xDA, 0x47, 0xDA, 0x47, 0xDA, 0x47, 0xDA, 0x47, 0xDA,
    0x47, 0xDA, 0x47, 0xDA, 0x47, 0xDA, 0x47, 0xDA, 0x47, 0xDA, 0x47, 0xDA, 0x47, 0xDA, 0x47, 0xDA,
    0x47, 0xDA, 0x47, 0xDA, 0x47, 0xDA, 0x47, 0xDA, 0x47, 0xDA, 0x47, 0xDA, 0x47, 0xDA, 0x47, 0xDA,
    0x47, 0xDA, 0x47, 0xDA, 0x47, 0xDA, 0x47, 0xDA, 0x47, 0xDA, 0x47, 0xDA, 0x47, 0xDA, 0x47, 0xDA,
    0x47, 0xDA, 0x47, 0xDA, 0x47, 0xDA, 0x47, 0xDA, 0x47, 0xDA, 0x47, 0xDA, 0x47, 0xDA, 0x47, 0xDA,
    0x47, 0xDA, 0x47, 0xDA, 0x47, 0xDA, 0x47, 0xDA, 0x47, 0xDA, 0x47, 0xDA, 0x47, 0xDA, 0x47, 0xDA,
    0x47, 0xDA, 0x47, 0xDA, 0x47, 0xDA, 0x47, 0xDA, 0x47, 0xDA, 0x47, 0xDA, 0x47, 0xDA, 0x47, 0xDA,
    0x47, 0xDA, 0x47, 0xDA, 0x47, 0xDA, 0x47, 0xDA, 0x47, 0xDA, 0x47, 0xDA, 0x47, 0xDA, 0x47, 0xDA,
    0x47, 0xDA, 0x47, 0xDA, 0x47, 0xDA, 0x47, 0xDA, 0x47, 0xDA, 0x47, 0xDA, 0x47, 0xDA, 0x47, 0xDA,
    0x47, 0xDA, 0x47, 0xDA, 0x47, 0xDA, 0x47, 0xDA, 0x47, 0xDA, 0x47, 0xDA, 0x47, 0xDA, 0x47, 0xDA,
    0x47, 0xDA, 0x47, 0xDA, 0x47, 0xDA, 0x47, 0xDA, 0x47, 0xDA, 0x47, 0xDA, 0x47, 0xDA, 0x47, 0xDA,
    0x47, 0xDA, 0x47, 0xDA, 0x47, 0xDA, 0x47, 0xDA, 0x47, 0xDA, 0x47, 0xDA, 0x47, 0xDA, 0x47, 0xDA,
    0x47, 0xDA, 0x47, 0xDA, 0x47, 0xDA, 0x47, 0xDA, 0x47, 0xDA, 0x47, 0xDA, 0x47, 0xDA, 0x47, 0xDA,
    0x47, 0xDA, 0x47, 0xDA, 0x47, 0xDA, 0x47, 0xDA, 0x47, 0xDA, 0x47, 0xDA, 0x47, 0xDA, 0x47, 0xDA,
    0x47, 0xDA, 0x47, 0xDA, 0x47, 0xDA, 0x47, 0xDA, 0x47, 0xDA, 0xC6, 0xA9, 0xC3, 0x30, 0x42, 0x00,
    0x62, 0x08, 0x62, 0x08, 0x62, 0x08, 0x62, 0x08, 0x62, 0x08, 0x62, 0x08, 0x62, 0x08, 0x62, 0x08,
    0x62, 0x08, 0x62, 0x08, 0x62, 0x08, 0x62, 0x08, 0x62, 0x08, 0x62, 0x08, 0x62, 0x08, 0x62, 0x08,
    0x62, 0x08, 0x62, 0x08, 0x62, 0x08, 0x62, 0x08, 0x62, 0x08, 0x62, 0x08, 0x62, 0x08, 0x62, 0x08,
    0x62, 0x08, 0x62, 0x08, 0x62, 0x08, 0x62, 0x08, 0x62, 0x08, 0x62, 0x08, 0x62, 0x08, 0x62, 0x08,
    0x62, 0x08, 0x62, 0x08, 0x62, 0x08, 0x62, 0x08, 0x62, 0x08, 0x62, 0x08, 0x62, 0x08, 0x62, 0x08,
    0x62, 0x08, 0x62, 0x08, 0x62, 0x08, 0x62, 0x08, 0x62, 0x08, 0x62, 0x08, 0x62, 0x08, 0x62, 0x08,
    0x62, 0x08, 0x62, 0x08, 0x62, 0x08, 0x62, 0x08, 0x62, 0x08, 0x62, 0x08, 0x62, 0x08, 0x62, 0x08,
    0x62, 0x08, 0x62, 0x08, 0x62, 0x08, 0x62, 0x08, 0x62, 0x08, 0x62, 0x08, 0x62, 0x08, 0x62, 0x08,
    0x62, 0x08, 0x82, 0x08, 0x82, 0x08, 0x82, 0x08, 0x82, 0x08, 0x82, 0x08, 0x82, 0x08, 0x82, 0x08,
    0x82, 0x08, 0x82, 0x08, 0x82, 0x08, 0x83, 0x08, 0x83, 0x08, 0x83, 0x08, 0x83, 0x08, 0x83, 0x08,
    0x83, 0x08, 0x83, 0x08, 0x83, 0x08, 0xA3, 0x08, 0xA3, 0x08, 0xA3, 0x08, 0xA3, 0x08, 0xA3, 0x08,
    0xA3, 0x08, 0xA3, 0x08, 0xA3, 0x08, 0xA3, 0x08, 0xA3, 0x08, 0xA3, 0x08, 0xA3, 0x08, 0xC3, 0x08,
    0xC3, 0x08, 0xC3, 0x08, 0xC3, 0x08, 0xC4, 0x08, 0xC4, 0x08, 0xC4, 0x08, 0xC4, 0x08, 0xC4, 0x08,
    0xC4, 0x08, 0xE4, 0x08, 0xE4, 0x08, 0xE4, 0x08, 0xE4, 0x08, 0xE4, 0x08, 0xE4, 0x08, 0xE4, 0x08,
    0xE4, 0x08, 0xE4, 0x08, 0x04, 0x09, 0x04, 0x09, 0x05, 0x09, 0x05, 0x09, 0x05, 0x09, 0x05, 0x09,
    0x05, 0x09, 0x05, 0x09, 0x25, 0x09, 0x25, 0x09, 0x25, 0x09, 0x25, 0x09, 0x25, 0x09, 0x25, 0x09,
    0x25, 0x09, 0x45, 0x09, 0x46, 0x09, 0x46, 0x09, 0x46, 0x09, 0x46, 0x09, 0x46, 0x09, 0x66, 0x09,
    0x66, 0x09, 0x66, 0x09, 0x66, 0x09, 0x66, 0x09, 0x66, 0x11, 0x66, 0x11, 0x87, 0x11, 0x87, 0x11,
    0x87, 0x11, 0x87, 0x11, 0x87, 0x11, 0x87, 0x11, 0xA7, 0x11, 0xA7, 0x11, 0xA7, 0x11, 0xA7, 0x11,
    0xA7, 0x11, 0xA7, 0x11, 0xC8, 0x11, 0xC8, 0x11, 0xC8, 0x11, 0xC8, 0x11, 0xC8, 0x11, 0xC8, 0x11,
    0xE8, 0x11, 0xE8, 0x11, 0xE8, 0x11, 0xE8, 0x11, 0xE8, 0x11, 0xE9, 0x11, 0xE9, 0x11, 0x09, 0x12,
    0x09, 0x12, 0x09, 0x12, 0x09, 0x12, 0x09, 0x12, 0x09, 0x12, 0x29, 0x12, 0x29, 0x12, 0x29, 0x12,
    0x29, 0x12, 0x29, 0x12, 0x29, 0x12, 0x2A, 0x12, 0x2A, 0x12, 0x2A, 0x12, 0x4A, 0x12, 0x4A, 0x12,
    0x4A, 0x12, 0x4A, 0x12, 0x4A, 0x12, 0x4A, 0x12, 0x4A, 0x12, 0x4A, 0x12, 0x4A, 0x12, 0x4A, 0x12,
    0x4A, 0x12, 0x4A, 0x12, 0x4A, 0x12, 0x4A, 0x12, 0x4A, 0x12, 0x4A, 0x12, 0x4A, 0x12, 0x2A, 0x12,
    0x2A, 0x12, 0x29, 0x12, 0x29, 0x12, 0x29, 0x12, 0x29, 0x12, 0x29, 0x12, 0x29, 0x12, 0x29, 0x12,
    0x09, 0x12, 0x09, 0x12, 0x09, 0x12, 0x09, 0x02, 0x28, 0x7A, 0x67, 0xFA, 0x67, 0xF2, 0x67, 0xEA,
    0x67, 0xEA, 0x67, 0xEA, 0x67, 0xEA, 0x67, 0xEA, 0x67, 0xEA, 0x67, 0xEA, 0x67, 0xEA, 0x67, 0xEA,
    0x67, 0xEA, 0x67, 0xEA, 0x67, 0xEA, 0x67, 0xEA, 0x67, 0xEA, 0x67, 0xEA, 0x67, 0xEA, 0x67, 0xEA,
    0x67, 0xEA, 0x67, 0xEA, 0x67, 0xEA, 0x67, 0xEA, 0x67, 0xEA, 0x67, 0xEA, 0x67, 0xEA, 0x67, 0xEA,
    0x67, 0xEA, 0x67, 0xEA, 0x67, 0xEA, 0x67, 0xEA, 0x67, 0xEA, 0x67, 0xEA, 0x67, 0xEA, 0x67, 0xEA,
    0x67, 0xEA, 0x67, 0xEA, 0x67, 0xEA, 0x67, 0xEA, 0x67, 0xEA, 0x67, 0xEA, 0x67, 0xEA, 0x67, 0xEA,
    0x67, 0xEA, 0x67, 0xEA, 0x67, 0xEA, 0x67, 0xEA, 0x67, 0xEA, 0x67, 0xEA, 0x67, 0xEA, 0x67, 0xEA,
    0x67, 0xEA, 0x67, 0xEA, 0x67, 0xEA, 0x67, 0xEA, 0x67, 0xEA, 0x67, 0xEA, 0x67, 0xEA, 0x67, 0xEA,
    0x67, 0xEA, 0x67, 0xEA, 0x67, 0xEA, 0x67, 0xEA, 0x67, 0xEA, 0x67, 0xEA, 0x67, 0xEA, 0x67, 0xEA,
    0x67, 0xEA, 0x67, 0xEA, 0x67, 0xEA, 0x67, 0xEA, 0x67, 0xEA, 0x67, 0xEA, 0x67, 0xEA, 0x67, 0xEA,
    0x67, 0xEA, 0x67, 0xEA, 0x67, 0xEA, 0x67, 0xEA, 0x67, 0xEA, 0x67, 0xEA, 0x67, 0xEA, 0x67, 0xEA,
    0x67, 0xEA, 0x67, 0xEA, 0x67, 0xEA, 0x67, 0xEA, 0x67, 0xEA, 0x67, 0xEA, 0x67, 0xEA, 0x67, 0xEA,
    0x67, 0xEA, 0x67, 0xEA, 0x67, 0xEA, 0x67, 0xEA, 0x67, 0xEA, 0x67, 0xEA, 0x67, 0xEA, 0x67, 0xEA,
    0x67, 0xEA, 0x67, 0xEA, 0x67, 0xEA, 0x67, 0xEA, 0x67, 0xEA, 0x67, 0xEA, 0x67, 0xEA, 0x67, 0xEA,
    0x67, 0xEA, 0x67, 0xEA, 0x67, 0xEA, 0x67, 0xEA, 0x67, 0xEA, 0x67, 0xEA, 0x67, 0xEA, 0x67, 0xEA,
    0x67, 0xEA, 0x67, 0xEA, 0x67, 0xEA, 0x67, 0xEA, 0x67, 0xEA, 0x67, 0xEA, 0x67, 0xEA, 0x67, 0xEA,
    0x67, 0xEA, 0x87, 0xF2, 0x67, 0xEA, 0xE3, 0x40, 0x42, 0x00, 0x62, 0x08, 0x62, 0x08, 0x62, 0x08,
    0x62, 0x08, 0x62, 0x08, 0x62, 0x08, 0x62, 0x08, 0x62, 0x08, 0x62, 0x08, 0x62, 0x08, 0x62, 0x08,
    0x62, 0x08, 0x62, 0x08, 0x62, 0x08, 0x62, 0x08, 0x62, 0x08, 0x62, 0x08, 0x62, 0x08, 0x62, 0x08,
    0x62, 0x08, 0x62, 0x08, 0x62, 0x08, 0x62, 0x08, 0x62, 0x08, 0x62, 0x08, 0x62, 0x08, 0x62, 0x08,
    0x62, 0x08, 0x62, 0x08, 0x62, 0x08, 0x62, 0x08, 0x62, 0x08, 0x62, 0x08, 0x62, 0x08, 0x62, 0x08,
    0x62, 0x08, 0x62, 0x08, 0x62, 0x08, 0x62, 0x08, 0x62, 0x08, 0x62, 0x08, 0x62, 0x08, 0x62, 0x08,
    0x62, 0x08, 0x62, 0x08, 0x62, 0x08, 0x62, 0x08, 0x62, 0x08, 0x62, 0x08, 0x62, 0x08, 0x62, 0x08,
    0x62, 0x08, 0x62, 0x08, 0x62, 0x08, 0x62, 0x08, 0x62, 0x08, 0x62, 0x08, 0x62, 0x08, 0x62, 0x08,
    0x62, 0x08, 0x62, 0x08, 0x62, 0x08, 0x62, 0x08, 0x62, 0x08, 0x62, 0x08, 0x82, 0x08, 0x82, 0x08,
    0x82, 0x08, 0x82, 0x08, 0x82, 0x08, 0x82, 0x08, 0x82, 0x08, 0x82, 0x08, 0x82, 0x08, 0x83, 0x08,
    0x83, 0x08, 0x83, 0x08, 0x83, 0x08, 0x83, 0x08, 0x83, 0x08, 0x83, 0x08, 0x83, 0x08, 0xA3, 0x08,
    0xA3, 0x08, 0xA3, 0x08, 0xA3, 0x08, 0xA3, 0x08, 0xA3, 0x08, 0xA3, 0x08, 0xA3, 0x08, 0xA3, 0x08,
    0xA3, 0x08, 0xA3, 0x08, 0xA3, 0x08, 0xC3, 0x08, 0xC3, 0x08, 0xC3, 0x08, 0xC3, 0x08, 0xC4, 0x08,
    0xC4, 0x08, 0xC4, 0x08, 0xC4, 0x08, 0xC4, 0x08, 0xC4, 0x08, 0xE4, 0x08, 0xE4, 0x08, 0xE4, 0x08,
    0xE4, 0x08, 0xE4, 0x08, 0xE4, 0x08, 0xE4, 0x08, 0xE4, 0x08, 0xE4, 0x08, 0x04, 0x09, 0x04, 0x09,
    0x05, 0x09, 0x05, 0x09, 0x05, 0x09, 0x05, 0x09, 0x05, 0x09, 0x05, 0x09, 0x25, 0x09, 0x25, 0x09,
    0x25, 0x09, 0x25, 0x09, 0x25, 0x09, 0x25, 0x09, 0x25, 0x09, 0x45, 0x09, 0x46, 0x09, 0x46, 0x09,
    0x46, 0x09, 0x46, 0x09, 0x46, 0x09, 0x46, 0x09, 0x66, 0x09, 0x66, 0x09, 0x66, 0x09, 0x66, 0x09,
    0x66, 0x11, 0x66, 0x11, 0x86, 0x11, 0x87, 0x11, 0x87, 0x11, 0x87, 0x11, 0x87, 0x11, 0x87, 0x11,
    0x87, 0x11, 0xA7, 0x11, 0xA7, 0x11, 0xA7, 0x11, 0xA7, 0x11, 0xA7, 0x11, 0xA7, 0x11, 0xC8, 0x11,
    0xC8, 0x11, 0xC8, 0x11, 0xC8, 0x11, 0xC8, 0x11, 0xC8, 0x11, 0xE8, 0x11, 0xE8, 0x11, 0xE8, 0x11,
    0xE8, 0x11, 0xE8, 0x11, 0xE8, 0x11, 0x09, 0x12, 0x09, 0x12, 0x09, 0x12, 0x09, 0x12, 0x09, 0x12,
    0x09, 0x12, 0x09, 0x12, 0x29, 0x12, 0x29, 0x12, 0x29, 0x12, 0x29, 0x12, 0x29, 0x12, 0x29, 0x12,
    0x29, 0x12, 0x29, 0x12, 0x2A, 0x12, 0x2A, 0x12, 0x2A, 0x12, 0x2A, 0x12, 0x4A, 0x12, 0x4A, 0x12,
    0x4A, 0x12, 0x4A, 0x12, 0x4A, 0x12, 0x4A, 0x12, 0x4A, 0x12, 0x4A, 0x12, 0x4A, 0x12, 0x4A, 0x12,
    0x2A, 0x12, 0x2A, 0x12, 0x2A, 0x12, 0x29, 0x12, 0x29, 0x12, 0x29, 0x12, 0x29, 0x12, 0x29, 0x12,
    0x29, 0x12, 0x29, 0x12, 0x09, 0x12, 0x09, 0x12, 0x09, 0x12, 0x09, 0x12, 0x09, 0x0A, 0x08, 0x32,
    0x67, 0xEA, 0x67, 0xEA, 0x67, 0xE2, 0x67, 0xE2, 0x67, 0xE2, 0x67, 0xE2, 0x67, 0xE2, 0x67, 0xE2,
    0x67, 0xE2, 0x67, 0xE2, 0x67, 0xE2, 0x67, 0xE2, 0x67, 0xE2, 0x67, 0xE2, 0x67, 0xE2, 0x67, 0xE2,
    0x67, 0xE2, 0x67, 0xE2, 0x67, 0xE2, 0x67, 0xE2, 0x67, 0xE2, 0x67, 0xE2, 0x67, 0xE2, 0x67, 0xE2,
    0x67, 0xE2, 0x67, 0xE2, 0x67, 0xE2, 0x67, 0xE2, 0x67, 0xE2, 0x67, 0xE2, 0x67, 0xE2, 0x67, 0xE2,
    0x67, 0xE2, 0x67, 0xE2, 0x67, 0xE2, 0x67, 0xE2, 0x67, 0xE2, 0x67, 0xE2, 0x67, 0xE2, 0x67, 0xE2,
    0x67, 0xE2, 0x67, 0xE2, 0x67, 0xE2, 0x67, 0xE2, 0x67, 0xE2, 0x67, 0xE2, 0x67, 0xE2, 0x67, 0xE2,
    0x67, 0xE2, 0x67, 0xE2, 0x67, 0xE2, 0x67, 0xE2, 0x67, 0xE2, 0x67, 0xE2, 0x67, 0xE2, 0x67, 0xE2,
    0x67, 0xE2, 0x67, 0xE2, 0x67, 0xE2, 0x67, 0xE2, 0x67, 0xE2, 0x67, 0xE2, 0x67, 0xE2, 0x67, 0xE2,
    0x67, 0xE2, 0x67, 0xE2, 0x67, 0xE2, 0x67, 0xE2, 0x67, 0xE2, 0x67, 0xE2, 0x67, 0xE2, 0x67, 0xE2,
    0x67, 0xE2, 0x67, 0xE2, 0x67, 0xE2, 0x67, 0xE2, 0x67, 0xE2, 0x67, 0xE2, 0x67, 0xE2, 0x67, 0xE2,
    0x67, 0xE2, 0x67, 0xE2, 0x67, 0xE2, 0x67, 0xE2, 0x67, 0xE2, 0x67, 0xE2, 0x67, 0xE2, 0x67, 0xE2,
    0x67, 0xE2, 0x67, 0xE2, 0x67, 0xE2, 0x67, 0xE2, 0x67, 0xE2, 0x67, 0xE2, 0x67, 0xE2, 0x67, 0xE2,
    0x67, 0xE2, 0x67, 0xE2, 0x67, 0xE2, 0x67, 0xE2, 0x67, 0xE2, 0x67, 0xE2, 0x67, 0xE2, 0x67, 0xE2,
    0x67, 0xE2, 0x67, 0xE2, 0x67, 0xE2, 0x67, 0xE2, 0x67, 0xE2, 0x67, 0xE2, 0x67, 0xE2, 0x67, 0xE2,
    0x67, 0xE2, 0x67, 0xE2, 0x67, 0xE2, 0x67, 0xE2, 0x67, 0xE2, 0x67, 0xE2, 0x67, 0xE2, 0x67, 0xE2,
    0x67, 0xE2, 0x67, 0xE2, 0x67, 0xE2, 0x67, 0xE2, 0x67, 0xE2, 0x47, 0xE2, 0x67, 0xF2, 0x06, 0xC2,
    0x62, 0x08, 0x62, 0x08, 0x62, 0x08, 0x62, 0x08, 0x62, 0x08, 0x62, 0x08, 0x62, 0x08, 0x62, 0x08,
    0x62, 0x08, 0x62, 0x08, 0x62, 0x08, 0x62, 0x08, 0x62, 0x08, 0x62, 0x08, 0x62, 0x08, 0x62, 0x08,
    0x62, 0x08, 0x62, 0x08, 0x62, 0x08, 0x62, 0x08, 0x62, 0x08, 0x62, 0x08, 0x62, 0x08, 0x62, 0x08,
    0x62, 0x08, 0x62, 0x08, 0x62, 0x08, 0x62, 0x08, 0x62, 0x08, 0x62, 0x08, 0x62, 0x08, 0x62, 0x08,
    0x62, 0x08, 0x62, 0x08, 0x62, 0x08, 0x62, 0x08, 0x62, 0x08, 0x62, 0x08, 0x62, 0x08, 0x62, 0x08,
    0x62, 0x08, 0x62, 0x08, 0x62, 0x08, 0x62, 0x08, 0x62, 0x08, 0x62, 0x08, 0x62, 0x08, 0x62, 0x08,
    0x62, 0x08, 0x62, 0x08, 0x62, 0x08, 0x62, 0x08, 0x62, 0x08, 0x62, 0x08, 0x62, 0x08, 0x62, 0x08,
    0x62, 0x08, 0x62, 0x08, 0x62, 0x08, 0x62, 0x08, 0x62, 0x08, 0x62, 0x08, 0x62, 0x08, 0x62, 0x08,
    0x62, 0x08, 0x62, 0x08, 0x82, 0x08, 0x82, 0x08, 0x82, 0x08, 0x82, 0x08, 0x82, 0x08, 0x82, 0x08,
    0x82, 0x08, 0x82, 0x08, 0x82, 0x08, 0x83, 0x08, 0x83, 0x08, 0x83, 0x08, 0x83, 0x08, 0x83, 0x08,
    0x83, 0x08, 0x83, 0x08, 0x83, 0x08, 0xA3, 0x08, 0xA3, 0x08, 0xA3, 0x08, 0xA3, 0x08, 0xA3, 0x08,
    0xA3, 0x08, 0xA3, 0x08, 0xA3, 0x08, 0xA3, 0x08, 0xA3, 0x08, 0xA3, 0x08, 0xA3, 0x08, 0xA3, 0x08,
    0xC3, 0x08, 0xC3, 0x08, 0xC3, 0x08, 0xC4, 0x08, 0xC4, 0x08, 0xC4, 0x08, 0xC4, 0x08, 0xC4, 0x08,
    0xC4, 0x08, 0xC4, 0x08, 0xE4, 0x08, 0xE4, 0x08, 0xE4, 0x08, 0xE4, 0x08, 0xE4, 0x08, 0xE4, 0x08,
    0xE4, 0x08, 0xE4, 0x08, 0x04, 0x09, 0x04, 0x09, 0x04, 0x09, 0x05, 0x09, 0x05, 0x09, 0x05, 0x09,
    0x05, 0x09, 0x05, 0x09, 0x25, 0x09, 0x25, 0x09, 0x25, 0x09, 0x25, 0x09, 0x25, 0x09, 0x25, 0x09,
    0x25, 0x09, 0x45, 0x09, 0x45, 0x09, 0x46, 0x09, 0x46, 0x09, 0x46, 0x09, 0x46, 0x09, 0x46, 0x09,
    0x66, 0x09, 0x66, 0x09, 0x66, 0x09, 0x66, 0x09, 0x66, 0x09, 0x66, 0x11, 0x66, 0x11, 0x87, 0x11,
    0x87, 0x11, 0x87, 0x11, 0x87, 0x11, 0x87, 0x11, 0x87, 0x11, 0xA7, 0x11, 0xA7, 0x11, 0xA7, 0x11,
    0xA7, 0x11, 0xA7, 0x11, 0xA7, 0x11, 0xC8, 0x11, 0xC8, 0x11, 0xC8, 0x11, 0xC8, 0x11, 0xC8, 0x11,
    0xC8, 0x11, 0xE8, 0x11, 0xE8, 0x11, 0xE8, 0x11, 0xE8, 0x11, 0xE8, 0x11, 0xE8, 0x11, 0xE9, 0x11,
    0x09, 0x12, 0x09, 0x12, 0x09, 0x12, 0x09, 0x12, 0x09, 0x12, 0x09, 0x12, 0x09, 0x12, 0x09, 0x12,
    0x29, 0x12, 0x29, 0x12, 0x29, 0x12, 0x29, 0x12, 0x29, 0x12, 0x29, 0x12, 0x29, 0x12, 0x29, 0x12,
    0x29, 0x12, 0x2A, 0x12, 0x2A, 0x12, 0x2A, 0x12, 0x2A, 0x12, 0x2A, 0x12, 0x2A, 0x12, 0x2A, 0x12,
    0x2A, 0x12, 0x2A, 0x12, 0x29, 0x12, 0x29, 0x12, 0x29, 0x12, 0x29, 0x12, 0x29, 0x12, 0x29, 0x12,
    0x29, 0x12, 0x29, 0x12, 0x29, 0x12, 0x29, 0x12, 0x29, 0x12, 0x09, 0x12, 0x09, 0x12, 0x09, 0x12,
    0x09, 0x12, 0x09, 0x12, 0xE9, 0x01, 0x28, 0x72, 0x67, 0xF2, 0x67, 0xE2, 0x67, 0xEA, 0x67, 0xEA,
    0x67, 0xEA, 0x67, 0xEA, 0x67, 0xEA, 0x67, 0xEA, 0x67, 0xEA, 0x67, 0xEA, 0x67, 0xEA, 0x67, 0xEA,
    0x67, 0xEA, 0x67, 0xEA, 0x67, 0xEA, 0x67, 0xEA, 0x67, 0xEA, 0x67, 0xEA, 0x67, 0xEA, 0x67, 0xEA,
    0x67, 0xEA, 0x67, 0xEA, 0x67, 0xEA, 0x67, 0xEA, 0x67, 0xEA, 0x67, 0xEA, 0x67, 0xEA, 0x67, 0xEA,
    0x67, 0xEA, 0x67, 0xEA, 0x67, 0xEA, 0x67, 0xEA, 0x67, 0xEA, 0x67, 0xEA, 0x67, 0xEA, 0x67, 0xEA,
    0x67, 0xEA, 0x67, 0xEA, 0x67, 0xEA, 0x67, 0xEA, 0x67, 0xEA, 0x67, 0xEA, 0x67, 0xEA, 0x67, 0xEA,
    0x67, 0xEA, 0x67, 0xEA, 0x67, 0xEA, 0x67, 0xEA, 0x67, 0xEA, 0x67, 0xEA, 0x67, 0xEA, 0x67, 0xEA,
    0x67, 0xEA, 0x67, 0xEA, 0x67, 0xEA, 0x67, 0xEA, 0x67, 0xEA, 0x67, 0xEA, 0x67, 0xEA, 0x67, 0xEA,
    0x67, 0xEA, 0x67, 0xEA, 0x67, 0xEA, 0x67, 0xEA, 0x67, 0xEA, 0x67, 0xEA, 0x67, 0xEA, 0x67, 0xEA,
    0x67, 0xEA, 0x67, 0xEA, 0x67, 0xEA, 0x67, 0xEA, 0x67, 0xEA, 0x67, 0xEA, 0x67, 0xEA, 0x67, 0xEA,
    0x67, 0xEA, 0x67, 0xEA, 0x67, 0xEA, 0x67, 0xEA, 0x67, 0xEA, 0x67, 0xEA, 0x67, 0xEA, 0x67, 0xEA,
    0x67, 0xEA, 0x67, 0xEA, 0x67, 0xEA, 0x67, 0xEA, 0x67, 0xEA, 0x67, 0xEA, 0x67, 0xEA, 0x67, 0xEA,
    0x67, 0xEA, 0x67, 0xEA, 0x67, 0xEA, 0x67, 0xEA, 0x67, 0xEA, 0x67, 0xEA, 0x67, 0xEA, 0x67, 0xEA,
    0x67, 0xEA, 0x67, 0xEA, 0x67, 0xEA, 0x67, 0xEA, 0x67, 0xEA, 0x67, 0xEA, 0x67, 0xEA, 0x67, 0xEA,
    0x67, 0xEA, 0x67, 0xEA, 0x67, 0xEA, 0x67, 0xEA, 0x67, 0xEA, 0x67, 0xEA, 0x67, 0xEA, 0x67, 0xEA,
    0x67, 0xEA, 0x67, 0xEA, 0x67, 0xEA, 0x67, 0xEA, 0x67, 0xEA, 0x67, 0xEA, 0x67, 0xEA, 0x67, 0xEA,
    0x67, 0xEA, 0x67, 0xEA, 0x47, 0xE2, 0x67, 0xEA, 0xE3, 0x38, 0x42, 0x00, 0x62, 0x08, 0x62, 0x08,
    0x62, 0x08, 0x62, 0x08, 0x62, 0x08, 0x62, 0x08, 0x62, 0x08, 0x62, 0x08, 0x62, 0x08, 0x62, 0x08,
    0x62, 0x08, 0x62, 0x08, 0x62, 0x08, 0x62, 0x08, 0x62, 0x08, 0x62, 0x08, 0x62, 0x08, 0x62, 0x08,
    0x62, 0x08, 0x62, 0x08, 0x62, 0x08, 0x62, 0x08, 0x62, 0x08, 0x62, 0x08, 0x62, 0x08, 0x62, 0x08,
    0x62, 0x08, 0x62, 0x08, 0x62, 0x08, 0x62, 0x08, 0x62, 0x08, 0x62, 0x08, 0x62, 0x08, 0x62, 0x08,
    0x62, 0x08, 0x62, 0x08, 0x62, 0x08, 0x62, 0x08, 0x62, 0x08, 0x62, 0x08, 0x62, 0x08, 0x62, 0x08,
    0x62, 0x08, 0x62, 0x08, 0x62, 0x08, 0x62, 0x08, 0x62, 0x08, 0x62, 0x08, 0x62, 0x08, 0x62, 0x08,
    0x62, 0x08, 0x62, 0x08, 0x62, 0x08, 0x62, 0x08, 0x62, 0x08, 0x62, 0x08, 0x62, 0x08, 0x62, 0x08,
    0x62, 0x08, 0x62, 0x08, 0x62, 0x08, 0x62, 0x08, 0x62, 0x08, 0x62, 0x08, 0x82, 0x08, 0x82, 0x08,
    0x82, 0x08, 0x82, 0x08, 0x82, 0x08, 0x82, 0x08, 0x82, 0x08, 0x82, 0x08, 0x82, 0x08, 0x83, 0x08,
    0x83, 0x08, 0x83, 0x08, 0x83, 0x08, 0x83, 0x08, 0x83, 0x08, 0x83, 0x08, 0x83, 0x08, 0x83, 0x08,
    0xA3, 0x08, 0xA3, 0x08, 0xA3, 0x08, 0xA3, 0x08, 0xA3, 0x08, 0xA3, 0x08, 0xA3, 0x08, 0xA3, 0x08,
    0xA3, 0x08, 0xA3, 0x08, 0xA3, 0x08, 0xA3, 0x08, 0xC3, 0x08, 0xC3, 0x08, 0xC3, 0x08, 0xC3, 0x08,
    0xC4, 0x08, 0xC4, 0x08, 0xC4, 0x08, 0xC4, 0x08, 0xC4, 0x08, 0xC4, 0x08, 0xE4, 0x08, 0xE4, 0x08,
    0xE4, 0x08, 0xE4, 0x08, 0xE4, 0x08, 0xE4, 0x08, 0xE4, 0x08, 0xE4, 0x08, 0xE4, 0x08, 0x04, 0x09,
    0x04, 0x09, 0x05, 0x09, 0x05, 0x09, 0x05, 0x09, 0x05, 0x09, 0x05, 0x09, 0x05, 0x09, 0x25, 0x09,
    0x25, 0x09, 0x25, 0x09, 0x25, 0x09, 0x25, 0x09, 0x25, 0x09, 0x25, 0x09, 0x45, 0x09, 0x46, 0x09,
    0x46, 0x09, 0x46, 0x09, 0x46, 0x09, 0x46, 0x09, 0x46, 0x09, 0x66, 0x09, 0x66, 0x09, 0x66, 0x09,
    0x66, 0x09, 0x66, 0x11, 0x66, 0x11, 0x86, 0x11, 0x87, 0x11, 0x87, 0x11, 0x87, 0x11, 0x87, 0x11,
    0x87, 0x11, 0x87, 0x11, 0xA7, 0x11, 0xA7, 0x11, 0xA7, 0x11, 0xA7, 0x11, 0xA7, 0x11, 0xA7, 0x11,
    0xC8, 0x11, 0xC8, 0x11, 0xC8, 0x11, 0xC8, 0x11, 0xC8, 0x11, 0xC8, 0x11, 0xC8, 0x11, 0xE8, 0x11,
    0xE8, 0x11, 0xE8, 0x11, 0xE8, 0x11, 0xE8, 0x11, 0xE9, 0x11, 0x09, 0x12, 0x09, 0x12, 0x09, 0x12,
    0x09, 0x12, 0x09, 0x12, 0x09, 0x12, 0x09, 0x12, 0x09, 0x12, 0x29, 0x12, 0x29, 0x12, 0x29, 0x12,
    0x29, 0x12, 0x29, 0x12, 0x29, 0x12, 0x29, 0x12, 0x29, 0x12, 0x29, 0x12, 0x29, 0x12, 0x29, 0x12,
    0x29, 0x12, 0x29, 0x12, 0x29, 0x12, 0x29, 0x12, 0x29, 0x12, 0x29, 0x12, 0x29, 0x12, 0x29, 0x12,
    0x29, 0x12, 0x29, 0x12, 0x29, 0x12, 0x29, 0x12, 0x29, 0x12, 0x29, 0x12, 0x29, 0x12, 0x09, 0x12,
    0x09, 0x12, 0x09, 0x12, 0x09, 0x12, 0x09, 0x12, 0x09, 0x12, 0x09, 0x12, 0xE9, 0x01, 0x28, 0x7A,
    0x67, 0xF2, 0x67, 0xE2, 0x67, 0xEA, 0x67, 0xEA, 0x67, 0xEA, 0x67, 0xEA, 0x67, 0xEA, 0x67, 0xEA,
    0x67, 0xEA, 0x67, 0xEA, 0x67, 0xEA, 0x67, 0xEA, 0x67, 0xEA, 0x67, 0xEA, 0x67, 0xEA, 0x67, 0xEA,
    0x67, 0xEA, 0x67, 0xEA, 0x67, 0xEA, 0x67, 0xEA, 0x67, 0xEA, 0x67, 0xEA, 0x67, 0xEA, 0x67, 0xEA,
    0x67, 0xEA, 0x67, 0xEA, 0x67, 0xEA, 0x67, 0xEA, 0x67, 0xEA, 0x67, 0xEA, 0x67, 0xEA, 0x67, 0xEA,
    0x67, 0xEA, 0x67, 0xEA, 0x67, 0xEA, 0x67, 0xEA, 0x67, 0xEA, 0x67, 0xEA, 0x67, 0xEA, 0x67, 0xEA,
    0x67, 0xEA, 0x67, 0xEA, 0x67, 0xEA, 0x67, 0xEA, 0x67, 0xEA, 0x67, 0xEA, 0x67, 0xEA, 0x67, 0xEA,
    0x67, 0xEA, 0x67, 0xEA, 0x67, 0xEA, 0x67, 0xEA, 0x67, 0xEA, 0x67, 0xEA, 0x67, 0xEA, 0x67, 0xEA,
    0x67, 0xEA, 0x67, 0xEA, 0x67, 0xEA, 0x67, 0xEA, 0x67, 0xEA, 0x67, 0xEA, 0x67, 0xEA, 0x67, 0xEA,
    0x67, 0xEA, 0x67, 0xEA, 0x67, 0xEA, 0x67, 0xEA, 0x67, 0xEA, 0x67, 0xEA, 0x67, 0xEA, 0x67, 0xEA,
    0x67, 0xEA, 0x67, 0xEA, 0x67, 0xEA, 0x67, 0xEA, 0x67, 0xEA, 0x67, 0xEA, 0x67, 0xEA, 0x67, 0xEA,
    0x67, 0xEA, 0x67, 0xEA, 0x67, 0xEA, 0x67, 0xEA, 0x67, 0xEA, 0x67, 0xEA, 0x67, 0xEA, 0x67, 0xEA,
    0x67, 0xEA, 0x67, 0xEA, 0x67, 0xEA, 0x67, 0xEA, 0x67, 0xEA, 0x67, 0xEA, 0x67, 0xEA, 0x67, 0xEA,
    0x67, 0xEA, 0x67, 0xEA, 0x67, 0xEA, 0x67, 0xEA, 0x67, 0xEA, 0x67, 0xEA, 0x67, 0xEA, 0x67, 0xEA,
    0x67, 0xEA, 0x67, 0xEA, 0x67, 0xEA, 0x67, 0xEA, 0x67, 0xEA, 0x67, 0xEA, 0x67, 0xEA, 0x67, 0xEA,
    0x67, 0xEA, 0x67, 0xEA, 0x67, 0xEA, 0x67, 0xEA, 0x67, 0xEA, 0x67, 0xEA, 0x67, 0xEA, 0x67, 0xEA,
    0x67, 0xEA, 0x67, 0xEA, 0x67, 0xEA, 0x67, 0xEA, 0x67, 0xEA, 0x67, 0xEA, 0x47, 0xE2, 0x67, 0xF2,
    0xE3, 0x40, 0x42, 0x00, 0x62, 0x08, 0x62, 0x08, 0x62, 0x08, 0x62, 0x08, 0x62, 0x08, 0x62, 0x08,
    0x62, 0x08, 0x62, 0x08, 0x62, 0x08, 0x62, 0x08, 0x62, 0x08, 0x62, 0x08, 0x62, 0x08, 0x62, 0x08,
    0x62, 0x08, 0x62, 0x08, 0x62, 0x08, 0x62, 0x08, 0x62, 0x08, 0x62, 0x08, 0x62, 0x08, 0x62, 0x08,
    0x62, 0x08, 0x62, 0x08, 0x62, 0x08, 0x62, 0x08, 0x62, 0x08, 0x62, 0x08, 0x62, 0x08, 0x62, 0x08,
    0x62, 0x08, 0x62, 0x08, 0x62, 0x08, 0x62, 0x08, 0x62, 0x08, 0x62, 0x08, 0x62, 0x08, 0x62, 0x08,
    0x62, 0x08, 0x62, 0x08, 0x62, 0x08, 0x62, 0x08, 0x62, 0x08, 0x62, 0x08, 0x62, 0x08, 0x62, 0x08,
    0x62, 0x08, 0x62, 0x08, 0x62, 0x08, 0x62, 0x08, 0x62, 0x08, 0x62, 0x08, 0x62, 0x08, 0x62, 0x08,
    0x62, 0x08, 0x62, 0x08, 0x62, 0x08, 0x62, 0x08, 0x62, 0x08, 0x62, 0x08, 0x62, 0x08, 0x62, 0x08,
    0x62, 0x08, 0x62, 0x08, 0x82, 0x08, 0x82, 0x08, 0x82, 0x08, 0x82, 0x08, 0x82, 0x08, 0x82, 0x08,
    0x82, 0x08, 0x82, 0x08, 0x82, 0x08, 0x83, 0x08, 0x83, 0x08, 0x83, 0x08, 0x83, 0x08, 0x83, 0x08,
    0x83, 0x08, 0x83, 0x08, 0x83, 0x08, 0x83, 0x08, 0xA3, 0x08, 0xA3, 0x08, 0xA3, 0x08, 0xA3, 0x08,
    0xA3, 0x08, 0xA3, 0x08, 0xA3, 0x08, 0xA3, 0x08, 0xA3, 0x08, 0xA3, 0x08, 0xA3, 0x08, 0xA3, 0x08,
    0xC3, 0x08, 0xC3, 0x08, 0xC3, 0x08, 0xC3, 0x08, 0xC4, 0x08, 0xC4, 0x08, 0xC4, 0x08, 0xC4, 0x08,
    0xC4, 0x08, 0xC4, 0x08, 0xE4, 0x08, 0xE4, 0x08, 0xE4, 0x08, 0xE4, 0x08, 0xE4, 0x08, 0xE4, 0x08,
    0xE4, 0x08, 0xE4, 0x08, 0xE4, 0x08, 0x04, 0x09, 0x04, 0x09, 0x05, 0x09, 0x05, 0x09, 0x05, 0x09,
    0x05, 0x09, 0x05, 0x09, 0x05, 0x09, 0x25, 0x09, 0x25, 0x09, 0x25, 0x09, 0x25, 0x09, 0x25, 0x09,
    0x25, 0x09, 0x25, 0x09, 0x45, 0x09, 0x45, 0x09, 0x46, 0x09, 0x46, 0x09, 0x46, 0x09, 0x46, 0x09,
    0x46, 0x09, 0x66, 0x09, 0x66, 0x09, 0x66, 0x09, 0x66, 0x09, 0x66, 0x09, 0x66, 0x11, 0x66, 0x11,
    0x87, 0x11, 0x87, 0x11, 0x87, 0x11, 0x87, 0x11, 0x87, 0x11, 0x87, 0x11, 0xA7, 0x11, 0xA7, 0x11,
    0xA7, 0x11, 0xA7, 0x11, 0xA7, 0x11, 0xA7, 0x11, 0xA8, 0x11, 0xC8, 0x11, 0xC8, 0x11, 0xC8, 0x11,
    0xC8, 0x11, 0xC8, 0x11, 0xC8, 0x11, 0xE8, 0x11, 0xE8, 0x11, 0xE8, 0x11, 0xE8, 0x11, 0xE8, 0x11,
    0xE8, 0x11, 0xE9, 0x11, 0xE9, 0x11, 0x09, 0x12, 0x09, 0x12, 0x09, 0x12, 0x09, 0x12, 0x09, 0x12,
    0x09, 0x12, 0x09, 0x12, 0x09, 0x12, 0x09, 0x12, 0x29, 0x12, 0x29, 0x12, 0x29, 0x12, 0x29, 0x12,
    0x29, 0x12, 0x29, 0x12, 0x29, 0x12, 0x29, 0x12, 0x29, 0x12, 0x29, 0x12, 0x29, 0x12, 0x29, 0x12,
    0x29, 0x12, 0x29, 0x12, 0x29, 0x12, 0x29, 0x12, 0x29, 0x12, 0x29, 0x12, 0x29, 0x12, 0x29, 0x12,
    0x29, 0x12, 0x09, 0x12, 0x09, 0x12, 0x09, 0x12, 0x09, 0x12, 0x09, 0x12, 0x09, 0x12, 0x09, 0x12,
    0x09, 0x12, 0x09, 0x12, 0xE9, 0x09, 0x08, 0x42, 0x67, 0xF2, 0x67, 0xE2, 0x67, 0xE2, 0x67, 0xEA,
    0x67, 0xEA, 0x67, 0xEA, 0x67, 0xEA, 0x67, 0xEA, 0x67, 0xEA, 0x67, 0xEA, 0x67, 0xEA, 0x67, 0xEA,
    0x67, 0xEA, 0x67, 0xEA, 0x67, 0xEA, 0x67, 0xEA, 0x67, 0xEA, 0x67, 0xEA, 0x67, 0xEA, 0x67, 0xEA,
    0x67, 0xEA, 0x67, 0xEA, 0x67, 0xEA, 0x67, 0xEA, 0x67, 0xEA, 0x67, 0xEA, 0x67, 0xEA, 0x67, 0xEA,
    0x67, 0xEA, 0x67, 0xEA, 0x67, 0xEA, 0x67, 0xEA, 0x67, 0xEA, 0x67, 0xEA, 0x67, 0xEA, 0x67, 0xEA,
    0x67, 0xEA, 0x67, 0xEA, 0x67, 0xEA, 0x67, 0xEA, 0x67, 0xEA, 0x67, 0xEA, 0x67, 0xEA, 0x67, 0xEA,
    0x67, 0xEA, 0x67, 0xEA, 0x67, 0xEA, 0x67, 0xEA, 0x67, 0xEA, 0x67, 0xEA, 0x67, 0xEA, 0x67, 0xEA,
    0x67, 0xEA, 0x67, 0xEA, 0x67, 0xEA, 0x67, 0xEA, 0x67, 0xEA, 0x67, 0xEA, 0x67, 0xEA, 0x67, 0xEA,
    0x67, 0xEA, 0x67, 0xEA, 0x67, 0xEA, 0x67, 0xEA, 0x67, 0xEA, 0x67, 0xEA, 0x67, 0xEA, 0x67, 0xEA,
    0x67, 0xEA, 0x67, 0xEA, 0x67, 0xEA, 0x67, 0xEA, 0x67, 0xEA, 0x67, 0xEA, 0x67, 0xEA, 0x67, 0xEA,
    0x67, 0xEA, 0x67, 0xEA, 0x67, 0xEA, 0x67, 0xEA, 0x67, 0xEA, 0x67, 0xEA, 0x67, 0xEA, 0x67, 0xEA,
    0x67, 0xEA, 0x67, 0xEA, 0x67, 0xEA, 0x67, 0xEA, 0x67, 0xEA, 0x67, 0xEA, 0x67, 0xEA, 0x67, 0xEA,
    0x67, 0xEA, 0x67, 0xEA, 0x67, 0xEA, 0x67, 0xEA, 0x67, 0xEA, 0x67, 0xEA, 0x67, 0xEA, 0x67, 0xEA,
    0x67, 0xEA, 0x67, 0xEA, 0x67, 0xEA, 0x67, 0xEA, 0x67, 0xEA, 0x67, 0xEA, 0x67, 0xEA, 0x67, 0xEA,
    0x67, 0xEA, 0x67, 0xEA, 0x67, 0xEA, 0x67, 0xEA, 0x67, 0xEA, 0x67, 0xEA, 0x67, 0xEA, 0x67, 0xEA,
    0x67, 0xEA, 0x67, 0xEA, 0x67, 0xEA, 0x67, 0xEA, 0x67, 0xEA, 0x67, 0xEA, 0x67, 0xEA, 0x67, 0xEA,
    0x67, 0xEA, 0x47, 0xE2, 0x67, 0xEA, 0x27, 0xD2, 0x82, 0x10, 0x62, 0x00, 0x62, 0x08, 0x62, 0x08,
    0x62, 0x08, 0x62, 0x08, 0x62, 0x08, 0x62, 0x08, 0x62, 0x08, 0x62, 0x08, 0x62, 0x08, 0x62, 0x08,
    0x62, 0x08, 0x62, 0x08, 0x62, 0x08, 0x62, 0x08, 0x62, 0x08, 0x62, 0x08, 0x62, 0x08, 0x62, 0x08,
    0x62, 0x08, 0x62, 0x08, 0x62, 0x08, 0x62, 0x08, 0x62, 0x08, 0x62, 0x08, 0x62, 0x08, 0x62, 0x08,
    0x62, 0x08, 0x62, 0x08, 0x62, 0x08, 0x62, 0x08, 0x62, 0x08, 0x62, 0x08, 0x62, 0x08, 0x62, 0x08,
    0x62, 0x08, 0x62, 0x08, 0x62, 0x08, 0x62, 0x08, 0x62, 0x08, 0x62, 0x08, 0x62, 0x08, 0x62, 0x08,
    0x62, 0x08, 0x62, 0x08, 0x62, 0x08, 0x62, 0x08, 0x62, 0x08, 0x62, 0x08, 0x62, 0x08, 0x62, 0x08,
    0x62, 0x08, 0x62, 0x08, 0x62, 0x08, 0x62, 0x08, 0x62, 0x08, 0x62, 0x08, 0x62, 0x08, 0x62, 0x08,
    0x62, 0x08, 0x62, 0x08, 0x62, 0x08, 0x62, 0x08, 0x62, 0x08, 0x62, 0x08, 0x82, 0x08, 0x82, 0x08,
    0x82, 0x08, 0x82, 0x08, 0x82, 0x08, 0x82, 0x08, 0x82, 0x08, 0x82, 0x08, 0x82, 0x08, 0x82, 0x08,
    0x83, 0x08, 0x83, 0x08, 0x83, 0x08, 0x83, 0x08, 0x83, 0x08, 0x83, 0x08, 0x83, 0x08, 0x83, 0x08,
    0xA3, 0x08, 0xA3, 0x08, 0xA3, 0x08, 0xA3, 0x08, 0xA3, 0x08, 0xA3, 0x08, 0xA3, 0x08, 0xA3, 0x08,
    0xA3, 0x08, 0xA3, 0x08, 0xA3, 0x08, 0xA3, 0x08, 0xC3, 0x08, 0xC3, 0x08, 0xC3, 0x08, 0xC3, 0x08,
    0xC4, 0x08, 0xC4, 0x08, 0xC4, 0x08, 0xC4, 0x08, 0xC4, 0x08, 0xC4, 0x08, 0xC4, 0x08, 0xE4, 0x08,
    0xE4, 0x08, 0xE4, 0x08, 0xE4, 0x08, 0xE4, 0x08, 0xE4, 0x08, 0xE4, 0x08, 0xE4, 0x08, 0x04, 0x09,
    0x04, 0x09, 0x04, 0x09, 0x05, 0x09, 0x05, 0x09, 0x05, 0x09, 0x05, 0x09, 0x05, 0x09, 0x25, 0x09,
    0x25, 0x09, 0x25, 0x09, 0x25, 0x09, 0x25, 0x09, 0x25, 0x09, 0x25, 0x09, 0x25, 0x09, 0x45, 0x09,
    0x46, 0x09, 0x46, 0x09, 0x46, 0x09, 0x46, 0x09, 0x46, 0x09, 0x46, 0x09, 0x66, 0x09, 0x66, 0x09,
    0x66, 0x09, 0x66, 0x09, 0x66, 0x11, 0x66, 0x11, 0x66, 0x11, 0x87, 0x11, 0x87, 0x11, 0x87, 0x11,
    0x87, 0x11, 0x87, 0x11, 0x87, 0x11, 0xA7, 0x11, 0xA7, 0x11, 0xA7, 0x11, 0xA7, 0x11, 0xA7, 0x11,
    0xA7, 0x11, 0xA8, 0x11, 0xC8, 0x11, 0xC8, 0x11, 0xC8, 0x11, 0xC8, 0x11, 0xC8, 0x11, 0xC8, 0x11,
    0xE8, 0x11, 0xE8, 0x11, 0xE8, 0x11, 0xE8, 0x11, 0xE8, 0x11, 0xE8, 0x11, 0xE8, 0x11, 0xE9, 0x11,
    0x09, 0x12, 0x09, 0x12, 0x09, 0x12, 0x09, 0x12, 0x09, 0x12, 0x09, 0x12, 0x09, 0x12, 0x09, 0x12,
    0x09, 0x12, 0x09, 0x12, 0x09, 0x12, 0x29, 0x12, 0x29, 0x12, 0x29, 0x12, 0x29, 0x12, 0x29, 0x12,
    0x29, 0x12, 0x29, 0x12, 0x29, 0x12, 0x29, 0x12, 0x29, 0x12, 0x29, 0x12, 0x29, 0x12, 0x29, 0x12,
    0x29, 0x12, 0x29, 0x12, 0x09, 0x12, 0x09, 0x12, 0x09, 0x12, 0x09, 0x12, 0x09, 0x12, 0x09, 0x12,
    0x09, 0x12, 0x09, 0x12, 0x09, 0x12, 0x09, 0x12, 0xE9, 0x11, 0xE8, 0x11, 0xE8, 0x11, 0xE8, 0x09,
    0x28, 0xA2, 0x67, 0xFA, 0x67, 0xEA, 0x67, 0xE2, 0x67, 0xE2, 0x67, 0xE2, 0x67, 0xE2, 0x67, 0xE2,
    0x67, 0xE2, 0x67, 0xE2, 0x67, 0xE2, 0x67, 0xE2, 0x67, 0xE2, 0x67, 0xE2, 0x67, 0xE2, 0x67, 0xE2,
    0x67, 0xE2, 0x67, 0xE2, 0x67, 0xE2, 0x67, 0xE2, 0x67, 0xE2, 0x67, 0xE2, 0x67, 0xE2, 0x67, 0xE2,
    0x67, 0xE2, 0x67, 0xE2, 0x67, 0xE2, 0x67, 0xE2, 0x67, 0xE2, 0x67, 0xE2, 0x67, 0xE2, 0x67, 0xE2,
    0x67, 0xE2, 0x67, 0xE2, 0x67, 0xE2, 0x67, 0xE2, 0x67, 0xE2, 0x67, 0xE2, 0x67, 0xE2, 0x67, 0xE2,
    0x67, 0xE2, 0x67, 0xE2, 0x67, 0xE2, 0x67, 0xE2, 0x67, 0xE2, 0x67, 0xE2, 0x67, 0xE2, 0x67, 0xE2,
    0x67, 0xE2, 0x67, 0xE2, 0x67, 0xE2, 0x67, 0xE2, 0x67, 0xE2, 0x67, 0xE2, 0x67, 0xE2, 0x67, 0xE2,
    0x67, 0xE2, 0x67, 0xE2, 0x67, 0xE2, 0x67, 0xE2, 0x67, 0xE2, 0x67, 0xE2, 0x67, 0xE2, 0x67, 0xE2,
    0x67, 0xE2, 0x67, 0xE2, 0x67, 0xE2, 0x67, 0xE2, 0x67, 0xE2, 0x67, 0xE2, 0x67, 0xE2, 0x67, 0xE2,
    0x67, 0xE2, 0x67, 0xE2, 0x47, 0xE2, 0x47, 0xE2, 0x47, 0xE2, 0x47, 0xE2, 0x47, 0xE2, 0x47, 0xE2,
    0x47, 0xE2, 0x47, 0xE2, 0x47, 0xE2, 0x47, 0xE2, 0x47, 0xE2, 0x47, 0xE2, 0x47, 0xE2, 0x47, 0xE2,
    0x47, 0xE2, 0x47, 0xE2, 0x47, 0xE2, 0x47, 0xE2, 0x47, 0xE2, 0x47, 0xE2, 0x47, 0xE2, 0x47, 0xE2,
    0x47, 0xE2, 0x47, 0xE2, 0x47, 0xE2, 0x47, 0xE2, 0x47, 0xE2, 0x47, 0xE2, 0x47, 0xE2, 0x47, 0xE2,
    0x47, 0xE2, 0x47, 0xE2, 0x47, 0xE2, 0x47, 0xE2, 0x47, 0xE2, 0x47, 0xE2, 0x47, 0xE2, 0x47, 0xE2,
    0x47, 0xE2, 0x47, 0xE2, 0x47, 0xE2, 0x47, 0xE2, 0x47, 0xE2, 0x47, 0xE2, 0x47, 0xE2, 0x47, 0xE2,
    0x47, 0xE2, 0x47, 0xE2, 0x47, 0xE2, 0x47, 0xE2, 0x47, 0xE2, 0x67, 0xEA, 0x88, 0xFA, 0x44, 0x61,
    0x42, 0x00, 0x62, 0x08, 0x62, 0x08, 0x62, 0x08, 0x62, 0x08, 0x62, 0x08, 0x62, 0x08, 0x62, 0x08,
    0x62, 0x08, 0x62, 0x08, 0x62, 0x08, 0x62, 0x08, 0x62, 0x08, 0x62, 0x08, 0x62, 0x08, 0x62, 0x08,
    0x62, 0x08, 0x62, 0x08, 0x62, 0x08, 0x62, 0x08, 0x62, 0x08, 0x62, 0x08, 0x62, 0x08, 0x62, 0x08,
    0x62, 0x08, 0x62, 0x08, 0x62, 0x08, 0x62, 0x08, 0x62, 0x08, 0x62, 0x08, 0x62, 0x08, 0x62, 0x08,
    0x62, 0x08, 0x62, 0x08, 0x62, 0x08, 0x62, 0x08, 0x62, 0x08, 0x62, 0x08, 0x62, 0x08, 0x62, 0x08,
    0x62, 0x08, 0x62, 0x08, 0x62, 0x08, 0x62, 0x08, 0x62, 0x08, 0x62, 0x08, 0x62, 0x08, 0x62, 0x08,
    0x62, 0x08, 0x62, 0x08, 0x62, 0x08, 0x62, 0x08, 0x62, 0x08, 0x62, 0x08, 0x62, 0x08, 0x62, 0x08,
    0x62, 0x08, 0x62, 0x08, 0x62, 0x08, 0x62, 0x08, 0x62, 0x08, 0x62, 0x08, 0x62, 0x08, 0x62, 0x08,
    0x62, 0x08, 0x62, 0x08, 0x62, 0x08, 0x82, 0x08, 0x82, 0x08, 0x82, 0x08, 0x82, 0x08, 0x82, 0x08,
    0x82, 0x08, 0x82, 0x08, 0x82, 0x08, 0x82, 0x08, 0x83, 0x08, 0x83, 0x08, 0x83, 0x08, 0x83, 0x08,
    0x83, 0x08, 0x83, 0x08, 0x83, 0x08, 0x83, 0x08, 0xA3, 0x08, 0xA3, 0x08, 0xA3, 0x08, 0xA3, 0x08,
    0xA3, 0x08, 0xA3, 0x08, 0xA3, 0x08, 0xA3, 0x08, 0xA3, 0x08, 0xA3, 0x08, 0xA3, 0x08, 0xA3, 0x08,
    0xA3, 0x08, 0xC3, 0x08, 0xC3, 0x08, 0xC3, 0x08, 0xC4, 0x08, 0xC4, 0x08, 0xC4, 0x08, 0xC4, 0x08,
    0xC4, 0x08, 0xC4, 0x08, 0xC4, 0x08, 0xE4, 0x08, 0xE4, 0x08, 0xE4, 0x08, 0xE4, 0x08, 0xE4, 0x08,
    0xE4, 0x08, 0xE4, 0x08, 0xE4, 0x08, 0xE4, 0x08, 0x04, 0x09, 0x04, 0x09, 0x05, 0x09, 0x05, 0x09,
    0x05, 0x09, 0x05, 0x09, 0x05, 0x09, 0x05, 0x09, 0x25, 0x09, 0x25, 0x09, 0x25, 0x09, 0x25, 0x09,
    0x25, 0x09, 0x25, 0x09, 0x25, 0x09, 0x45, 0x09, 0x46, 0x09, 0x46, 0x09, 0x46, 0x09, 0x46, 0x09,
    0x46, 0x09, 0x46, 0x09, 0x66, 0x09, 0x66, 0x09, 0x66, 0x09, 0x66, 0x09, 0x66, 0x09, 0x66, 0x11,
    0x66, 0x11, 0x86, 0x11, 0x87, 0x11, 0x87, 0x11, 0x87, 0x11, 0x87, 0x11, 0x87, 0x11, 0x87, 0x11,
    0xA7, 0x11, 0xA7, 0x11, 0xA7, 0x11, 0xA7, 0x11, 0xA7, 0x11, 0xA7, 0x11, 0xC7, 0x11, 0xC8, 0x11,
    0xC8, 0x11, 0xC8, 0x11, 0xC8, 0x11, 0xC8, 0x11, 0xC8, 0x11, 0xC8, 0x11, 0xE8, 0x11, 0xE8, 0x11,
    0xE8, 0x11, 0xE8, 0x11, 0xE8, 0x11, 0xE8, 0x11, 0xE9, 0x11, 0x09, 0x12, 0x09, 0x12, 0x09, 0x12,
    0x09, 0x12, 0x09, 0x12, 0x09, 0x12, 0x09, 0x12, 0x09, 0x12, 0x09, 0x12, 0x09, 0x12, 0x09, 0x12,
    0x09, 0x12, 0x09, 0x12, 0x09, 0x12, 0x29, 0x12, 0x29, 0x12, 0x29, 0x12, 0x29, 0x12, 0x29, 0x12,
    0x29, 0x12, 0x09, 0x12, 0x09, 0x12, 0x09, 0x12, 0x09, 0x12, 0x09, 0x12, 0x09, 0x12, 0x09, 0x12,
    0x09, 0x12, 0x09, 0x12, 0x09, 0x12, 0x09, 0x12, 0x09, 0x12, 0x09, 0x12, 0xE9, 0x11, 0xE8, 0x11,
    0xE8, 0x11, 0xE8, 0x11, 0xE8, 0x11, 0xE8, 0x09, 0xE8, 0x11, 0x27, 0x8A, 0x67, 0xE2, 0x67, 0xF2,
    0x67, 0xF2, 0x67, 0xF2, 0x67, 0xF2, 0x67, 0xF2, 0x67, 0xF2, 0x67, 0xF2, 0x67, 0xF2, 0x67, 0xF2,
    0x67, 0xF2, 0x67, 0xF2, 0x67, 0xF2, 0x67, 0xF2, 0x67, 0xF2, 0x67, 0xF2, 0x67, 0xF2, 0x67, 0xF2,
    0x67, 0xF2, 0x67, 0xF2, 0x67, 0xF2, 0x67, 0xF2, 0x67, 0xF2, 0x67, 0xF2, 0x67, 0xF2, 0x67, 0xF2,
    0x67, 0xF2, 0x67, 0xF2, 0x67, 0xF2, 0x67, 0xF2, 0x67, 0xF2, 0x67, 0xF2, 0x67, 0xF2, 0x67, 0xF2,
    0x67, 0xF2, 0x67, 0xF2, 0x67, 0xF2, 0x67, 0xF2, 0x67, 0xF2, 0x67, 0xF2, 0x67, 0xF2, 0x67, 0xF2,
    0x67, 0xF2, 0x67, 0xF2, 0x67, 0xF2, 0x67, 0xF2, 0x67, 0xF2, 0x67, 0xF2, 0x67, 0xF2, 0x67, 0xF2,
    0x67, 0xF2, 0x67, 0xF2, 0x67, 0xF2, 0x67, 0xF2, 0x67, 0xF2, 0x67, 0xF2, 0x67, 0xF2, 0x67, 0xF2,
    0x67, 0xF2, 0x67, 0xF2, 0x67, 0xF2, 0x67, 0xF2, 0x67, 0xF2, 0x67, 0xF2, 0x67, 0xF2, 0x67, 0xF2,
    0x67, 0xF2, 0x67, 0xF2, 0x67, 0xF2, 0x67, 0xF2, 0x67, 0xF2, 0x67, 0xF2, 0x67, 0xF2, 0x67, 0xF2,
    0x67, 0xF2, 0x67, 0xF2, 0x67, 0xF2, 0x67, 0xF2, 0x67, 0xF2, 0x67, 0xF2, 0x67, 0xF2, 0x67, 0xF2,
    0x67, 0xF2, 0x67, 0xF2, 0x67, 0xF2, 0x67, 0xF2, 0x67, 0xF2, 0x67, 0xF2, 0x67, 0xF2, 0x67, 0xF2,
    0x67, 0xF2, 0x67, 0xF2, 0x67, 0xF2, 0x67, 0xF2, 0x67, 0xF2, 0x67, 0xF2, 0x67, 0xF2, 0x67, 0xF2,
    0x67, 0xF2, 0x67, 0xF2, 0x67, 0xF2, 0x67, 0xF2, 0x67, 0xF2, 0x67, 0xF2, 0x67, 0xF2, 0x67, 0xF2,
    0x67, 0xF2, 0x67, 0xF2, 0x67, 0xF2, 0x67, 0xF2, 0x67, 0xF2, 0x67, 0xF2, 0x67, 0xF2, 0x67, 0xF2,
    0x67, 0xF2, 0x67, 0xF2, 0x67, 0xF2, 0x67, 0xF2, 0x67, 0xF2, 0x67, 0xF2, 0x67, 0xF2, 0x67, 0xF2,
    0x67, 0xF2, 0x27, 0xDA, 0x44, 0x61, 0x62, 0x00, 0x62, 0x08, 0x62, 0x08, 0x62, 0x08, 0x62, 0x08,
    0x62, 0x08, 0x62, 0x08, 0x62, 0x08, 0x62, 0x08, 0x62, 0x08, 0x62, 0x08, 0x62, 0x08, 0x62, 0x08,
    0x62, 0x08, 0x62, 0x08, 0x62, 0x08, 0x62, 0x08, 0x62, 0x08, 0x62, 0x08, 0x62, 0x08, 0x62, 0x08,
    0x62, 0x08, 0x62, 0x08, 0x62, 0x08, 0x62, 0x08, 0x62, 0x08, 0x62, 0x08, 0x62, 0x08, 0x62, 0x08,
    0x62, 0x08, 0x62, 0x08, 0x62, 0x08, 0x62, 0x08, 0x62, 0x08, 0x62, 0x08, 0x62, 0x08, 0x62, 0x08,
    0x62, 0x08, 0x62, 0x08, 0x62, 0x08, 0x62, 0x08, 0x62, 0x08, 0x62, 0x08, 0x62, 0x08, 0x62, 0x08,
    0x62, 0x08, 0x62, 0x08, 0x62, 0x08, 0x62, 0x08, 0x62, 0x08, 0x62, 0x08, 0x62, 0x08, 0x62, 0x08,
    0x62, 0x08, 0x62, 0x08, 0x62, 0x08, 0x62, 0x08, 0x62, 0x08, 0x62, 0x08, 0x62, 0x08, 0x62, 0x08,
    0x62, 0x08, 0x62, 0x08, 0x62, 0x08, 0x62, 0x08, 0x62, 0x08, 0x62, 0x08, 0x62, 0x08, 0x82, 0x08,
    0x82, 0x08, 0x82, 0x08, 0x82, 0x08, 0x82, 0x08, 0x82, 0x08, 0x82, 0x08, 0x82, 0x08, 0x82, 0x08,
    0x83, 0x08, 0x83, 0x08, 0x83, 0x08, 0x83, 0x08, 0x83, 0x08, 0x83, 0x08, 0x83, 0x08, 0x83, 0x08,
    0x83, 0x08, 0xA3, 0x08, 0xA3, 0x08, 0xA3, 0x08, 0xA3, 0x08, 0xA3, 0x08, 0xA3, 0x08, 0xA3, 0x08,
    0xA3, 0x08, 0xA3, 0x08, 0xA3, 0x08, 0xA3, 0x08, 0xA3, 0x08, 0xC3, 0x08, 0xC3, 0x08, 0xC3, 0x08,
    0xC3, 0x08, 0xC4, 0x08, 0xC4, 0x08, 0xC4, 0x08, 0xC4, 0x08, 0xC4, 0x08, 0xC4, 0x08, 0xE4, 0x08,
    0xE4, 0x08, 0xE4, 0x08, 0xE4, 0x08, 0xE4, 0x08, 0xE4, 0x08, 0xE4, 0x08, 0xE4, 0x08, 0xE4, 0x08,
    0x04, 0x09, 0x04, 0x09, 0x05, 0x09, 0x05, 0x09, 0x05, 0x09, 0x05, 0x09, 0x05, 0x09, 0x05, 0x09,
    0x25, 0x09, 0x25, 0x09, 0x25, 0x09, 0x25, 0x09, 0x25, 0x09, 0x25, 0x09, 0x25, 0x09, 0x25, 0x09,
    0x45, 0x09, 0x46, 0x09, 0x46, 0x09, 0x46, 0x09, 0x46, 0x09, 0x46, 0x09, 0x46, 0x09, 0x66, 0x09,
    0x66, 0x09, 0x66, 0x09, 0x66, 0x09, 0x66, 0x11, 0x66, 0x11, 0x66, 0x11, 0x87, 0x11, 0x87, 0x11,
    0x87, 0x11, 0x87, 0x11, 0x87, 0x11, 0x87, 0x11, 0x87, 0x11, 0xA7, 0x11, 0xA7, 0x11, 0xA7, 0x11,
    0xA7, 0x11, 0xA7, 0x11, 0xA7, 0x11, 0xC8, 0x11, 0xC8, 0x11, 0xC8, 0x11, 0xC8, 0x11, 0xC8, 0x11,
    0xC8, 0x11, 0xC8, 0x11, 0xE8, 0x11, 0xE8, 0x11, 0xE8, 0x11, 0xE8, 0x11, 0xE8, 0x11, 0xE8, 0x11,
    0xE8, 0x11, 0xE8, 0x11, 0xE8, 0x11, 0x09, 0x12, 0x09, 0x12, 0x09, 0x12, 0x09, 0x12, 0x09, 0x12,
    0x09, 0x12, 0x09, 0x12, 0x09, 0x12, 0x09, 0x12, 0x09, 0x12, 0x09, 0x12, 0x09, 0x12, 0x09, 0x12,
    0x09, 0x12, 0x09, 0x12, 0x09, 0x12, 0x09, 0x12, 0x09, 0x12, 0x09, 0x12, 0x09, 0x12, 0x09, 0x12,
    0x09, 0x12, 0x09, 0x12, 0x09, 0x12, 0x09, 0x12, 0x09, 0x12, 0x09, 0x12, 0x09, 0x12, 0x09, 0x12,
    0x09, 0x12, 0xE9, 0x11, 0xE8, 0x11, 0xE8, 0x11, 0xE8, 0x11, 0xE8, 0x11, 0xE8, 0x11, 0xE8, 0x11,
    0xE8, 0x09, 0xC8, 0x01, 0xE8, 0x29, 0xE8, 0x49, 0xE8, 0x49, 0xE8, 0x49, 0xE8, 0x49, 0xE7, 0x49,
    0xE7, 0x49, 0xE7, 0x49, 0xE7, 0x49, 0xE7, 0x49, 0xC7, 0x49, 0xC7, 0x49, 0xC7, 0x49, 0xC7, 0x49,
    0xC7, 0x41, 0xC7, 0x41, 0xC7, 0x41, 0xC7, 0x41, 0xC7, 0x41, 0xA7, 0x41, 0xA7, 0x41, 0xA7, 0x41,
    0xA7, 0x41, 0xA6, 0x41, 0xA6, 0x41, 0xA6, 0x41, 0xA6, 0x41, 0xA6, 0x41, 0x86, 0x41, 0x86, 0x41,
    0x86, 0x41, 0x86, 0x41, 0x86, 0x41, 0x86, 0x41, 0x86, 0x41, 0x86, 0x41, 0x86, 0x41, 0x86, 0x41,
    0x66, 0x41, 0x66, 0x41, 0x66, 0x41, 0x65, 0x41, 0x65, 0x41, 0x65, 0x41, 0x65, 0x41, 0x65, 0x41,
    0x65, 0x41, 0x65, 0x41, 0x45, 0x41, 0x45, 0x41, 0x45, 0x41, 0x45, 0x41, 0x45, 0x41, 0x45, 0x41,
    0x45, 0x41, 0x45, 0x41, 0x45, 0x41, 0x45, 0x41, 0x45, 0x41, 0x45, 0x41, 0x45, 0x41, 0x25, 0x41,
    0x25, 0x41, 0x24, 0x41, 0x24, 0x41, 0x24, 0x41, 0x24, 0x41, 0x24, 0x41, 0x24, 0x41, 0x24, 0x41,
    0x24, 0x41, 0x24, 0x41, 0x24, 0x41, 0x24, 0x41, 0x24, 0x41, 0x04, 0x41, 0x04, 0x41, 0x04, 0x41,
    0x04, 0x41, 0x04, 0x41, 0x04, 0x41, 0x04, 0x41, 0x04, 0x41, 0x04, 0x41, 0x04, 0x41, 0x04, 0x41,
    0x04, 0x41, 0x04, 0x41, 0x04, 0x41, 0x04, 0x41, 0x04, 0x41, 0x04, 0x41, 0x04, 0x41, 0x04, 0x41,
    0xE4, 0x40, 0xE4, 0x40, 0xE4, 0x40, 0xE4, 0x40, 0xE4, 0x40, 0xE4, 0x40, 0xE3, 0x40, 0xE3, 0x40,
    0xE3, 0x40, 0xE3, 0x40, 0xE3, 0x40, 0xE3, 0x40, 0xE3, 0x40, 0xE3, 0x40, 0xE3, 0x40, 0xE3, 0x40,
    0xE3, 0x40, 0xE3, 0x40, 0xE3, 0x40, 0xE3, 0x40, 0xE3, 0x40, 0xE3, 0x40, 0xE3, 0x40, 0xE3, 0x40,
    0xE3, 0x40, 0xE3, 0x40, 0xE3, 0x40, 0xE3, 0x40, 0xE3, 0x40, 0x82, 0x10, 0x42, 0x00, 0x62, 0x08,
    0x62, 0x08, 0x62, 0x08, 0x62, 0x08, 0x62, 0x08, 0x62, 0x08, 0x62, 0x08, 0x62, 0x08, 0x62, 0x08,
    0x62, 0x08, 0x62, 0x08, 0x62, 0x08, 0x62, 0x08, 0x62, 0x08, 0x62, 0x08, 0x62, 0x08, 0x62, 0x08,
    0x62, 0x08, 0x62, 0x08, 0x62, 0x08, 0x62, 0x08, 0x62, 0x08, 0x62, 0x08, 0x62, 0x08, 0x62, 0x08,
    0x62, 0x08, 0x62, 0x08, 0x62, 0x08, 0x62, 0x08, 0x62, 0x08, 0x62, 0x08, 0x62, 0x08, 0x62, 0x08,
    0x62, 0x08, 0x62, 0x08, 0x62, 0x08, 0x62, 0x08, 0x62, 0x08, 0x62, 0x08, 0x62, 0x08, 0x62, 0x08,
    0x62, 0x08, 0x62, 0x08, 0x62, 0x08, 0x62, 0x08, 0x62, 0x08, 0x62, 0x08, 0x62, 0x08, 0x62, 0x08,
    0x62, 0x08, 0x62, 0x08, 0x62, 0x08, 0x62, 0x08, 0x62, 0x08, 0x62, 0x08, 0x62, 0x08, 0x62, 0x08,
    0x62, 0x08, 0x62, 0x08, 0x62, 0x08, 0x62, 0x08, 0x62, 0x08, 0x62, 0x08, 0x62, 0x08, 0x62, 0x08,
    0x62, 0x08, 0x62, 0x08, 0x62, 0x08, 0x82, 0x08, 0x82, 0x08, 0x82, 0x08, 0x82, 0x08, 0x82, 0x08,
    0x82, 0x08, 0x82, 0x08, 0x82, 0x08, 0x82, 0x08, 0x83, 0x08, 0x83, 0x08, 0x83, 0x08, 0x83, 0x08,
    0x83, 0x08, 0x83, 0x08, 0x83, 0x08, 0x83, 0x08, 0x83, 0x08, 0xA3, 0x08, 0xA3, 0x08, 0xA3, 0x08,
    0xA3, 0x08, 0xA3, 0x08, 0xA3, 0x08, 0xA3, 0x08, 0xA3, 0x08, 0xA3, 0x08, 0xA3, 0x08, 0xA3, 0x08,
    0xA3, 0x08, 0xC3, 0x08, 0xC3, 0x08, 0xC3, 0x08, 0xC3, 0x08, 0xC4, 0x08, 0xC4, 0x08, 0xC4, 0x08,
    0xC4, 0x08, 0xC4, 0x08, 0xC4, 0x08, 0xC4, 0x08, 0xE4, 0x08, 0xE4, 0x08, 0xE4, 0x08, 0xE4, 0x08,
    0xE4, 0x08, 0xE4, 0x08, 0xE4, 0x08, 0xE4, 0x08, 0x04, 0x09, 0x04, 0x09, 0x04, 0x09, 0x05, 0x09,
    0x05, 0x09, 0x05, 0x09, 0x05, 0x09, 0x05, 0x09, 0x25, 0x09, 0x25, 0x09, 0x25, 0x09, 0x25, 0x09,
    0x25, 0x09, 0x25, 0x09, 0x25, 0x09, 0x25, 0x09, 0x45, 0x09, 0x46, 0x09, 0x46, 0x09, 0x46, 0x09,
    0x46, 0x09, 0x46, 0x09, 0x46, 0x09, 0x66, 0x09, 0x66, 0x09, 0x66, 0x09, 0x66, 0x09, 0x66, 0x09,
    0x66, 0x11, 0x66, 0x11, 0x86, 0x11, 0x87, 0x11, 0x87, 0x11, 0x87, 0x11, 0x87, 0x11, 0x87, 0x11,
    0x87, 0x11, 0xA7, 0x11, 0xA7, 0x11, 0xA7, 0x11, 0xA7, 0x11, 0xA7, 0x11, 0xA7, 0x11, 0xA7, 0x11,
    0xC8, 0x11, 0xC8, 0x11, 0xC8, 0x11, 0xC8, 0x11, 0xC8, 0x11, 0xC8, 0x11, 0xC8, 0x11, 0xC8, 0x11,
    0xE8, 0x11, 0xE8, 0x11, 0xE8, 0x11, 0xE8, 0x11, 0xE8, 0x11, 0xE8, 0x11, 0xE8, 0x11, 0xE8, 0x11,
    0xE9, 0x11, 0x09, 0x12, 0x09, 0x12, 0x09, 0x12, 0x09, 0x12, 0x09, 0x12, 0x09, 0x12, 0x09, 0x12,
    0x09, 0x12, 0x09, 0x12, 0x09, 0x12, 0x09, 0x12, 0x09, 0x12, 0x09, 0x12, 0x09, 0x12, 0x09, 0x12,
    0x09, 0x12, 0x09, 0x12, 0x09, 0x12, 0x09, 0x12, 0x09, 0x12, 0x09, 0x12, 0x09, 0x12, 0x09, 0x12,
    0x09, 0x12, 0x09, 0x12, 0xE9, 0x11, 0xE9, 0x11, 0xE8, 0x11, 0xE8, 0x11, 0xE8, 0x11, 0xE8, 0x11,
    0xE8, 0x11, 0xE8, 0x11, 0xE8, 0x11, 0xE8, 0x11, 0xE8, 0x11, 0xC8, 0x11, 0xC8, 0x09, 0xC8, 0x01,
    0xC8, 0x01, 0xC8, 0x01, 0xA8, 0x01, 0xA8, 0x01, 0xA7, 0x01, 0xA7, 0x01, 0xA7, 0x01, 0xA7, 0x01,
    0xA7, 0x01, 0x87, 0x01, 0x87, 0x01, 0x87, 0x01, 0x87, 0x01, 0x87, 0x01, 0x87, 0x01, 0x87, 0x01,
    0x67, 0x01, 0x66, 0x01, 0x66, 0x01, 0x66, 0x01, 0x66, 0x01, 0x66, 0x01, 0x46, 0x01, 0x46, 0x01,
    0x46, 0x01, 0x46, 0x01, 0x46, 0x01, 0x46, 0x01, 0x26, 0x01, 0x25, 0x01, 0x25, 0x01, 0x25, 0x01,
    0x25, 0x01, 0x25, 0x01, 0x25, 0x01, 0x25, 0x01, 0x05, 0x01, 0x05, 0x01, 0x05, 0x01, 0x05, 0x01,
    0x05, 0x01, 0x05, 0x01, 0x05, 0x01, 0xE4, 0x00, 0xE4, 0x00, 0xE4, 0x00, 0xE4, 0x00, 0xE4, 0x00,
    0xE4, 0x00, 0xE4, 0x00, 0xE4, 0x00, 0xE4, 0x00, 0xC4, 0x00, 0xC4, 0x00, 0xC4, 0x00, 0xC4, 0x00,
    0xC4, 0x00, 0xC4, 0x00, 0xC4, 0x00, 0xA4, 0x00, 0xA3, 0x00, 0xA3, 0x00, 0xA3, 0x00, 0xA3, 0x00,
    0xA3, 0x00, 0xA3, 0x00, 0xA3, 0x00, 0xA3, 0x00, 0xA3, 0x00, 0xA3, 0x00, 0x83, 0x00, 0x83, 0x00,
    0x83, 0x00, 0x83, 0x00, 0x83, 0x00, 0x83, 0x00, 0x83, 0x00, 0x83, 0x00, 0x83, 0x00, 0x83, 0x00,
    0x83, 0x00, 0x83, 0x00, 0x83, 0x00, 0x62, 0x00, 0x62, 0x00, 0x62, 0x00, 0x62, 0x00, 0x62, 0x00,
    0x62, 0x00, 0x62, 0x00, 0x62, 0x00, 0x62, 0x00, 0x62, 0x00, 0x62, 0x00, 0x62, 0x00, 0x62, 0x00,
    0x62, 0x00, 0x62, 0x00, 0x62, 0x00, 0x62, 0x00, 0x62, 0x00, 0x62, 0x00, 0x62, 0x00, 0x62, 0x00,
    0x42, 0x00, 0x42, 0x00, 0x42, 0x00, 0x42, 0x00, 0x42, 0x00, 0x42, 0x00, 0x42, 0x00, 0x42, 0x00,
    0x42, 0x00, 0x42, 0x00, 0x42, 0x00, 0x42, 0x00, 0x42, 0x00, 0x42, 0x00, 0x42, 0x00, 0x42, 0x00,
    0x42, 0x00, 0x62, 0x00, 0x62, 0x08, 0x62, 0x08, 0x62, 0x08, 0x62, 0x08, 0x62, 0x08, 0x62, 0x08,
    0x62, 0x08, 0x62, 0x08, 0x62, 0x08, 0x62, 0x08, 0x62, 0x08, 0x62, 0x08, 0x62, 0x08, 0x62, 0x08,
    0x62, 0x08, 0x62, 0x08, 0x62, 0x08, 0x62, 0x08, 0x62, 0x08, 0x62, 0x08, 0x62, 0x08, 0x62, 0x08,
    0x62, 0x08, 0x62, 0x08, 0x62, 0x08, 0x62, 0x08, 0x62, 0x08, 0x62, 0x08, 0x62, 0x08, 0x62, 0x08,
    0x62, 0x08, 0x62, 0x08, 0x62, 0x08, 0x62, 0x08, 0x62, 0x08, 0x62, 0x08, 0x62, 0x08, 0x62, 0x08,
    0x62, 0x08, 0x62, 0x08, 0x62, 0x08, 0x42, 0x00, 0x42, 0x00, 0x42, 0x00, 0x62, 0x08, 0x62, 0x08,
    0x62, 0x08, 0x62, 0x08, 0x62, 0x08, 0x62, 0x08, 0x62, 0x08, 0x62, 0x08, 0x62, 0x08, 0x62, 0x08,
    0x62, 0x08, 0x62, 0x08, 0x62, 0x08, 0x62, 0x08, 0x62, 0x08, 0x62, 0x08, 0x62, 0x08, 0x62, 0x08,
    0x62, 0x08, 0x62, 0x08, 0x62, 0x08, 0x62, 0x08, 0x62, 0x08, 0x62, 0x08, 0x62, 0x08, 0x82, 0x08,
    0x82, 0x08, 0x82, 0x08, 0x82, 0x08, 0x82, 0x08, 0x82, 0x08, 0x82, 0x08, 0x82, 0x08, 0x82, 0x08,
    0x82, 0x08, 0x83, 0x08, 0x83, 0x08, 0x83, 0x08, 0x83, 0x08, 0x83, 0x08, 0x83, 0x08, 0x83, 0x08,
    0x83, 0x08, 0xA3, 0x08, 0xA3, 0x08, 0xA3, 0x08, 0xA3, 0x08, 0xA3, 0x08, 0xA3, 0x08, 0xA3, 0x08,
    0xA3, 0x08, 0xA3, 0x08, 0xA3, 0x08, 0xA3, 0x08, 0xA3, 0x08, 0xA3, 0x08, 0xC3, 0x08, 0xC3, 0x08,
    0xC3, 0x08, 0xC4, 0x08, 0xC4, 0x08, 0xC4, 0x08, 0xC4, 0x08, 0xC4, 0x08, 0xC4, 0x08, 0xC4, 0x08,
    0xE4, 0x08, 0xE4, 0x08, 0xE4, 0x08, 0xE4, 0x08, 0xE4, 0x08, 0xE4, 0x08, 0xE4, 0x08, 0xE4, 0x08,
    0xE4, 0x08, 0x04, 0x09, 0x04, 0x09, 0x05, 0x09, 0x05, 0x09, 0x05, 0x09, 0x05, 0x09, 0x05, 0x09,
    0x04, 0x09, 0x04, 0x09, 0x04, 0x09, 0x25, 0x09, 0x25, 0x09, 0x25, 0x09, 0x25, 0x09, 0x25, 0x09,
    0x25, 0x09, 0x45, 0x09, 0x46, 0x09, 0x46, 0x09, 0x46, 0x09, 0x46, 0x09, 0x46, 0x09, 0x46, 0x09,
    0x66, 0x09, 0x66, 0x09, 0x66, 0x09, 0x66, 0x09, 0x66, 0x09, 0x66, 0x11, 0x66, 0x11, 0x86, 0x11,
    0x87, 0x11, 0x87, 0x11, 0x87, 0x11, 0x87, 0x11, 0x87, 0x11, 0x87, 0x11, 0xA7, 0x11, 0xA7, 0x11,
    0xA7, 0x11, 0xA7, 0x11, 0xA7, 0x11, 0xA7, 0x11, 0xA7, 0x11, 0xA8, 0x11, 0xC8, 0x11, 0xC8, 0x11,
    0xC8, 0x11, 0xC8, 0x11, 0xC8, 0x11, 0xC8, 0x11, 0xC8, 0x11, 0xE8, 0x11, 0xE8, 0x11, 0xE8, 0x11,
    0xE8, 0x11, 0xE8, 0x11, 0xE8, 0x11, 0xE8, 0x11, 0xE8, 0x11, 0xE8, 0x11, 0xE9, 0x11, 0xE9, 0x11,
    0x09, 0x12, 0x09, 0x12, 0x09, 0x12, 0x09, 0x12, 0x09, 0x12, 0x09, 0x12, 0x09, 0x12, 0x09, 0x12,
    0x09, 0x12, 0x09, 0x12, 0x09, 0x12, 0x09, 0x12, 0x09, 0x12, 0x09, 0x12, 0x09, 0x12, 0x09, 0x12,
    0x09, 0x12, 0x09, 0x12, 0x09, 0x12, 0x09, 0x12, 0x09, 0x12, 0xE9, 0x11, 0xE8, 0x11, 0xE8, 0x11,
    0xE8, 0x11, 0xE8, 0x11, 0xE8, 0x11, 0xE8, 0x11, 0xE8, 0x11, 0xE8, 0x11, 0xC8, 0x09, 0xC8, 0x09,
    0xC8, 0x09, 0xC8, 0x11, 0xC8, 0x11, 0xC8, 0x11, 0xC8, 0x11, 0xC8, 0x11, 0xC8, 0x11, 0xA7, 0x11,
    0xA7, 0x11, 0xA7, 0x11, 0xA7, 0x11, 0xA7, 0x11, 0xA7, 0x11, 0xA7, 0x11, 0xA7, 0x11, 0x87, 0x11,
    0x87, 0x11, 0x87, 0x11, 0x87, 0x11, 0x87, 0x11, 0x87, 0x11, 0x66, 0x11, 0x66, 0x11, 0x66, 0x11,
    0x66, 0x11, 0x66, 0x11, 0x66, 0x11, 0x66, 0x11, 0x66, 0x11, 0x46, 0x11, 0x46, 0x11, 0x46, 0x11,
    0x46, 0x11, 0x46, 0x11, 0x45, 0x11, 0x45, 0x11, 0x25, 0x11, 0x25, 0x11, 0x25, 0x11, 0x25, 0x11,
    0x25, 0x11, 0x25, 0x11, 0x25, 0x11, 0x25, 0x11, 0x25, 0x11, 0x05, 0x11, 0x05, 0x11, 0x05, 0x11,
    0x05, 0x11, 0x04, 0x11, 0x04, 0x11, 0x04, 0x11, 0x04, 0x11, 0xE4, 0x10, 0xE4, 0x10, 0xE4, 0x08,
    0xE4, 0x08, 0xE4, 0x08, 0xE4, 0x08, 0xE4, 0x08, 0xE4, 0x08, 0xE4, 0x08, 0xE4, 0x08, 0xC4, 0x08,
    0xC4, 0x08, 0xC4, 0x08, 0xC4, 0x08, 0xC3, 0x08, 0xC3, 0x08, 0xC3, 0x08, 0xC3, 0x08, 0xC3, 0x08,
    0xC3, 0x08, 0xA3, 0x08, 0xA3, 0x08, 0xA3, 0x08, 0xA3, 0x08, 0xA3, 0x08, 0xA3, 0x08, 0xA3, 0x08,
    0xA3, 0x08, 0xA3, 0x08, 0xA3, 0x08, 0x83, 0x08, 0x82, 0x08, 0x82, 0x08, 0x82, 0x08, 0x83, 0x08,
    0x83, 0x08, 0x83, 0x08, 0x83, 0x08, 0x83, 0x08, 0x82, 0x08, 0x82, 0x08, 0x82, 0x08, 0x82, 0x08,
    0x82, 0x08, 0x82, 0x08, 0x82, 0x08, 0x82, 0x08, 0x82, 0x08, 0x82, 0x08, 0x82, 0x08, 0x82, 0x08,
    0x82, 0x08, 0x82, 0x08, 0x82, 0x08, 0x82, 0x08, 0x62, 0x08, 0x62, 0x08, 0x62, 0x08, 0x62, 0x08,
    0x62, 0x08, 0x62, 0x08, 0x62, 0x08, 0x62, 0x08, 0x62, 0x08, 0x62, 0x08, 0x62, 0x08, 0x62, 0x08,
    0x62, 0x08, 0x62, 0x08, 0x62, 0x08, 0x62, 0x08, 0x62, 0x08, 0x62, 0x08, 0x62, 0x08, 0x62, 0x08,
    0x62, 0x08, 0x62, 0x08, 0x62, 0x08, 0x62, 0x08, 0x62, 0x08, 0x62, 0x08, 0x62, 0x08, 0x62, 0x08,
    0x62, 0x08, 0x62, 0x08, 0x62, 0x08, 0x62, 0x08, 0x62, 0x08, 0x62, 0x08, 0x62, 0x08, 0x62, 0x08,
    0x62, 0x08, 0x62, 0x08, 0x62, 0x08, 0x62, 0x08, 0x62, 0x08, 0x62, 0x08, 0x62, 0x08, 0x62, 0x08,
    0x62, 0x08, 0x62, 0x08, 0x62, 0x08, 0x62, 0x08, 0x62, 0x08, 0x62, 0x08, 0x62, 0x08, 0x62, 0x08,
    0x62, 0x08, 0x62, 0x08, 0x62, 0x08, 0x62, 0x08, 0x62, 0x08, 0x62, 0x08, 0x83, 0x08, 0xE4, 0x18,
    0xE4, 0x18, 0xC3, 0x10, 0x62, 0x08, 0x62, 0x08, 0x62, 0x08, 0x62, 0x08, 0x62, 0x08, 0x62, 0x08,
    0x62, 0x08, 0x62, 0x08, 0x62, 0x08, 0x62, 0x08, 0x62, 0x08, 0x62, 0x08, 0x62, 0x08, 0x62, 0x08,
    0x62, 0x08, 0x62, 0x08, 0x62, 0x08, 0x62, 0x08, 0x62, 0x08, 0x62, 0x08, 0x62, 0x08, 0x62, 0x08,
    0x62, 0x08, 0x62, 0x08, 0x62, 0x08, 0x62, 0x08, 0x82, 0x08, 0x82, 0x08, 0x82, 0x08, 0x82, 0x08,
    0x82, 0x08, 0x82, 0x08, 0x82, 0x08, 0x82, 0x08, 0x82, 0x08, 0x83, 0x08, 0x83, 0x08, 0x83, 0x08,
    0x83, 0x08, 0x83, 0x08, 0x83, 0x08, 0x83, 0x08, 0x83, 0x08, 0xA3, 0x08, 0xA3, 0x08, 0xA3, 0x08,
    0xA3, 0x08, 0xA3, 0x08, 0xA3, 0x08, 0xA3, 0x08, 0xA3, 0x08, 0xA3, 0x08, 0xA3, 0x08, 0xA3, 0x08,
    0xA3, 0x08, 0xA3, 0x08, 0xC3, 0x08, 0xC3, 0x08, 0xC3, 0x08, 0xC3, 0x08, 0xC4, 0x08, 0xC4, 0x08,
    0xC4, 0x08, 0xC4, 0x08, 0xC4, 0x08, 0xC4, 0x08, 0xE4, 0x08, 0xE4, 0x08, 0xE4, 0x08, 0xE4, 0x08,
    0xE4, 0x08, 0xE4, 0x08, 0xE4, 0x08, 0xE4, 0x08, 0xE4, 0x08, 0x04, 0x09, 0x04, 0x09, 0x05, 0x09,
    0x05, 0x09, 0x05, 0x09, 0x05, 0x09, 0x05, 0x09, 0x66, 0x19, 0x87, 0x19, 0x87, 0x19, 0x45, 0x11,
    0x25, 0x09, 0x25, 0x09, 0x25, 0x09, 0x25, 0x09, 0x25, 0x09, 0x45, 0x09, 0x45, 0x09, 0x46, 0x09,
    0x46, 0x09, 0x46, 0x09, 0x46, 0x09, 0x46, 0x09, 0x46, 0x09, 0x66, 0x09, 0x66, 0x09, 0x66, 0x09,
    0x66, 0x09, 0x66, 0x11, 0x66, 0x11, 0x66, 0x11, 0x87, 0x11, 0x87, 0x11, 0x87, 0x11, 0x87, 0x11,
    0x87, 0x11, 0x87, 0x11, 0x87, 0x11, 0xA7, 0x11, 0xA7, 0x11, 0xA7, 0x11, 0xA7, 0x11, 0xA7, 0x11,
    0xA7, 0x11, 0xA7, 0x11, 0xC7, 0x11, 0xC8, 0x11, 0xC8, 0x11, 0xC8, 0x11, 0xC8, 0x11, 0xC8, 0x11,
    0xC8, 0x11, 0xC8, 0x11, 0xC8, 0x11, 0xE8, 0x11, 0xE8, 0x11, 0xE8, 0x11, 0xE8, 0x11, 0xE8, 0x11,
    0xE8, 0x11, 0xE8, 0x11, 0xE8, 0x11, 0xE8, 0x11, 0xE8, 0x11, 0xE9, 0x11, 0xE9, 0x11, 0x09, 0x12,
    0x09, 0x12, 0x09, 0x12, 0x09, 0x12, 0x09, 0x12, 0x09, 0x12, 0x09, 0x12, 0x09, 0x12, 0x09, 0x12,
    0x09, 0x12, 0x09, 0x12, 0x09, 0x12, 0x09, 0x12, 0x09, 0x12, 0xE9, 0x11, 0xE8, 0x11, 0xE8, 0x11,
    0xE8, 0x11, 0xE8, 0x11, 0xE8, 0x11, 0xE8, 0x11, 0xE8, 0x11, 0xE8, 0x11, 0xE8, 0x11, 0xE8, 0x11,
    0xE8, 0x11, 0xE8, 0x11, 0x29, 0x22, 0x29, 0x22, 0x29, 0x22, 0xC8, 0x11, 0xC8, 0x11, 0xC8, 0x11,
    0xC8, 0x11, 0xC8, 0x11, 0xA7, 0x11, 0xA7, 0x11, 0xA7, 0x11, 0xA7, 0x11, 0xA7, 0x11, 0xA7, 0x11,
    0xA7, 0x11, 0x87, 0x11, 0x87, 0x11, 0x87, 0x11, 0x87, 0x11, 0x87, 0x11, 0x87, 0x11, 0x87, 0x11,
    0x86, 0x11, 0x66, 0x11, 0x66, 0x11, 0x66, 0x09, 0x66, 0x09, 0x66, 0x09, 0x66, 0x09, 0x66, 0x09,
    0x46, 0x09, 0x46, 0x09, 0x46, 0x09, 0x46, 0x09, 0x46, 0x09, 0x46, 0x09, 0x45, 0x09, 0x25, 0x09,
    0x25, 0x09, 0x25, 0x09, 0x25, 0x09, 0x25, 0x09, 0x25, 0x09, 0x25, 0x09, 0x25, 0x09, 0x05, 0x09,
    0x05, 0x09, 0x05, 0x09, 0x05, 0x09, 0x05, 0x09, 0x05, 0x09, 0x04, 0x09, 0x04, 0x09, 0xE4, 0x08,
    0xE4, 0x08, 0xE4, 0x08, 0xE4, 0x08, 0xE4, 0x08, 0xE4, 0x08, 0xE4, 0x08, 0xE4, 0x08, 0xE4, 0x08,
    0xC4, 0x08, 0xC4, 0x08, 0xC4, 0x08, 0xC4, 0x08, 0xC4, 0x08, 0xC4, 0x08, 0xC3, 0x08, 0xC3, 0x08,
    0xC3, 0x08, 0xC3, 0x08, 0xA3, 0x08, 0xA3, 0x08, 0xA3, 0x08, 0xA3, 0x08, 0xA3, 0x08, 0xA3, 0x08,
    0xA3, 0x08, 0xA3, 0x08, 0xA3, 0x08, 0xA3, 0x08, 0xA3, 0x08, 0xA3, 0x08, 0x83, 0x08, 0xA3, 0x08,
    0x05, 0x19, 0x05, 0x19, 0xE4, 0x10, 0x83, 0x08, 0x83, 0x08, 0x83, 0x08, 0x83, 0x08, 0x82, 0x08,
    0x82, 0x08, 0x82, 0x08, 0x82, 0x08, 0x82, 0x08, 0x82, 0x08, 0x82, 0x08, 0x82, 0x08, 0x82, 0x08,
    0x82, 0x08, 0x62, 0x08, 0x62, 0x08, 0x62, 0x08, 0x62, 0x08, 0x62, 0x08, 0x62, 0x08, 0x62, 0x08,
    0x62, 0x08, 0x62, 0x08, 0x62, 0x08, 0x62, 0x08, 0x62, 0x08, 0x62, 0x08, 0x62, 0x08, 0x62, 0x08,
    0x62, 0x08, 0x62, 0x08, 0x62, 0x08, 0x62, 0x08, 0x62, 0x08, 0x62, 0x08, 0x62, 0x08, 0x62, 0x08,
    0x62, 0x08, 0x62, 0x08, 0x62, 0x08, 0x62, 0x08, 0x62, 0x08, 0x62, 0x08, 0x62, 0x08, 0x62, 0x08,
    0x62, 0x08, 0x62, 0x08, 0x62, 0x08, 0x62, 0x08, 0x62, 0x08, 0x62, 0x08, 0x62, 0x08, 0x62, 0x08,
    0x62, 0x08, 0x62, 0x08, 0x62, 0x08, 0x62, 0x08, 0x62, 0x08, 0x62, 0x08, 0x62, 0x08, 0x62, 0x08,
    0x62, 0x08, 0x62, 0x08, 0x62, 0x08, 0x62, 0x08, 0x62, 0x08, 0x62, 0x08, 0x62, 0x08, 0x62, 0x08,
    0x62, 0x08, 0x62, 0x08, 0x62, 0x08, 0x62, 0x08, 0x62, 0x08, 0x62, 0x08, 0x62, 0x08, 0x62, 0x08,
    0x82, 0x08, 0x01, 0x00, 0x49, 0x42, 0x7E, 0xEF, 0x7E, 0xEF, 0xB7, 0xB5, 0x21, 0x00, 0x82, 0x08,
    0x62, 0x08, 0x62, 0x08, 0x62, 0x08, 0x62, 0x08, 0x62, 0x08, 0x62, 0x08, 0x62, 0x08, 0x62, 0x08,
    0x62, 0x08, 0x62, 0x08, 0x62, 0x08, 0x62, 0x08, 0x62, 0x08, 0x62, 0x08, 0x62, 0x08, 0x62, 0x08,
    0x62, 0x08, 0x62, 0x08, 0x62, 0x08, 0x62, 0x08, 0x62, 0x08, 0x62, 0x08, 0x62, 0x08, 0x62, 0x08,
    0x82, 0x08, 0x82, 0x08, 0x82, 0x08, 0x82, 0x08, 0x82, 0x08, 0x82, 0x08, 0x82, 0x08, 0x82, 0x08,
    0x82, 0x08, 0x83, 0x08, 0x83, 0x08, 0x83, 0x08, 0x83, 0x08, 0x83, 0x08, 0x83, 0x08, 0x83, 0x08,
    0x83, 0x08, 0x83, 0x08, 0xA3, 0x08, 0xA3, 0x08, 0xA3, 0x08, 0xA3, 0x08, 0xA3, 0x08, 0xA3, 0x08,
    0xA3, 0x08, 0xA3, 0x08, 0xA3, 0x08, 0xA3, 0x08, 0xA3, 0x08, 0xA3, 0x08, 0xC3, 0x08, 0xC3, 0x08,
    0xC3, 0x08, 0xC3, 0x08, 0xC4, 0x08, 0xC4, 0x08, 0xC4, 0x08, 0xC4, 0x08, 0xC4, 0x08, 0xC4, 0x08,
    0xC4, 0x08, 0xE4, 0x08, 0xE4, 0x08, 0xE4, 0x08, 0xE4, 0x08, 0xE4, 0x08, 0xE4, 0x08, 0xE4, 0x08,
    0xE4, 0x08, 0xE4, 0x08, 0x04, 0x09, 0x04, 0x09, 0x05, 0x09, 0x05, 0x09, 0x25, 0x09, 0xC4, 0x00,
    0xD7, 0xB5, 0x9E, 0xEF, 0x9E, 0xEF, 0xCB, 0x4A, 0xC4, 0x00, 0x45, 0x11, 0x25, 0x09, 0x25, 0x09,
    0x25, 0x09, 0x25, 0x09, 0x45, 0x09, 0x46, 0x09, 0x46, 0x09, 0x46, 0x09, 0x46, 0x09, 0x46, 0x09,
    0x46, 0x09, 0x66, 0x09, 0x66, 0x09, 0x66, 0x09, 0x66, 0x09, 0x66, 0x09, 0x66, 0x11, 0x66, 0x11,
    0x86, 0x11, 0x87, 0x11, 0x87, 0x11, 0x87, 0x11, 0x87, 0x11, 0x87, 0x11, 0x87, 0x11, 0x87, 0x11,
    0xA7, 0x11, 0xA7, 0x11, 0xA7, 0x11, 0xA7, 0x11, 0xA7, 0x11, 0xA7, 0x11, 0xA7, 0x11, 0xC8, 0x11,
    0xC8, 0x11, 0xC8, 0x11, 0xC8, 0x11, 0xC8, 0x11, 0xC8, 0x11, 0xC8, 0x11, 0xC8, 0x11, 0xC8, 0x11,
    0xE8, 0x11, 0xE8, 0x11, 0xE8, 0x11, 0xE8, 0x11, 0xE8, 0x11, 0xE8, 0x11, 0xE8, 0x11, 0xE8, 0x11,
    0xE8, 0x11, 0xE8, 0x11, 0xE8, 0x11, 0xE8, 0x11, 0xE8, 0x11, 0xE8, 0x11, 0xE9, 0x11, 0xE8, 0x11,
    0xE9, 0x11, 0xE9, 0x11, 0xE9, 0x11, 0xE9, 0x11, 0xE8, 0x11, 0xE9, 0x11, 0xE9, 0x11, 0xE8, 0x11,
    0xE8, 0x11, 0xE8, 0x11, 0xE8, 0x11, 0xE8, 0x11, 0xE8, 0x11, 0xE8, 0x11, 0xE8, 0x11, 0xE8, 0x11,
    0xE8, 0x11, 0xE8, 0x11, 0xE8, 0x11, 0xE8, 0x11, 0xC8, 0x09, 0x29, 0x22, 0x3C, 0xE7, 0x9E, 0xF7,
    0x3C, 0xE7, 0x29, 0x22, 0xA7, 0x09, 0xC8, 0x11, 0xC8, 0x11, 0xA7, 0x11, 0xA7, 0x11, 0xA7, 0x11,
    0xA7, 0x11, 0xA7, 0x11, 0xA7, 0x11, 0xA7, 0x11, 0xA7, 0x11, 0x87, 0x11, 0x87, 0x11, 0x87, 0x11,
    0x87, 0x11, 0x87, 0x11, 0x87, 0x11, 0x86, 0x11, 0x66, 0x11, 0x66, 0x11, 0x66, 0x09, 0x66, 0x09,
    0x66, 0x09, 0x66, 0x09, 0x66, 0x09, 0x46, 0x09, 0x46, 0x09, 0x46, 0x09, 0x46, 0x09, 0x46, 0x09,
    0x46, 0x09, 0x45, 0x09, 0x25, 0x09, 0x25, 0x09, 0x25, 0x09, 0x25, 0x09, 0x25, 0x09, 0x25, 0x09,
    0x25, 0x09, 0x25, 0x09, 0x05, 0x09, 0x05, 0x09, 0x05, 0x09, 0x05, 0x09, 0x05, 0x09, 0x05, 0x09,
    0x04, 0x09, 0x04, 0x09, 0x04, 0x09, 0xE4, 0x08, 0xE4, 0x08, 0xE4, 0x08, 0xE4, 0x08, 0xE4, 0x08,
    0xE4, 0x08, 0xE4, 0x08, 0xE4, 0x08, 0xE4, 0x08, 0xC4, 0x08, 0xC4, 0x08, 0xC4, 0x08, 0xC4, 0x08,
    0xC4, 0x08, 0xC4, 0x08, 0xC3, 0x08, 0xC3, 0x08, 0xC3, 0x08, 0xC3, 0x08, 0xA3, 0x08, 0xA3, 0x08,
    0xA3, 0x08, 0xA3, 0x08, 0xA3, 0x08, 0xA3, 0x08, 0xA3, 0x08, 0xA3, 0x08, 0xA3, 0x08, 0xA3, 0x08,
    0xA3, 0x08, 0xA3, 0x08, 0x41, 0x00, 0x4A, 0x42, 0x9E, 0xEF, 0x9E, 0xEF, 0xB7, 0xB5, 0x41, 0x00,
    0xA3, 0x08, 0x83, 0x08, 0x83, 0x08, 0x82, 0x08, 0x82, 0x08, 0x82, 0x08, 0x82, 0x08, 0x82, 0x08,
    0x82, 0x08, 0x82, 0x08, 0x82, 0x08, 0x82, 0x08, 0x62, 0x08, 0x62, 0x08, 0x62, 0x08, 0x62, 0x08,
    0x62, 0x08, 0x62, 0x08, 0x62, 0x08, 0x62, 0x08, 0x62, 0x08, 0x62, 0x08, 0x62, 0x08, 0x62, 0x08,
    0x62, 0x08, 0x62, 0x08, 0x62, 0x08, 0x62, 0x08, 0x62, 0x08, 0x62, 0x08, 0x62, 0x08, 0x62, 0x08,
    0x62, 0x08, 0x62, 0x08, 0x62, 0x08, 0x62, 0x08, 0x62, 0x08, 0x62, 0x08, 0x62, 0x08, 0x62, 0x08,
    0x62, 0x08, 0x62, 0x08, 0x62, 0x08, 0x62, 0x08, 0x62, 0x08, 0x62, 0x08, 0x62, 0x08, 0x62, 0x08,
    0x62, 0x08, 0x62, 0x08, 0x62, 0x08, 0x62, 0x08, 0x62, 0x08, 0x62, 0x08, 0x62, 0x08, 0x62, 0x08,
    0x62, 0x08, 0x62, 0x08, 0x62, 0x08, 0x62, 0x08, 0x62, 0x08, 0x62, 0x08, 0x62, 0x08, 0x62, 0x08,
    0x62, 0x08, 0x62, 0x08, 0x62, 0x08, 0x62, 0x08, 0x62, 0x08, 0x62, 0x08, 0x62, 0x08, 0x62, 0x08,
    0x62, 0x08, 0x62, 0x08, 0x62, 0x08, 0x62, 0x08, 0x82, 0x08, 0x00, 0x00, 0x6A, 0x4A, 0xFF, 0xFF,
    0xFF, 0xFF, 0x38, 0xC6, 0x01, 0x00, 0x82, 0x08, 0x62, 0x08, 0x62, 0x08, 0x62, 0x08, 0x62, 0x08,
    0x62, 0x08, 0x62, 0x08, 0x62, 0x08, 0x62, 0x08, 0x62, 0x08, 0x62, 0x08, 0x62, 0x08, 0x62, 0x08,
    0x62, 0x08, 0x62, 0x08, 0x62, 0x08, 0x62, 0x08, 0x62, 0x08, 0x62, 0x08, 0x62, 0x08, 0x62, 0x08,
    0x62, 0x08, 0x62, 0x08, 0x62, 0x08, 0x62, 0x08, 0x82, 0x08, 0x82, 0x08, 0x82, 0x08, 0x82, 0x08,
    0x82, 0x08, 0x82, 0x08, 0x82, 0x08, 0x82, 0x08, 0x82, 0x08, 0x83, 0x08, 0x83, 0x08, 0x83, 0x08,
    0x83, 0x08, 0x83, 0x08, 0xC3, 0x08, 0xC3, 0x08, 0x83, 0x08, 0x83, 0x08, 0xA3, 0x08, 0xA3, 0x08,
    0xA3, 0x08, 0xA3, 0x08, 0xA3, 0x08, 0xA3, 0x08, 0xA3, 0x08, 0xA3, 0x08, 0xA3, 0x08, 0xA3, 0x08,
    0xA3, 0x08, 0xA3, 0x08, 0xA3, 0x08, 0xC3, 0x08, 0xC3, 0x08, 0xC3, 0x08, 0xC3, 0x08, 0xC4, 0x08,
    0xC4, 0x08, 0xC4, 0x08, 0xC4, 0x08, 0xC4, 0x08, 0xC4, 0x08, 0xE4, 0x08, 0xE4, 0x08, 0xE4, 0x08,
    0xE4, 0x08, 0xE4, 0x08, 0xE4, 0x08, 0xE4, 0x08, 0xE4, 0x08, 0xE4, 0x08, 0x04, 0x09, 0x04, 0x09,
    0x05, 0x09, 0x05, 0x09, 0x25, 0x09, 0xC3, 0x00, 0x59, 0xC6, 0xFF, 0xFF, 0xFF, 0xFF, 0xEC, 0x4A,
    0xC4, 0x00, 0x45, 0x11, 0x25, 0x09, 0x25, 0x09, 0x25, 0x09, 0x25, 0x09, 0x45, 0x09, 0x45, 0x09,
    0x46, 0x09, 0x46, 0x09, 0x46, 0x09, 0x46, 0x09, 0x46, 0x09, 0x46, 0x09, 0x66, 0x09, 0x66, 0x09,
    0x66, 0x09, 0x66, 0x09, 0x66, 0x09, 0x66, 0x11, 0x66, 0x11, 0x86, 0x11, 0x87, 0x11, 0x87, 0x11,
    0x87, 0x11, 0x87, 0x11, 0x87, 0x11, 0x87, 0x11, 0x87, 0x11, 0xA7, 0x11, 0xA7, 0x11, 0xA7, 0x11,
    0xA7, 0x11, 0xA7, 0x11, 0xA7, 0x11, 0xA7, 0x11, 0xA8, 0x11, 0xC8, 0x11, 0xC8, 0x11, 0xC8, 0x11,
    0xE8, 0x19, 0xC8, 0x11, 0xC8, 0x11, 0xC8, 0x11, 0xC8, 0x11, 0xC8, 0x11, 0xE8, 0x11, 0xE8, 0x11,
    0xE8, 0x11, 0xE8, 0x11, 0xE8, 0x11, 0xE8, 0x11, 0xE8, 0x11, 0xE8, 0x11, 0xE8, 0x11, 0xE8, 0x11,
    0xE8, 0x11, 0xE8, 0x11, 0xE8, 0x11, 0xE8, 0x11, 0xE8, 0x11, 0xE8, 0x11, 0xE8, 0x11, 0xE8, 0x11,
    0xE8, 0x11, 0xE8, 0x11, 0xE8, 0x11, 0xE8, 0x11, 0xE8, 0x11, 0xE8, 0x11, 0xE8, 0x11, 0xE8, 0x11,
    0xE8, 0x11, 0xE8, 0x11, 0xE8, 0x11, 0xE8, 0x11, 0xE8, 0x11, 0xC8, 0x11, 0xC8, 0x11, 0xE8, 0x11,
    0xA8, 0x09, 0x29, 0x22, 0xBE, 0xF7, 0xFF, 0xFF, 0xBE, 0xF7, 0x29, 0x22, 0xA7, 0x09, 0xC8, 0x11,
    0xA7, 0x11, 0xA7, 0x11, 0xA7, 0x11, 0xA7, 0x11, 0xA7, 0x11, 0xA7, 0x11, 0xA7, 0x11, 0x87, 0x11,
    0x87, 0x11, 0x87, 0x11, 0x87, 0x11, 0x87, 0x11, 0x87, 0x11, 0x87, 0x11, 0x86, 0x11, 0x66, 0x11,
    0x66, 0x11, 0x66, 0x09, 0x66, 0x09, 0x66, 0x09, 0x66, 0x09, 0x66, 0x09, 0x46, 0x09, 0x46, 0x09,
    0x46, 0x09, 0x46, 0x09, 0x46, 0x09, 0x46, 0x09, 0x46, 0x09, 0x45, 0x09, 0x25, 0x09, 0x25, 0x09,
    0x25, 0x09, 0x25, 0x09, 0x25, 0x09, 0x25, 0x09, 0x25, 0x09, 0x25, 0x09, 0x46, 0x11, 0x25, 0x09,
    0x05, 0x09, 0x05, 0x09, 0x05, 0x09, 0x05, 0x09, 0x04, 0x09, 0x04, 0x09, 0xE4, 0x08, 0xE4, 0x08,
    0xE4, 0x08, 0xE4, 0x08, 0xE4, 0x08, 0xE4, 0x08, 0xE4, 0x08, 0xE4, 0x08, 0xE4, 0x08, 0xC4, 0x08,
    0xC4, 0x08, 0xC4, 0x08, 0xC4, 0x08, 0xC4, 0x08, 0xC4, 0x08, 0xC4, 0x08, 0xC3, 0x08, 0xC3, 0x08,
    0xC3, 0x08, 0xC3, 0x08, 0xA3, 0x08, 0xA3, 0x08, 0xA3, 0x08, 0xA3, 0x08, 0xA3, 0x08, 0xA3, 0x08,
    0xA3, 0x08, 0xA3, 0x08, 0xA3, 0x08, 0xA3, 0x08, 0xA3, 0x08, 0xA3, 0x08, 0x21, 0x00, 0x8A, 0x4A,
    0xFF, 0xFF, 0xFF, 0xFF, 0x38, 0xC6, 0x21, 0x00, 0xA3, 0x08, 0x83, 0x08, 0x83, 0x08, 0x82, 0x08,
    0x82, 0x08, 0x82, 0x08, 0x82, 0x08, 0x82, 0x08, 0x82, 0x08, 0x82, 0x08, 0x82, 0x08, 0x82, 0x08,
    0x62, 0x08, 0x62, 0x08, 0x62, 0x08, 0x62, 0x08, 0x62, 0x08, 0x62, 0x08, 0x62, 0x08, 0x62, 0x08,
    0x62, 0x08, 0x62, 0x08, 0x62, 0x08, 0x62, 0x08, 0x62, 0x08, 0x62, 0x08, 0x62, 0x08, 0x62, 0x08,
    0x62, 0x08, 0x62, 0x08, 0x62, 0x08, 0x62, 0x08, 0x62, 0x08, 0x62, 0x08, 0x62, 0x08, 0x62, 0x08,
    0x62, 0x08, 0x62, 0x08, 0x62, 0x08, 0x82, 0x08, 0xA3, 0x10, 0x62, 0x08, 0x62, 0x08, 0x62, 0x08,
    0x62, 0x08, 0x62, 0x08, 0x62, 0x08, 0x62, 0x08, 0x62, 0x08, 0x62, 0x08, 0x62, 0x08, 0x62, 0x08,
    0x62, 0x08, 0x62, 0x08, 0x62, 0x08, 0x62, 0x08, 0x62, 0x08, 0x62, 0x08, 0x62, 0x08, 0x62, 0x08,
    0x62, 0x08, 0x62, 0x08, 0x62, 0x08, 0x62, 0x08, 0x62, 0x08, 0x62, 0x08, 0x62, 0x08, 0x62, 0x08,
    0x62, 0x08, 0x62, 0x08, 0x62, 0x08, 0x62, 0x08, 0x62, 0x08, 0x62, 0x08, 0x62, 0x08, 0x62, 0x08,
    0x82, 0x08, 0x00, 0x00, 0x6A, 0x4A, 0xFF, 0xFF, 0xFF, 0xFF, 0x18, 0xBE, 0x01, 0x00, 0x82, 0x08,
    0x62, 0x08, 0x62, 0x08, 0x62, 0x08, 0x62, 0x08, 0x62, 0x08, 0x62, 0x08, 0x62, 0x08, 0x62, 0x08,
    0x62, 0x08, 0x62, 0x08, 0x62, 0x08, 0x62, 0x08, 0x62, 0x08, 0x62, 0x08, 0x62, 0x08, 0x62, 0x08,
    0x62, 0x08, 0x62, 0x08, 0x62, 0x08, 0x62, 0x08, 0x62, 0x08, 0x62, 0x08, 0x62, 0x08, 0x62, 0x08,
    0x82, 0x08, 0x82, 0x08, 0x82, 0x08, 0x82, 0x08, 0x82, 0x08, 0x82, 0x08, 0x82, 0x08, 0x82, 0x08,
    0x82, 0x08, 0x82, 0x08, 0x83, 0x08, 0x83, 0x08, 0xA3, 0x08, 0x21, 0x00, 0xCC, 0x4A, 0xCC, 0x4A,
    0x41, 0x00, 0xA3, 0x08, 0xA3, 0x08, 0xA3, 0x08, 0xA3, 0x08, 0xA3, 0x08, 0xA3, 0x08, 0xA3, 0x08,
    0xA3, 0x08, 0xA3, 0x08, 0xA3, 0x08, 0xA3, 0x08, 0xA3, 0x08, 0xA3, 0x08, 0xA3, 0x08, 0xC3, 0x08,
    0xC3, 0x08, 0xC3, 0x08, 0xC3, 0x08, 0xC4, 0x08, 0xC4, 0x08, 0xC4, 0x08, 0xC4, 0x08, 0xC4, 0x08,
    0xC4, 0x08, 0xE4, 0x08, 0xE4, 0x08, 0xE4, 0x08, 0xE4, 0x08, 0xE4, 0x08, 0xE4, 0x08, 0xE4, 0x08,
    0xE4, 0x08, 0xE4, 0x08, 0xE4, 0x08, 0x04, 0x09, 0x04, 0x09, 0x05, 0x09, 0x05, 0x09, 0xC3, 0x00,
    0x38, 0xC6, 0xFF, 0xFF, 0xFF, 0xFF, 0xEC, 0x4A, 0xC4, 0x00, 0x25, 0x11, 0x25, 0x09, 0x25, 0x09,
    0x25, 0x09, 0x25, 0x09, 0x25, 0x09, 0x45, 0x09, 0x46, 0x09, 0x46, 0x09, 0x46, 0x09, 0x46, 0x09,
    0x46, 0x09, 0x46, 0x09, 0x46, 0x09, 0x66, 0x09, 0x66, 0x09, 0x66, 0x09, 0x66, 0x09, 0x66, 0x09,
    0x66, 0x11, 0x66, 0x11, 0x86, 0x11, 0x87, 0x11, 0x87, 0x11, 0x87, 0x11, 0x87, 0x11, 0x87, 0x11,
    0x87, 0x11, 0x87, 0x11, 0xA7, 0x11, 0xA7, 0x11, 0xA7, 0x11, 0xA7, 0x11, 0xA7, 0x11, 0xA7, 0x11,
    0xA7, 0x11, 0xA7, 0x11, 0xC8, 0x11, 0x87, 0x09, 0xF1, 0x6B, 0xAB, 0x32, 0xA7, 0x09, 0xC8, 0x11,
    0xC8, 0x11, 0xC8, 0x11, 0xC8, 0x11, 0xC8, 0x11, 0xE8, 0x11, 0xE8, 0x11, 0xE8, 0x11, 0xE8, 0x11,
    0xE8, 0x11, 0xE8, 0x11, 0xE8, 0x11, 0xE8, 0x11, 0xE8, 0x11, 0xE8, 0x11, 0xE8, 0x11, 0xE8, 0x11,
    0xE8, 0x11, 0xE8, 0x11, 0xE8, 0x11, 0xE8, 0x11, 0xE8, 0x11, 0xE8, 0x11, 0xE8, 0x11, 0xE8, 0x11,
    0xE8, 0x11, 0xE8, 0x11, 0xE8, 0x11, 0xE8, 0x11, 0xE8, 0x11, 0xE8, 0x11, 0xE8, 0x11, 0xE8, 0x11,
    0xC8, 0x11, 0xC8, 0x11, 0xC8, 0x11, 0xC8, 0x11, 0xA7, 0x09, 0x29, 0x22, 0x9E, 0xEF, 0xFF, 0xFF,
    0x9E, 0xEF, 0x29, 0x22, 0xA7, 0x09, 0xC8, 0x11, 0xA7, 0x11, 0xA7, 0x11, 0xA7, 0x11, 0xA7, 0x11,
    0xA7, 0x11, 0xA7, 0x11, 0xA7, 0x11, 0x87, 0x11, 0x87, 0x11, 0x87, 0x11, 0x87, 0x11, 0x87, 0x11,
    0x87, 0x11, 0x87, 0x11, 0x66, 0x11, 0x66, 0x11, 0x66, 0x11, 0x66, 0x09, 0x66, 0x09, 0x66, 0x09,
    0x66, 0x09, 0x66, 0x09, 0x46, 0x09, 0x46, 0x09, 0x46, 0x09, 0x46, 0x09, 0x46, 0x09, 0x46, 0x09,
    0x45, 0x09, 0x25, 0x09, 0x25, 0x09, 0x25, 0x09, 0x25, 0x09, 0x25, 0x09, 0x25, 0x09, 0x25, 0x09,
    0x05, 0x09, 0x66, 0x11, 0x12, 0x74, 0x46, 0x11, 0x04, 0x09, 0x05, 0x09, 0x05, 0x09, 0x04, 0x09,
    0x04, 0x09, 0x04, 0x09, 0xE4, 0x08, 0xE4, 0x08, 0xE4, 0x08, 0xE4, 0x08, 0xE4, 0x08, 0xE4, 0x08,
    0xE4, 0x08, 0xE4, 0x08, 0xE4, 0x08, 0xC4, 0x08, 0xC4, 0x08, 0xC4, 0x08, 0xC4, 0x08, 0xC4, 0x08,
    0xC4, 0x08, 0xC3, 0x08, 0xC3, 0x08, 0xC3, 0x08, 0xC3, 0x08, 0xA3, 0x08, 0xA3, 0x08, 0xA3, 0x08,
    0xA3, 0x08, 0xA3, 0x08, 0xA3, 0x08, 0xA3, 0x08, 0xA3, 0x08, 0xA3, 0x08, 0xA3, 0x08, 0xA3, 0x08,
    0xA3, 0x08, 0xA3, 0x08, 0x21, 0x00, 0x8A, 0x4A, 0xFF, 0xFF, 0xFF, 0xFF, 0x18, 0xBE, 0x21, 0x00,
    0xA3, 0x08, 0x83, 0x08, 0x83, 0x08, 0x82, 0x08, 0x82, 0x08, 0x82, 0x08, 0x82, 0x08, 0x82, 0x08,
    0x82, 0x08, 0x82, 0x08, 0x82, 0x08, 0x82, 0x08, 0x62, 0x08, 0x62, 0x08, 0x62, 0x08, 0x62, 0x08,
    0x62, 0x08, 0x62, 0x08, 0x62, 0x08, 0x62, 0x08, 0x62, 0x08, 0x62, 0x08, 0x62, 0x08, 0x62, 0x08,
    0x62, 0x08, 0x62, 0x08, 0x62, 0x08, 0x62, 0x08, 0x62, 0x08, 0x62, 0x08, 0x62, 0x08, 0x62, 0x08,
    0x62, 0x08, 0x62, 0x08, 0x62, 0x08, 0x62, 0x08, 0x62, 0x08, 0x82, 0x08, 0x21, 0x00, 0xA7, 0x29,
    0x90, 0x6B, 0x21, 0x00, 0x62, 0x08, 0x62, 0x08, 0x62, 0x08, 0x62, 0x08, 0x62, 0x08, 0x62, 0x08,
    0x62, 0x08, 0x62, 0x08, 0x62, 0x08, 0x62, 0x08, 0x62, 0x08, 0x62, 0x08, 0x62, 0x08, 0x62, 0x08,
    0x62, 0x08, 0x62, 0x08, 0x62, 0x08, 0x62, 0x08, 0x62, 0x08, 0x62, 0x08, 0x62, 0x08, 0x62, 0x08,
    0x62, 0x08, 0x62, 0x08, 0x62, 0x08, 0x62, 0x08, 0x62, 0x08, 0x62, 0x08, 0x62, 0x08, 0x62, 0x08,
    0x62, 0x08, 0x62, 0x08, 0x62, 0x08, 0x62, 0x08, 0x82, 0x08, 0x00, 0x00, 0x6A, 0x4A, 0xFF, 0xFF,
    0xFF, 0xFF, 0x18, 0xC6, 0x01, 0x00, 0x82, 0x08, 0x62, 0x08, 0x62, 0x08, 0x62, 0x08, 0x62, 0x08,
    0x62, 0x08, 0x62, 0x08, 0x62, 0x08, 0x62, 0x08, 0x62, 0x08, 0x62, 0x08, 0x62, 0x08, 0x62, 0x08,
    0x62, 0x08, 0x62, 0x08, 0x62, 0x08, 0x62, 0x08, 0x62, 0x08, 0x62, 0x08, 0x62, 0x08, 0x62, 0x08,
    0x62, 0x08, 0x62, 0x08, 0x62, 0x08, 0x62, 0x08, 0x62, 0x08, 0x82, 0x08, 0x82, 0x08, 0x82, 0x08,
    0x82, 0x08, 0x82, 0x08, 0x82, 0x08, 0x82, 0x08, 0x82, 0x08, 0x82, 0x08, 0x83, 0x08, 0x83, 0x08,
    0xA3, 0x08, 0x21, 0x00, 0xED, 0x52, 0x0D, 0x53, 0x21, 0x00, 0xA3, 0x08, 0x83, 0x08, 0xA3, 0x08,
    0xA3, 0x08, 0xA3, 0x08, 0xA3, 0x08, 0xA3, 0x08, 0xA3, 0x08, 0xA3, 0x08, 0xA3, 0x08, 0xA3, 0x08,
    0xA3, 0x08, 0xA3, 0x08, 0xA3, 0x08, 0xC3, 0x08, 0xC3, 0x08, 0xC3, 0x08, 0xC3, 0x08, 0xC4, 0x08,
    0xC4, 0x08, 0xC4, 0x08, 0xC4, 0x08, 0xC4, 0x08, 0xC4, 0x08, 0xC4, 0x08, 0xE4, 0x08, 0xE4, 0x08,
    0xE4, 0x08, 0xE4, 0x08, 0xE4, 0x08, 0xE4, 0x08, 0xE4, 0x08, 0xE4, 0x08, 0xE4, 0x08, 0x04, 0x09,
    0x04, 0x09, 0x05, 0x09, 0x05, 0x09, 0xC3, 0x00, 0x39, 0xC6, 0xFF, 0xFF, 0xFF, 0xFF, 0xEC, 0x4A,
    0xC4, 0x00, 0x25, 0x11, 0x25, 0x09, 0x25, 0x09, 0x25, 0x09, 0x25, 0x09, 0x25, 0x09, 0x25, 0x09,
    0x45, 0x09, 0x46, 0x09, 0x46, 0x09, 0x46, 0x09, 0x46, 0x09, 0x46, 0x09, 0x46, 0x09, 0x66, 0x09,
    0x66, 0x09, 0x66, 0x09, 0x66, 0x09, 0x66, 0x09, 0x66, 0x11, 0x66, 0x11, 0x66, 0x11, 0x87, 0x11,
    0x87, 0x11, 0x87, 0x11, 0x87, 0x11, 0x87, 0x11, 0x87, 0x11, 0x87, 0x11, 0x87, 0x11, 0xA7, 0x11,
    0xA7, 0x11, 0xA7, 0x11, 0xA7, 0x11, 0xA7, 0x11, 0xA7, 0x11, 0xA7, 0x11, 0xC8, 0x11, 0x87, 0x09,
    0x32, 0x74, 0xAC, 0x3A, 0x87, 0x09, 0xC8, 0x11, 0xC8, 0x11, 0xC8, 0x11, 0xC8, 0x11, 0xC8, 0x11,
    0xC8, 0x11, 0xC8, 0x11, 0xC8, 0x11, 0xC8, 0x11, 0xE8, 0x11, 0xE8, 0x11, 0xE8, 0x11, 0xE8, 0x11,
    0xE8, 0x11, 0xE8, 0x11, 0xE8, 0x11, 0xE8, 0x11, 0xE8, 0x11, 0xE8, 0x11, 0xE8, 0x11, 0xE8, 0x11,
    0xE8, 0x11, 0xE8, 0x11, 0xE8, 0x11, 0xE8, 0x11, 0xE8, 0x11, 0xE8, 0x11, 0xE8, 0x11, 0xE8, 0x11,
    0xE8, 0x11, 0xC8, 0x11, 0xC8, 0x11, 0xC8, 0x11, 0xC8, 0x11, 0xC8, 0x11, 0xC8, 0x11, 0xC8, 0x11,
    0xA7, 0x09, 0x29, 0x22, 0x9E, 0xEF, 0xFF, 0xFF, 0x9E, 0xEF, 0x29, 0x22, 0xA7, 0x09, 0xA7, 0x11,
    0xA7, 0x11, 0xA7, 0x11, 0xA7, 0x11, 0xA7, 0x11, 0xA7, 0x11, 0x87, 0x11, 0x87, 0x11, 0x87, 0x11,
    0x87, 0x11, 0x87, 0x11, 0x87, 0x11, 0x87, 0x11, 0x87, 0x11, 0x66, 0x11, 0x66, 0x11, 0x66, 0x11,
    0x66, 0x09, 0x66, 0x09, 0x66, 0x09, 0x66, 0x09, 0x66, 0x09, 0x46, 0x09, 0x46, 0x09, 0x46, 0x09,
    0x46, 0x09, 0x46, 0x09, 0x46, 0x09, 0x45, 0x09, 0x45, 0x09, 0x25, 0x09, 0x25, 0x09, 0x25, 0x09,
    0x25, 0x09, 0x25, 0x09, 0x25, 0x09, 0x25, 0x09, 0x05, 0x09, 0x66, 0x11, 0x53, 0x7C, 0x66, 0x11,
    0xE4, 0x08, 0x05, 0x09, 0x05, 0x09, 0x04, 0x09, 0x04, 0x09, 0xE4, 0x08, 0xE4, 0x08, 0xE4, 0x08,
    0xE4, 0x08, 0xE4, 0x08, 0xE4, 0x08, 0xE4, 0x08, 0xE4, 0x08, 0xE4, 0x08, 0xC4, 0x08, 0xC4, 0x08,
    0xC4, 0x08, 0xC4, 0x08, 0xC4, 0x08, 0xC4, 0x08, 0xC4, 0x08, 0xC3, 0x08, 0xC3, 0x08, 0xC3, 0x08,
    0xC3, 0x08, 0xA3, 0x08, 0xA3, 0x08, 0xA3, 0x08, 0xA3, 0x08, 0xA3, 0x08, 0xA3, 0x08, 0xA3, 0x08,
    0xA3, 0x08, 0xA3, 0x08, 0xA3, 0x08, 0xA3, 0x08, 0xA3, 0x08, 0xA3, 0x08, 0x21, 0x00, 0x8A, 0x4A,
    0xFF, 0xFF, 0xFF, 0xFF, 0x18, 0xC6, 0x21, 0x00, 0xA3, 0x08, 0x83, 0x08, 0x82, 0x08, 0x82, 0x08,
    0x82, 0x08, 0x82, 0x08, 0x82, 0x08, 0x82, 0x08, 0x82, 0x08, 0x82, 0x08, 0x82, 0x08, 0x82, 0x08,
    0x62, 0x08, 0x62, 0x08, 0x62, 0x08, 0x62, 0x08, 0x62, 0x08, 0x62, 0x08, 0x62, 0x08, 0x62, 0x08,
    0x62, 0x08, 0x62, 0x08, 0x62, 0x08, 0x62, 0x08, 0x62, 0x08, 0x62, 0x08, 0x62, 0x08, 0x62, 0x08,
    0x62, 0x08, 0x62, 0x08, 0x62, 0x08, 0x62, 0x08, 0x62, 0x08, 0x62, 0x08, 0x62, 0x08, 0x62, 0x08,
    0x62, 0x08, 0x82, 0x08, 0x21, 0x00, 0xC8, 0x31, 0xF1, 0x73, 0x21, 0x00, 0x62, 0x08, 0x62, 0x08,
    0x62, 0x08, 0x62, 0x08, 0x62, 0x08, 0x62, 0x08, 0x62, 0x08, 0x62, 0x08, 0x62, 0x08, 0x62, 0x08,
    0x62, 0x08, 0x62, 0x08, 0x62, 0x08, 0x62, 0x08, 0x62, 0x08, 0x62, 0x08, 0x62, 0x08, 0x62, 0x08,
    0x62, 0x08, 0x62, 0x08, 0x62, 0x08, 0x62, 0x08, 0x62, 0x08, 0x62, 0x08, 0x62, 0x08, 0x62, 0x08,
    0x62, 0x08, 0x62, 0x08, 0x62, 0x08, 0x62, 0x08, 0x62, 0x08, 0x62, 0x08, 0x62, 0x08, 0x62, 0x08,
    0x82, 0x08, 0x00, 0x00, 0x6A, 0x4A, 0xFF, 0xFF, 0xFF, 0xFF, 0x18, 0xC6, 0x01, 0x00, 0x82, 0x08,
    0x62, 0x08, 0x62, 0x08, 0x62, 0x08, 0x62, 0x08, 0x62, 0x08, 0x62, 0x08, 0x62, 0x08, 0x62, 0x08,
    0x62, 0x08, 0x62, 0x08, 0x62, 0x08, 0x62, 0x08, 0x62, 0x08, 0x62, 0x08, 0x62, 0x08, 0x62, 0x08,
    0x62, 0x08, 0x62, 0x08, 0x62, 0x08, 0x62, 0x08, 0x62, 0x08, 0x62, 0x08, 0x62, 0x08, 0x62, 0x08,
    0x62, 0x08, 0x82, 0x08, 0x82, 0x08, 0x82, 0x08, 0x82, 0x08, 0x82, 0x08, 0x82, 0x08, 0x82, 0x08,
    0x82, 0x08, 0x82, 0x08, 0x83, 0x08, 0x83, 0x08, 0xA3, 0x08, 0x21, 0x00, 0xED, 0x52, 0xED, 0x52,
    0x21, 0x00, 0xA3, 0x08, 0x83, 0x08, 0xA3, 0x08, 0xA3, 0x08, 0xA3, 0x08, 0xA3, 0x08, 0xA3, 0x08,
    0xA3, 0x08, 0xA3, 0x08, 0xA3, 0x08, 0xA3, 0x08, 0xA3, 0x08, 0xA3, 0x08, 0xA3, 0x08, 0xA3, 0x08,
    0xC3, 0x08, 0xC3, 0x08, 0xC3, 0x08, 0xC3, 0x08, 0xC4, 0x08, 0xC4, 0x08, 0xC4, 0x08, 0xC4, 0x08,
    0xC4, 0x08, 0xC4, 0x08, 0xE4, 0x08, 0xE4, 0x08, 0xE4, 0x08, 0xE4, 0x08, 0xE4, 0x08, 0xE4, 0x08,
    0xE4, 0x08, 0xE4, 0x08, 0xE4, 0x08, 0xE4, 0x08, 0x04, 0x09, 0x04, 0x09, 0x05, 0x09, 0xA3, 0x00,
    0x39, 0xC6, 0xFF, 0xFF, 0xFF, 0xFF, 0xCC, 0x4A, 0xC3, 0x00, 0x25, 0x11, 0x25, 0x09, 0x25, 0x09,
    0x25, 0x09, 0x25, 0x09, 0x25, 0x09, 0x25, 0x09, 0x45, 0x09, 0x45, 0x09, 0x46, 0x09, 0x46, 0x09,
    0x46, 0x09, 0x46, 0x09, 0x46, 0x09, 0x46, 0x09, 0x66, 0x09, 0x66, 0x09, 0x66, 0x09, 0x66, 0x09,
    0x66, 0x09, 0x66, 0x11, 0x66, 0x11, 0x66, 0x11, 0x86, 0x11, 0x87, 0x11, 0x87, 0x11, 0x87, 0x11,
    0x87, 0x11, 0x87, 0x11, 0x87, 0x11, 0x87, 0x11, 0xA7, 0x11, 0xA7, 0x11, 0xA7, 0x11, 0xA7, 0x11,
    0xA7, 0x11, 0xA7, 0x11, 0xA7, 0x11, 0x87, 0x09, 0x12, 0x74, 0xAC, 0x32, 0x87, 0x09, 0xC8, 0x11,
    0xC8, 0x11, 0xC8, 0x11, 0xC8, 0x11, 0xC8, 0x11, 0xC8, 0x11, 0xC8, 0x11, 0xC8, 0x11, 0xC8, 0x11,
    0xC8, 0x11, 0xC8, 0x11, 0xC8, 0x11, 0xC8, 0x11, 0xE8, 0x11, 0xE8, 0x11, 0xE8, 0x11, 0xE8, 0x11,
    0xE8, 0x11, 0xE8, 0x11, 0xE8, 0x11, 0xE8, 0x11, 0xE8, 0x11, 0xE8, 0x11, 0xE8, 0x11, 0xE8, 0x11,
    0xE8, 0x11, 0xC8, 0x11, 0xC8, 0x11, 0xC8, 0x11, 0xC8, 0x11, 0xC8, 0x11, 0xC8, 0x11, 0xC8, 0x11,
    0xC8, 0x11, 0xC8, 0x11, 0xC8, 0x11, 0xC8, 0x11, 0xA7, 0x09, 0x29, 0x22, 0x9E, 0xEF, 0xFF, 0xFF,
    0x9E, 0xEF, 0x09, 0x22, 0x87, 0x09, 0xA7, 0x11, 0xA7, 0x11, 0xA7, 0x11, 0xA7, 0x11, 0xA7, 0x11,
    0x87, 0x11, 0x87, 0x11, 0x87, 0x11, 0x87, 0x11, 0x87, 0x11, 0x87, 0x11, 0x87, 0x11, 0x87, 0x11,
    0x66, 0x11, 0x66, 0x11, 0x66, 0x11, 0x66, 0x09, 0x66, 0x09, 0x66, 0x09, 0x66, 0x09, 0x66, 0x09,
    0x46, 0x09, 0x46, 0x09, 0x46, 0x09, 0x46, 0x09, 0x46, 0x09, 0x46, 0x09, 0x46, 0x09, 0x45, 0x09,
    0x25, 0x09, 0x25, 0x09, 0x25, 0x09, 0x25, 0x09, 0x25, 0x09, 0x25, 0x09, 0x25, 0x09, 0x25, 0x09,
    0x05, 0x09, 0x66, 0x11, 0x53, 0x7C, 0x66, 0x11, 0xE4, 0x08, 0x05, 0x09, 0x04, 0x09, 0x04, 0x09,
    0x04, 0x09, 0xE4, 0x08, 0xE4, 0x08, 0xE4, 0x08, 0xE4, 0x08, 0xE4, 0x08, 0xE4, 0x08, 0xE4, 0x08,
    0xE4, 0x08, 0xE4, 0x08, 0xC4, 0x08, 0xC4, 0x08, 0xC4, 0x08, 0xC4, 0x08, 0xC4, 0x08, 0xC4, 0x08,
    0xC4, 0x08, 0xC3, 0x08, 0xC3, 0x08, 0xC3, 0x08, 0xA3, 0x08, 0xA3, 0x08, 0xA3, 0x08, 0xA3, 0x08,
    0xA3, 0x08, 0xA3, 0x08, 0xA3, 0x08, 0xA3, 0x08, 0xA3, 0x08, 0xA3, 0x08, 0xA3, 0x08, 0xA3, 0x08,
    0xA3, 0x08, 0xA3, 0x08, 0x21, 0x00, 0x8A, 0x4A, 0xFF, 0xFF, 0xFF, 0xFF, 0x18, 0xC6, 0x21, 0x00,
    0xA3, 0x08, 0x83, 0x08, 0x82, 0x08, 0x82, 0x08, 0x82, 0x08, 0x82, 0x08, 0x82, 0x08, 0x82, 0x08,
    0x82, 0x08, 0x82, 0x08, 0x82, 0x08, 0x62, 0x08, 0x62, 0x08, 0x62, 0x08, 0x62, 0x08, 0x62, 0x08,
    0x62, 0x08, 0x62, 0x08, 0x62, 0x08, 0x62, 0x08, 0x62, 0x08, 0x62, 0x08, 0x62, 0x08, 0x62, 0x08,
    0x62, 0x08, 0x62, 0x08, 0x62, 0x08, 0x62, 0x08, 0x62, 0x08, 0x62, 0x08, 0x62, 0x08, 0x62, 0x08,
    0x62, 0x08, 0x62, 0x08, 0x62, 0x08, 0x62, 0x08, 0x62, 0x08, 0x82, 0x08, 0x21, 0x00, 0xC8, 0x31,
    0xD1, 0x6B, 0x21, 0x00, 0x62, 0x08, 0x62, 0x08, 0x62, 0x08, 0x62, 0x08, 0x62, 0x08, 0x62, 0x08,
    0x62, 0x08, 0x62, 0x08, 0x62, 0x08, 0x62, 0x08, 0x62, 0x08, 0x62, 0x08, 0x62, 0x08, 0x62, 0x08,
    0x62, 0x08, 0x62, 0x08, 0x62, 0x08, 0x62, 0x08, 0x62, 0x08, 0x62, 0x08, 0x62, 0x08, 0x62, 0x08,
    0x62, 0x08, 0x62, 0x08, 0x62, 0x08, 0x62, 0x08, 0x62, 0x08, 0x62, 0x08, 0x62, 0x08, 0x62, 0x08,
    0x62, 0x08, 0x62, 0x08, 0x62, 0x08, 0x62, 0x08, 0x82, 0x08, 0x00, 0x00, 0x6A, 0x4A, 0xFF, 0xFF,
    0xFF, 0xFF, 0x18, 0xC6, 0x01, 0x00, 0x82, 0x08, 0x62, 0x08, 0x62, 0x08, 0x62, 0x08, 0x62, 0x08,
    0x62, 0x08, 0x62, 0x08, 0x62, 0x08, 0x62, 0x08, 0x62, 0x08, 0x62, 0x08, 0x62, 0x08, 0x62, 0x08,
    0x62, 0x08, 0x62, 0x08, 0x62, 0x08, 0x62, 0x08, 0x62, 0x08, 0x62, 0x08, 0x62, 0x08, 0x62, 0x08,
    0x62, 0x08, 0x62, 0x08, 0x62, 0x08, 0x62, 0x08, 0x62, 0x08, 0x82, 0x08, 0x82, 0x08, 0x82, 0x08,
    0x82, 0x08, 0x82, 0x08, 0x82, 0x08, 0x82, 0x08, 0x82, 0x08, 0x82, 0x08, 0x82, 0x08, 0x83, 0x08,
    0xA3, 0x08, 0x21, 0x00, 0xED, 0x52, 0xED, 0x52, 0x21, 0x00, 0xA3, 0x08, 0x83, 0x08, 0xA3, 0x08,
    0xA3, 0x08, 0xA3, 0x08, 0xA3, 0x08, 0xA3, 0x08, 0xA3, 0x08, 0xA3, 0x08, 0xA3, 0x08, 0xA3, 0x08,
    0xA3, 0x08, 0xA3, 0x08, 0xA3, 0x08, 0xA3, 0x08, 0xC3, 0x08, 0xC3, 0x08, 0xC3, 0x08, 0xC3, 0x08,
    0xC4, 0x08, 0xC4, 0x08, 0xC4, 0x08, 0xC4, 0x08, 0xC4, 0x08, 0xC4, 0x08, 0xC4, 0x08, 0xE4, 0x08,
    0xE4, 0x08, 0xE4, 0x08, 0xE4, 0x08, 0xE4, 0x08, 0xE4, 0x08, 0xE4, 0x08, 0xE4, 0x08, 0xE4, 0x08,
    0x04, 0x09, 0x04, 0x09, 0x05, 0x09, 0xA3, 0x00, 0x39, 0xC6, 0xFF, 0xFF, 0xFF, 0xFF, 0xCC, 0x4A,
    0xA3, 0x00, 0x25, 0x11, 0x25, 0x09, 0x25, 0x09, 0x25, 0x09, 0x25, 0x09, 0x25, 0x09, 0x25, 0x09,
    0x25, 0x09, 0x45, 0x09, 0x46, 0x09, 0x46, 0x09, 0x46, 0x09, 0x46, 0x09, 0x46, 0x09, 0x46, 0x09,
    0x46, 0x09, 0x66, 0x09, 0x66, 0x09, 0x66, 0x09, 0x66, 0x09, 0x66, 0x09, 0x66, 0x11, 0x66, 0x11,
    0x66, 0x11, 0x86, 0x11, 0x87, 0x11, 0x87, 0x11, 0x87, 0x11, 0x87, 0x11, 0x87, 0x11, 0x87, 0x11,
    0x87, 0x11, 0xA7, 0x11, 0xA7, 0x11, 0xA7, 0x11, 0xA7, 0x11, 0xA7, 0x11, 0xA7, 0x11, 0x87, 0x09,
    0x12, 0x74, 0xAC, 0x32, 0x87, 0x09, 0xC8, 0x11, 0xC8, 0x11, 0xC8, 0x11, 0xC8, 0x11, 0xC8, 0x11,
    0xC8, 0x11, 0xC8, 0x11, 0xC8, 0x11, 0xC8, 0x11, 0xC8, 0x11, 0xC8, 0x11, 0xC8, 0x11, 0xC8, 0x11,
    0xC8, 0x11, 0xC8, 0x11, 0xC8, 0x11, 0xC8, 0x11, 0xC8, 0x11, 0xC8, 0x11, 0xC8, 0x11, 0xC8, 0x11,
    0xC8, 0x11, 0xC8, 0x11, 0xC8, 0x11, 0xC8, 0x11, 0xC8, 0x11, 0xC8, 0x11, 0xC8, 0x11, 0xC8, 0x11,
    0xC8, 0x11, 0xC8, 0x11, 0xC8, 0x11, 0xC8, 0x11, 0xC8, 0x11, 0xC8, 0x11, 0xC8, 0x11, 0xC8, 0x11,
    0xA7, 0x09, 0x29, 0x22, 0x9E, 0xEF, 0xFF, 0xFF, 0x9E, 0xEF, 0x09, 0x22, 0x87, 0x09, 0xA7, 0x11,
    0xA7, 0x11, 0xA7, 0x11, 0xA7, 0x11, 0x87, 0x11, 0x87, 0x11, 0x87, 0x11, 0x87, 0x11, 0x87, 0x11,
    0x87, 0x11, 0x87, 0x11, 0x87, 0x11, 0x66, 0x11, 0x66, 0x11, 0x66, 0x11, 0x66, 0x09, 0x66, 0x09,
    0x66, 0x09, 0x66, 0x09, 0x66, 0x09, 0x46, 0x09, 0x46, 0x09, 0x46, 0x09, 0x46, 0x09, 0x46, 0x09,
    0x46, 0x09, 0x46, 0x09, 0x45, 0x09, 0x25, 0x09, 0x25, 0x09, 0x25, 0x09, 0x25, 0x09, 0x25, 0x09,
    0x25, 0x09, 0x25, 0x09, 0x25, 0x09, 0x25, 0x09, 0x04, 0x09, 0x66, 0x11, 0x53, 0x7C, 0x46, 0x11,
    0xE4, 0x08, 0x05, 0x09, 0x04, 0x09, 0x04, 0x09, 0xE4, 0x08, 0xE4, 0x08, 0xE4, 0x08, 0xE4, 0x08,
    0xE4, 0x08, 0xE4, 0x08, 0xE4, 0x08, 0xE4, 0x08, 0xE4, 0x08, 0xC4, 0x08, 0xC4, 0x08, 0xC4, 0x08,
    0xC4, 0x08, 0xC4, 0x08, 0xC4, 0x08, 0xC4, 0x08, 0xC3, 0x08, 0xC3, 0x08, 0xC3, 0x08, 0xC3, 0x08,
    0xA3, 0x08, 0xA3, 0x08, 0xA3, 0x08, 0xA3, 0x08, 0xA3, 0x08, 0xA3, 0x08, 0xA3, 0x08, 0xA3, 0x08,
    0xA3, 0x08, 0xA3, 0x08, 0xA3, 0x08, 0xA3, 0x08, 0xA3, 0x08, 0xA3, 0x08, 0x21, 0x00, 0x6A, 0x4A,
    0xFF, 0xFF, 0xFF, 0xFF, 0x18, 0xC6, 0x21, 0x00, 0xA3, 0x08, 0x83, 0x08, 0x82, 0x08, 0x82, 0x08,
    0x82, 0x08, 0x82, 0x08, 0x82, 0x08, 0x82, 0x08, 0x82, 0x08, 0x82, 0x08, 0x82, 0x08, 0x62, 0x08,
    0x62, 0x08, 0x62, 0x08, 0x62, 0x08, 0x62, 0x08, 0x62, 0x08, 0x62, 0x08, 0x62, 0x08, 0x62, 0x08,
    0x62, 0x08, 0x62, 0x08, 0x62, 0x08, 0x62, 0x08, 0x62, 0x08, 0x62, 0x08, 0x62, 0x08, 0x62, 0x08,
    0x62, 0x08, 0x62, 0x08, 0x62, 0x08, 0x62, 0x08, 0x62, 0x08, 0x62, 0x08, 0x62, 0x08, 0x62, 0x08,
    0x62, 0x08, 0x82, 0x08, 0x21, 0x00, 0xC8, 0x31, 0xD1, 0x6B, 0x21, 0x00, 0x62, 0x08, 0x62, 0x08,
    0x62, 0x08, 0x62, 0x08, 0x62, 0x08, 0x62, 0x08, 0x62, 0x08, 0x62, 0x08, 0x62, 0x08, 0x62, 0x08,
    0x62, 0x08, 0x62, 0x08, 0x62, 0x08, 0x62, 0x08, 0x62, 0x08, 0x62, 0x08, 0x62, 0x08, 0x62, 0x08,
    0x62, 0x08, 0x62, 0x08, 0x62, 0x08, 0x62, 0x08, 0x62, 0x08, 0x62, 0x08, 0x62, 0x08, 0x62, 0x08,
    0x62, 0x08, 0x62, 0x08, 0x62, 0x08, 0x62, 0x08, 0x62, 0x08, 0x62, 0x08, 0x62, 0x08, 0x62, 0x08,
    0x82, 0x08, 0x00, 0x00, 0x6A, 0x4A, 0xFF, 0xFF, 0xFF, 0xFF, 0x18, 0xC6, 0x01, 0x00, 0x82, 0x08,
    0x62, 0x08, 0x62, 0x08, 0x62, 0x08, 0x62, 0x08, 0x62, 0x08, 0x62, 0x08, 0x62, 0x08, 0x62, 0x08,
    0x62, 0x08, 0x62, 0x08, 0x62, 0x08, 0x62, 0x08, 0x62, 0x08, 0x62, 0x08, 0x62, 0x08, 0x62, 0x08,
    0x62, 0x08, 0x62, 0x08, 0x62, 0x08, 0x62, 0x08, 0x62, 0x08, 0x62, 0x08, 0x62, 0x08, 0x62, 0x08,
    0x62, 0x08, 0x62, 0x08, 0x82, 0x08, 0x82, 0x08, 0x82, 0x08, 0x82, 0x08, 0x82, 0x08, 0x82, 0x08,
    0x82, 0x08, 0x82, 0x08, 0x82, 0x08, 0x83, 0x08, 0xA3, 0x08, 0x21, 0x00, 0xED, 0x52, 0xED, 0x52,
    0x21, 0x00, 0xA3, 0x08, 0x83, 0x08, 0x83, 0x08, 0xA3, 0x08, 0xA3, 0x08, 0xA3, 0x08, 0xA3, 0x08,
    0xA3, 0x08, 0xA3, 0x08, 0xA3, 0x08, 0xA3, 0x08, 0xA3, 0x08, 0xA3, 0x08, 0xA3, 0x08, 0xA3, 0x08,
    0xA3, 0x08, 0xC3, 0x08, 0xC3, 0x08, 0xC3, 0x08, 0xC3, 0x08, 0xC4, 0x08, 0xC4, 0x08, 0xC4, 0x08,
    0xC4, 0x08, 0xC4, 0x08, 0xC4, 0x08, 0xE4, 0x08, 0xE4, 0x08, 0xE4, 0x08, 0xE4, 0x08, 0xE4, 0x08,
    0xE4, 0x08, 0xE4, 0x08, 0xE4, 0x08, 0xE4, 0x08, 0xE4, 0x08, 0x04, 0x09, 0x05, 0x09, 0xA3, 0x00,
    0x39, 0xC6, 0xFF, 0xFF, 0xFF, 0xFF, 0xCC, 0x4A, 0xA3, 0x00, 0x25, 0x11, 0x25, 0x09, 0x25, 0x09,
    0x25, 0x09, 0x25, 0x09, 0x25, 0x09, 0x25, 0x09, 0x25, 0x09, 0x25, 0x09, 0x45, 0x09, 0x46, 0x09,
    0x46, 0x09, 0x46, 0x09, 0x46, 0x09, 0x46, 0x09, 0x46, 0x09, 0x46, 0x09, 0x66, 0x09, 0x66, 0x09,
    0x66, 0x09, 0x66, 0x09, 0x66, 0x09, 0x66, 0x11, 0x66, 0x11, 0x66, 0x11, 0x87, 0x11, 0x87, 0x11,
    0x87, 0x11, 0x87, 0x11, 0x87, 0x11, 0x87, 0x11, 0x87, 0x11, 0x87, 0x11, 0x87, 0x11, 0xA7, 0x11,
    0xA7, 0x11, 0xA7, 0x11, 0xA7, 0x11, 0x86, 0x09, 0x12, 0x74, 0xAB, 0x32, 0x87, 0x09, 0xC8, 0x11,
    0xA7, 0x11, 0xA8, 0x11, 0xC8, 0x11, 0xC8, 0x11, 0xC8, 0x11, 0xC8, 0x11, 0xC8, 0x11, 0xC8, 0x11,
    0xC8, 0x11, 0xC8, 0x11, 0xC8, 0x11, 0xC8, 0x11, 0xC8, 0x11, 0xC8, 0x11, 0xC8, 0x11, 0xC8, 0x11,
    0xC8, 0x11, 0xC8, 0x11, 0xC8, 0x11, 0xC8, 0x11, 0xC8, 0x11, 0xC8, 0x11, 0xC8, 0x11, 0xC8, 0x11,
    0xC8, 0x11, 0xC8, 0x11, 0xC8, 0x11, 0xC8, 0x11, 0xC8, 0x11, 0xC8, 0x11, 0xC8, 0x11, 0xC8, 0x11,
    0xC8, 0x11, 0xC8, 0x11, 0xC8, 0x11, 0xC8, 0x11, 0xA7, 0x09, 0x29, 0x22, 0x9E, 0xEF, 0xFF, 0xFF,
    0x9E, 0xEF, 0x09, 0x22, 0x87, 0x09, 0xA7, 0x11, 0xA7, 0x11, 0x87, 0x11, 0x87, 0x11, 0x87, 0x11,
    0x87, 0x11, 0x87, 0x11, 0x87, 0x11, 0x87, 0x11, 0x87, 0x11, 0x87, 0x11, 0x66, 0x11, 0x66, 0x11,
    0x66, 0x11, 0x66, 0x09, 0x66, 0x09, 0x66, 0x09, 0x66, 0x09, 0x66, 0x09, 0x66, 0x09, 0x46, 0x09,
    0x46, 0x09, 0x46, 0x09, 0x46, 0x09, 0x46, 0x09, 0x46, 0x09, 0x45, 0x09, 0x45, 0x09, 0x25, 0x09,
    0x25, 0x09, 0x25, 0x09, 0x25, 0x09, 0x25, 0x09, 0x25, 0x09, 0x25, 0x09, 0x25, 0x09, 0x25, 0x09,
    0x04, 0x09, 0x66, 0x11, 0x52, 0x7C, 0x46, 0x11, 0xE4, 0x08, 0x05, 0x09, 0x04, 0x09, 0x04, 0x09,
    0xE4, 0x08, 0xE4, 0x08, 0xE4, 0x08, 0xE4, 0x08, 0xE4, 0x08, 0xE4, 0x08, 0xE4, 0x08, 0xE4, 0x08,
    0xE4, 0x08, 0xC4, 0x08, 0xC4, 0x08, 0xC4, 0x08, 0xC4, 0x08, 0xC4, 0x08, 0xC4, 0x08, 0xC4, 0x08,
    0xC3, 0x08, 0xC3, 0x08, 0xC3, 0x08, 0xC3, 0x08, 0xA3, 0x08, 0xA3, 0x08, 0xA3, 0x08, 0xA3, 0x08,
    0xA3, 0x08, 0xA3, 0x08, 0xA3, 0x08, 0xA3, 0x08, 0xA3, 0x08, 0xA3, 0x08, 0xA3, 0x08, 0xA3, 0x08,
    0x83, 0x08, 0xA3, 0x08, 0x21, 0x00, 0x6A, 0x4A, 0xFF, 0xFF, 0xFF, 0xFF, 0x18, 0xC6, 0x21, 0x00,
    0x83, 0x08, 0x82, 0x08, 0x82, 0x08, 0x82, 0x08, 0x82, 0x08, 0x82, 0x08, 0x82, 0x08, 0x82, 0x08,
    0x82, 0x08, 0x82, 0x08, 0x82, 0x08, 0x62, 0x08, 0x62, 0x08, 0x62, 0x08, 0x62, 0x08, 0x62, 0x08,
    0x62, 0x08, 0x62, 0x08, 0x62, 0x08, 0x62, 0x08, 0x62, 0x08, 0x62, 0x08, 0x62, 0x08, 0x62, 0x08,
    0x62, 0x08, 0x62, 0x08, 0x62, 0x08, 0x62, 0x08, 0x62, 0x08, 0x62, 0x08, 0x62, 0x08, 0x62, 0x08,
    0x62, 0x08, 0x62, 0x08, 0x62, 0x08, 0x62, 0x08, 0x62, 0x08, 0x82, 0x08, 0x21, 0x00, 0xC8, 0x31,
    0xD1, 0x6B, 0x21, 0x00, 0x62, 0x08, 0x62, 0x08, 0x62, 0x08, 0x62, 0x08, 0x62, 0x08, 0x62, 0x08,
    0x62, 0x08, 0x62, 0x08, 0x62, 0x08, 0x62, 0x08, 0x62, 0x08, 0x62, 0x08, 0x62, 0x08, 0x62, 0x08,
    0x62, 0x08, 0x62, 0x08, 0x62, 0x08, 0x62, 0x08, 0x62, 0x08, 0x62, 0x08, 0x62, 0x08, 0x62, 0x08,
    0x62, 0x08, 0x62, 0x08, 0x62, 0x08, 0x62, 0x08, 0x62, 0x08, 0x62, 0x08, 0x62, 0x08, 0x62, 0x08,
    0x62, 0x08, 0x62, 0x08, 0x62, 0x08, 0x62, 0x08, 0x82, 0x08, 0x00, 0x00, 0x6A, 0x4A, 0xFF, 0xFF,
    0xFF, 0xFF, 0x18, 0xC6, 0x01, 0x00, 0x82, 0x08, 0x62, 0x08, 0x62, 0x08, 0x62, 0x08, 0x62, 0x08,
    0x62, 0x08, 0x62, 0x08, 0x62, 0x08, 0x62, 0x08, 0x62, 0x08, 0x62, 0x08, 0x62, 0x08, 0x62, 0x08,
    0x62, 0x08, 0x62, 0x08, 0x62, 0x08, 0x62, 0x08, 0x62, 0x08, 0x62, 0x08, 0x62, 0x08, 0x62, 0x08,
    0x62, 0x08, 0x62, 0x08, 0x62, 0x08, 0x62, 0x08, 0x62, 0x08, 0x62, 0x08, 0x82, 0x08, 0x82, 0x08,
    0x82, 0x08, 0x82, 0x08, 0x82, 0x08, 0x82, 0x08, 0x82, 0x08, 0x82, 0x08, 0x82, 0x08, 0x83, 0x08,
    0xA3, 0x08, 0x21, 0x00, 0xED, 0x52, 0xED, 0x52, 0x21, 0x00, 0xA3, 0x08, 0x83, 0x08, 0x83, 0x08,
    0xA3, 0x08, 0xA3, 0x08, 0xA3, 0x08, 0xA3, 0x08, 0xA3, 0x08, 0xA3, 0x08, 0xA3, 0x08, 0xA3, 0x08,
    0xA3, 0x08, 0xA3, 0x08, 0xA3, 0x08, 0xA3, 0x08, 0xA3, 0x08, 0xC3, 0x08, 0xC3, 0x08, 0xC3, 0x08,
    0xC3, 0x08, 0xC4, 0x08, 0xC4, 0x08, 0xC4, 0x08, 0xC4, 0x08, 0xC4, 0x08, 0xC4, 0x08, 0xC4, 0x08,
    0xE4, 0x08, 0xE4, 0x08, 0xE4, 0x08, 0xE4, 0x08, 0xE4, 0x08, 0xE4, 0x08, 0xE4, 0x08, 0xE4, 0x08,
    0xE4, 0x08, 0x04, 0x09, 0x05, 0x09, 0xA3, 0x00, 0x39, 0xC6, 0xFF, 0xFF, 0xFF, 0xFF, 0xCC, 0x4A,
    0xA3, 0x00, 0x25, 0x11, 0x25, 0x09, 0x25, 0x09, 0x25, 0x09, 0x25, 0x09, 0x25, 0x09, 0x25, 0x09,
    0x25, 0x09, 0x25, 0x09, 0x45, 0x09, 0x45, 0x09, 0x46, 0x09, 0x46, 0x09, 0x46, 0x09, 0x46, 0x09,
    0x46, 0x09, 0x46, 0x09, 0x46, 0x09, 0x66, 0x09, 0x66, 0x09, 0x66, 0x09, 0x66, 0x09, 0x66, 0x09,
    0x66, 0x11, 0x66, 0x11, 0x66, 0x11, 0x86, 0x11, 0x87, 0x11, 0x87, 0x11, 0x87, 0x11, 0x87, 0x11,
    0x87, 0x11, 0x87, 0x11, 0x87, 0x11, 0x87, 0x11, 0xA7, 0x11, 0xA7, 0x11, 0xA7, 0x11, 0x86, 0x09,
    0x12, 0x74, 0xAB, 0x32, 0x86, 0x09, 0xA7, 0x11, 0xA7, 0x11, 0xA7, 0x11, 0xA7, 0x11, 0xC8, 0x11,
    0xC8, 0x11, 0xC8, 0x11, 0xC8, 0x11, 0xC8, 0x11, 0xC8, 0x11, 0xC8, 0x11, 0xC8, 0x11, 0xC8, 0x11,
    0xC8, 0x11, 0xC8, 0x11, 0xC8, 0x11, 0xC8, 0x11, 0xC8, 0x11, 0xC8, 0x11, 0xC8, 0x11, 0xC8, 0x11,
    0xC8, 0x11, 0xC8, 0x11, 0xC8, 0x11, 0xC8, 0x11, 0xC8, 0x11, 0xC8, 0x11, 0xC8, 0x11, 0xC8, 0x11,
    0xC8, 0x11, 0xC8, 0x11, 0xC8, 0x11, 0xC8, 0x11, 0xC7, 0x11, 0xA7, 0x11, 0xA7, 0x11, 0xA7, 0x11,
    0x87, 0x09, 0x09, 0x22, 0x9E, 0xEF, 0xFF, 0xFF, 0x9E, 0xEF, 0x09, 0x22, 0x87, 0x09, 0xA7, 0x11,
    0x87, 0x11, 0x87, 0x11, 0x87, 0x11, 0x87, 0x11, 0x87, 0x11, 0x87, 0x11, 0x87, 0x11, 0x87, 0x11,
    0x87, 0x11, 0x66, 0x11, 0x66, 0x11, 0x66, 0x11, 0x66, 0x09, 0x66, 0x09, 0x66, 0x09, 0x66, 0x09,
    0x66, 0x09, 0x46, 0x09, 0x46, 0x09, 0x46, 0x09, 0x46, 0x09, 0x46, 0x09, 0x46, 0x09, 0x46, 0x09,
    0x45, 0x09, 0x45, 0x09, 0x25, 0x09, 0x25, 0x09, 0x25, 0x09, 0x25, 0x09, 0x25, 0x09, 0x25, 0x09,
    0x25, 0x09, 0x25, 0x09, 0x05, 0x09, 0x25, 0x09, 0x04, 0x09, 0x66, 0x11, 0x52, 0x7C, 0x46, 0x11,
    0xE4, 0x08, 0x05, 0x09, 0x04, 0x09, 0xE4, 0x08, 0xE4, 0x08, 0xE4, 0x08, 0xE4, 0x08, 0xE4, 0x08,
    0xE4, 0x08, 0xE4, 0x08, 0xE4, 0x08, 0xE4, 0x08, 0xE4, 0x08, 0xC4, 0x08, 0xC4, 0x08, 0xC4, 0x08,
    0xC4, 0x08, 0xC4, 0x08, 0xC4, 0x08, 0xC3, 0x08, 0xC3, 0x08, 0xC3, 0x08, 0xC3, 0x08, 0xA3, 0x08,
    0xA3, 0x08, 0xA3, 0x08, 0xA3, 0x08, 0xA3, 0x08, 0xA3, 0x08, 0xA3, 0x08, 0xA3, 0x08, 0xA3, 0x08,
    0xA3, 0x08, 0xA3, 0x08, 0xA3, 0x08, 0xA3, 0x08, 0x83, 0x08, 0xA3, 0x08, 0x21, 0x00, 0x6A, 0x4A,
    0xFF, 0xFF, 0xFF, 0xFF, 0x18, 0xC6, 0x21, 0x00, 0x83, 0x08, 0x82, 0x08, 0x82, 0x08, 0x82, 0x08,
    0x82, 0x08, 0x82, 0x08, 0x82, 0x08, 0x82, 0x08, 0x82, 0x08, 0x82, 0x08, 0x62, 0x08, 0x62, 0x08,
    0x62, 0x08, 0x62, 0x08, 0x62, 0x08, 0x62, 0x08, 0x62, 0x08, 0x62, 0x08, 0x62, 0x08, 0x62, 0x08,
    0x62, 0x08, 0x62, 0x08, 0x62, 0x08, 0x62, 0x08, 0x62, 0x08, 0x62, 0x08, 0x62, 0x08, 0x62, 0x08,
    0x62, 0x08, 0x62, 0x08, 0x62, 0x08, 0x62, 0x08, 0x62, 0x08, 0x62, 0x08, 0x62, 0x08, 0x62, 0x08,
    0x62, 0x08, 0x82, 0x08, 0x21, 0x00, 0xC8, 0x31, 0xD1, 0x6B, 0x21, 0x00, 0x62, 0x08, 0x62, 0x08,
    0x62, 0x08, 0x62, 0x08, 0x62, 0x08, 0x62, 0x08, 0x62, 0x08, 0x62, 0x08, 0x62, 0x08, 0x62, 0x08,
    0x62, 0x08, 0x62, 0x08, 0x62, 0x08, 0x62, 0x08, 0x62, 0x08, 0x62, 0x08, 0x62, 0x08, 0x62, 0x08,
    0x62, 0x08, 0x62, 0x08, 0x62, 0x08, 0x62, 0x08, 0x62, 0x08, 0x62, 0x08, 0x62, 0x08, 0x62, 0x08,
    0x62, 0x08, 0x62, 0x08, 0x62, 0x08, 0x62, 0x08, 0x62, 0x08, 0x62, 0x08, 0x62, 0x08, 0x62, 0x08,
    0x82, 0x08, 0x00, 0x00, 0x6A, 0x4A, 0xFF, 0xFF, 0xFF, 0xFF, 0x18, 0xC6, 0x01, 0x00, 0x82, 0x08,
    0x62, 0x08, 0x62, 0x08, 0x62, 0x08, 0x62, 0x08, 0x62, 0x08, 0x62, 0x08, 0x62, 0x08, 0x62, 0x08,
    0x62, 0x08, 0x62, 0x08, 0x62, 0x08, 0x62, 0x08, 0x62, 0x08, 0x62, 0x08, 0x62, 0x08, 0x62, 0x08,
    0x62, 0x08, 0x62, 0x08, 0x62, 0x08, 0x62, 0x08, 0x62, 0x08, 0x62, 0x08, 0x62, 0x08, 0x62, 0x08,
    0x62, 0x08, 0x62, 0x08, 0x82, 0x08, 0x82, 0x08, 0x82, 0x08, 0x82, 0x08, 0x82, 0x08, 0x82, 0x08,
    0x82, 0x08, 0x82, 0x08, 0x82, 0x08, 0x82, 0x08, 0xA3, 0x08, 0x21, 0x00, 0xED, 0x52, 0xED, 0x52,
    0x21, 0x00, 0xA3, 0x08, 0x83, 0x08, 0x83, 0x08, 0x83, 0x08, 0xA3, 0x08, 0xA3, 0x08, 0xA3, 0x08,
    0xA3, 0x08, 0xA3, 0x08, 0xA3, 0x08, 0xA3, 0x08, 0xA3, 0x08, 0xA3, 0x08, 0xA3, 0x08, 0xA3, 0x08,
    0xA3, 0x08, 0xA3, 0x08, 0xC3, 0x08, 0xC3, 0x08, 0xC3, 0x08, 0xC3, 0x08, 0xC4, 0x08, 0xC4, 0x08,
    0xC4, 0x08, 0xC4, 0x08, 0xC4, 0x08, 0xC4, 0x08, 0xE4, 0x08, 0xE4, 0x08, 0xE4, 0x08, 0xE4, 0x08,
    0xE4, 0x08, 0xE4, 0x08, 0xE4, 0x08, 0xE4, 0x08, 0xE4, 0x08, 0xE4, 0x08, 0x05, 0x09, 0xA3, 0x00,
    0x39, 0xC6, 0xFF, 0xFF, 0xFF, 0xFF, 0xCC, 0x4A, 0xA3, 0x00, 0x25, 0x11, 0x05, 0x09, 0x25, 0x09,
    0x25, 0x09, 0x25, 0x09, 0x25, 0x09, 0x25, 0x09, 0x25, 0x09, 0x25, 0x09, 0x25, 0x09, 0x45, 0x09,
    0x45, 0x09, 0x46, 0x09, 0x46, 0x09, 0x46, 0x09, 0x46, 0x09, 0x46, 0x09, 0x46, 0x09, 0x46, 0x09,
    0x66, 0x09, 0x66, 0x09, 0x66, 0x09, 0x66, 0x09, 0x66, 0x09, 0x66, 0x11, 0x66, 0x11, 0x66, 0x11,
    0x86, 0x11, 0x87, 0x11, 0x87, 0x11, 0x87, 0x11, 0x87, 0x11, 0x87, 0x11, 0x87, 0x11, 0x87, 0x11,
    0x87, 0x11, 0xA7, 0x11, 0xA7, 0x11, 0x66, 0x09, 0x12, 0x6C, 0x8B, 0x32, 0x66, 0x09, 0xA7, 0x11,
    0xA7, 0x11, 0xA7, 0x11, 0xA7, 0x11, 0xA7, 0x11, 0xA7, 0x11, 0xA7, 0x11, 0xA8, 0x11, 0xC8, 0x11,
    0xC8, 0x11, 0xC8, 0x11, 0xC8, 0x11, 0xC8, 0x11, 0xC8, 0x11, 0xC8, 0x11, 0xC8, 0x11, 0xC8, 0x11,
    0xC8, 0x11, 0xC8, 0x11, 0xC8, 0x11, 0xC8, 0x11, 0xC8, 0x11, 0xC8, 0x11, 0xC8, 0x11, 0xC8, 0x11,
    0xC8, 0x11, 0xC8, 0x11, 0xC8, 0x11, 0xC8, 0x11, 0xC8, 0x11, 0xC8, 0x11, 0xA7, 0x11, 0xA7, 0x11,
    0xA7, 0x11, 0xA7, 0x11, 0xA7, 0x11, 0xA7, 0x11, 0x87, 0x09, 0x09, 0x22, 0x9E, 0xEF, 0xFF, 0xFF,
    0x9E, 0xEF, 0x09, 0x22, 0x87, 0x09, 0xA7, 0x11, 0x87, 0x11, 0x87, 0x11, 0x87, 0x11, 0x87, 0x11,
    0x87, 0x11, 0x87, 0x11, 0x87, 0x11, 0x86, 0x11, 0x66, 0x11, 0x66, 0x11, 0x66, 0x11, 0x66, 0x09,
    0x66, 0x09, 0x66, 0x09, 0x66, 0x09, 0x66, 0x09, 0x66, 0x09, 0x46, 0x09, 0x46, 0x09, 0x46, 0x09,
    0x46, 0x09, 0x46, 0x09, 0x46, 0x09, 0x46, 0x09, 0x45, 0x09, 0x25, 0x09, 0x25, 0x09, 0x25, 0x09,
    0x25, 0x09, 0x25, 0x09, 0x25, 0x09, 0x25, 0x09, 0x25, 0x09, 0x25, 0x09, 0x05, 0x09, 0x05, 0x09,
    0xE4, 0x08, 0x46, 0x11, 0x32, 0x7C, 0x46, 0x11, 0xE4, 0x08, 0x04, 0x09, 0xE4, 0x08, 0xE4, 0x08,
    0xE4, 0x08, 0xE4, 0x08, 0xE4, 0x08, 0xE4, 0x08, 0xE4, 0x08, 0xE4, 0x08, 0xE4, 0x08, 0xE4, 0x08,
    0xC4, 0x08, 0xC4, 0x08, 0xC4, 0x08, 0xC4, 0x08, 0xC4, 0x08, 0xC4, 0x08, 0xC4, 0x08, 0xC3, 0x08,
    0xC3, 0x08, 0xC3, 0x08, 0xC3, 0x08, 0xA3, 0x08, 0xA3, 0x08, 0xA3, 0x08, 0xA3, 0x08, 0xA3, 0x08,
    0xA3, 0x08, 0xA3, 0x08, 0xA3, 0x08, 0xA3, 0x08, 0xA3, 0x08, 0xA3, 0x08, 0xA3, 0x08, 0xA3, 0x08,
    0x83, 0x08, 0xA3, 0x08, 0x21, 0x00, 0x6A, 0x4A, 0xFF, 0xFF, 0xFF, 0xFF, 0x18, 0xC6, 0x21, 0x00,
    0x83, 0x08, 0x82, 0x08, 0x82, 0x08, 0x82, 0x08, 0x82, 0x08, 0x82, 0x08, 0x82, 0x08, 0x82, 0x08,
    0x82, 0x08, 0x82, 0x08, 0x62, 0x08, 0x62, 0x08, 0x62, 0x08, 0x62, 0x08, 0x62, 0x08, 0x62, 0x08,
    0x62, 0x08, 0x62, 0x08, 0x62, 0x08, 0x62, 0x08, 0x62, 0x08, 0x62, 0x08, 0x62, 0x08, 0x62, 0x08,
    0x62, 0x08, 0x62, 0x08, 0x62, 0x08, 0x62, 0x08, 0x62, 0x08, 0x62, 0x08, 0x62, 0x08, 0x62, 0x08,
    0x62, 0x08, 0x62, 0x08, 0x62, 0x08, 0x62, 0x08, 0x62, 0x08, 0x82, 0x08, 0x21, 0x00, 0xC8, 0x31,
    0xD1, 0x6B, 0x21, 0x00, 0x62, 0x08, 0x62, 0x08, 0x62, 0x08, 0x62, 0x08, 0x62, 0x08, 0x62, 0x08,
    0x62, 0x08, 0x62, 0x08, 0x62, 0x08, 0x62, 0x08, 0x62, 0x08, 0x62, 0x08, 0x62, 0x08, 0x62, 0x08,
    0x62, 0x08, 0x62, 0x08, 0x62, 0x08, 0x62, 0x08, 0x62, 0x08, 0x62, 0x08, 0x62, 0x08, 0x62, 0x08,
    0x62, 0x08, 0x62, 0x08, 0x62, 0x08, 0x62, 0x08, 0x62, 0x08, 0x62, 0x08, 0x62, 0x08, 0x62, 0x08,
    0x62, 0x08, 0x62, 0x08, 0x62, 0x08, 0x62, 0x08, 0x82, 0x08, 0x00, 0x00, 0x6A, 0x4A, 0xFF, 0xFF,
    0xFF, 0xFF, 0x18, 0xC6, 0x01, 0x00, 0x82, 0x08, 0x62, 0x08, 0x62, 0x08, 0x62, 0x08, 0x62, 0x08,
    0x62, 0x08, 0x62, 0x08, 0x62, 0x08, 0x62, 0x08, 0x62, 0x08, 0x62, 0x08, 0x62, 0x08, 0x62, 0x08,
    0x62, 0x08, 0x62, 0x08, 0x62, 0x08, 0x62, 0x08, 0x62, 0x08, 0x62, 0x08, 0x62, 0x08, 0x62, 0x08,
    0x62, 0x08, 0x62, 0x08, 0x62, 0x08, 0x62, 0x08, 0x62, 0x08, 0x62, 0x08, 0x62, 0x08, 0x82, 0x08,
    0x82, 0x08, 0x82, 0x08, 0x82, 0x08, 0x82, 0x08, 0x82, 0x08, 0x82, 0x08, 0x82, 0x08, 0x82, 0x08,
    0x83, 0x08, 0x21, 0x00, 0x0D, 0x53, 0x0D, 0x53, 0x21, 0x00, 0xA3, 0x08, 0x83, 0x08, 0x83, 0x08,
    0x83, 0x08, 0xA3, 0x08, 0xA3, 0x08, 0xA3, 0x08, 0xA3, 0x08, 0xA3, 0x08, 0xA3, 0x08, 0xA3, 0x08,
    0xA3, 0x08, 0xA3, 0x08, 0xA3, 0x08, 0xA3, 0x08, 0xA3, 0x08, 0xA3, 0x08, 0xC3, 0x08, 0xC3, 0x08,
    0xC3, 0x08, 0xC3, 0x08, 0xC4, 0x08, 0xC4, 0x08, 0xC4, 0x08, 0xC4, 0x08, 0xC4, 0x08, 0xC4, 0x08,
    0xC4, 0x08, 0xE4, 0x08, 0xE4, 0x08, 0xE4, 0x08, 0xE4, 0x08, 0xE4, 0x08, 0xE4, 0x08, 0xE4, 0x08,
    0xE4, 0x08, 0xE4, 0x08, 0x05, 0x09, 0xA3, 0x00, 0x39, 0xC6, 0xFF, 0xFF, 0xFF, 0xFF, 0xCC, 0x4A,
    0xA3, 0x00, 0x25, 0x11, 0x05, 0x09, 0x25, 0x09, 0x25, 0x09, 0x25, 0x09, 0x25, 0x09, 0x25, 0x09,
    0x25, 0x09, 0x25, 0x09, 0x25, 0x09, 0x25, 0x09, 0x45, 0x09, 0x46, 0x09, 0x46, 0x09, 0x46, 0x09,
    0x46, 0x09, 0x46, 0x09, 0x46, 0x09, 0x46, 0x09, 0x66, 0x09, 0x66, 0x09, 0x66, 0x09, 0x66, 0x09,
    0x66, 0x09, 0x66, 0x09, 0x66, 0x11, 0x66, 0x11, 0x66, 0x11, 0x86, 0x11, 0x87, 0x11, 0x87, 0x11,
    0x87, 0x11, 0x87, 0x11, 0x87, 0x11, 0x87, 0x11, 0x87, 0x11, 0x87, 0x11, 0xA7, 0x11, 0x66, 0x09,
    0x32, 0x74, 0xAB, 0x3A, 0x66, 0x09, 0xA7, 0x11, 0xA7, 0x11, 0xA7, 0x11, 0xA7, 0x11, 0xA7, 0x11,
    0xA7, 0x11, 0xA7, 0x11, 0xA7, 0x11, 0xA7, 0x11, 0xA7, 0x11, 0xA7, 0x11, 0xA8, 0x11, 0xC8, 0x11,
    0xA8, 0x11, 0xC8, 0x11, 0xC8, 0x11, 0xC8, 0x11, 0xC8, 0x11, 0xC8, 0x11, 0xC8, 0x11, 0xC8, 0x11,
    0xC8, 0x11, 0xC8, 0x11, 0xC8, 0x11, 0xC8, 0x11, 0xC8, 0x11, 0xA8, 0x11, 0xA7, 0x11, 0xA7, 0x11,
    0xA7, 0x11, 0xA7, 0x11, 0xA7, 0x11, 0xA7, 0x11, 0xA7, 0x11, 0xA7, 0x11, 0xA7, 0x11, 0xA7, 0x11,
    0x87, 0x09, 0x09, 0x22, 0x9E, 0xEF, 0xFF, 0xFF, 0x9E, 0xEF, 0x09, 0x1A, 0x87, 0x09, 0x87, 0x11,
    0x87, 0x11, 0x87, 0x11, 0x87, 0x11, 0x87, 0x11, 0x87, 0x11, 0x87, 0x11, 0x86, 0x11, 0x66, 0x11,
    0x66, 0x11, 0x66, 0x11, 0x66, 0x09, 0x66, 0x09, 0x66, 0x09, 0x66, 0x09, 0x66, 0x09, 0x66, 0x09,
    0x46, 0x09, 0x46, 0x09, 0x46, 0x09, 0x46, 0x09, 0x46, 0x09, 0x46, 0x09, 0x46, 0x09, 0x45, 0x09,
    0x25, 0x09, 0x25, 0x09, 0x25, 0x09, 0x25, 0x09, 0x25, 0x09, 0x25, 0x09, 0x25, 0x09, 0x25, 0x09,
    0x25, 0x09, 0x05, 0x09, 0x05, 0x09, 0x05, 0x09, 0xE4, 0x08, 0x46, 0x11, 0x73, 0x7C, 0x46, 0x11,
    0xE4, 0x08, 0x04, 0x09, 0xE4, 0x08, 0xE4, 0x08, 0xE4, 0x08, 0xE4, 0x08, 0xE4, 0x08, 0xE4, 0x08,
    0xE4, 0x08, 0xE4, 0x08, 0xE4, 0x08, 0xC4, 0x08, 0xC4, 0x08, 0xC4, 0x08, 0xC4, 0x08, 0xC4, 0x08,
    0xC4, 0x08, 0xC4, 0x08, 0xC3, 0x08, 0xC3, 0x08, 0xC3, 0x08, 0xC3, 0x08, 0xA3, 0x08, 0xA3, 0x08,
    0xA3, 0x08, 0xA3, 0x08, 0xA3, 0x08, 0xA3, 0x08, 0xA3, 0x08, 0xA3, 0x08, 0xA3, 0x08, 0xA3, 0x08,
    0xA3, 0x08, 0xA3, 0x08, 0xA3, 0x08, 0x83, 0x08, 0x83, 0x08, 0xA3, 0x08, 0x21, 0x00, 0x6A, 0x4A,
    0xFF, 0xFF, 0xFF, 0xFF, 0x18, 0xC6, 0x21, 0x00, 0x83, 0x08, 0x82, 0x08, 0x82, 0x08, 0x82, 0x08,
    0x82, 0x08, 0x82, 0x08, 0x82, 0x08, 0x82, 0x08, 0x82, 0x08, 0x82, 0x08, 0x62, 0x08, 0x62, 0x08,
    0x62, 0x08, 0x62, 0x08, 0x62, 0x08, 0x62, 0x08, 0x62, 0x08, 0x62, 0x08, 0x62, 0x08, 0x62, 0x08,
    0x62, 0x08, 0x62, 0x08, 0x62, 0x08, 0x62, 0x08, 0x62, 0x08, 0x62, 0x08, 0x62, 0x08, 0x62, 0x08,
    0x62, 0x08, 0x62, 0x08, 0x62, 0x08, 0x62, 0x08, 0x62, 0x08, 0x62, 0x08, 0x62, 0x08, 0x62, 0x08,
    0x62, 0x08, 0x82, 0x08, 0x21, 0x00, 0xC8, 0x31, 0xF1, 0x73, 0x21, 0x00, 0x62, 0x08, 0x62, 0x08,
    0x62, 0x08, 0x62, 0x08, 0x62, 0x08, 0x62, 0x08, 0x62, 0x08, 0x62, 0x08, 0x62, 0x08, 0x62, 0x08,
    0x62, 0x08, 0x62, 0x08, 0x62, 0x08, 0x62, 0x08, 0x62, 0x08, 0x62, 0x08, 0x62, 0x08, 0x62, 0x08,
    0x62, 0x08, 0x62, 0x08, 0x62, 0x08, 0x62, 0x08, 0x62, 0x08, 0x62, 0x08, 0x62, 0x08, 0x62, 0x08,
    0x62, 0x08, 0x62, 0x08, 0x62, 0x08, 0x62, 0x08, 0x62, 0x08, 0x62, 0x08, 0x62, 0x08, 0x62, 0x08,
    0x82, 0x08, 0x00, 0x00, 0x6A, 0x4A, 0xFF, 0xFF, 0xFF, 0xFF, 0x18, 0xC6, 0x01, 0x00, 0x82, 0x08,
    0x62, 0x08, 0x62, 0x08, 0x62, 0x08, 0x62, 0x08, 0x62, 0x08, 0x62, 0x08, 0x62, 0x08, 0x62, 0x08,
    0x62, 0x08, 0x62, 0x08, 0x62, 0x08, 0x62, 0x08, 0x62, 0x08, 0x62, 0x08, 0x62, 0x08, 0x62, 0x08,
    0x62, 0x08, 0x62, 0x08, 0x62, 0x08, 0x62, 0x08, 0x62, 0x08, 0x62, 0x08, 0x62, 0x08, 0x62, 0x08,
    0x62, 0x08, 0x62, 0x08, 0x62, 0x08, 0x82, 0x08, 0x82, 0x08, 0x82, 0x08, 0x82, 0x08, 0x82, 0x08,
    0x82, 0x08, 0x82, 0x08, 0x82, 0x08, 0x82, 0x08, 0x83, 0x08, 0x62, 0x00, 0x25, 0x19, 0x25, 0x19,
    0x62, 0x00, 0x83, 0x08, 0x83, 0x08, 0x83, 0x08, 0x83, 0x08, 0xA3, 0x08, 0xA3, 0x08, 0xA3, 0x08,
    0xA3, 0x08, 0xA3, 0x08, 0xA3, 0x08, 0xA3, 0x08, 0xA3, 0x08, 0xA3, 0x08, 0xA3, 0x08, 0xA3, 0x08,
    0xA3, 0x08, 0xA3, 0x08, 0xC3, 0x08, 0xC3, 0x08, 0xC3, 0x08, 0xC3, 0x08, 0xC3, 0x08, 0xC4, 0x08,
    0xC4, 0x08, 0xC4, 0x08, 0xC4, 0x08, 0xC4, 0x08, 0xC4, 0x08, 0xE4, 0x08, 0xE4, 0x08, 0xE4, 0x08,
    0xE4, 0x08, 0xE4, 0x08, 0xE4, 0x08, 0xE4, 0x08, 0xE4, 0x08, 0xE4, 0x08, 0x05, 0x09, 0xA3, 0x00,
    0x39, 0xC6, 0xFF, 0xFF, 0xFF, 0xFF, 0xCB, 0x4A, 0xA3, 0x00, 0x25, 0x11, 0x05, 0x09, 0x05, 0x09,
    0x25, 0x09, 0x25, 0x09, 0x25, 0x09, 0x25, 0x09, 0x25, 0x09, 0x25, 0x09, 0x25, 0x09, 0x25, 0x09,
    0x25, 0x09, 0x45, 0x09, 0x46, 0x09, 0x46, 0x09, 0x46, 0x09, 0x46, 0x09, 0x46, 0x09, 0x46, 0x09,
    0x46, 0x09, 0x46, 0x09, 0x66, 0x09, 0x66, 0x09, 0x66, 0x09, 0x66, 0x09, 0x66, 0x09, 0x66, 0x09,
    0x66, 0x11, 0x66, 0x11, 0x66, 0x11, 0x87, 0x11, 0x87, 0x11, 0x87, 0x11, 0x87, 0x11, 0x87, 0x11,
    0x87, 0x11, 0x87, 0x11, 0x87, 0x11, 0x87, 0x09, 0x2A, 0x2A, 0xC8, 0x19, 0x87, 0x09, 0xA7, 0x11,
    0xA7, 0x11, 0xA7, 0x11, 0xA7, 0x11, 0xA7, 0x11, 0xA7, 0x11, 0xA7, 0x11, 0xA7, 0x11, 0xA7, 0x11,
    0xA7, 0x11, 0xA7, 0x11, 0xA7, 0x11, 0xA7, 0x11, 0xA7, 0x11, 0xA7, 0x11, 0xA7, 0x11, 0xA7, 0x11,
    0xA7, 0x11, 0xA7, 0x11, 0xA7, 0x11, 0xA7, 0x11, 0xA7, 0x11, 0xA7, 0x11, 0xA7, 0x11, 0xA7, 0x11,
    0xA7, 0x11, 0xA7, 0x11, 0xA7, 0x11, 0xA7, 0x11, 0xA7, 0x11, 0xA7, 0x11, 0xA7, 0x11, 0xA7, 0x11,
    0xA7, 0x11, 0xA7, 0x11, 0xA7, 0x11, 0xA7, 0x11, 0x87, 0x09, 0x09, 0x22, 0x9E, 0xEF, 0xFF, 0xFF,
    0x9E, 0xEF, 0x08, 0x1A, 0x66, 0x09, 0x87, 0x11, 0x87, 0x11, 0x87, 0x11, 0x87, 0x11, 0x87, 0x11,
    0x87, 0x11, 0x86, 0x11, 0x66, 0x11, 0x66, 0x11, 0x66, 0x11, 0x66, 0x09, 0x66, 0x09, 0x66, 0x09,
    0x66, 0x09, 0x66, 0x09, 0x66, 0x09, 0x46, 0x09, 0x46, 0x09, 0x46, 0x09, 0x46, 0x09, 0x46, 0x09,
    0x46, 0x09, 0x46, 0x09, 0x45, 0x09, 0x25, 0x09, 0x25, 0x09, 0x25, 0x09, 0x25, 0x09, 0x25, 0x09,
    0x25, 0x09, 0x25, 0x09, 0x25, 0x09, 0x25, 0x09, 0x05, 0x09, 0x05, 0x09, 0x05, 0x09, 0x05, 0x09,
    0x05, 0x09, 0x25, 0x11, 0xC8, 0x29, 0x05, 0x11, 0x04, 0x09, 0xE4, 0x08, 0xE4, 0x08, 0xE4, 0x08,
    0xE4, 0x08, 0xE4, 0x08, 0xE4, 0x08, 0xE4, 0x08, 0xE4, 0x08, 0xE4, 0x08, 0xE4, 0x08, 0xC4, 0x08,
    0xC4, 0x08, 0xC4, 0x08, 0xC4, 0x08, 0xC4, 0x08, 0xC4, 0x08, 0xC4, 0x08, 0xC3, 0x08, 0xC3, 0x08,
    0xC3, 0x08, 0xC3, 0x08, 0xA3, 0x08, 0xA3, 0x08, 0xA3, 0x08, 0xA3, 0x08, 0xA3, 0x08, 0xA3, 0x08,
    0xA3, 0x08, 0xA3, 0x08, 0xA3, 0x08, 0xA3, 0x08, 0xA3, 0x08, 0xA3, 0x08, 0xA3, 0x08, 0x83, 0x08,
    0x83, 0x08, 0xA3, 0x08, 0x21, 0x00, 0x6A, 0x4A, 0xFF, 0xFF, 0xFF, 0xFF, 0x18, 0xC6, 0x21, 0x00,
    0x83, 0x08, 0x82, 0x08, 0x82, 0x08, 0x82, 0x08, 0x82, 0x08, 0x82, 0x08, 0x82, 0x08, 0x82, 0x08,
    0x82, 0x08, 0x62, 0x08, 0x62, 0x08, 0x62, 0x08, 0x62, 0x08, 0x62, 0x08, 0x62, 0x08, 0x62, 0x08,
    0x62, 0x08, 0x62, 0x08, 0x62, 0x08, 0x62, 0x08, 0x62, 0x08, 0x62, 0x08, 0x62, 0x08, 0x62, 0x08,
    0x62, 0x08, 0x62, 0x08, 0x62, 0x08, 0x62, 0x08, 0x62, 0x08, 0x62, 0x08, 0x62, 0x08, 0x62, 0x08,
    0x62, 0x08, 0x62, 0x08, 0x62, 0x08, 0x62, 0x08, 0x62, 0x08, 0x62, 0x08, 0x62, 0x08, 0xC4, 0x10,
    0x46, 0x21, 0x62, 0x08, 0x62, 0x08, 0x62, 0x08, 0x62, 0x08, 0x62, 0x08, 0x62, 0x08, 0x62, 0x08,
    0x62, 0x08, 0x62, 0x08, 0x62, 0x08, 0x62, 0x08, 0x62, 0x08, 0x62, 0x08, 0x62, 0x08, 0x62, 0x08,
    0x62, 0x08, 0x62, 0x08, 0x62, 0x08, 0x62, 0x08, 0x62, 0x08, 0x62, 0x08, 0x62, 0x08, 0x62, 0x08,
    0x62, 0x08, 0x62, 0x08, 0x62, 0x08, 0x62, 0x08, 0x62, 0x08, 0x62, 0x08, 0x62, 0x08, 0x62, 0x08,
    0x62, 0x08, 0x62, 0x08, 0x62, 0x08, 0x62, 0x08, 0x82, 0x08, 0x00, 0x00, 0x6A, 0x4A, 0xFF, 0xFF,
    0xFF, 0xFF, 0x18, 0xC6, 0x01, 0x00, 0x82, 0x08, 0x62, 0x08, 0x62, 0x08, 0x62, 0x08, 0x62, 0x08,
    0x62, 0x08, 0x62, 0x08, 0x62, 0x08, 0x62, 0x08, 0x62, 0x08, 0x62, 0x08, 0x62, 0x08, 0x62, 0x08,
    0x62, 0x08, 0x62, 0x08, 0x62, 0x08, 0x62, 0x08, 0x62, 0x08, 0x62, 0x08, 0x62, 0x08, 0x62, 0x08,
    0x62, 0x08, 0x62, 0x08, 0x62, 0x08, 0x62, 0x08, 0x62, 0x08, 0x62, 0x08, 0x62, 0x08, 0x82, 0x08,
    0x82, 0x08, 0x82, 0x08, 0x82, 0x08, 0x82, 0x08, 0x82, 0x08, 0x82, 0x08, 0x82, 0x08, 0x82, 0x08,
    0x82, 0x08, 0x83, 0x08, 0x62, 0x00, 0x62, 0x00, 0x83, 0x08, 0x83, 0x08, 0x83, 0x08, 0x83, 0x08,
    0x83, 0x08, 0x83, 0x08, 0xA3, 0x08, 0xA3, 0x08, 0xA3, 0x08, 0xA3, 0x08, 0xA3, 0x08, 0xA3, 0x08,
    0xA3, 0x08, 0xA3, 0x08, 0xA3, 0x08, 0xA3, 0x08, 0xA3, 0x08, 0xA3, 0x08, 0xA3, 0x08, 0xC3, 0x08,
    0xC3, 0x08, 0xC3, 0x08, 0xC3, 0x08, 0xC4, 0x08, 0xC4, 0x08, 0xC4, 0x08, 0xC4, 0x08, 0xC4, 0x08,
    0xC4, 0x08, 0xC4, 0x08, 0xE4, 0x08, 0xE4, 0x08, 0xE4, 0x08, 0xE4, 0x08, 0xE4, 0x08, 0xE4, 0x08,
    0xE4, 0x08, 0xE4, 0x08, 0x05, 0x09, 0xA3, 0x00, 0x38, 0xC6, 0xFF, 0xFF, 0xFF, 0xFF, 0xCB, 0x4A,
    0xA3, 0x00, 0x25, 0x11, 0x05, 0x09, 0x05, 0x09, 0x05, 0x09, 0x25, 0x09, 0x25, 0x09, 0x25, 0x09,
    0x25, 0x09, 0x25, 0x09, 0x25, 0x09, 0x25, 0x09, 0x25, 0x09, 0x25, 0x09, 0x45, 0x09, 0x46, 0x09,
    0x46, 0x09, 0x46, 0x09, 0x46, 0x09, 0x46, 0x09, 0x46, 0x09, 0x46, 0x09, 0x66, 0x09, 0x66, 0x09,
    0x66, 0x09, 0x66, 0x09, 0x66, 0x09, 0x66, 0x09, 0x66, 0x09, 0x66, 0x11, 0x66, 0x11, 0x66, 0x11,
    0x86, 0x11, 0x87, 0x11, 0x87, 0x11, 0x87, 0x11, 0x87, 0x11, 0x87, 0x11, 0x87, 0x11, 0x87, 0x11,
    0x66, 0x09, 0x87, 0x09, 0xA7, 0x11, 0x87, 0x11, 0xA7, 0x11, 0xA7, 0x11, 0xA7, 0x11, 0xA7, 0x11,
    0xA7, 0x11, 0xA7, 0x11, 0xA7, 0x11, 0xA7, 0x11, 0xA7, 0x11, 0xA7, 0x11, 0xA7, 0x11, 0xA7, 0x11,
    0xA7, 0x11, 0xA7, 0x11, 0xA7, 0x11, 0xA7, 0x11, 0xA7, 0x11, 0xA7, 0x11, 0xA7, 0x11, 0xA7, 0x11,
    0xA7, 0x11, 0xA7, 0x11, 0xA7, 0x11, 0xA7, 0x11, 0xA7, 0x11, 0xA7, 0x11, 0xA7, 0x11, 0xA7, 0x11,
    0xA7, 0x11, 0xA7, 0x11, 0xA7, 0x11, 0xA7, 0x11, 0xA7, 0x11, 0xA7, 0x11, 0xA7, 0x11, 0xA7, 0x11,
    0x87, 0x09, 0x09, 0x1A, 0x9E, 0xEF, 0xFF, 0xFF, 0x9E, 0xEF, 0xE8, 0x19, 0x66, 0x09, 0x87, 0x11,
    0x87, 0x11, 0x87, 0x11, 0x87, 0x11, 0x86, 0x11, 0x66, 0x11, 0x66, 0x11, 0x66, 0x11, 0x66, 0x09,
    0x66, 0x09, 0x66, 0x09, 0x66, 0x09, 0x66, 0x09, 0x66, 0x09, 0x66, 0x09, 0x46, 0x09, 0x46, 0x09,
    0x46, 0x09, 0x46, 0x09, 0x46, 0x09, 0x46, 0x09, 0x46, 0x09, 0x45, 0x09, 0x45, 0x09, 0x25, 0x09,
    0x25, 0x09, 0x25, 0x09, 0x25, 0x09, 0x25, 0x09, 0x25, 0x09, 0x25, 0x09, 0x25, 0x09, 0x05, 0x09,
    0x05, 0x09, 0x05, 0x09, 0x05, 0x09, 0x05, 0x09, 0x05, 0x09, 0x05, 0x09, 0xC4, 0x00, 0xE4, 0x08,
    0x04, 0x09, 0xE4, 0x08, 0xE4, 0x08, 0xE4, 0x08, 0xE4, 0x08, 0xE4, 0x08, 0xE4, 0x08, 0xE4, 0x08,
    0xE4, 0x08, 0xE4, 0x08, 0xC4, 0x08, 0xC4, 0x08, 0xC4, 0x08, 0xC4, 0x08, 0xC4, 0x08, 0xC4, 0x08,
    0xC4, 0x08, 0xC3, 0x08, 0xC3, 0x08, 0xC3, 0x08, 0xC3, 0x08, 0xA3, 0x08, 0xA3, 0x08, 0xA3, 0x08,
    0xA3, 0x08, 0xA3, 0x08, 0xA3, 0x08, 0xA3, 0x08, 0xA3, 0x08, 0xA3, 0x08, 0xA3, 0x08, 0xA3, 0x08,
    0xA3, 0x08, 0xA3, 0x08, 0x83, 0x08, 0x83, 0x08, 0x83, 0x08, 0xA3, 0x08, 0x21, 0x00, 0x6A, 0x4A,
    0xFF, 0xFF, 0xFF, 0xFF, 0x18, 0xC6, 0x21, 0x00, 0x83, 0x08, 0x82, 0x08, 0x82, 0x08, 0x82, 0x08,
    0x82, 0x08, 0x82, 0x08, 0x82, 0x08, 0x82, 0x08, 0x82, 0x08, 0x62, 0x08, 0x62, 0x08, 0x62, 0x08,
    0x62, 0x08, 0x62, 0x08, 0x62, 0x08, 0x62, 0x08, 0x62, 0x08, 0x62, 0x08, 0x62, 0x08, 0x62, 0x08,
    0x62, 0x08, 0x62, 0x08, 0x62, 0x08, 0x62, 0x08, 0x62, 0x08, 0x62, 0x08, 0x62, 0x08, 0x62, 0x08,
    0x62, 0x08, 0x62, 0x08, 0x62, 0x08, 0x62, 0x08, 0x62, 0x08, 0x62, 0x08, 0x62, 0x08, 0x62, 0x08,
    0x62, 0x08, 0x62, 0x08, 0x62, 0x08, 0x62, 0x08, 0x41, 0x00, 0x62, 0x08, 0x62, 0x08, 0x62, 0x08,
    0x62, 0x08, 0x62, 0x08, 0x62, 0x08, 0x62, 0x08, 0x62, 0x08, 0x62, 0x08, 0x62, 0x08, 0x62, 0x08,
    0x62, 0x08, 0x62, 0x08, 0x62, 0x08, 0x62, 0x08, 0x62, 0x08, 0x62, 0x08, 0x62, 0x08, 0x62, 0x08,
    0x62, 0x08, 0x62, 0x08, 0x62, 0x08, 0x62, 0x08, 0x62, 0x08, 0x62, 0x08, 0x62, 0x08, 0x62, 0x08,
    0x62, 0x08, 0x62, 0x08, 0x62, 0x08, 0x62, 0x08, 0x62, 0x08, 0x62, 0x08, 0x62, 0x08, 0x62, 0x08,
    0x82, 0x08, 0x00, 0x00, 0x49, 0x4A, 0xFF, 0xFF, 0xFF, 0xFF, 0xF8, 0xBD, 0x01, 0x00, 0x82, 0x08,
    0x62, 0x08, 0x62, 0x08, 0x62, 0x08, 0x62, 0x08, 0x62, 0x08, 0x62, 0x08, 0x62, 0x08, 0x62, 0x08,
    0x62, 0x08, 0x62, 0x08, 0x62, 0x08, 0x62, 0x08, 0x62, 0x08, 0x62, 0x08, 0x62, 0x08, 0x62, 0x08,
    0x62, 0x08, 0x62, 0x08, 0x62, 0x08, 0x62, 0x08, 0x62, 0x08, 0x62, 0x08, 0x62, 0x08, 0x62, 0x08,
    0x62, 0x08, 0x62, 0x08, 0x62, 0x08, 0x62, 0x08, 0x82, 0x08, 0x82, 0x08, 0x82, 0x08, 0x82, 0x08,
    0x82, 0x08, 0x82, 0x08, 0x82, 0x08, 0x82, 0x08, 0x82, 0x08, 0x83, 0x08, 0x83, 0x08, 0x83, 0x08,
    0x83, 0x08, 0x83, 0x08, 0x83, 0x08, 0x83, 0x08, 0x83, 0x08, 0x83, 0x08, 0xA3, 0x08, 0xA3, 0x08,
    0xA3, 0x08, 0xA3, 0x08, 0xA3, 0x08, 0xA3, 0x08, 0xA3, 0x08, 0xA3, 0x08, 0xA3, 0x08, 0xA3, 0x08,
    0xA3, 0x08, 0xA3, 0x08, 0xA3, 0x08, 0xC3, 0x08, 0xC3, 0x08, 0xC3, 0x08, 0xC3, 0x08, 0xC3, 0x08,
    0xC4, 0x08, 0xC4, 0x08, 0xC4, 0x08, 0xC4, 0x08, 0xC4, 0x08, 0xC4, 0x08, 0xE4, 0x08, 0xE4, 0x08,
    0xE4, 0x08, 0xE4, 0x08, 0xE4, 0x08, 0xE4, 0x08, 0xE4, 0x08, 0xE4, 0x08, 0x05, 0x09, 0xA3, 0x00,
    0x18, 0xBE, 0xFF, 0xFF, 0xFF, 0xFF, 0xCB, 0x4A, 0xA3, 0x00, 0x25, 0x11, 0x05, 0x09, 0x05, 0x09,
    0x05, 0x09, 0x05, 0x09, 0x25, 0x09, 0x25, 0x09, 0x25, 0x09, 0x25, 0x09, 0x25, 0x09, 0x25, 0x09,
    0x25, 0x09, 0x25, 0x09, 0x25, 0x09, 0x45, 0x09, 0x46, 0x09, 0x46, 0x09, 0x46, 0x09, 0x46, 0x09,
    0x46, 0x09, 0x46, 0x09, 0x46, 0x09, 0x46, 0x09, 0x66, 0x09, 0x66, 0x09, 0x66, 0x09, 0x66, 0x09,
    0x66, 0x09, 0x66, 0x09, 0x66, 0x11, 0x66, 0x11, 0x66, 0x11, 0x66, 0x11, 0x87, 0x11, 0x87, 0x11,
    0x87, 0x11, 0x87, 0x11, 0x87, 0x11, 0x87, 0x11, 0x87, 0x11, 0x87, 0x11, 0x87, 0x11, 0x87, 0x11,
    0x87, 0x11, 0x87, 0x11, 0xA7, 0x11, 0xA7, 0x11, 0xA7, 0x11, 0xA7, 0x11, 0xA7, 0x11, 0xA7, 0x11,
    0xA7, 0x11, 0xA7, 0x11, 0xA7, 0x11, 0xA7, 0x11, 0xA7, 0x11, 0xA7, 0x11, 0xA7, 0x11, 0xA7, 0x11,
    0xA7, 0x11, 0xA7, 0x11, 0xA7, 0x11, 0xA7, 0x11, 0xA7, 0x11, 0xA7, 0x11, 0xA7, 0x11, 0xA7, 0x11,
    0xA7, 0x11, 0xA7, 0x11, 0xA7, 0x11, 0xA7, 0x11, 0xA7, 0x11, 0xA7, 0x11, 0xA7, 0x11, 0xA7, 0x11,
    0xA7, 0x11, 0xA7, 0x11, 0x87, 0x11, 0xA7, 0x11, 0x86, 0x09, 0x08, 0x1A, 0x7D, 0xEF, 0xFF, 0xFF,
    0x7D, 0xEF, 0xE8, 0x19, 0x66, 0x09, 0x87, 0x11, 0x87, 0x11, 0x86, 0x11, 0x86, 0x11, 0x66, 0x11,
    0x66, 0x11, 0x66, 0x11, 0x66, 0x09, 0x66, 0x09, 0x66, 0x09, 0x66, 0x09, 0x66, 0x09, 0x66, 0x09,
    0x66, 0x09, 0x46, 0x09, 0x46, 0x09, 0x46, 0x09, 0x46, 0x09, 0x46, 0x09, 0x46, 0x09, 0x46, 0x09,
    0x45, 0x09, 0x45, 0x09, 0x25, 0x09, 0x25, 0x09, 0x25, 0x09, 0x25, 0x09, 0x25, 0x09, 0x25, 0x09,
    0x25, 0x09, 0x25, 0x09, 0x25, 0x09, 0x05, 0x09, 0x05, 0x09, 0x05, 0x09, 0x05, 0x09, 0x05, 0x09,
    0x05, 0x09, 0x04, 0x09, 0x05, 0x09, 0x04, 0x09, 0xE4, 0x08, 0xE4, 0x08, 0xE4, 0x08, 0xE4, 0x08,
    0xE4, 0x08, 0xE4, 0x08, 0xE4, 0x08, 0xE4, 0x08, 0xE4, 0x08, 0xE4, 0x08, 0xC4, 0x08, 0xC4, 0x08,
    0xC4, 0x08, 0xC4, 0x08, 0xC4, 0x08, 0xC4, 0x08, 0xC4, 0x08, 0xC3, 0x08, 0xC3, 0x08, 0xC3, 0x08,
    0xC3, 0x08, 0xA3, 0x08, 0xA3, 0x08, 0xA3, 0x08, 0xA3, 0x08, 0xA3, 0x08, 0xA3, 0x08, 0xA3, 0x08,
    0xA3, 0x08, 0xA3, 0x08, 0xA3, 0x08, 0xA3, 0x08, 0xA3, 0x08, 0xA3, 0x08, 0x83, 0x08, 0x83, 0x08,
    0x83, 0x08, 0xA3, 0x08, 0x21, 0x00, 0x6A, 0x4A, 0xFF, 0xFF, 0xFF, 0xFF, 0x18, 0xBE, 0x21, 0x00,
    0x83, 0x08, 0x82, 0x08, 0x82, 0x08, 0x82, 0x08, 0x82, 0x08, 0x82, 0x08, 0x82, 0x08, 0x82, 0x08,
    0x82, 0x08, 0x62, 0x08, 0x62, 0x08, 0x62, 0x08, 0x62, 0x08, 0x62, 0x08, 0x62, 0x08, 0x62, 0x08,
    0x62, 0x08, 0x62, 0x08, 0x62, 0x08, 0x62, 0x08, 0x62, 0x08, 0x62, 0x08, 0x62, 0x08, 0x62, 0x08,
    0x62, 0x08, 0x62, 0x08, 0x62, 0x08, 0x62, 0x08, 0x62, 0x08, 0x62, 0x08, 0x62, 0x08, 0x62, 0x08,
    0x62, 0x08, 0x62, 0x08, 0x62, 0x08, 0x62, 0x08, 0x62, 0x08, 0x62, 0x08, 0x62, 0x08, 0x62, 0x08,
    0x62, 0x08, 0x62, 0x08, 0x62, 0x08, 0x62, 0x08, 0x62, 0x08, 0x62, 0x08, 0x62, 0x08, 0x62, 0x08,
    0x62, 0x08, 0x62, 0x08, 0x62, 0x08, 0x62, 0x08, 0x62, 0x08, 0x62, 0x08, 0x62, 0x08, 0x62, 0x08,
    0x62, 0x08, 0x62, 0x08, 0x62, 0x08, 0x62, 0x08, 0x62, 0x08, 0x62, 0x08, 0x62, 0x08, 0x62, 0x08,
    0x62, 0x08, 0x62, 0x08, 0x62, 0x08, 0x62, 0x08, 0x62, 0x08, 0x62, 0x08, 0x62, 0x08, 0x62, 0x08,
    0x62, 0x08, 0x62, 0x08, 0x62, 0x08, 0x62, 0x08, 0x82, 0x08, 0x00, 0x00, 0x6A, 0x4A, 0xFF, 0xFF,
    0xFF, 0xFF, 0x59, 0xCE, 0x01, 0x00, 0x82, 0x08, 0x62, 0x08, 0x62, 0x08, 0x62, 0x08, 0x62, 0x08,
    0x62, 0x08, 0x62, 0x08, 0x62, 0x08, 0x62, 0x08, 0x62, 0x08, 0x62, 0x08, 0x62, 0x08, 0x62, 0x08,
    0x62, 0x08, 0x62, 0x08, 0x62, 0x08, 0x62, 0x08, 0x62, 0x08, 0x62, 0x08, 0x62, 0x08, 0x62, 0x08,
    0x62, 0x08, 0x62, 0x08, 0x62, 0x08, 0x62, 0x08, 0x62, 0x08, 0x62, 0x08, 0x62, 0x08, 0x62, 0x08,
    0x82, 0x08, 0x82, 0x08, 0x82, 0x08, 0x82, 0x08, 0x82, 0x08, 0x82, 0x08, 0x82, 0x08, 0x82, 0x08,
    0x82, 0x08, 0x82, 0x08, 0x83, 0x08, 0x83, 0x08, 0x83, 0x08, 0x83, 0x08, 0x83, 0x08, 0x83, 0x08,
    0x83, 0x08, 0x83, 0x08, 0x83, 0x08, 0xA3, 0x08, 0xA3, 0x08, 0xA3, 0x08, 0xA3, 0x08, 0xA3, 0x08,
    0xA3, 0x08, 0xA3, 0x08, 0xA3, 0x08, 0xA3, 0x08, 0xA3, 0x08, 0xA3, 0x08, 0xA3, 0x08, 0xA3, 0x08,
    0xC3, 0x08, 0xC3, 0x08, 0xC3, 0x08, 0xC3, 0x08, 0xC4, 0x08, 0xC4, 0x08, 0xC4, 0x08, 0xC4, 0x08,
    0xC4, 0x08, 0xC4, 0x08, 0xC4, 0x08, 0xE4, 0x08, 0xE4, 0x08, 0xE4, 0x08, 0xE4, 0x08, 0xE4, 0x08,
    0xE4, 0x08, 0xE4, 0x08, 0x04, 0x09, 0xA3, 0x00, 0x79, 0xCE, 0xFF, 0xFF, 0xFF, 0xFF, 0xEC, 0x4A,
    0xA3, 0x00, 0x25, 0x11, 0x05, 0x09, 0x05, 0x09, 0x05, 0x09, 0x05, 0x09, 0x25, 0x09, 0x25, 0x09,
    0x25, 0x09, 0x25, 0x09, 0x25, 0x09, 0x25, 0x09, 0x25, 0x09, 0x25, 0x09, 0x25, 0x09, 0x25, 0x09,
    0x45, 0x09, 0x46, 0x09, 0x46, 0x09, 0x46, 0x09, 0x46, 0x09, 0x46, 0x09, 0x46, 0x09, 0x46, 0x09,
    0x46, 0x09, 0x66, 0x09, 0x66, 0x09, 0x66, 0x09, 0x66, 0x09, 0x66, 0x09, 0x66, 0x09, 0x66, 0x09,
    0x66, 0x11, 0x66, 0x11, 0x66, 0x11, 0x66, 0x11, 0x87, 0x11, 0x87, 0x11, 0x87, 0x11, 0x87, 0x11,
    0x87, 0x11, 0x87, 0x11, 0x87, 0x11, 0x87, 0x11, 0x87, 0x11, 0x87, 0x11, 0x87, 0x11, 0x87, 0x11,
    0x87, 0x11, 0x87, 0x11, 0xA7, 0x11, 0xA7, 0x11, 0xA7, 0x11, 0xA7, 0x11, 0xA7, 0x11, 0xA7, 0x11,
    0xA7, 0x11, 0xA7, 0x11, 0xA7, 0x11, 0xA7, 0x11, 0xA7, 0x11, 0xA7, 0x11, 0xA7, 0x11, 0xA7, 0x11,
    0xA7, 0x11, 0xA7, 0x11, 0xA7, 0x11, 0xA7, 0x11, 0xA7, 0x11, 0xA7, 0x11, 0xA7, 0x11, 0xA7, 0x11,
    0xA7, 0x11, 0xA7, 0x11, 0xA7, 0x11, 0x87, 0x11, 0x87, 0x11, 0x87, 0x11, 0x87, 0x11, 0x87, 0x11,
    0x66, 0x09, 0x08, 0x22, 0xDF, 0xFF, 0xFF, 0xFF, 0xDF, 0xFF, 0xE8, 0x21, 0x66, 0x09, 0x87, 0x11,
    0x86, 0x11, 0x66, 0x11, 0x66, 0x11, 0x66, 0x11, 0x66, 0x11, 0x66, 0x09, 0x66, 0x09, 0x66, 0x09,
    0x66, 0x09, 0x66, 0x09, 0x66, 0x09, 0x46, 0x09, 0x46, 0x09, 0x46, 0x09, 0x46, 0x09, 0x46, 0x09,
    0x46, 0x09, 0x46, 0x09, 0x46, 0x09, 0x45, 0x09, 0x45, 0x09, 0x25, 0x09, 0x25, 0x09, 0x25, 0x09,
    0x25, 0x09, 0x25, 0x09, 0x25, 0x09, 0x25, 0x09, 0x25, 0x09, 0x25, 0x09, 0x05, 0x09, 0x05, 0x09,
    0x05, 0x09, 0x05, 0x09, 0x05, 0x09, 0x05, 0x09, 0x05, 0x09, 0x04, 0x09, 0x04, 0x09, 0xE4, 0x08,
    0xE4, 0x08, 0xE4, 0x08, 0xE4, 0x08, 0xE4, 0x08, 0xE4, 0x08, 0xE4, 0x08, 0xE4, 0x08, 0xE4, 0x08,
    0xE4, 0x08, 0xC4, 0x08, 0xC4, 0x08, 0xC4, 0x08, 0xC4, 0x08, 0xC4, 0x08, 0xC4, 0x08, 0xC4, 0x08,
    0xC3, 0x08, 0xC3, 0x08, 0xC3, 0x08, 0xC3, 0x08, 0xA3, 0x08, 0xA3, 0x08, 0xA3, 0x08, 0xA3, 0x08,
    0xA3, 0x08, 0xA3, 0x08, 0xA3, 0x08, 0xA3, 0x08, 0xA3, 0x08, 0xA3, 0x08, 0xA3, 0x08, 0xA3, 0x08,
    0xA3, 0x08, 0xA3, 0x08, 0x83, 0x08, 0x83, 0x08, 0x83, 0x08, 0xA3, 0x08, 0x21, 0x00, 0x8A, 0x4A,
    0xFF, 0xFF, 0xFF, 0xFF, 0x59, 0xCE, 0x21, 0x00, 0x83, 0x08, 0x82, 0x08, 0x82, 0x08, 0x82, 0x08,
    0x82, 0x08, 0x82, 0x08, 0x82, 0x08, 0x82, 0x08, 0x62, 0x08, 0x62, 0x08, 0x62, 0x08, 0x62, 0x08,
    0x62, 0x08, 0x62, 0x08, 0x62, 0x08, 0x62, 0x08, 0x62, 0x08, 0x62, 0x08, 0x62, 0x08, 0x62, 0x08,
    0x62, 0x08, 0x62, 0x08, 0x62, 0x08, 0x62, 0x08, 0x62, 0x08, 0x62, 0x08, 0x62, 0x08, 0x62, 0x08,
    0x62, 0x08, 0x62, 0x08, 0x62, 0x08, 0x62, 0x08, 0x62, 0x08, 0x62, 0x08, 0x62, 0x08, 0x62, 0x08,
    0x62, 0x08, 0x62, 0x08, 0x62, 0x08, 0x62, 0x08, 0x62, 0x08, 0x62, 0x08, 0x62, 0x08, 0x62, 0x08,
    0x62, 0x08, 0x62, 0x08, 0x62, 0x08, 0x62, 0x08, 0x62, 0x08, 0x62, 0x08, 0x62, 0x08, 0x62, 0x08,
    0x62, 0x08, 0x62, 0x08, 0x62, 0x08, 0x62, 0x08, 0x62, 0x08, 0x62, 0x08, 0x62, 0x08, 0x62, 0x08,
    0x62, 0x08, 0x62, 0x08, 0x62, 0x08, 0x62, 0x08, 0x62, 0x08, 0x62, 0x08, 0x62, 0x08, 0x62, 0x08,
    0x62, 0x08, 0x62, 0x08, 0x62, 0x08, 0x62, 0x08, 0x62, 0x08, 0x62, 0x08, 0x62, 0x08, 0x62, 0x08,
    0x62, 0x08, 0x42, 0x00, 0xE4, 0x18, 0x6A, 0x4A, 0x6A, 0x4A, 0xE8, 0x39, 0x42, 0x00, 0x62, 0x08,
    0x62, 0x08, 0x62, 0x08, 0x62, 0x08, 0x62, 0x08, 0x62, 0x08, 0x62, 0x08, 0x62, 0x08, 0x62, 0x08,
    0x62, 0x08, 0x62, 0x08, 0x62, 0x08, 0x62, 0x08, 0x62, 0x08, 0x62, 0x08, 0x62, 0x08, 0x62, 0x08,
    0x62, 0x08, 0x62, 0x08, 0x62, 0x08, 0x62, 0x08, 0x62, 0x08, 0x62, 0x08, 0x62, 0x08, 0x62, 0x08,
    0x62, 0x08, 0x62, 0x08, 0x62, 0x08, 0x62, 0x08, 0x82, 0x08, 0x82, 0x08, 0x82, 0x08, 0x82, 0x08,
    0x82, 0x08, 0x82, 0x08, 0x82, 0x08, 0x82, 0x08, 0x82, 0x08, 0x82, 0x08, 0x83, 0x08, 0x83, 0x08,
    0x83, 0x08, 0x83, 0x08, 0x83, 0x08, 0x83, 0x08, 0x83, 0x08, 0x83, 0x08, 0x83, 0x08, 0xA3, 0x08,
    0xA3, 0x08, 0xA3, 0x08, 0xA3, 0x08, 0xA3, 0x08, 0xA3, 0x08, 0xA3, 0x08, 0xA3, 0x08, 0xA3, 0x08,
    0xA3, 0x08, 0xA3, 0x08, 0xA3, 0x08, 0xA3, 0x08, 0xC3, 0x08, 0xC3, 0x08, 0xC3, 0x08, 0xC3, 0x08,
    0xC3, 0x08, 0xC4, 0x08, 0xC4, 0x08, 0xC4, 0x08, 0xC4, 0x08, 0xC4, 0x08, 0xC4, 0x08, 0xC4, 0x08,
    0xE4, 0x08, 0xE4, 0x08, 0xE4, 0x08, 0xE4, 0x08, 0xE4, 0x08, 0xE4, 0x08, 0xE4, 0x08, 0xE4, 0x08,
    0x49, 0x3A, 0xCB, 0x4A, 0xCB, 0x4A, 0x66, 0x19, 0xE4, 0x08, 0x05, 0x09, 0x05, 0x09, 0x05, 0x09,
    0x05, 0x09, 0x05, 0x09, 0x05, 0x09, 0x25, 0x09, 0x25, 0x09, 0x25, 0x09, 0x25, 0x09, 0x25, 0x09,
    0x25, 0x09, 0x25, 0x09, 0x25, 0x09, 0x25, 0x09, 0x25, 0x09, 0x45, 0x09, 0x46, 0x09, 0x46, 0x09,
    0x46, 0x09, 0x46, 0x09, 0x46, 0x09, 0x46, 0x09, 0x46, 0x09, 0x46, 0x09, 0x66, 0x09, 0x66, 0x09,
    0x66, 0x09, 0x66, 0x09, 0x66, 0x09, 0x66, 0x09, 0x66, 0x09, 0x66, 0x11, 0x66, 0x11, 0x66, 0x11,
    0x66, 0x11, 0x86, 0x11, 0x87, 0x11, 0x87, 0x11, 0x87, 0x11, 0x87, 0x11, 0x87, 0x11, 0x87, 0x11,
    0x87, 0x11, 0x87, 0x11, 0x87, 0x11, 0x87, 0x11, 0x87, 0x11, 0x87, 0x11, 0x87, 0x11, 0x87, 0x11,
    0x87, 0x11, 0xA7, 0x11, 0xA7, 0x11, 0xA7, 0x11, 0xA7, 0x11, 0xA7, 0x11, 0xA7, 0x11, 0xA7, 0x11,
    0xA7, 0x11, 0xA7, 0x11, 0xA7, 0x11, 0xA7, 0x11, 0xA7, 0x11, 0xA7, 0x11, 0xA7, 0x11, 0xA7, 0x11,
    0xA7, 0x11, 0xA7, 0x11, 0x87, 0x11, 0x87, 0x11, 0x87, 0x11, 0x87, 0x11, 0x87, 0x11, 0x87, 0x11,
    0x87, 0x11, 0x87, 0x11, 0x87, 0x11, 0x87, 0x11, 0x87, 0x09, 0xA7, 0x11, 0x0D, 0x4B, 0x2D, 0x4B,
    0x0C, 0x4B, 0x87, 0x11, 0x66, 0x09, 0x86, 0x11, 0x66, 0x11, 0x66, 0x11, 0x66, 0x11, 0x66, 0x09,
    0x66, 0x09, 0x66, 0x09, 0x66, 0x09, 0x66, 0x09, 0x66, 0x09, 0x66, 0x09, 0x46, 0x09, 0x46, 0x09,
    0x46, 0x09, 0x46, 0x09, 0x46, 0x09, 0x46, 0x09, 0x46, 0x09, 0x46, 0x09, 0x45, 0x09, 0x45, 0x09,
    0x25, 0x09, 0x25, 0x09, 0x25, 0x09, 0x25, 0x09, 0x25, 0x09, 0x25, 0x09, 0x25, 0x09, 0x25, 0x09,
    0x25, 0x09, 0x05, 0x09, 0x05, 0x09, 0x05, 0x09, 0x05, 0x09, 0x05, 0x09, 0x05, 0x09, 0x05, 0x09,
    0x04, 0x09, 0x04, 0x09, 0xE4, 0x08, 0xE4, 0x08, 0xE4, 0x08, 0xE4, 0x08, 0xE4, 0x08, 0xE4, 0x08,
    0xE4, 0x08, 0xE4, 0x08, 0xE4, 0x08, 0xE4, 0x08, 0xE4, 0x08, 0xC4, 0x08, 0xC4, 0x08, 0xC4, 0x08,
    0xC4, 0x08, 0xC4, 0x08, 0xC4, 0x08, 0xC4, 0x08, 0xC3, 0x08, 0xC3, 0x08, 0xC3, 0x08, 0xC3, 0x08,
    0xA3, 0x08, 0xA3, 0x08, 0xA3, 0x08, 0xA3, 0x08, 0xA3, 0x08, 0xA3, 0x08, 0xA3, 0x08, 0xA3, 0x08,
    0xA3, 0x08, 0xA3, 0x08, 0xA3, 0x08, 0xA3, 0x08, 0xA3, 0x08, 0x83, 0x08, 0x83, 0x08, 0x83, 0x08,
    0x83, 0x08, 0x83, 0x08, 0x62, 0x00, 0x04, 0x19, 0x6A, 0x4A, 0x6A, 0x4A, 0xE8, 0x39, 0x62, 0x00,
    0x83, 0x08, 0x82, 0x08, 0x82, 0x08, 0x82, 0x08, 0x82, 0x08, 0x82, 0x08, 0x82, 0x08, 0x82, 0x08,
    0x62, 0x08, 0x62, 0x08, 0x62, 0x08, 0x62, 0x08, 0x62, 0x08, 0x62, 0x08, 0x62, 0x08, 0x62, 0x08,
    0x62, 0x08, 0x62, 0x08, 0x62, 0x08, 0x62, 0x08, 0x62, 0x08, 0x62, 0x08, 0x62, 0x08, 0x62, 0x08,
    0x62, 0x08, 0x62, 0x08, 0x62, 0x08, 0x62, 0x08, 0x62, 0x08, 0x62, 0x08, 0x62, 0x08, 0x62, 0x08,
    0x62, 0x08, 0x62, 0x08, 0x62, 0x08, 0x62, 0x08, 0x62, 0x08, 0x62, 0x08, 0x62, 0x08, 0x62, 0x08,
    0x62, 0x08, 0x62, 0x08, 0x62, 0x08, 0x62, 0x08, 0x62, 0x08, 0x62, 0x08, 0x62, 0x08, 0x62, 0x08,
    0x62, 0x08, 0x62, 0x08, 0x62, 0x08, 0x62, 0x08, 0x62, 0x08, 0x62, 0x08, 0x62, 0x08, 0x62, 0x08,
    0x62, 0x08, 0x62, 0x08, 0x62, 0x08, 0x62, 0x08, 0x62, 0x08, 0x62, 0x08, 0x62, 0x08, 0x62, 0x08,
    0x62, 0x08, 0x62, 0x08, 0x62, 0x08, 0x62, 0x08, 0x62, 0x08, 0x62, 0x08, 0x62, 0x08, 0x62, 0x08,
    0x62, 0x08, 0x62, 0x08, 0x62, 0x08, 0x62, 0x08, 0x62, 0x08, 0x62, 0x08, 0x42, 0x00, 0x00, 0x00,
    0x00, 0x00, 0x21, 0x00, 0x62, 0x08, 0x62, 0x08, 0x62, 0x08, 0x62, 0x08, 0x62, 0x08, 0x62, 0x08,
    0x62, 0x08, 0x62, 0x08, 0x62, 0x08, 0x62, 0x08, 0x62, 0x08, 0x62, 0x08, 0x62, 0x08, 0x62, 0x08,
    0x62, 0x08, 0x62, 0x08, 0x62, 0x08, 0x62, 0x08, 0x62, 0x08, 0x62, 0x08, 0x62, 0x08, 0x62, 0x08,
    0x62, 0x08, 0x62, 0x08, 0x62, 0x08, 0x62, 0x08, 0x62, 0x08, 0x62, 0x08, 0x62, 0x08, 0x62, 0x08,
    0x62, 0x08, 0x82, 0x08, 0x82, 0x08, 0x82, 0x08, 0x82, 0x08, 0x82, 0x08, 0x82, 0x08, 0x82, 0x08,
    0x82, 0x08, 0x82, 0x08, 0x82, 0x08, 0x83, 0x08, 0x83, 0x08, 0x83, 0x08, 0x83, 0x08, 0x83, 0x08,
    0x83, 0x08, 0x83, 0x08, 0x83, 0x08, 0x83, 0x08, 0xA3, 0x08, 0xA3, 0x08, 0xA3, 0x08, 0xA3, 0x08,
    0xA3, 0x08, 0xA3, 0x08, 0xA3, 0x08, 0xA3, 0x08, 0xA3, 0x08, 0xA3, 0x08, 0xA3, 0x08, 0xA3, 0x08,
    0xA3, 0x08, 0xC3, 0x08, 0xC3, 0x08, 0xC3, 0x08, 0xC3, 0x08, 0xC4, 0x08, 0xC4, 0x08, 0xC4, 0x08,
    0xC4, 0x08, 0xC4, 0x08, 0xC4, 0x08, 0xC4, 0x08, 0xE4, 0x08, 0xE4, 0x08, 0xE4, 0x08, 0xE4, 0x08,
    0xE4, 0x08, 0xE4, 0x08, 0xE4, 0x08, 0xE4, 0x08, 0xA3, 0x00, 0x83, 0x00, 0x83, 0x00, 0xE4, 0x08,
    0x05, 0x09, 0x05, 0x09, 0x05, 0x09, 0x05, 0x09, 0x05, 0x09, 0x05, 0x09, 0x05, 0x09, 0x05, 0x09,
    0x25, 0x09, 0x25, 0x09, 0x25, 0x09, 0x25, 0x09, 0x25, 0x09, 0x25, 0x09, 0x25, 0x09, 0x25, 0x09,
    0x25, 0x09, 0x25, 0x09, 0x45, 0x09, 0x46, 0x09, 0x46, 0x09, 0x46, 0x09, 0x46, 0x09, 0x46, 0x09,
    0x46, 0x09, 0x46, 0x09, 0x46, 0x09, 0x66, 0x09, 0x66, 0x09, 0x66, 0x09, 0x66, 0x09, 0x66, 0x09,
    0x66, 0x09, 0x66, 0x09, 0x66, 0x09, 0x66, 0x11, 0x66, 0x11, 0x66, 0x11, 0x66, 0x11, 0x86, 0x11,
    0x87, 0x11, 0x87, 0x11, 0x87, 0x11, 0x87, 0x11, 0x87, 0x11, 0x87, 0x11, 0x87, 0x11, 0x87, 0x11,
    0x87, 0x11, 0x87, 0x11, 0x87, 0x11, 0x87, 0x11, 0x87, 0x11, 0x87, 0x11, 0x87, 0x11, 0x87, 0x11,
    0x87, 0x11, 0x87, 0x11, 0x87, 0x11, 0x87, 0x11, 0x87, 0x11, 0x87, 0x11, 0x87, 0x11, 0x87, 0x11,
    0x87, 0x11, 0x87, 0x11, 0x87, 0x11, 0x87, 0x11, 0x87, 0x11, 0x87, 0x11, 0x87, 0x11, 0x87, 0x11,
    0x87, 0x11, 0x87, 0x11, 0x87, 0x11, 0x87, 0x11, 0x87, 0x11, 0x87, 0x11, 0x87, 0x11, 0x87, 0x11,
    0x87, 0x11, 0x87, 0x09, 0x25, 0x01, 0x25, 0x01, 0x25, 0x01, 0x66, 0x09, 0x66, 0x11, 0x66, 0x11,
    0x66, 0x11, 0x66, 0x09, 0x66, 0x09, 0x66, 0x09, 0x66, 0x09, 0x66, 0x09, 0x66, 0x09, 0x66, 0x09,
    0x46, 0x09, 0x46, 0x09, 0x46, 0x09, 0x46, 0x09, 0x46, 0x09, 0x46, 0x09, 0x46, 0x09, 0x46, 0x09,
    0x46, 0x09, 0x45, 0x09, 0x45, 0x09, 0x25, 0x09, 0x25, 0x09, 0x25, 0x09, 0x25, 0x09, 0x25, 0x09,
    0x25, 0x09, 0x25, 0x09, 0x25, 0x09, 0x25, 0x09, 0x05, 0x09, 0x05, 0x09, 0x05, 0x09, 0x05, 0x09,
    0x05, 0x09, 0x05, 0x09, 0x05, 0x09, 0x04, 0x09, 0x04, 0x09, 0x04, 0x09, 0xE4, 0x08, 0xE4, 0x08,
    0xE4, 0x08, 0xE4, 0x08, 0xE4, 0x08, 0xE4, 0x08, 0xE4, 0x08, 0xE4, 0x08, 0xE4, 0x08, 0xE4, 0x08,
    0xC4, 0x08, 0xC4, 0x08, 0xC4, 0x08, 0xC4, 0x08, 0xC4, 0x08, 0xC4, 0x08, 0xC4, 0x08, 0xC3, 0x08,
    0xC3, 0x08, 0xC3, 0x08, 0xC3, 0x08, 0xA3, 0x08, 0xA3, 0x08, 0xA3, 0x08, 0xA3, 0x08, 0xA3, 0x08,
    0xA3, 0x08, 0xA3, 0x08, 0xA3, 0x08, 0xA3, 0x08, 0xA3, 0x08, 0xA3, 0x08, 0xA3, 0x08, 0xA3, 0x08,
    0xA3, 0x08, 0x83, 0x08, 0x83, 0x08, 0x83, 0x08, 0x83, 0x08, 0x83, 0x08, 0x83, 0x08, 0x62, 0x00,
    0x21, 0x00, 0x21, 0x00, 0x21, 0x00, 0x83, 0x08, 0x82, 0x08, 0x82, 0x08, 0x82, 0x08, 0x82, 0x08,
    0x82, 0x08, 0x82, 0x08, 0x82, 0x08, 0x62, 0x08, 0x62, 0x08, 0x62, 0x08, 0x62, 0x08, 0x62, 0x08,
    0x62, 0x08, 0x62, 0x08, 0x62, 0x08, 0x62, 0x08, 0x62, 0x08, 0x62, 0x08, 0x62, 0x08, 0x62, 0x08,
    0x62, 0x08, 0x62, 0x08, 0x62, 0x08, 0x62, 0x08, 0x62, 0x08, 0x62, 0x08, 0x62, 0x08, 0x62, 0x08,
    0x62, 0x08, 0x62, 0x08, 0x62, 0x08, 0x62, 0x08, 0x62, 0x08, 0x62, 0x08, 0x62, 0x08, 0x62, 0x08,
    0x62, 0x08, 0x62, 0x08, 0x62, 0x08, 0x62, 0x08, 0x62, 0x08, 0x62, 0x08, 0x62, 0x08, 0x62, 0x08,
    0x62, 0x08, 0x62, 0x08, 0x62, 0x08, 0x62, 0x08, 0x62, 0x08, 0x62, 0x08, 0x62, 0x08, 0x62, 0x08,
    0x62, 0x08, 0x62, 0x08, 0x62, 0x08, 0x62, 0x08, 0x62, 0x08, 0x62, 0x08, 0x62, 0x08, 0x62, 0x08,
    0x62, 0x08, 0x62, 0x08, 0x62, 0x08, 0x62, 0x08, 0x62, 0x08, 0x62, 0x08, 0x62, 0x08, 0x62, 0x08,
    0x62, 0x08, 0x62, 0x08, 0x62, 0x08, 0x62, 0x08, 0x62, 0x08, 0x62, 0x08, 0x62, 0x08, 0x62, 0x08,
    0x62, 0x08, 0x62, 0x08, 0x62, 0x08, 0x82, 0x08, 0x82, 0x08, 0x82, 0x08, 0x62, 0x08, 0x62, 0x08,
    0x62, 0x08, 0x62, 0x08, 0x62, 0x08, 0x62, 0x08, 0x62, 0x08, 0x62, 0x08, 0x62, 0x08, 0x62, 0x08,
    0x62, 0x08, 0x62, 0x08, 0x62, 0x08, 0x62, 0x08, 0x62, 0x08, 0x62, 0x08, 0x62, 0x08, 0x62, 0x08,
    0x62, 0x08, 0x62, 0x08, 0x62, 0x08, 0x62, 0x08, 0x62, 0x08, 0x62, 0x08, 0x62, 0x08, 0x62, 0x08,
    0x62, 0x08, 0x62, 0x08, 0x62, 0x08, 0x62, 0x08, 0x62, 0x08, 0x82, 0x08, 0x82, 0x08, 0x82, 0x08,
    0x82, 0x08, 0x82, 0x08, 0x82, 0x08, 0x82, 0x08, 0x82, 0x08, 0x82, 0x08, 0x82, 0x08, 0x83, 0x08,
    0x83, 0x08, 0x83, 0x08, 0x83, 0x08, 0x83, 0x08, 0x83, 0x08, 0x83, 0x08, 0x83, 0x08, 0x83, 0x08,
    0xA3, 0x08, 0xA3, 0x08, 0xA3, 0x08, 0xA3, 0x08, 0xA3, 0x08, 0xA3, 0x08, 0xA3, 0x08, 0xA3, 0x08,
    0xA3, 0x08, 0xA3, 0x08, 0xA3, 0x08, 0xA3, 0x08, 0xA3, 0x08, 0xA3, 0x08, 0xC3, 0x08, 0xC3, 0x08,
    0xC3, 0x08, 0xC3, 0x08, 0xC4, 0x08, 0xC4, 0x08, 0xC4, 0x08, 0xC4, 0x08, 0xC4, 0x08, 0xC4, 0x08,
    0xC4, 0x08, 0xE4, 0x08, 0xE4, 0x08, 0xE4, 0x08, 0xE4, 0x08, 0xE4, 0x08, 0xE4, 0x08, 0xE4, 0x08,
    0x04, 0x09, 0x05, 0x11, 0x05, 0x11, 0x04, 0x09, 0x04, 0x09, 0x04, 0x09, 0x05, 0x09, 0x05, 0x09,
    0x05, 0x09, 0x05, 0x09, 0x05, 0x09, 0x05, 0x09, 0x05, 0x09, 0x25, 0x09, 0x25, 0x09, 0x25, 0x09,
    0x25, 0x09, 0x25, 0x09, 0x25, 0x09, 0x25, 0x09, 0x25, 0x09, 0x25, 0x09, 0x25, 0x09, 0x45, 0x09,
    0x46, 0x09, 0x46, 0x09, 0x46, 0x09, 0x46, 0x09, 0x46, 0x09, 0x46, 0x09, 0x46, 0x09, 0x46, 0x09,
    0x46, 0x09, 0x66, 0x09, 0x66, 0x09, 0x66, 0x09, 0x66, 0x09, 0x66, 0x09, 0x66, 0x09, 0x66, 0x09,
    0x66, 0x09, 0x66, 0x11, 0x66, 0x11, 0x66, 0x11, 0x66, 0x11, 0x86, 0x11, 0x86, 0x11, 0x87, 0x11,
    0x87, 0x11, 0x87, 0x11, 0x87, 0x11, 0x87, 0x11, 0x87, 0x11, 0x87, 0x11, 0x87, 0x11, 0x87, 0x11,
    0x87, 0x11, 0x87, 0x11, 0x87, 0x11, 0x87, 0x11, 0x87, 0x11, 0x87, 0x11, 0x87, 0x11, 0x87, 0x11,
    0x87, 0x11, 0x87, 0x11, 0x87, 0x11, 0x87, 0x11, 0x87, 0x11, 0x87, 0x11, 0x87, 0x11, 0x87, 0x11,
    0x87, 0x11, 0x87, 0x11, 0x87, 0x11, 0x87, 0x11, 0x87, 0x11, 0x87, 0x11, 0x87, 0x11, 0x87, 0x11,
    0x87, 0x11, 0x87, 0x11, 0x87, 0x11, 0x87, 0x11, 0x87, 0x11, 0x87, 0x11, 0x87, 0x11, 0x87, 0x11,
    0x87, 0x11, 0x66, 0x11, 0x66, 0x11, 0x66, 0x11, 0x66, 0x09, 0x66, 0x09, 0x66, 0x09, 0x66, 0x09,
    0x66, 0x09, 0x66, 0x09, 0x66, 0x09, 0x46, 0x09, 0x46, 0x09, 0x46, 0x09, 0x46, 0x09, 0x46, 0x09,
    0x46, 0x09, 0x46, 0x09, 0x46, 0x09, 0x46, 0x09, 0x45, 0x09, 0x45, 0x09, 0x25, 0x09, 0x25, 0x09,
    0x25, 0x09, 0x25, 0x09, 0x25, 0x09, 0x25, 0x09, 0x25, 0x09, 0x25, 0x09, 0x25, 0x09, 0x05, 0x09,
    0x05, 0x09, 0x05, 0x09, 0x05, 0x09, 0x05, 0x09, 0x05, 0x09, 0x05, 0x09, 0x04, 0x09, 0x04, 0x09,
    0x04, 0x09, 0xE4, 0x08, 0xE4, 0x08, 0xE4, 0x08, 0xE4, 0x08, 0xE4, 0x08, 0xE4, 0x08, 0xE4, 0x08,
    0xE4, 0x08, 0xE4, 0x08, 0xE4, 0x08, 0xC4, 0x08, 0xC4, 0x08, 0xC4, 0x08, 0xC4, 0x08, 0xC4, 0x08,
    0xC4, 0x08, 0xC4, 0x08, 0xC3, 0x08, 0xC3, 0x08, 0xC3, 0x08, 0xC3, 0x08, 0xC3, 0x08, 0xA3, 0x08,
    0xA3, 0x08, 0xA3, 0x08, 0xA3, 0x08, 0xA3, 0x08, 0xA3, 0x08, 0xA3, 0x08, 0xA3, 0x08, 0xA3, 0x08,
    0xA3, 0x08, 0xA3, 0x08, 0xA3, 0x08, 0xA3, 0x08, 0x83, 0x08, 0x83, 0x08, 0x83, 0x08, 0x83, 0x08,
    0x83, 0x08, 0x83, 0x08, 0x83, 0x08, 0x83, 0x08, 0xA3, 0x08, 0xA3, 0x08, 0x83, 0x08, 0x82, 0x08,
    0x82, 0x08, 0x82, 0x08, 0x82, 0x08, 0x82, 0x08, 0x82, 0x08, 0x82, 0x08, 0x82, 0x08, 0x62, 0x08,
    0x62, 0x08, 0x62, 0x08, 0x62, 0x08, 0x62, 0x08, 0x62, 0x08, 0x62, 0x08, 0x62, 0x08, 0x62, 0x08,
    0x62, 0x08, 0x62, 0x08, 0x62, 0x08, 0x62, 0x08, 0x62, 0x08, 0x62, 0x08, 0x62, 0x08, 0x62, 0x08,
    0x62, 0x08, 0x62, 0x08, 0x62, 0x08, 0x62, 0x08, 0x62, 0x08, 0x62, 0x08, 0x62, 0x08, 0x62, 0x08,
    0x62, 0x08, 0x62, 0x08, 0x62, 0x08, 0x62, 0x08, 0x62, 0x08, 0x62, 0x08, 0x62, 0x08, 0x62, 0x08,
    0x62, 0x08, 0x62, 0x08, 0x62, 0x08, 0x62, 0x08, 0x62, 0x08, 0x62, 0x08, 0x62, 0x08, 0x62, 0x08,
    0x62, 0x08, 0x62, 0x08, 0x62, 0x08, 0x62, 0x08, 0x62, 0x08, 0x62, 0x08, 0x62, 0x08, 0x62, 0x08,
    0x62, 0x08, 0x62, 0x08, 0x62, 0x08, 0x62, 0x08, 0x62, 0x08, 0x62, 0x08, 0x62, 0x08, 0x62, 0x08,
    0x62, 0x08, 0x62, 0x08, 0x62, 0x08, 0x62, 0x08, 0x62, 0x08, 0x62, 0x08, 0x62, 0x08, 0x62, 0x08,
    0x62, 0x08, 0x62, 0x08, 0x62, 0x08, 0x62, 0x08, 0x62, 0x08, 0x62, 0x08, 0x62, 0x08, 0x62, 0x08,
    0x62, 0x08, 0x62, 0x08, 0x62, 0x08, 0x62, 0x08, 0x62, 0x08, 0x62, 0x08, 0x62, 0x08, 0x62, 0x08,
    0x62, 0x08, 0x62, 0x08, 0x62, 0x08, 0x62, 0x08, 0x62, 0x08, 0x62, 0x08, 0x62, 0x08, 0x62, 0x08,
    0x62, 0x08, 0x62, 0x08, 0x62, 0x08, 0x62, 0x08, 0x62, 0x08, 0x62, 0x08, 0x62, 0x08, 0x62, 0x08,
    0x62, 0x08, 0x62, 0x08, 0x62, 0x08, 0x62, 0x08, 0x62, 0x08, 0x62, 0x08, 0x62, 0x08, 0x62, 0x08,
    0x62, 0x08, 0x62, 0x08, 0x82, 0x08, 0x82, 0x08, 0x82, 0x08, 0x82, 0x08, 0x82, 0x08, 0x82, 0x08,
    0x82, 0x08, 0x82, 0x08, 0x82, 0x08, 0x83, 0x08, 0x83, 0x08, 0x83, 0x08, 0x83, 0x08, 0x83, 0x08,
    0x83, 0x08, 0x83, 0x08, 0x83, 0x08, 0x83, 0x08, 0x83, 0x08, 0xA3, 0x08, 0xA3, 0x08, 0xA3, 0x08,
    0xA3, 0x08, 0xA3, 0x08, 0xA3, 0x08, 0xA3, 0x08, 0xA3, 0x08, 0xA3, 0x08, 0xA3, 0x08, 0xA3, 0x08,
    0xA3, 0x08, 0xA3, 0x08, 0xC3, 0x08, 0xC3, 0x08, 0xC3, 0x08, 0xC3, 0x08, 0xC4, 0x08, 0xC4, 0x08,
    0xC4, 0x08, 0xC4, 0x08, 0xC4, 0x08, 0xC4, 0x08, 0xC4, 0x08, 0xC4, 0x08, 0xE4, 0x08, 0xE4, 0x08,
    0xE4, 0x08, 0xE4, 0x08, 0xE4, 0x08, 0xE4, 0x08, 0xE4, 0x08, 0xE4, 0x08, 0xE4, 0x08, 0xE4, 0x08,
    0x04, 0x09, 0x04, 0x09, 0x04, 0x09, 0x05, 0x09, 0x05, 0x09, 0x05, 0x09, 0x05, 0x09, 0x05, 0x09,
    0x05, 0x09, 0x05, 0x09, 0x25, 0x09, 0x25, 0x09, 0x25, 0x09, 0x25, 0x09, 0x25, 0x09, 0x25, 0x09,
    0x25, 0x09, 0x25, 0x09, 0x25, 0x09, 0x25, 0x09, 0x45, 0x09, 0x45, 0x09, 0x46, 0x09, 0x46, 0x09,
    0x46, 0x09, 0x46, 0x09, 0x46, 0x09, 0x46, 0x09, 0x46, 0x09, 0x46, 0x09, 0x66, 0x09, 0x66, 0x09,
    0x66, 0x09, 0x66, 0x09, 0x66, 0x09, 0x66, 0x09, 0x66, 0x09, 0x66, 0x09, 0x66, 0x09, 0x66, 0x11,
    0x66, 0x11, 0x66, 0x11, 0x66, 0x11, 0x86, 0x11, 0x86, 0x11, 0x87, 0x11, 0x87, 0x11, 0x87, 0x11,
    0x87, 0x11, 0x87, 0x11, 0x87, 0x11, 0x87, 0x11, 0x87, 0x11, 0x87, 0x11, 0x87, 0x11, 0x87, 0x11,
    0x87, 0x11, 0x87, 0x11, 0x87, 0x11, 0x87, 0x11, 0x87, 0x11, 0x87, 0x11, 0x87, 0x11, 0x87, 0x11,
    0x87, 0x11, 0x87, 0x11, 0x87, 0x11, 0x87, 0x11, 0x87, 0x11, 0x87, 0x11, 0x87, 0x11, 0x87, 0x11,
    0x87, 0x11, 0x87, 0x11, 0x87, 0x11, 0x87, 0x11, 0x87, 0x11, 0x87, 0x11, 0x87, 0x11, 0x86, 0x11,
    0x86, 0x11, 0x66, 0x11, 0x66, 0x11, 0x66, 0x11, 0x66, 0x11, 0x66, 0x11, 0x66, 0x09, 0x66, 0x09,
    0x66, 0x09, 0x66, 0x09, 0x66, 0x09, 0x66, 0x09, 0x66, 0x09, 0x46, 0x09, 0x46, 0x09, 0x46, 0x09,
    0x46, 0x09, 0x46, 0x09, 0x46, 0x09, 0x46, 0x09, 0x46, 0x09, 0x46, 0x09, 0x46, 0x09, 0x45, 0x09,
    0x25, 0x09, 0x25, 0x09, 0x25, 0x09, 0x25, 0x09, 0x25, 0x09, 0x25, 0x09, 0x25, 0x09, 0x25, 0x09,
    0x25, 0x09, 0x25, 0x09, 0x05, 0x09, 0x05, 0x09, 0x05, 0x09, 0x05, 0x09, 0x05, 0x09, 0x05, 0x09,
    0x05, 0x09, 0x05, 0x09, 0x04, 0x09, 0x04, 0x09, 0xE4, 0x08, 0xE4, 0x08, 0xE4, 0x08, 0xE4, 0x08,
    0xE4, 0x08, 0xE4, 0x08, 0xE4, 0x08, 0xE4, 0x08, 0xE4, 0x08, 0xE4, 0x08, 0xE4, 0x08, 0xC4, 0x08,
    0xC4, 0x08, 0xC4, 0x08, 0xC4, 0x08, 0xC4, 0x08, 0xC4, 0x08, 0xC4, 0x08, 0xC3, 0x08, 0xC3, 0x08,
    0xC3, 0x08, 0xC3, 0x08, 0xA3, 0x08, 0xA3, 0x08, 0xA3, 0x08, 0xA3, 0x08, 0xA3, 0x08, 0xA3, 0x08,
    0xA3, 0x08, 0xA3, 0x08, 0xA3, 0x08, 0xA3, 0x08, 0xA3, 0x08, 0xA3, 0x08, 0xA3, 0x08, 0xA3, 0x08,
    0x83, 0x08, 0x83, 0x08, 0x83, 0x08, 0x83, 0x08, 0x83, 0x08, 0x83, 0x08, 0x83, 0x08, 0x83, 0x08,
    0x83, 0x08, 0x82, 0x08, 0x82, 0x08, 0x82, 0x08, 0x82, 0x08, 0x82, 0x08, 0x82, 0x08, 0x82, 0x08,
    0x82, 0x08, 0x82, 0x08, 0x82, 0x08, 0x62, 0x08, 0x62, 0x08, 0x62, 0x08, 0x62, 0x08, 0x62, 0x08,
    0x62, 0x08, 0x62, 0x08, 0x62, 0x08, 0x62, 0x08, 0x62, 0x08, 0x62, 0x08, 0x62, 0x08, 0x62, 0x08,
    0x62, 0x08, 0x62, 0x08, 0x62, 0x08, 0x62, 0x08, 0x62, 0x08, 0x62, 0x08, 0x62, 0x08, 0x62, 0x08,
    0x62, 0x08, 0x62, 0x08, 0x62, 0x08, 0x62, 0x08, 0x62, 0x08, 0x62, 0x08, 0x62, 0x08, 0x62, 0x08,
    0x62, 0x08, 0x62, 0x08, 0x62, 0x08, 0x62, 0x08, 0x62, 0x08, 0x62, 0x08, 0x62, 0x08, 0x62, 0x08,
    0x62, 0x08, 0x62, 0x08, 0x62, 0x08, 0x62, 0x08, 0x62, 0x08, 0x62, 0x08, 0x62, 0x08, 0x62, 0x08,
    0x62, 0x08, 0x62, 0x08, 0x62, 0x08, 0x62, 0x08, 0x62, 0x08, 0x62, 0x08, 0x62, 0x08, 0x62, 0x08,
    0x62, 0x08, 0x62, 0x08, 0x62, 0x08, 0x62, 0x08, 0x62, 0x08, 0x62, 0x08, 0x62, 0x08, 0x62, 0x08,
    0x62, 0x08, 0x62, 0x08, 0x62, 0x08, 0x62, 0x08, 0x62, 0x08, 0x62, 0x08, 0x62, 0x08, 0x62, 0x08,
    0x62, 0x08, 0x62, 0x08, 0x62, 0x08, 0x62, 0x08, 0x62, 0x08, 0x62, 0x08, 0x62, 0x08, 0x62, 0x08,
    0x62, 0x08, 0x62, 0x08, 0x62, 0x08, 0x62, 0x08, 0x62, 0x08, 0x62, 0x08, 0x62, 0x08, 0x62, 0x08,
    0x62, 0x08, 0x62, 0x08, 0x62, 0x08, 0x62, 0x08, 0x62, 0x08, 0x62, 0x08, 0x62, 0x08, 0x62, 0x08,
    0x62, 0x08, 0x62, 0x08, 0x62, 0x08, 0x62, 0x08, 0x62, 0x08, 0x62, 0x08, 0x62, 0x08, 0x62, 0x08,
    0x62, 0x08, 0x62, 0x08, 0x62, 0x08, 0x62, 0x08, 0x62, 0x08, 0x62, 0x08, 0x82, 0x08, 0x82, 0x08,
    0x82, 0x08, 0x82, 0x08, 0x82, 0x08, 0x82, 0x08, 0x82, 0x08, 0x82, 0x08, 0x82, 0x08, 0x82, 0x08,
    0x83, 0x08, 0x83, 0x08, 0x83, 0x08, 0x83, 0x08, 0x83, 0x08, 0x83, 0x08, 0x83, 0x08, 0x83, 0x08,
    0x83, 0x08, 0xA3, 0x08, 0xA3, 0x08, 0xA3, 0x08, 0xA3, 0x08, 0xA3, 0x08, 0xA3, 0x08, 0xA3, 0x08,
    0xA3, 0x08, 0xA3, 0x08, 0xA3, 0x08, 0xA3, 0x08, 0xA3, 0x08, 0xA3, 0x08, 0xA3, 0x08, 0xC3, 0x08,
    0xC3, 0x08, 0xC3, 0x08, 0xC3, 0x08, 0xC4, 0x08, 0xC4, 0x08, 0xC4, 0x08, 0xC4, 0x08, 0xC4, 0x08,
    0xC4, 0x08, 0xC4, 0x08, 0xE4, 0x08, 0xE4, 0x08, 0xE4, 0x08, 0xE4, 0x08, 0xE4, 0x08, 0xE4, 0x08,
    0xE4, 0x08, 0xE4, 0x08, 0xE4, 0x08, 0xE4, 0x08, 0xE4, 0x08, 0x04, 0x09, 0x04, 0x09, 0x04, 0x09,
    0x05, 0x09, 0x05, 0x09, 0x05, 0x09, 0x05, 0x09, 0x05, 0x09, 0x05, 0x09, 0x05, 0x09, 0x25, 0x09,
    0x25, 0x09, 0x25, 0x09, 0x25, 0x09, 0x25, 0x09, 0x25, 0x09, 0x25, 0x09, 0x25, 0x09, 0x25, 0x09,
    0x25, 0x09, 0x45, 0x09, 0x45, 0x09, 0x46, 0x09, 0x46, 0x09, 0x46, 0x09, 0x46, 0x09, 0x46, 0x09,
    0x46, 0x09, 0x46, 0x09, 0x46, 0x09, 0x46, 0x09, 0x66, 0x09, 0x66, 0x09, 0x66, 0x09, 0x66, 0x09,
    0x66, 0x09, 0x66, 0x09, 0x66, 0x09, 0x66, 0x09, 0x66, 0x09, 0x66, 0x11, 0x66, 0x11, 0x66, 0x11,
    0x66, 0x11, 0x66, 0x11, 0x86, 0x11, 0x86, 0x11, 0x86, 0x11, 0x87, 0x11, 0x87, 0x11, 0x87, 0x11,
    0x87, 0x11, 0x87, 0x11, 0x87, 0x11, 0x87, 0x11, 0x87, 0x11, 0x87, 0x11, 0x87, 0x11, 0x87, 0x11,
    0x87, 0x11, 0x87, 0x11, 0x87, 0x11, 0x87, 0x11, 0x87, 0x11, 0x87, 0x11, 0x87, 0x11, 0x87, 0x11,
    0x87, 0x11, 0x87, 0x11, 0x87, 0x11, 0x87, 0x11, 0x87, 0x11, 0x87, 0x11, 0x87, 0x11, 0x87, 0x11,
    0x87, 0x11, 0x86, 0x11, 0x66, 0x11, 0x66, 0x11, 0x66, 0x11, 0x66, 0x11, 0x66, 0x11, 0x66, 0x09,
    0x66, 0x09, 0x66, 0x09, 0x66, 0x09, 0x66, 0x09, 0x66, 0x09, 0x66, 0x09, 0x66, 0x09, 0x66, 0x09,
    0x46, 0x09, 0x46, 0x09, 0x46, 0x09, 0x46, 0x09, 0x46, 0x09, 0x46, 0x09, 0x46, 0x09, 0x46, 0x09,
    0x46, 0x09, 0x46, 0x09, 0x45, 0x09, 0x25, 0x09, 0x25, 0x09, 0x25, 0x09, 0x25, 0x09, 0x25, 0x09,
    0x25, 0x09, 0x25, 0x09, 0x25, 0x09, 0x25, 0x09, 0x25, 0x09, 0x05, 0x09, 0x05, 0x09, 0x05, 0x09,
    0x05, 0x09, 0x05, 0x09, 0x05, 0x09, 0x05, 0x09, 0x05, 0x09, 0x04, 0x09, 0x04, 0x09, 0xE4, 0x08,
    0xE4, 0x08, 0xE4, 0x08, 0xE4, 0x08, 0xE4, 0x08, 0xE4, 0x08, 0xE4, 0x08, 0xE4, 0x08, 0xE4, 0x08,
    0xE4, 0x08, 0xE4, 0x08, 0xC4, 0x08, 0xC4, 0x08, 0xC4, 0x08, 0xC4, 0x08, 0xC4, 0x08, 0xC4, 0x08,
    0xC4, 0x08, 0xC3, 0x08, 0xC3, 0x08, 0xC3, 0x08, 0xC3, 0x08, 0xA3, 0x08, 0xA3, 0x08, 0xA3, 0x08,
    0xA3, 0x08, 0xA3, 0x08, 0xA3, 0x08, 0xA3, 0x08, 0xA3, 0x08, 0xA3, 0x08, 0xA3, 0x08, 0xA3, 0x08,
    0xA3, 0x08, 0xA3, 0x08, 0xA3, 0x08, 0x83, 0x08, 0x83, 0x08, 0x83, 0x08, 0x83, 0x08, 0x83, 0x08,
    0x83, 0x08, 0x83, 0x08, 0x83, 0x08, 0x83, 0x08, 0x82, 0x08, 0x82, 0x08, 0x82, 0x08, 0x82, 0x08,
    0x82, 0x08, 0x82, 0x08, 0x82, 0x08, 0x82, 0x08, 0x82, 0x08, 0x82, 0x08, 0x62, 0x08, 0x62, 0x08,
    0x62, 0x08, 0x62, 0x08, 0x62, 0x08, 0x62, 0x08, 0x62, 0x08, 0x62, 0x08, 0x62, 0x08, 0x62, 0x08,
    0x62, 0x08, 0x62, 0x08, 0x62, 0x08, 0x62, 0x08, 0x62, 0x08, 0x62, 0x08, 0x62, 0x08, 0x62, 0x08,
    0x62, 0x08, 0x62, 0x08, 0x62, 0x08, 0x62, 0x08, 0x62, 0x08, 0x62, 0x08, 0x62, 0x08, 0x62, 0x08,
    0x62, 0x08, 0x62, 0x08, 0x62, 0x08, 0x62, 0x08, 0x62, 0x08, 0x62, 0x08, 0x62, 0x08, 0x62, 0x08,
    0x62, 0x08, 0x62, 0x08, 0x62, 0x08, 0x62, 0x08, 0x62, 0x08, 0x62, 0x08, 0x62, 0x08, 0x62, 0x08,
    0x62, 0x08, 0x62, 0x08, 0x62, 0x08, 0x62, 0x08, 0x62, 0x08, 0x62, 0x08, 0x62, 0x08, 0x62, 0x08,
    0x62, 0x08, 0x62, 0x08, 0x62, 0x08, 0x62, 0x08, 0x62, 0x08, 0x62, 0x08, 0x62, 0x08, 0x62, 0x08,
    0x62, 0x08, 0x62, 0x08, 0x62, 0x08, 0x62, 0x08, 0x62, 0x08, 0x62, 0x08, 0x62, 0x08, 0x62, 0x08,
    0x62, 0x08, 0x62, 0x08, 0x62, 0x08, 0x62, 0x08, 0x62, 0x08, 0x62, 0x08, 0x62, 0x08, 0x62, 0x08,
    0x62, 0x08, 0x62, 0x08, 0x62, 0x08, 0x62, 0x08, 0x62, 0x08, 0x62, 0x08, 0x62, 0x08, 0x62, 0x08,
    0x62, 0x08, 0x62, 0x08, 0x62, 0x08, 0x62, 0x08, 0x62, 0x08, 0x62, 0x08, 0x62, 0x08, 0x62, 0x08,
    0x62, 0x08, 0x62, 0x08, 0x62, 0x08, 0x62, 0x08, 0x62, 0x08, 0x62, 0x08, 0x62, 0x08, 0x62, 0x08,
    0x62, 0x08, 0x62, 0x08, 0x62, 0x08, 0x62, 0x08, 0x62, 0x08, 0x62, 0x08, 0x62, 0x08, 0x62, 0x08,
    0x62, 0x08, 0x62, 0x08, 0x82, 0x08, 0x82, 0x08, 0x82, 0x08, 0x82, 0x08, 0x82, 0x08, 0x82, 0x08,
    0x82, 0x08, 0x82, 0x08, 0x82, 0x08, 0x82, 0x08, 0x83, 0x08, 0x83, 0x08, 0x83, 0x08, 0x83, 0x08,
    0x83, 0x08, 0x83, 0x08, 0x83, 0x08, 0x83, 0x08, 0x83, 0x08, 0x83, 0x08, 0xA3, 0x08, 0xA3, 0x08,
    0xA3, 0x08, 0xA3, 0x08, 0xA3, 0x08, 0xA3, 0x08, 0xA3, 0x08, 0xA3, 0x08, 0xA3, 0x08, 0xA3, 0x08,
    0xA3, 0x08, 0xA3, 0x08, 0xA3, 0x08, 0xC3, 0x08, 0xC3, 0x08, 0xC3, 0x08, 0xC3, 0x08, 0xC3, 0x08,
    0xC4, 0x08, 0xC4, 0x08, 0xC4, 0x08, 0xC4, 0x08, 0xC4, 0x08, 0xC4, 0x08, 0xC4, 0x08, 0xE4, 0x08,
    0xE4, 0x08, 0xE4, 0x08, 0xE4, 0x08, 0xE4, 0x08, 0xE4, 0x08, 0xE4, 0x08, 0xE4, 0x08, 0xE4, 0x08,
    0xE4, 0x08, 0xE4, 0x08, 0x04, 0x09, 0x04, 0x09, 0x05, 0x09, 0x05, 0x09, 0x05, 0x09, 0x05, 0x09,
    0x05, 0x09, 0x05, 0x09, 0x05, 0x09, 0x05, 0x09, 0x25, 0x09, 0x25, 0x09, 0x25, 0x09, 0x25, 0x09,
    0x25, 0x09, 0x25, 0x09, 0x25, 0x09, 0x25, 0x09, 0x25, 0x09, 0x25, 0x09, 0x45, 0x09, 0x45, 0x09,
    0x46, 0x09, 0x46, 0x09, 0x46, 0x09, 0x46, 0x09, 0x46, 0x09, 0x46, 0x09, 0x46, 0x09, 0x46, 0x09,
    0x46, 0x09, 0x46, 0x09, 0x66, 0x09, 0x66, 0x09, 0x66, 0x09, 0x66, 0x09, 0x66, 0x09, 0x66, 0x09,
    0x66, 0x09, 0x66, 0x09, 0x66, 0x09, 0x66, 0x11, 0x66, 0x11, 0x66, 0x11, 0x66, 0x11, 0x66, 0x11,
    0x66, 0x11, 0x66, 0x11, 0x86, 0x11, 0x86, 0x11, 0x86, 0x11, 0x87, 0x11, 0x87, 0x11, 0x87, 0x11,
    0x87, 0x11, 0x87, 0x11, 0x87, 0x11, 0x87, 0x11, 0x87, 0x11, 0x87, 0x11, 0x87, 0x11, 0x87, 0x11,
    0x87, 0x11, 0x87, 0x11, 0x87, 0x11, 0x87, 0x11, 0x87, 0x11, 0x87, 0x11, 0x87, 0x11, 0x86, 0x11,
    0x87, 0x11, 0x66, 0x11, 0x86, 0x11, 0x66, 0x11, 0x66, 0x11, 0x66, 0x11, 0x66, 0x11, 0x66, 0x11,
    0x66, 0x11, 0x66, 0x09, 0x66, 0x09, 0x66, 0x09, 0x66, 0x09, 0x66, 0x09, 0x66, 0x09, 0x66, 0x09,
    0x66, 0x09, 0x66, 0x09, 0x66, 0x09, 0x46, 0x09, 0x46, 0x09, 0x46, 0x09, 0x46, 0x09, 0x46, 0x09,
    0x46, 0x09, 0x46, 0x09, 0x46, 0x09, 0x46, 0x09, 0x45, 0x09, 0x45, 0x09, 0x25, 0x09, 0x25, 0x09,
    0x25, 0x09, 0x25, 0x09, 0x25, 0x09, 0x25, 0x09, 0x25, 0x09, 0x25, 0x09, 0x25, 0x09, 0x25, 0x09,
    0x05, 0x09, 0x05, 0x09, 0x05, 0x09, 0x05, 0x09, 0x05, 0x09, 0x05, 0x09, 0x05, 0x09, 0x05, 0x09,
    0x04, 0x09, 0x04, 0x09, 0x04, 0x09, 0xE4, 0x08, 0xE4, 0x08, 0xE4, 0x08, 0xE4, 0x08, 0xE4, 0x08,
    0xE4, 0x08, 0xE4, 0x08, 0xE4, 0x08, 0xE4, 0x08, 0xE4, 0x08, 0xC4, 0x08, 0xC4, 0x08, 0xC4, 0x08,
    0xC4, 0x08, 0xC4, 0x08, 0xC4, 0x08, 0xC4, 0x08, 0xC4, 0x08, 0xC3, 0x08, 0xC3, 0x08, 0xC3, 0x08,
    0xC3, 0x08, 0xA3, 0x08, 0xA3, 0x08, 0xA3, 0x08, 0xA3, 0x08, 0xA3, 0x08, 0xA3, 0x08, 0xA3, 0x08,
    0xA3, 0x08, 0xA3, 0x08, 0xA3, 0x08, 0xA3, 0x08, 0xA3, 0x08, 0xA3, 0x08, 0xA3, 0x08, 0x83, 0x08,
    0x83, 0x08, 0x83, 0x08, 0x83, 0x08, 0x83, 0x08, 0x83, 0x08, 0x83, 0x08, 0x83, 0x08, 0x83, 0x08,
    0x82, 0x08, 0x82, 0x08, 0x82, 0x08, 0x82, 0x08, 0x82, 0x08, 0x82, 0x08, 0x82, 0x08, 0x82, 0x08,
    0x82, 0x08, 0x82, 0x08, 0x62, 0x08, 0x62, 0x08, 0x62, 0x08, 0x62, 0x08, 0x62, 0x08, 0x62, 0x08,
    0x62, 0x08, 0x62, 0x08, 0x62, 0x08, 0x62, 0x08, 0x62, 0x08, 0x62, 0x08, 0x62, 0x08, 0x62, 0x08,
    0x62, 0x08, 0x62, 0x08, 0x62, 0x08, 0x62, 0x08, 0x62, 0x08, 0x62, 0x08, 0x62, 0x08, 0x62, 0x08,
    0x62, 0x08, 0x62, 0x08, 0x62, 0x08, 0x62, 0x08, 0x62, 0x08, 0x62, 0x08, 0x62, 0x08, 0x62, 0x08,
    0x62, 0x08, 0x62, 0x08, 0x62, 0x08, 0x62, 0x08, 0x62, 0x08, 0x62, 0x08, 0x62, 0x08, 0x62, 0x08,
    0x62, 0x08, 0x62, 0x08, 0x62, 0x08, 0x62, 0x08, 0x62, 0x08, 0x62, 0x08, 0x62, 0x08, 0x62, 0x08,
    0x62, 0x08, 0x62, 0x08, 0x62, 0x08, 0x62, 0x08, 0x62, 0x08, 0x62, 0x08, 0x62, 0x08, 0x62, 0x08,
    0x62, 0x08, 0x62, 0x08, 0x62, 0x08, 0x62, 0x08, 0x62, 0x08, 0x62, 0x08, 0x62, 0x08, 0x62, 0x08,
    0x62, 0x08, 0x62, 0x08, 0x62, 0x08, 0x62, 0x08, 0x62, 0x08, 0x62, 0x08, 0x62, 0x08, 0x62, 0x08,
    0x62, 0x08, 0x62, 0x08, 0x62, 0x08, 0x62, 0x08, 0x62, 0x08, 0x62, 0x08, 0x62, 0x08, 0x62, 0x08,
    0x62, 0x08, 0x62, 0x08, 0x62, 0x08, 0x62, 0x08, 0x62, 0x08, 0x62, 0x08, 0x62, 0x08, 0x62, 0x08,
    0x62, 0x08, 0x62, 0x08, 0x62, 0x08, 0x62, 0x08, 0x62, 0x08, 0x62, 0x08, 0x62, 0x08, 0x62, 0x08,
    0x62, 0x08, 0x62, 0x08, 0x62, 0x08, 0x62, 0x08, 0x62, 0x08, 0x62, 0x08, 0x62, 0x08, 0x62, 0x08,
    0x62, 0x08, 0x62, 0x08, 0x62, 0x08, 0x62, 0x08, 0x62, 0x08, 0x62, 0x08, 0x62, 0x08, 0x82, 0x08,
    0x82, 0x08, 0x82, 0x08, 0x82, 0x08, 0x82, 0x08, 0x82, 0x08, 0x82, 0x08, 0x82, 0x08, 0x82, 0x08,
    0x82, 0x08, 0x83, 0x08, 0x83, 0x08, 0x83, 0x08, 0x83, 0x08, 0x83, 0x08, 0x83, 0x08, 0x83, 0x08,
    0x83, 0x08, 0x83, 0x08, 0xA3, 0x08, 0xA3, 0x08, 0xA3, 0x08, 0xA3, 0x08, 0xA3, 0x08, 0xA3, 0x08,
    0xA3, 0x08, 0xA3, 0x08, 0xA3, 0x08, 0xA3, 0x08, 0xA3, 0x08, 0xA3, 0x08, 0xA3, 0x08, 0xA3, 0x08,
    0xC3, 0x08, 0xC3, 0x08, 0xC3, 0x08, 0xC3, 0x08, 0xC4, 0x08, 0xC4, 0x08, 0xC4, 0x08, 0xC4, 0x08,
    0xC4, 0x08, 0xC4, 0x08, 0xC4, 0x08, 0xC4, 0x08, 0xE4, 0x08, 0xE4, 0x08, 0xE4, 0x08, 0xE4, 0x08,
    0xE4, 0x08, 0xE4, 0x08, 0xE4, 0x08, 0xE4, 0x08, 0xE4, 0x08, 0xE4, 0x08, 0xE4, 0x08, 0x04, 0x09,
    0x04, 0x09, 0x05, 0x09, 0x05, 0x09, 0x05, 0x09, 0x05, 0x09, 0x05, 0x09, 0x05, 0x09, 0x05, 0x09,
    0x05, 0x09, 0x25, 0x09, 0x25, 0x09, 0x25, 0x09, 0x25, 0x09, 0x25, 0x09, 0x25, 0x09, 0x25, 0x09,
    0x25, 0x09, 0x25, 0x09, 0x25, 0x09, 0x25, 0x09, 0x45, 0x09, 0x46, 0x09, 0x46, 0x09, 0x46, 0x09,
    0x46, 0x09, 0x46, 0x09, 0x46, 0x09, 0x46, 0x09, 0x46, 0x09, 0x46, 0x09, 0x46, 0x09, 0x66, 0x09,
    0x66, 0x09, 0x66, 0x09, 0x66, 0x09, 0x66, 0x09, 0x66, 0x09, 0x66, 0x09, 0x66, 0x09, 0x66, 0x09,
    0x66, 0x09, 0x66, 0x09, 0x66, 0x09, 0x66, 0x11, 0x66, 0x11, 0x66, 0x11, 0x66, 0x11, 0x66, 0x11,
    0x66, 0x11, 0x66, 0x11, 0x66, 0x11, 0x86, 0x11, 0x86, 0x11, 0x86, 0x11, 0x86, 0x11, 0x86, 0x11,
    0x86, 0x11, 0x87, 0x11, 0x87, 0x11, 0x86, 0x11, 0x86, 0x11, 0x86, 0x11, 0x86, 0x11, 0x66, 0x11,
    0x86, 0x11, 0x66, 0x11, 0x66, 0x11, 0x66, 0x11, 0x66, 0x11, 0x66, 0x11, 0x66, 0x11, 0x66, 0x11,
    0x66, 0x11, 0x66, 0x11, 0x66, 0x09, 0x66, 0x09, 0x66, 0x09, 0x66, 0x09, 0x66, 0x09, 0x66, 0x09,
    0x66, 0x09, 0x66, 0x09, 0x66, 0x09, 0x66, 0x09, 0x66, 0x09, 0x46, 0x09, 0x46, 0x09, 0x46, 0x09,
    0x46, 0x09, 0x46, 0x09, 0x46, 0x09, 0x46, 0x09, 0x46, 0x09, 0x46, 0x09, 0x45, 0x09, 0x45, 0x09,
    0x45, 0x09, 0x25, 0x09, 0x25, 0x09, 0x25, 0x09, 0x25, 0x09, 0x25, 0x09, 0x25, 0x09, 0x25, 0x09,
    0x25, 0x09, 0x25, 0x09, 0x25, 0x09, 0x05, 0x09, 0x05, 0x09, 0x05, 0x09, 0x05, 0x09, 0x05, 0x09,
    0x05, 0x09, 0x05, 0x09, 0x05, 0x09, 0x04, 0x09, 0x04, 0x09, 0x04, 0x09, 0xE4, 0x08, 0xE4, 0x08,
    0xE4, 0x08, 0xE4, 0x08, 0xE4, 0x08, 0xE4, 0x08, 0xE4, 0x08, 0xE4, 0x08, 0xE4, 0x08, 0xE4, 0x08,
    0xE4, 0x08, 0xC4, 0x08, 0xC4, 0x08, 0xC4, 0x08, 0xC4, 0x08, 0xC4, 0x08, 0xC4, 0x08, 0xC4, 0x08,
    0xC3, 0x08, 0xC3, 0x08, 0xC3, 0x08, 0xC3, 0x08, 0xA3, 0x08, 0xA3, 0x08, 0xA3, 0x08, 0xA3, 0x08,
    0xA3, 0x08, 0xA3, 0x08, 0xA3, 0x08, 0xA3, 0x08, 0xA3, 0x08, 0xA3, 0x08, 0xA3, 0x08, 0xA3, 0x08,
    0xA3, 0x08, 0xA3, 0x08, 0x83, 0x08, 0x83, 0x08, 0x83, 0x08, 0x83, 0x08, 0x83, 0x08, 0x83, 0x08,
    0x83, 0x08, 0x83, 0x08, 0x83, 0x08, 0x82, 0x08, 0x82, 0x08, 0x82, 0x08, 0x82, 0x08, 0x82, 0x08,
    0x82, 0x08, 0x82, 0x08, 0x82, 0x08, 0x82, 0x08, 0x82, 0x08, 0x62, 0x08, 0x62, 0x08, 0x62, 0x08,
    0x62, 0x08, 0x62, 0x08, 0x62, 0x08, 0x62, 0x08, 0x62, 0x08, 0x62, 0x08, 0x62, 0x08, 0x62, 0x08,
    0x62, 0x08, 0x62, 0x08, 0x62, 0x08, 0x62, 0x08, 0x62, 0x08, 0x62, 0x08, 0x62, 0x08, 0x62, 0x08,
    0x62, 0x08, 0x62, 0x08, 0x62, 0x08, 0x62, 0x08, 0x62, 0x08, 0x62, 0x08, 0x62, 0x08, 0x62, 0x08,
    0x62, 0x08, 0x62, 0x08, 0x62, 0x08, 0x62, 0x08, 0x62, 0x08, 0x62, 0x08, 0x62, 0x08, 0x62, 0x08,
    0x62, 0x08, 0x62, 0x08, 0x62, 0x08, 0x62, 0x08, 0x62, 0x08, 0x62, 0x08, 0x62, 0x08, 0x62, 0x08,
    0x62, 0x08, 0x62, 0x08, 0x62, 0x08, 0x62, 0x08, 0x62, 0x08, 0x62, 0x08, 0x62, 0x08, 0x62, 0x08,
    0x62, 0x08, 0x62, 0x08, 0x62, 0x08, 0x62, 0x08, 0x62, 0x08, 0x62, 0x08, 0x62, 0x08, 0x62, 0x08,
    0x62, 0x08, 0x62, 0x08, 0x62, 0x08, 0x62, 0x08, 0x62, 0x08, 0x62, 0x08, 0x62, 0x08, 0x62, 0x08,
    0x62, 0x08, 0x62, 0x08, 0x62, 0x08, 0x62, 0x08, 0x62, 0x08, 0x62, 0x08, 0x62, 0x08, 0x62, 0x08,
    0x62, 0x08, 0x62, 0x08, 0x62, 0x08, 0x62, 0x08, 0x62, 0x08, 0x62, 0x08, 0x62, 0x08, 0x62, 0x08,
    0x62, 0x08, 0x62, 0x08, 0x62, 0x08, 0x62, 0x08, 0x62, 0x08, 0x62, 0x08, 0x62, 0x08, 0x62, 0x08,
    0x62, 0x08, 0x62, 0x08, 0x62, 0x08, 0x62, 0x08, 0x62, 0x08, 0x62, 0x08, 0x62, 0x08, 0x62, 0x08,
    0x62, 0x08, 0x62, 0x08, 0x62, 0x08, 0x62, 0x08, 0x62, 0x08, 0x62, 0x08, 0x62, 0x08, 0x62, 0x08,
    0x62, 0x08, 0x62, 0x08, 0x62, 0x08, 0x82, 0x08, 0x82, 0x08, 0x82, 0x08, 0x82, 0x08, 0x82, 0x08,
    0x82, 0x08, 0x82, 0x08, 0x82, 0x08, 0x82, 0x08, 0x82, 0x08, 0x83, 0x08, 0x83, 0x08, 0x83, 0x08,
    0x83, 0x08, 0x83, 0x08, 0x83, 0x08, 0x83, 0x08, 0x83, 0x08, 0x83, 0x08, 0x83, 0x08, 0xA3, 0x08,
    0xA3, 0x08, 0xA3, 0x08, 0xA3, 0x08, 0xA3, 0x08, 0xA3, 0x08, 0xA3, 0x08, 0xA3, 0x08, 0xA3, 0x08,
    0xA3, 0x08, 0xA3, 0x08, 0xA3, 0x08, 0xA3, 0x08, 0xA3, 0x08, 0xC3, 0x08, 0xC3, 0x08, 0xC3, 0x08,
    0xC3, 0x08, 0xC4, 0x08, 0xC4, 0x08, 0xC4, 0x08, 0xC4, 0x08, 0xC4, 0x08, 0xC4, 0x08, 0xC4, 0x08,
    0xC4, 0x08, 0xE4, 0x08, 0xE4, 0x08, 0xE4, 0x08, 0xE4, 0x08, 0xE4, 0x08, 0xE4, 0x08, 0xE4, 0x08,
    0xE4, 0x08, 0xE4, 0x08, 0xE4, 0x08, 0xE4, 0x08, 0x04, 0x09, 0x04, 0x09, 0x05, 0x09, 0x05, 0x09,
    0x05, 0x09, 0x05, 0x09, 0x05, 0x09, 0x05, 0x09, 0x05, 0x09, 0x05, 0x09, 0x25, 0x09, 0x25, 0x09,
    0x25, 0x09, 0x25, 0x09, 0x25, 0x09, 0x25, 0x09, 0x25, 0x09, 0x25, 0x09, 0x25, 0x09, 0x25, 0x09,
    0x25, 0x09, 0x45, 0x09, 0x45, 0x09, 0x46, 0x09, 0x46, 0x09, 0x46, 0x09, 0x46, 0x09, 0x46, 0x09,
    0x46, 0x09, 0x46, 0x09, 0x46, 0x09, 0x46, 0x09, 0x46, 0x09, 0x46, 0x09, 0x66, 0x09, 0x66, 0x09,
    0x66, 0x09, 0x66, 0x09, 0x66, 0x09, 0x66, 0x09, 0x66, 0x09, 0x66, 0x09, 0x66, 0x09, 0x66, 0x09,
    0x66, 0x09, 0x66, 0x09, 0x66, 0x11, 0x66, 0x11, 0x66, 0x11, 0x66, 0x11, 0x66, 0x11, 0x66, 0x11,
    0x66, 0x11, 0x66, 0x11, 0x66, 0x11, 0x66, 0x11, 0x66, 0x11, 0x66, 0x11, 0x66, 0x11, 0x66, 0x11,
    0x66, 0x11, 0x66, 0x11, 0x66, 0x11, 0x66, 0x11, 0x66, 0x11, 0x66, 0x11, 0x66, 0x11, 0x66, 0x11,
    0x66, 0x11, 0x66, 0x11, 0x66, 0x09, 0x66, 0x09, 0x66, 0x09, 0x66, 0x09, 0x66, 0x09, 0x66, 0x09,
    0x66, 0x09, 0x66, 0x09, 0x66, 0x09, 0x66, 0x09, 0x66, 0x09, 0x66, 0x09, 0x66, 0x09, 0x46, 0x09,
    0x46, 0x09, 0x46, 0x09, 0x46, 0x09, 0x46, 0x09, 0x46, 0x09, 0x46, 0x09, 0x46, 0x09, 0x46, 0x09,
    0x46, 0x09, 0x45, 0x09, 0x45, 0x09, 0x25, 0x09, 0x25, 0x09, 0x25, 0x09, 0x25, 0x09, 0x25, 0x09,
    0x25, 0x09, 0x25, 0x09, 0x25, 0x09, 0x25, 0x09, 0x25, 0x09, 0x25, 0x09, 0x05, 0x09, 0x05, 0x09,
    0x05, 0x09, 0x05, 0x09, 0x05, 0x09, 0x05, 0x09, 0x05, 0x09, 0x05, 0x09, 0x04, 0x09, 0x04, 0x09,
    0x04, 0x09, 0xE4, 0x08, 0xE4, 0x08, 0xE4, 0x08, 0xE4, 0x08, 0xE4, 0x08, 0xE4, 0x08, 0xE4, 0x08,
    0xE4, 0x08, 0xE4, 0x08, 0xE4, 0x08, 0xE4, 0x08, 0xC4, 0x08, 0xC4, 0x08, 0xC4, 0x08, 0xC4, 0x08,
    0xC4, 0x08, 0xC4, 0x08, 0xC4, 0x08, 0xC3, 0x08, 0xC3, 0x08, 0xC3, 0x08, 0xC3, 0x08, 0xC3, 0x08,
    0xA3, 0x08, 0xA3, 0x08, 0xA3, 0x08, 0xA3, 0x08, 0xA3, 0x08, 0xA3, 0x08, 0xA3, 0x08, 0xA3, 0x08,
    0xA3, 0x08, 0xA3, 0x08, 0xA3, 0x08, 0xA3, 0x08, 0xA3, 0x08, 0xA3, 0x08, 0x83, 0x08, 0x83, 0x08,
    0x83, 0x08, 0x83, 0x08, 0x83, 0x08, 0x83, 0x08, 0x83, 0x08, 0x83, 0x08, 0x83, 0x08, 0x82, 0x08,
    0x82, 0x08, 0x82, 0x08, 0x82, 0x08, 0x82, 0x08, 0x82, 0x08, 0x82, 0x08, 0x82, 0x08, 0x82, 0x08,
    0x82, 0x08, 0x62, 0x08, 0x62, 0x08, 0x62, 0x08, 0x62, 0x08, 0x62, 0x08, 0x62, 0x08, 0x62, 0x08,
    0x62, 0x08, 0x62, 0x08, 0x62, 0x08, 0x62, 0x08, 0x62, 0x08, 0x62, 0x08, 0x62, 0x08, 0x62, 0x08,
    0x62, 0x08, 0x62, 0x08, 0x62, 0x08, 0x62, 0x08, 0x62, 0x08, 0x62, 0x08, 0x62, 0x08, 0x62, 0x08,
    0x62, 0x08, 0x62, 0x08, 0x62, 0x08, 0x62, 0x08, 0x62, 0x08, 0x62, 0x08, 0x62, 0x08, 0x62, 0x08,
    0x62, 0x08, 0x62, 0x08, 0x62, 0x08, 0x62, 0x08, 0x62, 0x08, 0x62, 0x08, 0x62, 0x08, 0x62, 0x08,
    0x62, 0x08, 0x62, 0x08, 0x62, 0x08, 0x62, 0x08, 0x62, 0x08, 0x62, 0x08, 0x62, 0x08, 0x62, 0x08,
    0x62, 0x08, 0x62, 0x08, 0x62, 0x08, 0x62, 0x08, 0x62, 0x08, 0x62, 0x08, 0x62, 0x08, 0x62, 0x08,
    0x62, 0x08, 0x62, 0x08, 0x62, 0x08, 0x62, 0x08, 0x62, 0x08, 0x62, 0x08, 0x62, 0x08, 0x62, 0x08,
    0x62, 0x08, 0x62, 0x08, 0x62, 0x08, 0x62, 0x08, 0x62, 0x08, 0x62, 0x08, 0x62, 0x08, 0x62, 0x08,
    0x82, 0x08, 0x62, 0x08, 0x62, 0x08, 0x62, 0x08, 0x62, 0x08, 0x62, 0x08, 0x62, 0x08, 0x82, 0x08,
    0x62, 0x08, 0x62, 0x08, 0x62, 0x08, 0x62, 0x08, 0x62, 0x08, 0x62, 0x08, 0x62, 0x08, 0x62, 0x08,
    0x62, 0x08, 0x62, 0x08, 0x62, 0x08, 0x62, 0x08, 0x62, 0x08, 0x62, 0x08, 0x62, 0x08, 0x62, 0x08,
    0x62, 0x08, 0x62, 0x08, 0x62, 0x08, 0x62, 0x08, 0x62, 0x08, 0x62, 0x08, 0x62, 0x08, 0x62, 0x08,
    0x62, 0x08, 0x62, 0x08, 0x62, 0x08, 0x62, 0x08, 0x62, 0x08, 0x62, 0x08, 0x62, 0x08, 0x62, 0x08,
    0x82, 0x08, 0x82, 0x08, 0x82, 0x08, 0x82, 0x08, 0x82, 0x08, 0x82, 0x08, 0x82, 0x08, 0x82, 0x08,
    0x82, 0x08, 0x82, 0x08, 0x83, 0x08, 0x83, 0x08, 0x83, 0x08, 0x83, 0x08, 0x83, 0x08, 0x83, 0x08,
    0x83, 0x08, 0x83, 0x08, 0x83, 0x08, 0xA3, 0x08, 0xA3, 0x08, 0xA3, 0x08, 0xA3, 0x08, 0xA3, 0x08,
    0xA3, 0x08, 0xA3, 0x08, 0xA3, 0x08, 0xA3, 0x08, 0xA3, 0x08, 0xA3, 0x08, 0xA3, 0x08, 0xA3, 0x08,
    0xA3, 0x08, 0xC3, 0x08, 0xC3, 0x08, 0xC3, 0x08, 0xC3, 0x08, 0xC3, 0x08, 0xC4, 0x08, 0xC4, 0x08,
    0xC4, 0x08, 0xC4, 0x08, 0xC4, 0x08, 0xC4, 0x08, 0xE4, 0x08, 0xE4, 0x08, 0xE4, 0x08, 0xE4, 0x08,
    0xE4, 0x08, 0xE4, 0x08, 0xE4, 0x08, 0xE4, 0x08, 0xE4, 0x08, 0xE4, 0x08, 0x04, 0x09, 0x04, 0x09,
    0xE4, 0x08, 0x04, 0x09, 0x04, 0x09, 0x05, 0x09, 0x05, 0x09, 0x05, 0x09, 0x05, 0x09, 0x05, 0x09,
    0x05, 0x09, 0x05, 0x09, 0x05, 0x09, 0x25, 0x09, 0x25, 0x09, 0x25, 0x09, 0x25, 0x09, 0x25, 0x09,
    0x25, 0x09, 0x25, 0x09, 0x25, 0x09, 0x25, 0x09, 0x25, 0x09, 0x25, 0x09, 0x45, 0x09, 0x45, 0x09,
    0x45, 0x09, 0x46, 0x09, 0x46, 0x09, 0x46, 0x09, 0x46, 0x09, 0x46, 0x09, 0x46, 0x09, 0x46, 0x09,
    0x46, 0x09, 0x46, 0x09, 0x46, 0x09, 0x46, 0x09, 0x66, 0x09, 0x66, 0x09, 0x66, 0x09, 0x66, 0x09,
    0x66, 0x09, 0x66, 0x09, 0x66, 0x09, 0x66, 0x09, 0x66, 0x09, 0x66, 0x09, 0x66, 0x09, 0x66, 0x09,
    0x66, 0x09, 0x66, 0x09, 0x66, 0x09, 0x66, 0x09, 0x66, 0x09, 0x66, 0x11, 0x66, 0x11, 0x66, 0x11,
    0x66, 0x11, 0x66, 0x11, 0x66, 0x11, 0x66, 0x11, 0x66, 0x11, 0x66, 0x11, 0x66, 0x11, 0x66, 0x09,
    0x66, 0x09, 0x66, 0x09, 0x66, 0x09, 0x66, 0x09, 0x66, 0x09, 0x66, 0x09, 0x66, 0x09, 0x66, 0x09,
    0x66, 0x09, 0x66, 0x11, 0x66, 0x11, 0x66, 0x09, 0x66, 0x09, 0x66, 0x09, 0x66, 0x09, 0x66, 0x09,
    0x66, 0x11, 0x66, 0x11, 0x46, 0x09, 0x46, 0x09, 0x66, 0x11, 0x46, 0x09, 0x46, 0x09, 0x46, 0x09,
    0x46, 0x09, 0x46, 0x09, 0x46, 0x09, 0x45, 0x09, 0x45, 0x09, 0x45, 0x09, 0x25, 0x09, 0x25, 0x09,
    0x25, 0x09, 0x25, 0x09, 0x25, 0x09, 0x25, 0x09, 0x25, 0x09, 0x25, 0x09, 0x25, 0x09, 0x25, 0x09,
    0x25, 0x09, 0x05, 0x09, 0x05, 0x09, 0x05, 0x09, 0x05, 0x09, 0x05, 0x09, 0x05, 0x09, 0x05, 0x09,
    0x05, 0x09, 0x04, 0x09, 0x04, 0x09, 0x04, 0x09, 0xE4, 0x08, 0xE4, 0x08, 0xE4, 0x08, 0xE4, 0x08,
    0xE4, 0x08, 0xE4, 0x08, 0xE4, 0x08, 0xE4, 0x08, 0xE4, 0x08, 0xE4, 0x08, 0xE4, 0x08, 0xC4, 0x08,
    0xC4, 0x08, 0xC4, 0x08, 0xC4, 0x08, 0xC4, 0x08, 0xC4, 0x08, 0xC4, 0x08, 0xC3, 0x08, 0xC3, 0x08,
    0xC3, 0x08, 0xC3, 0x08, 0xC3, 0x08, 0xA3, 0x08, 0xA3, 0x08, 0xA3, 0x08, 0xA3, 0x08, 0xA3, 0x08,
    0xA3, 0x08, 0xA3, 0x08, 0xA3, 0x08, 0xA3, 0x08, 0xA3, 0x08, 0xA3, 0x08, 0xA3, 0x08, 0xA3, 0x08,
    0xA3, 0x08, 0x83, 0x08, 0x83, 0x08, 0x83, 0x08, 0xA3, 0x08, 0xA3, 0x08, 0x83, 0x08, 0x83, 0x08,
    0x83, 0x08, 0x83, 0x08, 0x83, 0x08, 0x82, 0x08, 0x82, 0x08, 0x83, 0x08, 0x82, 0x08, 0x82, 0x08,
    0x83, 0x08, 0x82, 0x08, 0x82, 0x08, 0x82, 0x08, 0x83, 0x08, 0x62, 0x08, 0x62, 0x08, 0x62, 0x08,
    0x62, 0x08, 0x62, 0x08, 0x62, 0x08, 0x62, 0x08, 0x62, 0x08, 0x62, 0x08, 0x62, 0x08, 0x62, 0x08,
    0x62, 0x08, 0x62, 0x08, 0x62, 0x08, 0x62, 0x08, 0x62, 0x08, 0x62, 0x08, 0x62, 0x08, 0x62, 0x08,
    0x62, 0x08, 0x62, 0x08, 0x62, 0x08, 0x62, 0x08, 0x62, 0x08, 0x62, 0x08, 0x62, 0x08, 0x62, 0x08,
    0x62, 0x08, 0x62, 0x08, 0x62, 0x08, 0x62, 0x08, 0x62, 0x08, 0x62, 0x08, 0x62, 0x08, 0x62, 0x08,
    0x62, 0x08, 0x62, 0x08, 0x62, 0x08, 0x62, 0x08, 0x62, 0x08, 0x62, 0x08, 0x62, 0x08, 0x62, 0x08,
    0x62, 0x08, 0x62, 0x08, 0x62, 0x08, 0x62, 0x08, 0x62, 0x08, 0x62, 0x08, 0x62, 0x08, 0x62, 0x08,
    0x62, 0x08, 0x62, 0x08, 0x62, 0x08, 0x62, 0x08, 0x62, 0x08, 0x62, 0x08, 0x62, 0x08, 0x62, 0x08,
    0x62, 0x08, 0x62, 0x08, 0x62, 0x08, 0x62, 0x08, 0x62, 0x08, 0x62, 0x08, 0x62, 0x08, 0x62, 0x08,
    0x62, 0x08, 0x62, 0x08, 0x62, 0x08, 0x62, 0x08, 0x21, 0x00, 0x42, 0x00, 0x62, 0x08, 0x41, 0x00,
    0x41, 0x00, 0x62, 0x08, 0x62, 0x08, 0x21, 0x00, 0x62, 0x08, 0x62, 0x08, 0x41, 0x00, 0x41, 0x00,
    0x62, 0x08, 0x62, 0x08, 0x62, 0x08, 0x62, 0x08, 0x62, 0x08, 0x62, 0x08, 0x62, 0x08, 0x62, 0x08,
    0x62, 0x08, 0x62, 0x08, 0x62, 0x08, 0x62, 0x08, 0x62, 0x08, 0x62, 0x08, 0x62, 0x08, 0x62, 0x08,
    0x62, 0x08, 0x62, 0x08, 0x62, 0x08, 0x62, 0x08, 0x62, 0x08, 0x62, 0x08, 0x62, 0x08, 0x62, 0x08,
    0x62, 0x08, 0x62, 0x08, 0x62, 0x08, 0x62, 0x08, 0x82, 0x08, 0x82, 0x08, 0x82, 0x08, 0x82, 0x08,
    0x82, 0x08, 0x82, 0x08, 0x82, 0x08, 0x82, 0x08, 0x82, 0x08, 0x82, 0x08, 0x83, 0x08, 0x83, 0x08,
    0x83, 0x08, 0x83, 0x08, 0x83, 0x08, 0x83, 0x08, 0x83, 0x08, 0x83, 0x08, 0x83, 0x08, 0x83, 0x08,
    0xA3, 0x08, 0xA3, 0x08, 0xA3, 0x08, 0xA3, 0x08, 0xA3, 0x08, 0xA3, 0x08, 0xA3, 0x08, 0xA3, 0x08,
    0xA3, 0x08, 0xA3, 0x08, 0xA3, 0x08, 0xA3, 0x08, 0xA3, 0x08, 0xA3, 0x08, 0xC3, 0x08, 0xC3, 0x08,
    0xC3, 0x08, 0xC3, 0x08, 0xC3, 0x08, 0xC4, 0x08, 0xC4, 0x08, 0xC4, 0x08, 0xC4, 0x08, 0xC4, 0x08,
    0xA3, 0x00, 0xC3, 0x08, 0xC4, 0x08, 0xA3, 0x00, 0xC3, 0x08, 0xE4, 0x08, 0xC4, 0x08, 0xA3, 0x00,
    0xE4, 0x08, 0xE4, 0x08, 0xC3, 0x00, 0xE4, 0x08, 0x04, 0x09, 0x04, 0x09, 0x04, 0x09, 0x04, 0x09,
    0x05, 0x09, 0x05, 0x09, 0x05, 0x09, 0x05, 0x09, 0x05, 0x09, 0x05, 0x09, 0x05, 0x09, 0x05, 0x09,
    0x25, 0x09, 0x25, 0x09, 0x25, 0x09, 0x25, 0x09, 0x25, 0x09, 0x25, 0x09, 0x25, 0x09, 0x25, 0x09,
    0x25, 0x09, 0x25, 0x09, 0x25, 0x09, 0x25, 0x09, 0x45, 0x09, 0x45, 0x09, 0x45, 0x09, 0x46, 0x09,
    0x46, 0x09, 0x46, 0x09, 0x46, 0x09, 0x46, 0x09, 0x46, 0x09, 0x46, 0x09, 0x46, 0x09, 0x46, 0x09,
    0x46, 0x09, 0x46, 0x09, 0x66, 0x09, 0x66, 0x09, 0x66, 0x09, 0x66, 0x09, 0x66, 0x09, 0x66, 0x09,
    0x66, 0x09, 0x66, 0x09, 0x66, 0x09, 0x66, 0x09, 0x66, 0x09, 0x66, 0x09, 0x66, 0x09, 0x66, 0x09,
    0x66, 0x09, 0x66, 0x09, 0x66, 0x09, 0x66, 0x09, 0x66, 0x09, 0x66, 0x09, 0x66, 0x09, 0x66, 0x09,
    0x66, 0x09, 0x66, 0x09, 0x66, 0x09, 0x66, 0x09, 0x66, 0x09, 0x66, 0x09, 0x66, 0x09, 0x66, 0x09,
    0x66, 0x09, 0x66, 0x09, 0x66, 0x09, 0x66, 0x09, 0x66, 0x11, 0x46, 0x09, 0x25, 0x09, 0x46, 0x09,
    0x46, 0x09, 0x46, 0x09, 0x46, 0x09, 0x66, 0x11, 0x25, 0x09, 0x25, 0x09, 0x46, 0x09, 0x46, 0x09,
    0x25, 0x09, 0x46, 0x09, 0x46, 0x09, 0x46, 0x09, 0x46, 0x09, 0x46, 0x09, 0x45, 0x09, 0x45, 0x09,
    0x25, 0x09, 0x25, 0x09, 0x25, 0x09, 0x25, 0x09, 0x25, 0x09, 0x25, 0x09, 0x25, 0x09, 0x25, 0x09,
    0x25, 0x09, 0x25, 0x09, 0x25, 0x09, 0x25, 0x09, 0x05, 0x09, 0x05, 0x09, 0x05, 0x09, 0x05, 0x09,
    0x05, 0x09, 0x05, 0x09, 0x05, 0x09, 0x05, 0x09, 0x04, 0x09, 0x04, 0x09, 0x04, 0x09, 0xE4, 0x08,
    0xE4, 0x08, 0xE4, 0x08, 0xE4, 0x08, 0xE4, 0x08, 0xE4, 0x08, 0xE4, 0x08, 0xE4, 0x08, 0xE4, 0x08,
    0xE4, 0x08, 0xE4, 0x08, 0xC4, 0x08, 0xC4, 0x08, 0xC4, 0x08, 0xC4, 0x08, 0xC4, 0x08, 0xC4, 0x08,
    0xC4, 0x08, 0xC4, 0x08, 0xC3, 0x08, 0xC3, 0x08, 0xC3, 0x08, 0xC3, 0x08, 0xA3, 0x08, 0xA3, 0x08,
    0xA3, 0x08, 0xA3, 0x08, 0xA3, 0x08, 0xA3, 0x08, 0xA3, 0x08, 0xA3, 0x08, 0xA3, 0x08, 0xA3, 0x08,
    0xA3, 0x08, 0xA3, 0x08, 0xA3, 0x08, 0xA3, 0x08, 0x83, 0x08, 0x83, 0x08, 0x83, 0x08, 0x83, 0x08,
    0x82, 0x08, 0x42, 0x00, 0x83, 0x08, 0x82, 0x08, 0x83, 0x08, 0x42, 0x00, 0x62, 0x00, 0x82, 0x08,
    0x62, 0x08, 0x41, 0x00, 0x62, 0x08, 0x82, 0x08, 0x42, 0x00, 0x42, 0x00, 0x62, 0x08, 0x62, 0x08,
    0x41, 0x00, 0x62, 0x08, 0x62, 0x08, 0x62, 0x08, 0x62, 0x08, 0x62, 0x08, 0x62, 0x08, 0x62, 0x08,
    0x62, 0x08, 0x62, 0x08, 0x62, 0x08, 0x62, 0x08, 0x62, 0x08, 0x62, 0x08, 0x62, 0x08, 0x62, 0x08,
    0x62, 0x08, 0x62, 0x08, 0x62, 0x08, 0x62, 0x08, 0x62, 0x08, 0x62, 0x08, 0x62, 0x08, 0x62, 0x08,
    0x62, 0x08, 0x62, 0x08, 0x62, 0x08, 0x62, 0x08, 0x62, 0x08, 0x62, 0x08, 0x62, 0x08, 0x62, 0x08,
    0x62, 0x08, 0x62, 0x08, 0x62, 0x08, 0x62, 0x08, 0x62, 0x08, 0x62, 0x08, 0x62, 0x08, 0x62, 0x08,
    0x62, 0x08, 0x62, 0x08, 0x62, 0x08, 0x62, 0x08, 0x62, 0x08, 0x62, 0x08, 0x62, 0x08, 0x62, 0x08,
    0x62, 0x08, 0x62, 0x08, 0x62, 0x08, 0x62, 0x08, 0x62, 0x08, 0x62, 0x08, 0x62, 0x08, 0x62, 0x08,
    0x62, 0x08, 0x62, 0x08, 0x62, 0x08, 0x62, 0x08, 0x62, 0x08, 0x62, 0x08, 0x62, 0x08, 0x62, 0x08,
    0x62, 0x08, 0x62, 0x08, 0x62, 0x08, 0x62, 0x08, 0x62, 0x08, 0x62, 0x08, 0x62, 0x08, 0x41, 0x00,
    0x09, 0x3A, 0x12, 0x74, 0x53, 0x7C, 0xF1, 0x73, 0xC8, 0x31, 0x21, 0x00, 0xA3, 0x10, 0x0D, 0x53,
    0x32, 0x7C, 0x53, 0x7C, 0xF1, 0x73, 0x87, 0x29, 0x41, 0x00, 0x62, 0x08, 0x62, 0x08, 0x62, 0x08,
    0x62, 0x08, 0x62, 0x08, 0x62, 0x08, 0x62, 0x08, 0x62, 0x08, 0x62, 0x08, 0x62, 0x08, 0x62, 0x08,
    0x62, 0x08, 0x62, 0x08, 0x62, 0x08, 0x62, 0x08, 0x62, 0x08, 0x62, 0x08, 0x62, 0x08, 0x62, 0x08,
    0x62, 0x08, 0x62, 0x08, 0x62, 0x08, 0x62, 0x08, 0x62, 0x08, 0x62, 0x08, 0x62, 0x08, 0x62, 0x08,
    0x62, 0x08, 0x82, 0x08, 0x82, 0x08, 0x82, 0x08, 0x82, 0x08, 0x82, 0x08, 0x82, 0x08, 0x82, 0x08,
    0x82, 0x08, 0x82, 0x08, 0x82, 0x08, 0x83, 0x08, 0x83, 0x08, 0x83, 0x08, 0x83, 0x08, 0x83, 0x08,
    0x83, 0x08, 0x83, 0x08, 0x83, 0x08, 0x83, 0x08, 0xA3, 0x08, 0xA3, 0x08, 0xA3, 0x08, 0xA3, 0x08,
    0xA3, 0x08, 0xA3, 0x08, 0xA3, 0x08, 0xA3, 0x08, 0xA3, 0x08, 0xA3, 0x08, 0xA3, 0x08, 0xA3, 0x08,
    0xA3, 0x08, 0xA3, 0x08, 0xA3, 0x08, 0xC3, 0x08, 0xC3, 0x08, 0xC3, 0x08, 0xC3, 0x08, 0xC4, 0x08,
    0xC4, 0x08, 0xC4, 0x08, 0xC4, 0x08, 0xC4, 0x08, 0xED, 0x4A, 0x53, 0x7C, 0x53, 0x7C, 0xB0, 0x6B,
    0x87, 0x21, 0xA3, 0x00, 0x66, 0x19, 0xB0, 0x6B, 0x53, 0x7C, 0x53, 0x7C, 0x90, 0x63, 0x66, 0x19,
    0xE4, 0x08, 0x04, 0x09, 0x04, 0x09, 0x04, 0x09, 0x04, 0x09, 0x05, 0x09, 0x05, 0x09, 0x05, 0x09,
    0x05, 0x09, 0x05, 0x09, 0x05, 0x09, 0x05, 0x09, 0x05, 0x09, 0x05, 0x09, 0x25, 0x09, 0x25, 0x09,
    0x25, 0x09, 0x25, 0x09, 0x25, 0x09, 0x25, 0x09, 0x25, 0x09, 0x25, 0x09, 0x25, 0x09, 0x25, 0x09,
    0x25, 0x09, 0x25, 0x09, 0x45, 0x09, 0x45, 0x09, 0x46, 0x09, 0x46, 0x09, 0x46, 0x09, 0x46, 0x09,
    0x46, 0x09, 0x46, 0x09, 0x46, 0x09, 0x46, 0x09, 0x46, 0x09, 0x46, 0x09, 0x46, 0x09, 0x46, 0x09,
    0x46, 0x09, 0x46, 0x09, 0x66, 0x09, 0x66, 0x09, 0x66, 0x09, 0x66, 0x09, 0x66, 0x09, 0x66, 0x09,
    0x66, 0x09, 0x66, 0x09, 0x66, 0x09, 0x66, 0x09, 0x66, 0x09, 0x66, 0x09, 0x66, 0x09, 0x66, 0x09,
    0x66, 0x09, 0x66, 0x09, 0x66, 0x09, 0x66, 0x09, 0x66, 0x09, 0x66, 0x09, 0x66, 0x09, 0x66, 0x09,
    0x66, 0x09, 0x66, 0x09, 0x66, 0x09, 0x66, 0x09, 0x66, 0x09, 0x66, 0x09, 0x66, 0x09, 0x66, 0x11,
    0x46, 0x09, 0xE8, 0x21, 0xD1, 0x6B, 0x73, 0x7C, 0x53, 0x7C, 0x94, 0x84, 0x09, 0x2A, 0x05, 0x01,
    0x4A, 0x32, 0x12, 0x74, 0x73, 0x7C, 0x53, 0x7C, 0x4E, 0x53, 0x46, 0x11, 0x45, 0x09, 0x46, 0x09,
    0x45, 0x09, 0x45, 0x09, 0x45, 0x09, 0x25, 0x09, 0x25, 0x09, 0x25, 0x09, 0x25, 0x09, 0x25, 0x09,
    0x25, 0x09, 0x25, 0x09, 0x25, 0x09, 0x25, 0x09, 0x25, 0x09, 0x25, 0x09, 0x25, 0x09, 0x05, 0x09,
    0x05, 0x09, 0x05, 0x09, 0x05, 0x09, 0x05, 0x09, 0x05, 0x09, 0x05, 0x09, 0x05, 0x09, 0x04, 0x09,
    0x04, 0x09, 0x04, 0x09, 0xE4, 0x08, 0xE4, 0x08, 0xE4, 0x08, 0xE4, 0x08, 0xE4, 0x08, 0xE4, 0x08,
    0xE4, 0x08, 0xE4, 0x08, 0xE4, 0x08, 0xE4, 0x08, 0xE4, 0x08, 0xC4, 0x08, 0xC4, 0x08, 0xC4, 0x08,
    0xC4, 0x08, 0xC4, 0x08, 0xC4, 0x08, 0xC4, 0x08, 0xC4, 0x08, 0xC3, 0x08, 0xC3, 0x08, 0xC3, 0x08,
    0xC3, 0x08, 0xC3, 0x08, 0xA3, 0x08, 0xA3, 0x08, 0xA3, 0x08, 0xA3, 0x08, 0xA3, 0x08, 0xA3, 0x08,
    0xA3, 0x08, 0xA3, 0x08, 0xA3, 0x08, 0xA3, 0x08, 0xA3, 0x08, 0xA3, 0x08, 0xA3, 0x08, 0xA3, 0x08,
    0x83, 0x08, 0x83, 0x08, 0x83, 0x08, 0x83, 0x08, 0xA3, 0x08, 0xCC, 0x52, 0x53, 0x7C, 0x4A, 0x3A,
    0x21, 0x00, 0xC8, 0x31, 0xF1, 0x73, 0x53, 0x7C, 0x52, 0x7C, 0xED, 0x52, 0xA3, 0x08, 0x42, 0x00,
    0xA8, 0x29, 0xF1, 0x73, 0x53, 0x7C, 0x52, 0x7C, 0xED, 0x52, 0x83, 0x08, 0x62, 0x08, 0x62, 0x08,
    0x62, 0x08, 0x62, 0x08, 0x62, 0x08, 0x62, 0x08, 0x62, 0x08, 0x62, 0x08, 0x62, 0x08, 0x62, 0x08,
    0x62, 0x08, 0x62, 0x08, 0x62, 0x08, 0x62, 0x08, 0x62, 0x08, 0x62, 0x08, 0x62, 0x08, 0x62, 0x08,
    0x62, 0x08, 0x62, 0x08, 0x62, 0x08, 0x62, 0x08, 0x62, 0x08, 0x62, 0x08, 0x62, 0x08, 0x62, 0x08,
    0x62, 0x08, 0x62, 0x08, 0x62, 0x08, 0x62, 0x08, 0x62, 0x08, 0x62, 0x08, 0x62, 0x08, 0x62, 0x08,
    0x62, 0x08, 0x62, 0x08, 0x62, 0x08, 0x62, 0x08, 0x62, 0x08, 0x62, 0x08, 0x62, 0x08, 0x62, 0x08,
    0x62, 0x08, 0x62, 0x08, 0x62, 0x08, 0x62, 0x08, 0x62, 0x08, 0x62, 0x08, 0x62, 0x08, 0x62, 0x08,
    0x62, 0x08, 0x62, 0x08, 0x62, 0x08, 0x62, 0x08, 0x62, 0x08, 0x62, 0x08, 0x62, 0x08, 0x62, 0x08,
    0x62, 0x08, 0x62, 0x08, 0x62, 0x08, 0x62, 0x08, 0x62, 0x08, 0x62, 0x08, 0x62, 0x08, 0x62, 0x08,
    0x82, 0x08, 0x82, 0x08, 0x42, 0x08, 0xE4, 0x18, 0xF6, 0x94, 0x53, 0x7C, 0xAC, 0x4A, 0x73, 0x84,
    0x94, 0x84, 0x42, 0x00, 0x4A, 0x42, 0x57, 0x9D, 0x90, 0x63, 0xED, 0x52, 0xB5, 0x8C, 0x53, 0x7C,
    0x62, 0x08, 0x62, 0x08, 0x62, 0x08, 0x62, 0x08, 0x62, 0x08, 0x62, 0x08, 0x62, 0x08, 0x62, 0x08,
    0x62, 0x08, 0x62, 0x08, 0x62, 0x08, 0x62, 0x08, 0x62, 0x08, 0x62, 0x08, 0x62, 0x08, 0x62, 0x08,
    0x62, 0x08, 0x62, 0x08, 0x62, 0x08, 0x62, 0x08, 0x62, 0x08, 0x62, 0x08, 0x62, 0x08, 0x62, 0x08,
    0x62, 0x08, 0x62, 0x08, 0x62, 0x08, 0x62, 0x08, 0x62, 0x08, 0x82, 0x08, 0x82, 0x08, 0x82, 0x08,
    0x82, 0x08, 0x82, 0x08, 0x82, 0x08, 0x82, 0x08, 0x82, 0x08, 0x82, 0x08, 0x82, 0x08, 0x83, 0x08,
    0x83, 0x08, 0x83, 0x08, 0x83, 0x08, 0x83, 0x08, 0x83, 0x08, 0x83, 0x08, 0x83, 0x08, 0x83, 0x08,
    0x83, 0x08, 0xA3, 0x08, 0xA3, 0x08, 0xA3, 0x08, 0xA3, 0x08, 0xA3, 0x08, 0xA3, 0x08, 0xA3, 0x08,
    0xA3, 0x08, 0xA3, 0x08, 0xA3, 0x08, 0xA3, 0x08, 0xA3, 0x08, 0xA3, 0x08, 0xA3, 0x08, 0xC3, 0x08,
    0xC3, 0x08, 0xC3, 0x08, 0xC3, 0x08, 0xC3, 0x08, 0xC4, 0x08, 0xC4, 0x08, 0x83, 0x00, 0x09, 0x32,
    0x57, 0x9D, 0xB0, 0x6B, 0x0D, 0x53, 0xF6, 0x94, 0xB0, 0x6B, 0x62, 0x00, 0xB0, 0x63, 0x16, 0x95,
    0x4E, 0x5B, 0x4F, 0x5B, 0x16, 0x95, 0x6F, 0x5B, 0xA3, 0x00, 0x05, 0x09, 0xE4, 0x08, 0x04, 0x09,
    0x04, 0x09, 0x04, 0x09, 0x05, 0x09, 0x05, 0x09, 0x05, 0x09, 0x05, 0x09, 0x05, 0x09, 0x05, 0x09,
    0x05, 0x09, 0x05, 0x09, 0x05, 0x09, 0x25, 0x09, 0x25, 0x09, 0x25, 0x09, 0x25, 0x09, 0x25, 0x09,
    0x25, 0x09, 0x25, 0x09, 0x25, 0x09, 0x25, 0x09, 0x25, 0x09, 0x25, 0x09, 0x25, 0x09, 0x45, 0x09,
    0x45, 0x09, 0x45, 0x09, 0x46, 0x09, 0x46, 0x09, 0x46, 0x09, 0x46, 0x09, 0x46, 0x09, 0x46, 0x09,
    0x46, 0x09, 0x46, 0x09, 0x46, 0x09, 0x46, 0x09, 0x46, 0x09, 0x46, 0x09, 0x46, 0x09, 0x46, 0x09,
    0x46, 0x09, 0x66, 0x09, 0x46, 0x09, 0x66, 0x09, 0x66, 0x09, 0x66, 0x09, 0x66, 0x09, 0x66, 0x09,
    0x66, 0x09, 0x66, 0x09, 0x66, 0x09, 0x66, 0x09, 0x66, 0x09, 0x66, 0x09, 0x66, 0x09, 0x66, 0x09,
    0x66, 0x09, 0x66, 0x09, 0x66, 0x09, 0x66, 0x09, 0x66, 0x09, 0x66, 0x09, 0x66, 0x09, 0x66, 0x09,
    0x66, 0x09, 0x66, 0x09, 0x66, 0x09, 0x66, 0x11, 0x25, 0x09, 0xD0, 0x6B, 0x16, 0x95, 0x8F, 0x5B,
    0x4F, 0x5B, 0x8F, 0x5B, 0xC8, 0x21, 0x46, 0x09, 0x94, 0x84, 0xB4, 0x8C, 0x4E, 0x53, 0xD1, 0x6B,
    0x37, 0x9D, 0x8B, 0x3A, 0x04, 0x01, 0x46, 0x11, 0x25, 0x09, 0x25, 0x09, 0x25, 0x09, 0x25, 0x09,
    0x25, 0x09, 0x25, 0x09, 0x25, 0x09, 0x25, 0x09, 0x25, 0x09, 0x25, 0x09, 0x25, 0x09, 0x25, 0x09,
    0x25, 0x09, 0x05, 0x09, 0x05, 0x09, 0x05, 0x09, 0x05, 0x09, 0x05, 0x09, 0x05, 0x09, 0x05, 0x09,
    0x05, 0x09, 0x05, 0x09, 0x04, 0x09, 0x04, 0x09, 0x04, 0x09, 0xE4, 0x08, 0xE4, 0x08, 0xE4, 0x08,
    0xE4, 0x08, 0xE4, 0x08, 0xE4, 0x08, 0xE4, 0x08, 0xE4, 0x08, 0xE4, 0x08, 0xE4, 0x08, 0xE4, 0x08,
    0xC4, 0x08, 0xC4, 0x08, 0xC4, 0x08, 0xC4, 0x08, 0xC4, 0x08, 0xC4, 0x08, 0xC4, 0x08, 0xC4, 0x08,
    0xC3, 0x08, 0xC3, 0x08, 0xC3, 0x08, 0xC3, 0x08, 0xC3, 0x08, 0xA3, 0x08, 0xA3, 0x08, 0xA3, 0x08,
    0xA3, 0x08, 0xA3, 0x08, 0xA3, 0x08, 0xA3, 0x08, 0xA3, 0x08, 0xA3, 0x08, 0xA3, 0x08, 0xA3, 0x08,
    0xA3, 0x08, 0xA3, 0x08, 0xA3, 0x08, 0x83, 0x08, 0x83, 0x08, 0x83, 0x08, 0xA3, 0x08, 0x42, 0x00,
    0x6F, 0x63, 0x36, 0x95, 0x36, 0x95, 0xAC, 0x4A, 0x42, 0x00, 0x94, 0x84, 0xB4, 0x8C, 0xED, 0x52,
    0xB0, 0x6B, 0x57, 0x9D, 0x29, 0x3A, 0x42, 0x00, 0x94, 0x84, 0xB4, 0x8C, 0xED, 0x52, 0x90, 0x6B,
    0x57, 0x9D, 0x29, 0x3A, 0x21, 0x00, 0x82, 0x08, 0x62, 0x08, 0x62, 0x08, 0x62, 0x08, 0x62, 0x08,
    0x62, 0x08, 0x62, 0x08, 0x62, 0x08, 0x62, 0x08, 0x62, 0x08, 0x62, 0x08, 0x62, 0x08, 0x62, 0x08,
    0x62, 0x08, 0x62, 0x08, 0x62, 0x08, 0x62, 0x08, 0x62, 0x08, 0x62, 0x08, 0x62, 0x08, 0x62, 0x08,
    0x62, 0x08, 0x62, 0x08, 0x62, 0x08, 0x62, 0x08, 0x62, 0x08, 0x62, 0x08, 0x62, 0x08, 0x62, 0x08,
    0x62, 0x08, 0x62, 0x08, 0x62, 0x08, 0x62, 0x08, 0x62, 0x08, 0x62, 0x08, 0x62, 0x08, 0x62, 0x08,
    0x62, 0x08, 0x62, 0x08, 0x62, 0x08, 0x62, 0x08, 0x62, 0x08, 0x62, 0x08, 0x62, 0x08, 0x62, 0x08,
    0x62, 0x08, 0x62, 0x08, 0x62, 0x08, 0x62, 0x08, 0x62, 0x08, 0x62, 0x08, 0x62, 0x08, 0x62, 0x08,
    0x62, 0x08, 0x62, 0x08, 0x62, 0x08, 0x62, 0x08, 0x62, 0x08, 0x62, 0x08, 0x62, 0x08, 0x62, 0x08,
    0x62, 0x08, 0x62, 0x08, 0x62, 0x08, 0x62, 0x08, 0x21, 0x00, 0x21, 0x00, 0x00, 0x00, 0x25, 0x21,
    0xB4, 0x8C, 0x2A, 0x3A, 0x00, 0x00, 0x8B, 0x4A, 0x16, 0x95, 0xA3, 0x10, 0xCC, 0x52, 0xF6, 0x94,
    0xC4, 0x10, 0x00, 0x00, 0x2E, 0x5B, 0xD5, 0x8C, 0xA3, 0x10, 0x42, 0x08, 0x62, 0x08, 0x62, 0x08,
    0x62, 0x08, 0x62, 0x08, 0x62, 0x08, 0x62, 0x08, 0x62, 0x08, 0x62, 0x08, 0x62, 0x08, 0x62, 0x08,
    0x62, 0x08, 0x62, 0x08, 0x62, 0x08, 0x62, 0x08, 0x62, 0x08, 0x62, 0x08, 0x62, 0x08, 0x62, 0x08,
    0x62, 0x08, 0x62, 0x08, 0x62, 0x08, 0x62, 0x08, 0x62, 0x08, 0x62, 0x08, 0x62, 0x08, 0x62, 0x08,
    0x62, 0x08, 0x62, 0x08, 0x82, 0x08, 0x82, 0x08, 0x82, 0x08, 0x82, 0x08, 0x82, 0x08, 0x82, 0x08,
    0x82, 0x08, 0x82, 0x08, 0x82, 0x08, 0x82, 0x08, 0x83, 0x08, 0x83, 0x08, 0x83, 0x08, 0x83, 0x08,
    0x83, 0x08, 0x83, 0x08, 0x83, 0x08, 0x83, 0x08, 0x83, 0x08, 0x83, 0x08, 0xA3, 0x08, 0xA3, 0x08,
    0xA3, 0x08, 0xA3, 0x08, 0xA3, 0x08, 0xA3, 0x08, 0xA3, 0x08, 0xA3, 0x08, 0xA3, 0x08, 0xA3, 0x08,
    0xA3, 0x08, 0xA3, 0x08, 0xA3, 0x08, 0xA3, 0x08, 0xC3, 0x08, 0xC3, 0x08, 0xC3, 0x08, 0xC3, 0x08,
    0xC3, 0x08, 0xC4, 0x08, 0x82, 0x00, 0x6A, 0x3A, 0xB5, 0x8C, 0x66, 0x19, 0x01, 0x00, 0xF1, 0x6B,
    0x53, 0x7C, 0xA3, 0x00, 0x12, 0x74, 0x32, 0x7C, 0x83, 0x00, 0xA3, 0x00, 0x53, 0x7C, 0xF1, 0x73,
    0xC3, 0x00, 0xE4, 0x08, 0xE4, 0x08, 0xE4, 0x08, 0x04, 0x09, 0x04, 0x09, 0x04, 0x09, 0x04, 0x09,
    0x05, 0x09, 0x05, 0x09, 0x05, 0x09, 0x05, 0x09, 0x05, 0x09, 0x05, 0x09, 0x05, 0x09, 0x05, 0x09,
    0x25, 0x09, 0x25, 0x09, 0x25, 0x09, 0x25, 0x09, 0x25, 0x09, 0x25, 0x09, 0x25, 0x09, 0x25, 0x09,
    0x25, 0x09, 0x25, 0x09, 0x25, 0x09, 0x25, 0x09, 0x25, 0x09, 0x45, 0x09, 0x45, 0x09, 0x45, 0x09,
    0x45, 0x09, 0x46, 0x09, 0x46, 0x09, 0x46, 0x09, 0x46, 0x09, 0x46, 0x09, 0x46, 0x09, 0x46, 0x09,
    0x46, 0x09, 0x46, 0x09, 0x46, 0x09, 0x46, 0x09, 0x46, 0x09, 0x46, 0x09, 0x46, 0x09, 0x46, 0x09,
    0x46, 0x09, 0x46, 0x09, 0x46, 0x09, 0x46, 0x09, 0x66, 0x09, 0x66, 0x09, 0x46, 0x09, 0x66, 0x09,
    0x66, 0x09, 0x66, 0x09, 0x66, 0x09, 0x66, 0x09, 0x66, 0x09, 0x66, 0x09, 0x66, 0x09, 0x66, 0x09,
    0x66, 0x09, 0x46, 0x09, 0x46, 0x09, 0x46, 0x09, 0x46, 0x09, 0x46, 0x09, 0x46, 0x09, 0x46, 0x09,
    0x45, 0x09, 0x32, 0x7C, 0x32, 0x74, 0xE4, 0x00, 0xE4, 0x00, 0xC4, 0x00, 0x05, 0x01, 0xA7, 0x19,
    0xD5, 0x8C, 0x4F, 0x5B, 0xA3, 0x00, 0xA7, 0x19, 0xF6, 0x94, 0x0D, 0x4B, 0xE4, 0x00, 0x46, 0x11,
    0x25, 0x09, 0x25, 0x09, 0x25, 0x09, 0x25, 0x09, 0x25, 0x09, 0x25, 0x09, 0x25, 0x09, 0x25, 0x09,
    0x25, 0x09, 0x25, 0x09, 0x25, 0x09, 0x25, 0x09, 0x05, 0x09, 0x05, 0x09, 0x05, 0x09, 0x05, 0x09,
    0x05, 0x09, 0x05, 0x09, 0x05, 0x09, 0x05, 0x09, 0x05, 0x09, 0x04, 0x09, 0x04, 0x09, 0x04, 0x09,
    0xE4, 0x08, 0xE4, 0x08, 0xE4, 0x08, 0xE4, 0x08, 0xE4, 0x08, 0xE4, 0x08, 0xE4, 0x08, 0xE4, 0x08,
    0xE4, 0x08, 0xE4, 0x08, 0xE4, 0x08, 0xE4, 0x08, 0xC4, 0x08, 0xC4, 0x08, 0xC4, 0x08, 0xC4, 0x08,
    0xC4, 0x08, 0xC4, 0x08, 0xC4, 0x08, 0xC3, 0x08, 0xC3, 0x08, 0xC3, 0x08, 0xC3, 0x08, 0xC3, 0x08,
    0xA3, 0x08, 0xA3, 0x08, 0xA3, 0x08, 0xA3, 0x08, 0xA3, 0x08, 0xA3, 0x08, 0xA3, 0x08, 0xA3, 0x08,
    0xA3, 0x08, 0xA3, 0x08, 0xA3, 0x08, 0xA3, 0x08, 0xA3, 0x08, 0xA3, 0x08, 0xA3, 0x08, 0x83, 0x08,
    0x83, 0x08, 0x83, 0x08, 0x83, 0x08, 0x82, 0x08, 0x09, 0x3A, 0xE9, 0x31, 0xF5, 0x94, 0x8B, 0x42,
    0xA3, 0x08, 0xF5, 0x94, 0x0D, 0x53, 0x00, 0x00, 0xE4, 0x18, 0x16, 0x95, 0x8B, 0x4A, 0x83, 0x08,
    0xF6, 0x94, 0x0D, 0x53, 0x00, 0x00, 0xE4, 0x18, 0x16, 0x95, 0xAC, 0x4A, 0x21, 0x00, 0x82, 0x08,
    0x62, 0x08, 0x62, 0x08, 0x62, 0x08, 0x62, 0x08, 0x62, 0x08, 0x62, 0x08, 0x62, 0x08, 0x62, 0x08,
    0x62, 0x08, 0x62, 0x08, 0x62, 0x08, 0x62, 0x08, 0x62, 0x08, 0x62, 0x08, 0x62, 0x08, 0x62, 0x08,
    0x62, 0x08, 0x62, 0x08, 0x62, 0x08, 0x62, 0x08, 0x62, 0x08, 0x62, 0x08, 0x62, 0x08, 0x62, 0x08,
    0x62, 0x08, 0x62, 0x08, 0x62, 0x08, 0x62, 0x08, 0x62, 0x08, 0x62, 0x08, 0x62, 0x08, 0x62, 0x08,
    0x62, 0x08, 0x62, 0x08, 0x62, 0x08, 0x62, 0x08, 0x62, 0x08, 0x62, 0x08, 0x62, 0x08, 0x62, 0x08,
    0x62, 0x08, 0x62, 0x08, 0x62, 0x08, 0x62, 0x08, 0x62, 0x08, 0x62, 0x08, 0x62, 0x08, 0x62, 0x08,
    0x62, 0x08, 0x62, 0x08, 0x62, 0x08, 0x62, 0x08, 0x62, 0x08, 0x62, 0x08, 0x62, 0x08, 0x62, 0x08,
    0x62, 0x08, 0x62, 0x08, 0x62, 0x08, 0x62, 0x08, 0x62, 0x08, 0x62, 0x08, 0x62, 0x08, 0xC3, 0x10,
    0xE8, 0x31, 0xE8, 0x31, 0x67, 0x29, 0x62, 0x08, 0xC3, 0x10, 0x42, 0x00, 0xC3, 0x10, 0x53, 0x7C,
    0x94, 0x84, 0x41, 0x00, 0xCC, 0x52, 0xF6, 0x94, 0x05, 0x19, 0x01, 0x00, 0x2E, 0x5B, 0xD5, 0x8C,
    0xA3, 0x10, 0x42, 0x08, 0x62, 0x08, 0x62, 0x08, 0x62, 0x08, 0x62, 0x08, 0x62, 0x08, 0x62, 0x08,
    0x62, 0x08, 0x62, 0x08, 0x62, 0x08, 0x62, 0x08, 0x62, 0x08, 0x62, 0x08, 0x62, 0x08, 0x62, 0x08,
    0x62, 0x08, 0x62, 0x08, 0x62, 0x08, 0x62, 0x08, 0x62, 0x08, 0x62, 0x08, 0x62, 0x08, 0x62, 0x08,
    0x62, 0x08, 0x62, 0x08, 0x62, 0x08, 0x62, 0x08, 0x62, 0x08, 0x62, 0x08, 0x82, 0x08, 0x82, 0x08,
    0x82, 0x08, 0x82, 0x08, 0x82, 0x08, 0x82, 0x08, 0x82, 0x08, 0x82, 0x08, 0x82, 0x08, 0x82, 0x08,
    0x82, 0x08, 0x83, 0x08, 0x83, 0x08, 0x83, 0x08, 0x83, 0x08, 0x83, 0x08, 0x83, 0x08, 0x83, 0x08,
    0x83, 0x08, 0x83, 0x08, 0xA3, 0x08, 0xA3, 0x08, 0xA3, 0x08, 0xA3, 0x08, 0xA3, 0x08, 0xA3, 0x08,
    0xA3, 0x08, 0xA3, 0x08, 0xA3, 0x08, 0xA3, 0x08, 0xA3, 0x08, 0xA3, 0x08, 0xA3, 0x08, 0xA3, 0x08,
    0xA3, 0x08, 0xC3, 0x08, 0xC3, 0x08, 0xC3, 0x08, 0xC3, 0x08, 0xC3, 0x08, 0xC4, 0x08, 0xE4, 0x08,
    0x05, 0x11, 0x83, 0x00, 0xA8, 0x29, 0xF6, 0x94, 0x90, 0x63, 0x82, 0x00, 0x12, 0x74, 0x32, 0x7C,
    0xE4, 0x08, 0xE4, 0x08, 0x53, 0x7C, 0xF1, 0x73, 0xC3, 0x00, 0xE4, 0x08, 0xE4, 0x08, 0xE4, 0x08,
    0xE4, 0x08, 0xE4, 0x08, 0x04, 0x09, 0x04, 0x09, 0x04, 0x09, 0x05, 0x09, 0x05, 0x09, 0x05, 0x09,
    0x05, 0x09, 0x05, 0x09, 0x05, 0x09, 0x05, 0x09, 0x05, 0x09, 0x05, 0x09, 0x25, 0x09, 0x25, 0x09,
    0x25, 0x09, 0x25, 0x09, 0x25, 0x09, 0x25, 0x09, 0x25, 0x09, 0x25, 0x09, 0x25, 0x09, 0x25, 0x09,
    0x25, 0x09, 0x25, 0x09, 0x25, 0x09, 0x45, 0x09, 0x45, 0x09, 0x45, 0x09, 0x46, 0x09, 0x46, 0x09,
    0x46, 0x09, 0x46, 0x09, 0x46, 0x09, 0x46, 0x09, 0x46, 0x09, 0x46, 0x09, 0x46, 0x09, 0x46, 0x09,
    0x46, 0x09, 0x46, 0x09, 0x46, 0x09, 0x46, 0x09, 0x46, 0x09, 0x46, 0x09, 0x46, 0x09, 0x46, 0x09,
    0x46, 0x09, 0x46, 0x09, 0x46, 0x09, 0x46, 0x09, 0x46, 0x09, 0x46, 0x09, 0x46, 0x09, 0x46, 0x09,
    0x46, 0x09, 0x46, 0x09, 0x46, 0x09, 0x46, 0x09, 0x46, 0x09, 0x46, 0x09, 0x46, 0x09, 0x46, 0x09,
    0x46, 0x09, 0x46, 0x09, 0x46, 0x09, 0x46, 0x09, 0x45, 0x09, 0x12, 0x74, 0xD5, 0x8C, 0x32, 0x74,
    0x32, 0x7C, 0x8F, 0x5B, 0x66, 0x11, 0x87, 0x19, 0xD5, 0x8C, 0x6F, 0x5B, 0xE4, 0x00, 0xC8, 0x21,
    0xF6, 0x94, 0x0D, 0x4B, 0xE4, 0x00, 0x46, 0x11, 0x25, 0x09, 0x25, 0x09, 0x25, 0x09, 0x25, 0x09,
    0x25, 0x09, 0x25, 0x09, 0x25, 0x09, 0x25, 0x09, 0x25, 0x09, 0x25, 0x09, 0x25, 0x09, 0x05, 0x09,
    0x05, 0x09, 0x05, 0x09, 0x05, 0x09, 0x05, 0x09, 0x05, 0x09, 0x05, 0x09, 0x05, 0x09, 0x05, 0x09,
    0x04, 0x09, 0x04, 0x09, 0x04, 0x09, 0xE4, 0x08, 0xE4, 0x08, 0xE4, 0x08, 0xE4, 0x08, 0xE4, 0x08,
    0xE4, 0x08, 0xE4, 0x08, 0xE4, 0x08, 0xE4, 0x08, 0xE4, 0x08, 0xE4, 0x08, 0xE4, 0x08, 0xC4, 0x08,
    0xC4, 0x08, 0xC4, 0x08, 0xC4, 0x08, 0xC4, 0x08, 0xC4, 0x08, 0xC4, 0x08, 0xC4, 0x08, 0xC3, 0x08,
    0xC3, 0x08, 0xC3, 0x08, 0xC3, 0x08, 0xA3, 0x08, 0xA3, 0x08, 0xA3, 0x08, 0xA3, 0x08, 0xA3, 0x08,
    0xA3, 0x08, 0xA3, 0x08, 0xA3, 0x08, 0xA3, 0x08, 0xA3, 0x08, 0xA3, 0x08, 0xA3, 0x08, 0xA3, 0x08,
    0xA3, 0x08, 0xA3, 0x08, 0x83, 0x08, 0x83, 0x08, 0x83, 0x08, 0x83, 0x08, 0x83, 0x08, 0xA3, 0x08,
    0x21, 0x00, 0x05, 0x19, 0x16, 0x95, 0x8B, 0x42, 0xA3, 0x08, 0xF5, 0x94, 0x2E, 0x5B, 0x21, 0x00,
    0x25, 0x19, 0x16, 0x95, 0x8B, 0x4A, 0x83, 0x08, 0xF5, 0x94, 0x0E, 0x5B, 0x01, 0x00, 0x25, 0x19,
    0x16, 0x95, 0xAC, 0x4A, 0x21, 0x00, 0x82, 0x08, 0x62, 0x08, 0x62, 0x08, 0x62, 0x08, 0x62, 0x08,
    0x62, 0x08, 0x62, 0x08, 0x62, 0x08, 0x62, 0x08, 0x62, 0x08, 0x62, 0x08, 0x62, 0x08, 0x62, 0x08,
    0x62, 0x08, 0x62, 0x08, 0x62, 0x08, 0x62, 0x08, 0x62, 0x08, 0x62, 0x08, 0x62, 0x08, 0x62, 0x08,
    0x62, 0x08, 0x62, 0x08, 0x62, 0x08, 0x62, 0x08, 0x62, 0x08, 0x62, 0x08, 0x62, 0x08, 0x62, 0x08,
    0x62, 0x08, 0x62, 0x08, 0x62, 0x08, 0x62, 0x08, 0x62, 0x08, 0x62, 0x08, 0x62, 0x08, 0x62, 0x08,
    0x62, 0x08, 0x62, 0x08, 0x62, 0x08, 0x62, 0x08, 0x62, 0x08, 0x62, 0x08, 0x62, 0x08, 0x62, 0x08,
    0x62, 0x08, 0x62, 0x08, 0x62, 0x08, 0x62, 0x08, 0x62, 0x08, 0x62, 0x08, 0x62, 0x08, 0x62, 0x08,
    0x62, 0x08, 0x62, 0x08, 0x62, 0x08, 0x62, 0x08, 0x62, 0x08, 0x62, 0x08, 0x62, 0x08, 0x62, 0x08,
    0x62, 0x08, 0x82, 0x08, 0x21, 0x00, 0x66, 0x29, 0xD5, 0x8C, 0xF5, 0x8C, 0xB0, 0x6B, 0x42, 0x00,
    0x21, 0x00, 0x05, 0x19, 0x73, 0x84, 0xF5, 0x8C, 0xA7, 0x29, 0x00, 0x00, 0xED, 0x52, 0xF5, 0x94,
    0x05, 0x19, 0x00, 0x00, 0x2E, 0x5B, 0xD5, 0x8C, 0xA3, 0x10, 0x42, 0x08, 0x62, 0x08, 0x62, 0x08,
    0x62, 0x08, 0x62, 0x08, 0x62, 0x08, 0x62, 0x08, 0x62, 0x08, 0x62, 0x08, 0x62, 0x08, 0x62, 0x08,
    0x62, 0x08, 0x62, 0x08, 0x62, 0x08, 0x62, 0x08, 0x62, 0x08, 0x62, 0x08, 0x62, 0x08, 0x62, 0x08,
    0x62, 0x08, 0x62, 0x08, 0x62, 0x08, 0x62, 0x08, 0x62, 0x08, 0x62, 0x08, 0x62, 0x08, 0x62, 0x08,
    0x62, 0x08, 0x62, 0x08, 0x62, 0x08, 0x82, 0x08, 0x82, 0x08, 0x82, 0x08, 0x82, 0x08, 0x82, 0x08,
    0x82, 0x08, 0x82, 0x08, 0x82, 0x08, 0x82, 0x08, 0x82, 0x08, 0x83, 0x08, 0x83, 0x08, 0x83, 0x08,
    0x83, 0x08, 0x83, 0x08, 0x83, 0x08, 0x83, 0x08, 0x83, 0x08, 0x83, 0x08, 0x83, 0x08, 0xA3, 0x08,
    0xA3, 0x08, 0xA3, 0x08, 0xA3, 0x08, 0xA3, 0x08, 0xA3, 0x08, 0xA3, 0x08, 0xA3, 0x08, 0xA3, 0x08,
    0xA3, 0x08, 0xA3, 0x08, 0xA3, 0x08, 0xA3, 0x08, 0xA3, 0x08, 0xA3, 0x08, 0xC3, 0x08, 0xC3, 0x08,
    0xC3, 0x08, 0xC3, 0x08, 0xC4, 0x08, 0xC4, 0x08, 0x62, 0x00, 0x09, 0x32, 0xF6, 0x94, 0x53, 0x7C,
    0x46, 0x19, 0xA3, 0x00, 0x12, 0x74, 0x32, 0x7C, 0xC4, 0x08, 0xE4, 0x08, 0x53, 0x7C, 0xF1, 0x73,
    0xA3, 0x00, 0xE4, 0x08, 0xE4, 0x08, 0xE4, 0x08, 0xE4, 0x08, 0xE4, 0x08, 0xE4, 0x08, 0x04, 0x09,
    0x04, 0x09, 0x04, 0x09, 0x05, 0x09, 0x05, 0x09, 0x05, 0x09, 0x05, 0x09, 0x05, 0x09, 0x05, 0x09,
    0x05, 0x09, 0x05, 0x09, 0x05, 0x09, 0x25, 0x09, 0x25, 0x09, 0x25, 0x09, 0x25, 0x09, 0x25, 0x09,
    0x25, 0x09, 0x25, 0x09, 0x25, 0x09, 0x25, 0x09, 0x25, 0x09, 0x25, 0x09, 0x25, 0x09, 0x25, 0x09,
    0x25, 0x09, 0x25, 0x09, 0x45, 0x09, 0x45, 0x09, 0x45, 0x09, 0x45, 0x09, 0x46, 0x09, 0x46, 0x09,
    0x46, 0x09, 0x46, 0x09, 0x46, 0x09, 0x46, 0x09, 0x46, 0x09, 0x46, 0x09, 0x46, 0x09, 0x46, 0x09,
    0x46, 0x09, 0x46, 0x09, 0x46, 0x09, 0x46, 0x09, 0x46, 0x09, 0x46, 0x09, 0x46, 0x09, 0x46, 0x09,
    0x46, 0x09, 0x46, 0x09, 0x46, 0x09, 0x46, 0x09, 0x46, 0x09, 0x46, 0x09, 0x46, 0x09, 0x46, 0x09,
    0x46, 0x09, 0x46, 0x09, 0x46, 0x09, 0x46, 0x09, 0x46, 0x09, 0x46, 0x09, 0x46, 0x09, 0x46, 0x09,
    0x45, 0x09, 0x12, 0x74, 0xB4, 0x8C, 0x90, 0x63, 0xD1, 0x6B, 0x36, 0x9D, 0x2E, 0x53, 0x66, 0x11,
    0xF5, 0x8C, 0x6F, 0x5B, 0xE4, 0x00, 0xC8, 0x21, 0xF6, 0x94, 0x0D, 0x4B, 0xE4, 0x00, 0x45, 0x11,
    0x25, 0x09, 0x25, 0x09, 0x25, 0x09, 0x25, 0x09, 0x25, 0x09, 0x25, 0x09, 0x25, 0x09, 0x25, 0x09,
    0x25, 0x09, 0x05, 0x09, 0x05, 0x09, 0x05, 0x09, 0x05, 0x09, 0x05, 0x09, 0x05, 0x09, 0x05, 0x09,
    0x05, 0x09, 0x05, 0x09, 0x04, 0x09, 0x04, 0x09, 0x04, 0x09, 0xE4, 0x08, 0xE4, 0x08, 0xE4, 0x08,
    0xE4, 0x08, 0xE4, 0x08, 0xE4, 0x08, 0xE4, 0x08, 0xE4, 0x08, 0xE4, 0x08, 0xE4, 0x08, 0xE4, 0x08,
    0xE4, 0x08, 0xE4, 0x08, 0xC4, 0x08, 0xC4, 0x08, 0xC4, 0x08, 0xC4, 0x08, 0xC4, 0x08, 0xC4, 0x08,
    0xC4, 0x08, 0xC4, 0x08, 0xC3, 0x08, 0xC3, 0x08, 0xC3, 0x08, 0xC3, 0x08, 0xC3, 0x08, 0xA3, 0x08,
    0xA3, 0x08, 0xA3, 0x08, 0xA3, 0x08, 0xA3, 0x08, 0xA3, 0x08, 0xA3, 0x08, 0xA3, 0x08, 0xA3, 0x08,
    0xA3, 0x08, 0xA3, 0x08, 0xA3, 0x08, 0xA3, 0x08, 0xA3, 0x08, 0x83, 0x08, 0x83, 0x08, 0x83, 0x08,
    0x83, 0x08, 0x83, 0x08, 0x83, 0x08, 0x83, 0x08, 0x62, 0x00, 0x46, 0x21, 0x16, 0x95, 0x8B, 0x42,
    0xA3, 0x08, 0xF5, 0x94, 0x2E, 0x5B, 0x01, 0x00, 0x25, 0x19, 0x16, 0x95, 0x8B, 0x4A, 0x83, 0x08,
    0xF5, 0x94, 0x2E, 0x5B, 0x00, 0x00, 0x25, 0x19, 0x16, 0x95, 0xAC, 0x4A, 0x21, 0x00, 0x82, 0x08,
    0x62, 0x08, 0x62, 0x08, 0x62, 0x08, 0x62, 0x08, 0x62, 0x08, 0x62, 0x08, 0x62, 0x08, 0x62, 0x08,
    0x62, 0x08, 0x62, 0x08, 0x62, 0x08, 0x62, 0x08, 0x62, 0x08, 0x62, 0x08, 0x62, 0x08, 0x62, 0x08,
    0x62, 0x08, 0x62, 0x08, 0x62, 0x08, 0x62, 0x08, 0x62, 0x08, 0x62, 0x08, 0x62, 0x08, 0x62, 0x08,
    0x62, 0x08, 0x62, 0x08, 0x62, 0x08, 0x62, 0x08, 0x62, 0x08, 0x62, 0x08, 0x62, 0x08, 0x62, 0x08,
    0x62, 0x08, 0x62, 0x08, 0x62, 0x08, 0x62, 0x08, 0x62, 0x08, 0x62, 0x08, 0x62, 0x08, 0x62, 0x08,
    0x62, 0x08, 0x62, 0x08, 0x62, 0x08, 0x62, 0x08, 0x62, 0x08, 0x62, 0x08, 0x62, 0x08, 0x62, 0x08,
    0x62, 0x08, 0x62, 0x08, 0x62, 0x08, 0x62, 0x08, 0x62, 0x08, 0x62, 0x08, 0x62, 0x08, 0x62, 0x08,
    0x62, 0x08, 0x62, 0x08, 0x62, 0x08, 0x62, 0x08, 0x62, 0x08, 0x62, 0x08, 0x62, 0x08, 0x82, 0x08,
    0xA3, 0x10, 0xC3, 0x10, 0xA3, 0x10, 0x41, 0x00, 0xA7, 0x29, 0xD5, 0x8C, 0x73, 0x84, 0x05, 0x19,
    0x21, 0x00, 0x21, 0x00, 0xED, 0x52, 0xF5, 0x8C, 0xE4, 0x18, 0x00, 0x00, 0x2E, 0x5B, 0xD5, 0x8C,
    0xA3, 0x10, 0x42, 0x08, 0x62, 0x08, 0x62, 0x08, 0x62, 0x08, 0x62, 0x08, 0x62, 0x08, 0x62, 0x08,
    0x62, 0x08, 0x62, 0x08, 0x62, 0x08, 0x62, 0x08, 0x62, 0x08, 0x62, 0x08, 0x62, 0x08, 0x62, 0x08,
    0x62, 0x08, 0x62, 0x08, 0x62, 0x08, 0x62, 0x08, 0x62, 0x08, 0x62, 0x08, 0x62, 0x08, 0x62, 0x08,
    0x62, 0x08, 0x62, 0x08, 0x62, 0x08, 0x62, 0x08, 0x62, 0x08, 0x62, 0x08, 0x62, 0x08, 0x82, 0x08,
    0x82, 0x08, 0x82, 0x08, 0x82, 0x08, 0x82, 0x08, 0x82, 0x08, 0x82, 0x08, 0x82, 0x08, 0x82, 0x08,
    0x82, 0x08, 0x82, 0x08, 0x83, 0x08, 0x83, 0x08, 0x83, 0x08, 0x83, 0x08, 0x83, 0x08, 0x83, 0x08,
    0x83, 0x08, 0x83, 0x08, 0x83, 0x08, 0x83, 0x08, 0xA3, 0x08, 0xA3, 0x08, 0xA3, 0x08, 0xA3, 0x08,
    0xA3, 0x08, 0xA3, 0x08, 0xA3, 0x08, 0xA3, 0x08, 0xA3, 0x08, 0xA3, 0x08, 0xA3, 0x08, 0xA3, 0x08,
    0xA3, 0x08, 0xA3, 0x08, 0xC3, 0x08, 0xC3, 0x08, 0xC3, 0x08, 0xC3, 0x08, 0xC4, 0x08, 0xA3, 0x08,
    0xAC, 0x42, 0x36, 0x95, 0xB0, 0x6B, 0xE4, 0x08, 0xA3, 0x00, 0xC4, 0x08, 0x12, 0x74, 0x32, 0x7C,
    0xC3, 0x08, 0xC4, 0x08, 0x53, 0x7C, 0xF1, 0x73, 0xA3, 0x00, 0xE4, 0x08, 0xE4, 0x08, 0xE4, 0x08,
    0xE4, 0x08, 0xE4, 0x08, 0xE4, 0x08, 0xE4, 0x08, 0x04, 0x09, 0x04, 0x09, 0x04, 0x09, 0x05, 0x09,
    0x05, 0x09, 0x05, 0x09, 0x05, 0x09, 0x05, 0x09, 0x05, 0x09, 0x05, 0x09, 0x05, 0x09, 0x05, 0x09,
    0x05, 0x09, 0x25, 0x09, 0x25, 0x09, 0x25, 0x09, 0x25, 0x09, 0x25, 0x09, 0x25, 0x09, 0x25, 0x09,
    0x25, 0x09, 0x25, 0x09, 0x25, 0x09, 0x25, 0x09, 0x25, 0x09, 0x25, 0x09, 0x25, 0x09, 0x25, 0x09,
    0x25, 0x09, 0x45, 0x09, 0x45, 0x09, 0x45, 0x09, 0x46, 0x09, 0x46, 0x09, 0x46, 0x09, 0x46, 0x09,
    0x46, 0x09, 0x46, 0x09, 0x46, 0x09, 0x46, 0x09, 0x46, 0x09, 0x46, 0x09, 0x46, 0x09, 0x46, 0x09,
    0x46, 0x09, 0x46, 0x09, 0x46, 0x09, 0x46, 0x09, 0x46, 0x09, 0x46, 0x09, 0x46, 0x09, 0x46, 0x09,
    0x46, 0x09, 0x46, 0x09, 0x46, 0x09, 0x46, 0x09, 0x46, 0x09, 0x46, 0x09, 0x46, 0x09, 0x46, 0x09,
    0x46, 0x09, 0x46, 0x09, 0x46, 0x09, 0x46, 0x09, 0x25, 0x09, 0x32, 0x74, 0x32, 0x74, 0xE4, 0x00,
    0x05, 0x09, 0x73, 0x84, 0xD1, 0x6B, 0x66, 0x11, 0xD5, 0x8C, 0x4E, 0x5B, 0xC4, 0x00, 0xA7, 0x19,
    0xF5, 0x94, 0x0D, 0x4B, 0xE4, 0x00, 0x45, 0x11, 0x25, 0x09, 0x25, 0x09, 0x25, 0x09, 0x25, 0x09,
    0x25, 0x09, 0x25, 0x09, 0x25, 0x09, 0x05, 0x09, 0x05, 0x09, 0x05, 0x09, 0x05, 0x09, 0x05, 0x09,
    0x05, 0x09, 0x05, 0x09, 0x05, 0x09, 0x05, 0x09, 0x05, 0x09, 0x04, 0x09, 0x04, 0x09, 0x04, 0x09,
    0xE4, 0x08, 0xE4, 0x08, 0xE4, 0x08, 0xE4, 0x08, 0xE4, 0x08, 0xE4, 0x08, 0xE4, 0x08, 0xE4, 0x08,
    0xE4, 0x08, 0xE4, 0x08, 0xE4, 0x08, 0xE4, 0x08, 0xE4, 0x08, 0xC4, 0x08, 0xC4, 0x08, 0xC4, 0x08,
    0xC4, 0x08, 0xC4, 0x08, 0xC4, 0x08, 0xC4, 0x08, 0xC4, 0x08, 0xC3, 0x08, 0xC3, 0x08, 0xC3, 0x08,
    0xC3, 0x08, 0xC3, 0x08, 0xA3, 0x08, 0xA3, 0x08, 0xA3, 0x08, 0xA3, 0x08, 0xA3, 0x08, 0xA3, 0x08,
    0xA3, 0x08, 0xA3, 0x08, 0xA3, 0x08, 0xA3, 0x08, 0xA3, 0x08, 0xA3, 0x08, 0xA3, 0x08, 0xA3, 0x08,
    0xA3, 0x08, 0x83, 0x08, 0x83, 0x08, 0x83, 0x08, 0x83, 0x08, 0x83, 0x08, 0x83, 0x08, 0x83, 0x08,
    0x62, 0x00, 0x26, 0x19, 0x16, 0x95, 0x8B, 0x42, 0xA3, 0x08, 0xF5, 0x94, 0x0D, 0x53, 0x00, 0x00,
    0x05, 0x19, 0xF6, 0x94, 0x8B, 0x4A, 0x83, 0x08, 0xF5, 0x94, 0x0D, 0x53, 0x00, 0x00, 0x05, 0x19,
    0xF6, 0x94, 0xAC, 0x4A, 0x21, 0x00, 0x82, 0x08, 0x62, 0x08, 0x62, 0x08, 0x62, 0x08, 0x62, 0x08,
    0x62, 0x08, 0x62, 0x08, 0x62, 0x08, 0x62, 0x08, 0x62, 0x08, 0x62, 0x08, 0x62, 0x08, 0x62, 0x08,
    0x62, 0x08, 0x62, 0x08, 0x62, 0x08, 0x62, 0x08, 0x62, 0x08, 0x62, 0x08, 0x62, 0x08, 0x62, 0x08,
    0x62, 0x08, 0x62, 0x08, 0x62, 0x08, 0x62, 0x08, 0x62, 0x08, 0x62, 0x08, 0x62, 0x08, 0x62, 0x08,
    0x62, 0x08, 0x62, 0x08, 0x62, 0x08, 0x62, 0x08, 0x62, 0x08, 0x62, 0x08, 0x62, 0x08, 0x62, 0x08,
    0x62, 0x08, 0x62, 0x08, 0x62, 0x08, 0x62, 0x08, 0x62, 0x08, 0x62, 0x08, 0x62, 0x08, 0x62, 0x08,
    0x62, 0x08, 0x62, 0x08, 0x62, 0x08, 0x62, 0x08, 0x62, 0x08, 0x62, 0x08, 0x62, 0x08, 0x62, 0x08,
    0x62, 0x08, 0x62, 0x08, 0x62, 0x08, 0x62, 0x08, 0x62, 0x08, 0x62, 0x08, 0x62, 0x08, 0x62, 0x08,
    0x62, 0x08, 0x62, 0x08, 0x62, 0x08, 0x62, 0x08, 0x42, 0x08, 0x62, 0x08, 0x41, 0x00, 0xC3, 0x10,
    0x94, 0x84, 0x53, 0x7C, 0xE4, 0x10, 0x42, 0x00, 0xA3, 0x10, 0x01, 0x00, 0xED, 0x52, 0x16, 0x95,
    0x46, 0x21, 0x21, 0x00, 0x6F, 0x63, 0xD5, 0x8C, 0xA3, 0x10, 0x42, 0x08, 0x62, 0x08, 0x62, 0x08,
    0x62, 0x08, 0x62, 0x08, 0x62, 0x08, 0x62, 0x08, 0x62, 0x08, 0x62, 0x08, 0x62, 0x08, 0x62, 0x08,
    0x62, 0x08, 0x62, 0x08, 0x62, 0x08, 0x62, 0x08, 0x62, 0x08, 0x62, 0x08, 0x62, 0x08, 0x62, 0x08,
    0x62, 0x08, 0x62, 0x08, 0x62, 0x08, 0x62, 0x08, 0x62, 0x08, 0x62, 0x08, 0x62, 0x08, 0x62, 0x08,
    0x62, 0x08, 0x62, 0x08, 0x62, 0x08, 0x62, 0x08, 0x82, 0x08, 0x82, 0x08, 0x82, 0x08, 0x82, 0x08,
    0x82, 0x08, 0x82, 0x08, 0x82, 0x08, 0x82, 0x08, 0x82, 0x08, 0x82, 0x08, 0x83, 0x08, 0x83, 0x08,
    0x83, 0x08, 0x83, 0x08, 0x83, 0x08, 0x83, 0x08, 0x83, 0x08, 0x83, 0x08, 0x83, 0x08, 0x83, 0x08,
    0xA3, 0x08, 0xA3, 0x08, 0xA3, 0x08, 0xA3, 0x08, 0xA3, 0x08, 0xA3, 0x08, 0xA3, 0x08, 0xA3, 0x08,
    0xA3, 0x08, 0xA3, 0x08, 0xA3, 0x08, 0xA3, 0x08, 0xA3, 0x08, 0xA3, 0x08, 0xA3, 0x08, 0xC3, 0x08,
    0xC3, 0x08, 0xC4, 0x08, 0x83, 0x00, 0xC8, 0x29, 0x36, 0x95, 0x8F, 0x63, 0xC3, 0x08, 0xE4, 0x08,
    0xE4, 0x10, 0xA3, 0x08, 0x12, 0x74, 0x73, 0x7C, 0xE4, 0x10, 0x05, 0x11, 0x73, 0x84, 0xF1, 0x73,
    0xA3, 0x00, 0xE4, 0x08, 0xE4, 0x08, 0xE4, 0x08, 0xE4, 0x08, 0xE4, 0x08, 0xE4, 0x08, 0xE4, 0x08,
    0xE4, 0x08, 0x04, 0x09, 0x04, 0x09, 0x04, 0x09, 0x05, 0x09, 0x05, 0x09, 0x05, 0x09, 0x05, 0x09,
    0x05, 0x09, 0x05, 0x09, 0x05, 0x09, 0x05, 0x09, 0x05, 0x09, 0x05, 0x09, 0x25, 0x09, 0x25, 0x09,
    0x25, 0x09, 0x25, 0x09, 0x25, 0x09, 0x25, 0x09, 0x25, 0x09, 0x25, 0x09, 0x25, 0x09, 0x25, 0x09,
    0x25, 0x09, 0x25, 0x09, 0x25, 0x09, 0x25, 0x09, 0x25, 0x09, 0x25, 0x09, 0x25, 0x09, 0x25, 0x09,
    0x45, 0x09, 0x45, 0x09, 0x45, 0x09, 0x45, 0x09, 0x46, 0x09, 0x46, 0x09, 0x46, 0x09, 0x46, 0x09,
    0x46, 0x09, 0x46, 0x09, 0x46, 0x09, 0x46, 0x09, 0x46, 0x09, 0x46, 0x09, 0x46, 0x09, 0x46, 0x09,
    0x46, 0x09, 0x46, 0x09, 0x46, 0x09, 0x46, 0x09, 0x46, 0x09, 0x46, 0x09, 0x46, 0x09, 0x46, 0x09,
    0x46, 0x09, 0x46, 0x09, 0x46, 0x09, 0x46, 0x09, 0x46, 0x09, 0x46, 0x09, 0x46, 0x09, 0x46, 0x09,
    0x25, 0x09, 0x32, 0x74, 0x53, 0x7C, 0x46, 0x11, 0x67, 0x11, 0x94, 0x84, 0xD0, 0x6B, 0x46, 0x11,
    0xF5, 0x94, 0x90, 0x63, 0xE4, 0x00, 0xE8, 0x29, 0x16, 0x95, 0x0D, 0x4B, 0xE4, 0x00, 0x25, 0x11,
    0x25, 0x09, 0x25, 0x09, 0x25, 0x09, 0x25, 0x09, 0x25, 0x09, 0x25, 0x09, 0x05, 0x09, 0x05, 0x09,
    0x05, 0x09, 0x05, 0x09, 0x05, 0x09, 0x05, 0x09, 0x05, 0x09, 0x05, 0x09, 0x05, 0x09, 0x05, 0x09,
    0x04, 0x09, 0x04, 0x09, 0x04, 0x09, 0xE4, 0x08, 0xE4, 0x08, 0xE4, 0x08, 0xE4, 0x08, 0xE4, 0x08,
    0xE4, 0x08, 0xE4, 0x08, 0xE4, 0x08, 0xE4, 0x08, 0xE4, 0x08, 0xE4, 0x08, 0xE4, 0x08, 0xE4, 0x08,
    0xC4, 0x08, 0xC4, 0x08, 0xC4, 0x08, 0xC4, 0x08, 0xC4, 0x08, 0xC4, 0x08, 0xC4, 0x08, 0xC4, 0x08,
    0xC3, 0x08, 0xC3, 0x08, 0xC3, 0x08, 0xC3, 0x08, 0xC3, 0x08, 0xA3, 0x08, 0xA3, 0x08, 0xA3, 0x08,
    0xA3, 0x08, 0xA3, 0x08, 0xA3, 0x08, 0xA3, 0x08, 0xA3, 0x08, 0xA3, 0x08, 0xA3, 0x08, 0xA3, 0x08,
    0xA3, 0x08, 0xA3, 0x08, 0xA3, 0x08, 0xA3, 0x08, 0x83, 0x08, 0x83, 0x08, 0x83, 0x08, 0x83, 0x08,
    0x83, 0x08, 0x83, 0x08, 0x83, 0x08, 0x83, 0x08, 0x62, 0x00, 0x25, 0x19, 0x16, 0x95, 0x6B, 0x42,
    0x83, 0x08, 0xF5, 0x94, 0x4F, 0x63, 0x21, 0x00, 0x66, 0x21, 0x16, 0x95, 0x8B, 0x4A, 0x83, 0x08,
    0xF6, 0x94, 0x4F, 0x63, 0x21, 0x00, 0x66, 0x21, 0x16, 0x95, 0xAC, 0x4A, 0x21, 0x00, 0x83, 0x08,
    0x62, 0x08, 0x62, 0x08, 0x62, 0x08, 0x62, 0x08, 0x62, 0x08, 0x62, 0x08, 0x62, 0x08, 0x62, 0x08,
    0x62, 0x08, 0x62, 0x08, 0x62, 0x08, 0x62, 0x08, 0x62, 0x08, 0x62, 0x08, 0x62, 0x08, 0x62, 0x08,
    0x62, 0x08, 0x62, 0x08, 0x62, 0x08, 0x62, 0x08, 0x62, 0x08, 0x62, 0x08, 0x62, 0x08, 0x62, 0x08,
    0x62, 0x08, 0x62, 0x08, 0x62, 0x08, 0x62, 0x08, 0x62, 0x08, 0x62, 0x08, 0x62, 0x08, 0x62, 0x08,
    0x62, 0x08, 0x62, 0x08, 0x62, 0x08, 0x62, 0x08, 0x62, 0x08, 0x62, 0x08, 0x62, 0x08, 0x62, 0x08,
    0x62, 0x08, 0x62, 0x08, 0x62, 0x08, 0x62, 0x08, 0x62, 0x08, 0x62, 0x08, 0x62, 0x08, 0x62, 0x08,
    0x62, 0x08, 0x62, 0x08, 0x62, 0x08, 0x62, 0x08, 0x62, 0x08, 0x62, 0x08, 0x62, 0x08, 0x62, 0x08,
    0x62, 0x08, 0x62, 0x08, 0x62, 0x08, 0x62, 0x08, 0x62, 0x08, 0x62, 0x08, 0x62, 0x08, 0x62, 0x08,
    0x62, 0x08, 0x82, 0x08, 0x41, 0x00, 0x46, 0x21, 0x16, 0x95, 0xD5, 0x8C, 0x74, 0x84, 0xB5, 0x8C,
    0x94, 0x84, 0xA3, 0x10, 0x87, 0x29, 0x16, 0x95, 0xD5, 0x8C, 0x94, 0x84, 0x37, 0x9D, 0x8F, 0x63,
    0x42, 0x00, 0x62, 0x08, 0x62, 0x08, 0x62, 0x08, 0x62, 0x08, 0x62, 0x08, 0x62, 0x08, 0x62, 0x08,
    0x62, 0x08, 0x62, 0x08, 0x62, 0x08, 0x62, 0x08, 0x62, 0x08, 0x62, 0x08, 0x62, 0x08, 0x62, 0x08,
    0x62, 0x08, 0x62, 0x08, 0x62, 0x08, 0x62, 0x08, 0x62, 0x08, 0x62, 0x08, 0x62, 0x08, 0x62, 0x08,
    0x62, 0x08, 0x62, 0x08, 0x62, 0x08, 0x62, 0x08, 0x62, 0x08, 0x62, 0x08, 0x62, 0x08, 0x62, 0x08,
    0x62, 0x08, 0x82, 0x08, 0x82, 0x08, 0x82, 0x08, 0x82, 0x08, 0x82, 0x08, 0x82, 0x08, 0x82, 0x08,
    0x82, 0x08, 0x82, 0x08, 0x82, 0x08, 0x83, 0x08, 0x83, 0x08, 0x83, 0x08, 0x83, 0x08, 0x83, 0x08,
    0x83, 0x08, 0x83, 0x08, 0x83, 0x08, 0x83, 0x08, 0x83, 0x08, 0xA3, 0x08, 0xA3, 0x08, 0xA3, 0x08,
    0xA3, 0x08, 0xA3, 0x08, 0xA3, 0x08, 0xA3, 0x08, 0xA3, 0x08, 0xA3, 0x08, 0xA3, 0x08, 0xA3, 0x08,
    0xA3, 0x08, 0xA3, 0x08, 0xA3, 0x08, 0xA3, 0x08, 0xC3, 0x08, 0xC4, 0x08, 0x62, 0x00, 0x6B, 0x42,
    0x57, 0x9D, 0x94, 0x84, 0x94, 0x84, 0xD5, 0x8C, 0xF1, 0x73, 0x83, 0x00, 0xED, 0x4A, 0x37, 0x9D,
    0x94, 0x84, 0xB4, 0x84, 0x36, 0x9D, 0xAC, 0x4A, 0xA3, 0x00, 0xE4, 0x08, 0xE4, 0x08, 0xE4, 0x08,
    0xE4, 0x08, 0xE4, 0x08, 0xE4, 0x08, 0xE4, 0x08, 0xE4, 0x08, 0xE4, 0x08, 0x04, 0x09, 0x04, 0x09,
    0x04, 0x09, 0x04, 0x09, 0x05, 0x09, 0x05, 0x09, 0x05, 0x09, 0x05, 0x09, 0x05, 0x09, 0x05, 0x09,
    0x05, 0x09, 0x05, 0x09, 0x05, 0x09, 0x05, 0x09, 0x25, 0x09, 0x25, 0x09, 0x25, 0x09, 0x25, 0x09,
    0x25, 0x09, 0x25, 0x09, 0x25, 0x09, 0x25, 0x09, 0x25, 0x09, 0x25, 0x09, 0x25, 0x09, 0x25, 0x09,
    0x25, 0x09, 0x25, 0x09, 0x25, 0x09, 0x25, 0x09, 0x25, 0x09, 0x25, 0x09, 0x25, 0x09, 0x45, 0x09,
    0x25, 0x09, 0x45, 0x09, 0x45, 0x09, 0x45, 0x09, 0x45, 0x09, 0x45, 0x09, 0x46, 0x09, 0x45, 0x09,
    0x46, 0x09, 0x46, 0x09, 0x46, 0x09, 0x46, 0x09, 0x46, 0x09, 0x46, 0x09, 0x46, 0x09, 0x46, 0x09,
    0x46, 0x09, 0x46, 0x09, 0x46, 0x09, 0x46, 0x09, 0x46, 0x09, 0x46, 0x09, 0x46, 0x09, 0x45, 0x09,
    0x45, 0x09, 0x45, 0x09, 0x45, 0x09, 0x46, 0x11, 0x05, 0x01, 0x2E, 0x53, 0x36, 0x9D, 0x94, 0x84,
    0xB4, 0x8C, 0x36, 0x9D, 0xCC, 0x42, 0xE4, 0x00, 0xF1, 0x6B, 0x16, 0x95, 0x94, 0x84, 0xD5, 0x8C,
    0xF5, 0x94, 0x09, 0x2A, 0x04, 0x09, 0x25, 0x09, 0x25, 0x09, 0x25, 0x09, 0x25, 0x09, 0x25, 0x09,
    0x05, 0x09, 0x05, 0x09, 0x05, 0x09, 0x05, 0x09, 0x05, 0x09, 0x05, 0x09, 0x05, 0x09, 0x05, 0x09,
    0x05, 0x09, 0x05, 0x09, 0x04, 0x09, 0x04, 0x09, 0x04, 0x09, 0x04, 0x09, 0xE4, 0x08, 0xE4, 0x08,
    0xE4, 0x08, 0xE4, 0x08, 0xE4, 0x08, 0xE4, 0x08, 0xE4, 0x08, 0xE4, 0x08, 0xE4, 0x08, 0xE4, 0x08,
    0xE4, 0x08, 0xE4, 0x08, 0xE4, 0x08, 0xC4, 0x08, 0xC4, 0x08, 0xC4, 0x08, 0xC4, 0x08, 0xC4, 0x08,
    0xC4, 0x08, 0xC4, 0x08, 0xC4, 0x08, 0xC3, 0x08, 0xC3, 0x08, 0xC3, 0x08, 0xC3, 0x08, 0xC3, 0x08,
    0xA3, 0x08, 0xA3, 0x08, 0xA3, 0x08, 0xA3, 0x08, 0xA3, 0x08, 0xA3, 0x08, 0xA3, 0x08, 0xA3, 0x08,
    0xA3, 0x08, 0xA3, 0x08, 0xA3, 0x08, 0xA3, 0x08, 0xA3, 0x08, 0xA3, 0x08, 0xA3, 0x08, 0x83, 0x08,
    0x83, 0x08, 0x83, 0x08, 0x83, 0x08, 0x83, 0x08, 0x83, 0x08, 0x83, 0x08, 0x83, 0x08, 0x83, 0x08,
    0x62, 0x00, 0x46, 0x21, 0x77, 0x9D, 0xCC, 0x4A, 0x21, 0x00, 0xD1, 0x6B, 0x36, 0x95, 0x94, 0x84,
    0xD5, 0x8C, 0xF6, 0x94, 0x87, 0x29, 0x41, 0x00, 0xD0, 0x6B, 0x36, 0x95, 0x94, 0x84, 0xD5, 0x8C,
    0xF6, 0x94, 0x87, 0x29, 0x41, 0x00, 0x82, 0x08, 0x62, 0x08, 0x62, 0x08, 0x62, 0x08, 0x62, 0x08,
    0x62, 0x08, 0x62, 0x08, 0x62, 0x08, 0x62, 0x08, 0x62, 0x08, 0x62, 0x08, 0x62, 0x08, 0x62, 0x08,
    0x62, 0x08, 0x62, 0x08, 0x62, 0x08, 0x62, 0x08, 0x62, 0x08, 0x62, 0x08, 0x62, 0x08, 0x62, 0x08,
    0x62, 0x08, 0x62, 0x08, 0x62, 0x08, 0x62, 0x08, 0x62, 0x08, 0x62, 0x08, 0x62, 0x08, 0x62, 0x08,
    0x62, 0x08, 0x62, 0x08, 0x62, 0x08, 0x62, 0x08, 0x62, 0x08, 0x62, 0x08, 0x62, 0x08, 0x62, 0x08,
    0x62, 0x08, 0x62, 0x08, 0x62, 0x08, 0x62, 0x08, 0x62, 0x08, 0x62, 0x08, 0x62, 0x08, 0x62, 0x08,
    0x62, 0x08, 0x62, 0x08, 0x62, 0x08, 0x62, 0x08, 0x62, 0x08, 0x62, 0x08, 0x62, 0x08, 0x62, 0x08,
    0x62, 0x08, 0x62, 0x08, 0x62, 0x08, 0x62, 0x08, 0x62, 0x08, 0x62, 0x08, 0x62, 0x08, 0x62, 0x08,
    0x62, 0x08, 0x62, 0x08, 0x62, 0x08, 0x62, 0x08, 0x62, 0x08, 0x62, 0x08, 0x62, 0x08, 0xC3, 0x10,
    0x8B, 0x4A, 0xAC, 0x4A, 0xAC, 0x4A, 0xAC, 0x4A, 0x8B, 0x4A, 0xA3, 0x10, 0x41, 0x00, 0x87, 0x29,
    0xAC, 0x4A, 0xAC, 0x4A, 0x4A, 0x42, 0xA3, 0x10, 0x42, 0x08, 0x62, 0x08, 0x62, 0x08, 0x62, 0x08,
    0x62, 0x08, 0x62, 0x08, 0x62, 0x08, 0x62, 0x08, 0x62, 0x08, 0x62, 0x08, 0x62, 0x08, 0x62, 0x08,
    0x62, 0x08, 0x62, 0x08, 0x62, 0x08, 0x62, 0x08, 0x62, 0x08, 0x62, 0x08, 0x62, 0x08, 0x62, 0x08,
    0x62, 0x08, 0x62, 0x08, 0x62, 0x08, 0x62, 0x08, 0x62, 0x08, 0x62, 0x08, 0x62, 0x08, 0x62, 0x08,
    0x62, 0x08, 0x62, 0x08, 0x62, 0x08, 0x62, 0x08, 0x62, 0x08, 0x82, 0x08, 0x82, 0x08, 0x82, 0x08,
    0x82, 0x08, 0x82, 0x08, 0x82, 0x08, 0x82, 0x08, 0x82, 0x08, 0x82, 0x08, 0x82, 0x08, 0x82, 0x08,
    0x83, 0x08, 0x83, 0x08, 0x83, 0x08, 0x83, 0x08, 0x83, 0x08, 0x83, 0x08, 0x83, 0x08, 0x83, 0x08,
    0x83, 0x08, 0x83, 0x08, 0xA3, 0x08, 0xA3, 0x08, 0xA3, 0x08, 0xA3, 0x08, 0xA3, 0x08, 0xA3, 0x08,
    0xA3, 0x08, 0xA3, 0x08, 0xA3, 0x08, 0xA3, 0x08, 0xA3, 0x08, 0xA3, 0x08, 0xA3, 0x08, 0xA3, 0x08,
    0xA3, 0x08, 0xC3, 0x08, 0xA3, 0x00, 0x67, 0x21, 0xCC, 0x4A, 0xCC, 0x4A, 0xCC, 0x4A, 0xED, 0x52,
    0x6B, 0x42, 0xC3, 0x08, 0xC4, 0x08, 0x2A, 0x3A, 0xED, 0x4A, 0xED, 0x4A, 0x2A, 0x32, 0xE4, 0x08,
    0xC4, 0x08, 0xE4, 0x08, 0xE4, 0x08, 0xE4, 0x08, 0xE4, 0x08, 0xE4, 0x08, 0xE4, 0x08, 0xE4, 0x08,
    0xE4, 0x08, 0xE4, 0x08, 0xE4, 0x08, 0xE4, 0x08, 0x04, 0x09, 0x04, 0x09, 0x04, 0x09, 0x05, 0x09,
    0x05, 0x09, 0x05, 0x09, 0x05, 0x09, 0x05, 0x09, 0x05, 0x09, 0x05, 0x09, 0x05, 0x09, 0x05, 0x09,
    0x05, 0x09, 0x05, 0x09, 0x25, 0x09, 0x25, 0x09, 0x25, 0x09, 0x25, 0x09, 0x25, 0x09, 0x25, 0x09,
    0x25, 0x09, 0x25, 0x09, 0x25, 0x09, 0x25, 0x09, 0x25, 0x09, 0x25, 0x09, 0x25, 0x09, 0x25, 0x09,
    0x25, 0x09, 0x25, 0x09, 0x25, 0x09, 0x25, 0x09, 0x25, 0x09, 0x25, 0x09, 0x25, 0x09, 0x25, 0x09,
    0x25, 0x09, 0x45, 0x09, 0x25, 0x09, 0x45, 0x09, 0x45, 0x09, 0x45, 0x09, 0x45, 0x09, 0x45, 0x09,
    0x45, 0x09, 0x45, 0x09, 0x45, 0x09, 0x45, 0x09, 0x45, 0x09, 0x45, 0x09, 0x45, 0x09, 0x45, 0x09,
    0x45, 0x09, 0x45, 0x09, 0x25, 0x09, 0x25, 0x09, 0x25, 0x09, 0x25, 0x09, 0x25, 0x09, 0x25, 0x09,
    0x25, 0x09, 0x45, 0x09, 0x8B, 0x3A, 0x0D, 0x53, 0x0D, 0x53, 0x6A, 0x32, 0x25, 0x09, 0x05, 0x09,
    0x66, 0x11, 0xAC, 0x42, 0x0D, 0x53, 0x0D, 0x4B, 0x09, 0x2A, 0x05, 0x09, 0x25, 0x09, 0x25, 0x09,
    0x25, 0x09, 0x25, 0x09, 0x05, 0x09, 0x05, 0x09, 0x05, 0x09, 0x05, 0x09, 0x05, 0x09, 0x05, 0x09,
    0x05, 0x09, 0x05, 0x09, 0x05, 0x09, 0x05, 0x09, 0x05, 0x09, 0x04, 0x09, 0x04, 0x09, 0x04, 0x09,
    0xE4, 0x08, 0xE4, 0x08, 0xE4, 0x08, 0xE4, 0x08, 0xE4, 0x08, 0xE4, 0x08, 0xE4, 0x08, 0xE4, 0x08,
    0xE4, 0x08, 0xE4, 0x08, 0xE4, 0x08, 0xE4, 0x08, 0xE4, 0x08, 0xE4, 0x08, 0xC4, 0x08, 0xC4, 0x08,
    0xC4, 0x08, 0xC4, 0x08, 0xC4, 0x08, 0xC4, 0x08, 0xC4, 0x08, 0xC4, 0x08, 0xC3, 0x08, 0xC3, 0x08,
    0xC3, 0x08, 0xC3, 0x08, 0xC3, 0x08, 0xA3, 0x08, 0xA3, 0x08, 0xA3, 0x08, 0xA3, 0x08, 0xA3, 0x08,
    0xA3, 0x08, 0xA3, 0x08, 0xA3, 0x08, 0xA3, 0x08, 0xA3, 0x08, 0xA3, 0x08, 0xA3, 0x08, 0xA3, 0x08,
    0xA3, 0x08, 0xA3, 0x08, 0x83, 0x08, 0x83, 0x08, 0x83, 0x08, 0x83, 0x08, 0x83, 0x08, 0x83, 0x08,
    0x83, 0x08, 0x83, 0x08, 0x83, 0x08, 0x83, 0x08, 0x62, 0x08, 0xC4, 0x10, 0xCC, 0x4A, 0x87, 0x29,
    0x41, 0x00, 0xC4, 0x10, 0x4A, 0x42, 0xCC, 0x4A, 0xAC, 0x4A, 0x87, 0x29, 0x62, 0x00, 0x62, 0x08,
    0xC3, 0x10, 0x4A, 0x42, 0xAC, 0x4A, 0xAC, 0x4A, 0x87, 0x29, 0x42, 0x00, 0x82, 0x08, 0x62, 0x08,
    0x62, 0x08, 0x62, 0x08, 0x62, 0x08, 0x62, 0x08, 0x62, 0x08, 0x62, 0x08, 0x62, 0x08, 0x62, 0x08,
    0x62, 0x08, 0x62, 0x08, 0x62, 0x08, 0x62, 0x08, 0x62, 0x08, 0x62, 0x08, 0x62, 0x08, 0x62, 0x08,
    0x62, 0x08, 0x62, 0x08, 0x62, 0x08, 0x62, 0x08, 0x62, 0x08, 0x62, 0x08, 0x62, 0x08, 0x62, 0x08,
    0x62, 0x08, 0x62, 0x08, 0x62, 0x08, 0x62, 0x08, 0x62, 0x08, 0x62, 0x08, 0x62, 0x08, 0x62, 0x08,
    0x62, 0x08, 0x62, 0x08, 0x62, 0x08, 0x62, 0x08, 0x62, 0x08, 0x62, 0x08, 0x62, 0x08, 0x62, 0x08,
    0x62, 0x08, 0x62, 0x08, 0x62, 0x08, 0x62, 0x08, 0x62, 0x08, 0x62, 0x08, 0x62, 0x08, 0x62, 0x08,
    0x62, 0x08, 0x62, 0x08, 0x62, 0x08, 0x62, 0x08, 0x62, 0x08, 0x62, 0x08, 0x62, 0x08, 0x62, 0x08,
    0x62, 0x08, 0x62, 0x08, 0x62, 0x08, 0x62, 0x08, 0x62, 0x08, 0x62, 0x08, 0x62, 0x08, 0x62, 0x08,
    0x62, 0x08, 0x62, 0x08, 0x62, 0x08, 0x62, 0x08, 0x21, 0x00, 0x01, 0x00, 0x01, 0x00, 0x01, 0x00,
    0x01, 0x00, 0x62, 0x08, 0x62, 0x08, 0x21, 0x00, 0x01, 0x00, 0x01, 0x00, 0x21, 0x00, 0x62, 0x08,
    0x62, 0x08, 0x62, 0x08, 0x62, 0x08, 0x62, 0x08, 0x62, 0x08, 0x62, 0x08, 0x62, 0x08, 0x62, 0x08,
    0x62, 0x08, 0x62, 0x08, 0x62, 0x08, 0x62, 0x08, 0x62, 0x08, 0x62, 0x08, 0x62, 0x08, 0x62, 0x08,
    0x62, 0x08, 0x62, 0x08, 0x62, 0x08, 0x62, 0x08, 0x62, 0x08, 0x62, 0x08, 0x62, 0x08, 0x62, 0x08,
    0x62, 0x08, 0x62, 0x08, 0x62, 0x08, 0x62, 0x08, 0x62, 0x08, 0x62, 0x08, 0x62, 0x08, 0x62, 0x08,
    0x62, 0x08, 0x62, 0x08, 0x82, 0x08, 0x82, 0x08, 0x82, 0x08, 0x82, 0x08, 0x82, 0x08, 0x82, 0x08,
    0x82, 0x08, 0x82, 0x08, 0x82, 0x08, 0x82, 0x08, 0x83, 0x08, 0x83, 0x08, 0x83, 0x08, 0x83, 0x08,
    0x83, 0x08, 0x83, 0x08, 0x83, 0x08, 0x83, 0x08, 0x83, 0x08, 0x83, 0x08, 0x83, 0x08, 0xA3, 0x08,
    0xA3, 0x08, 0xA3, 0x08, 0xA3, 0x08, 0xA3, 0x08, 0xA3, 0x08, 0xA3, 0x08, 0xA3, 0x08, 0xA3, 0x08,
    0xA3, 0x08, 0xA3, 0x08, 0xA3, 0x08, 0xA3, 0x08, 0xA3, 0x08, 0xA3, 0x08, 0xC3, 0x08, 0xA3, 0x00,
    0x62, 0x00, 0x62, 0x00, 0x62, 0x00, 0x62, 0x00, 0x82, 0x00, 0xC4, 0x08, 0xC4, 0x08, 0x83, 0x00,
    0x82, 0x00, 0x82, 0x00, 0x83, 0x00, 0xC4, 0x08, 0xE4, 0x08, 0xE4, 0x08, 0xE4, 0x08, 0xE4, 0x08,
    0xE4, 0x08, 0xE4, 0x08, 0xE4, 0x08, 0xE4, 0x08, 0xE4, 0x08, 0xE4, 0x08, 0xE4, 0x08, 0xE4, 0x08,
    0xE4, 0x08, 0x04, 0x09, 0x04, 0x09, 0x04, 0x09, 0x04, 0x09, 0x05, 0x09, 0x05, 0x09, 0x05, 0x09,
    0x05, 0x09, 0x05, 0x09, 0x05, 0x09, 0x05, 0x09, 0x05, 0x09, 0x05, 0x09, 0x05, 0x09, 0x05, 0x09,
    0x25, 0x09, 0x25, 0x09, 0x25, 0x09, 0x25, 0x09, 0x25, 0x09, 0x25, 0x09, 0x25, 0x09, 0x25, 0x09,
    0x25, 0x09, 0x25, 0x09, 0x25, 0x09, 0x25, 0x09, 0x25, 0x09, 0x25, 0x09, 0x25, 0x09, 0x25, 0x09,
    0x25, 0x09, 0x25, 0x09, 0x25, 0x09, 0x25, 0x09, 0x25, 0x09, 0x25, 0x09, 0x25, 0x09, 0x25, 0x09,
    0x25, 0x09, 0x25, 0x09, 0x25, 0x09, 0x25, 0x09, 0x25, 0x09, 0x25, 0x09, 0x25, 0x09, 0x25, 0x09,
    0x25, 0x09, 0x25, 0x09, 0x25, 0x09, 0x25, 0x09, 0x25, 0x09, 0x25, 0x09, 0x25, 0x09, 0x25, 0x09,
    0x25, 0x09, 0x25, 0x09, 0x25, 0x09, 0x25, 0x09, 0x25, 0x09, 0x25, 0x09, 0xE4, 0x00, 0xE4, 0x00,
    0xE4, 0x00, 0xE4, 0x00, 0x25, 0x09, 0x25, 0x09, 0x05, 0x09, 0xE4, 0x00, 0xC4, 0x00, 0xC4, 0x00,
    0xE4, 0x08, 0x25, 0x09, 0x25, 0x09, 0x05, 0x09, 0x05, 0x09, 0x05, 0x09, 0x05, 0x09, 0x05, 0x09,
    0x05, 0x09, 0x05, 0x09, 0x05, 0x09, 0x05, 0x09, 0x05, 0x09, 0x05, 0x09, 0x05, 0x09, 0x04, 0x09,
    0x04, 0x09, 0x04, 0x09, 0x04, 0x09, 0xE4, 0x08, 0xE4, 0x08, 0xE4, 0x08, 0xE4, 0x08, 0xE4, 0x08,
    0xE4, 0x08, 0xE4, 0x08, 0xE4, 0x08, 0xE4, 0x08, 0xE4, 0x08, 0xE4, 0x08, 0xE4, 0x08, 0xE4, 0x08,
    0xE4, 0x08, 0xC4, 0x08, 0xC4, 0x08, 0xC4, 0x08, 0xC4, 0x08, 0xC4, 0x08, 0xC4, 0x08, 0xC4, 0x08,
    0xC4, 0x08, 0xC3, 0x08, 0xC3, 0x08, 0xC3, 0x08, 0xC3, 0x08, 0xC3, 0x08, 0xA3, 0x08, 0xA3, 0x08,
    0xA3, 0x08, 0xA3, 0x08, 0xA3, 0x08, 0xA3, 0x08, 0xA3, 0x08, 0xA3, 0x08, 0xA3, 0x08, 0xA3, 0x08,
    0xA3, 0x08, 0xA3, 0x08, 0xA3, 0x08, 0xA3, 0x08, 0xA3, 0x08, 0xA3, 0x08, 0x83, 0x08, 0x83, 0x08,
    0x83, 0x08, 0x83, 0x08, 0x83, 0x08, 0x83, 0x08, 0x83, 0x08, 0x83, 0x08, 0x83, 0x08, 0x83, 0x08,
    0x82, 0x08, 0x62, 0x08, 0x21, 0x00, 0x62, 0x00, 0x83, 0x08, 0x62, 0x08, 0x21, 0x00, 0x21, 0x00,
    0x21, 0x00, 0x41, 0x00, 0x82, 0x08, 0x82, 0x08, 0x62, 0x08, 0x21, 0x00, 0x21, 0x00, 0x21, 0x00,
    0x41, 0x00, 0x82, 0x08, 0x62, 0x08, 0x62, 0x08, 0x62, 0x08, 0x62, 0x08, 0x62, 0x08, 0x62, 0x08,
    0x62, 0x08, 0x62, 0x08, 0x62, 0x08, 0x62, 0x08, 0x62, 0x08, 0x62, 0x08, 0x62, 0x08, 0x62, 0x08,
    0x62, 0x08, 0x62, 0x08, 0x62, 0x08, 0x62, 0x08, 0x62, 0x08, 0x62, 0x08, 0x62, 0x08, 0x62, 0x08,
    0x62, 0x08, 0x62, 0x08, 0x62, 0x08, 0x62, 0x08, 0x62, 0x08, 0x62, 0x08, 0x62, 0x08, 0x62, 0x08,
    0x62, 0x08, 0x62, 0x08, 0x62, 0x08, 0x62, 0x08, 0x62, 0x08, 0x62, 0x08, 0x62, 0x08, 0x62, 0x08,
    0x62, 0x08, 0x62, 0x08, 0x62, 0x08, 0x62, 0x08, 0x62, 0x08, 0x62, 0x08, 0x62, 0x08, 0x62, 0x08,
    0x62, 0x08, 0x62, 0x08, 0x62, 0x08, 0x62, 0x08, 0x62, 0x08, 0x62, 0x08, 0x62, 0x08, 0x62, 0x08,
    0x62, 0x08, 0x62, 0x08, 0x62, 0x08, 0x62, 0x08, 0x62, 0x08, 0x62, 0x08, 0x62, 0x08, 0x62, 0x08,
    0x62, 0x08, 0x62, 0x08, 0x62, 0x08, 0x62, 0x08, 0x62, 0x08, 0x62, 0x08, 0x62, 0x08, 0x62, 0x08,
    0x82, 0x08, 0x82, 0x08, 0x82, 0x08, 0x82, 0x08, 0x82, 0x08, 0x62, 0x08, 0x62, 0x08, 0x82, 0x08,
    0x82, 0x08, 0x82, 0x08, 0x82, 0x08, 0x62, 0x08, 0x62, 0x08, 0x62, 0x08, 0x62, 0x08, 0x62, 0x08,
    0x62, 0x08, 0x62, 0x08, 0x62, 0x08, 0x62, 0x08, 0x62, 0x08, 0x62, 0x08, 0x62, 0x08, 0x62, 0x08,
    0x62, 0x08, 0x62, 0x08, 0x62, 0x08, 0x62, 0x08, 0x62, 0x08, 0x62, 0x08, 0x62, 0x08, 0x62, 0x08,
    0x62, 0x08, 0x62, 0x08, 0x62, 0x08, 0x62, 0x08, 0x62, 0x08, 0x62, 0x08, 0x62, 0x08, 0x62, 0x08,
    0x62, 0x08, 0x62, 0x08, 0x62, 0x08, 0x62, 0x08, 0x62, 0x08, 0x62, 0x08, 0x82, 0x08, 0x82, 0x08,
    0x82, 0x08, 0x82, 0x08, 0x82, 0x08, 0x82, 0x08, 0x82, 0x08, 0x82, 0x08, 0x82, 0x08, 0x82, 0x08,
    0x82, 0x08, 0x83, 0x08, 0x83, 0x08, 0x83, 0x08, 0x83, 0x08, 0x83, 0x08, 0x83, 0x08, 0x83, 0x08,
    0x83, 0x08, 0x83, 0x08, 0x83, 0x08, 0xA3, 0x08, 0xA3, 0x08, 0xA3, 0x08, 0xA3, 0x08, 0xA3, 0x08,
    0xA3, 0x08, 0xA3, 0x08, 0xA3, 0x08, 0xA3, 0x08, 0xA3, 0x08, 0xA3, 0x08, 0xA3, 0x08, 0xA3, 0x08,
    0xA3, 0x08, 0xA3, 0x08, 0xA3, 0x08, 0xC3, 0x08, 0xC4, 0x08, 0xC4, 0x08, 0xC4, 0x08, 0xC4, 0x08,
    0xC4, 0x08, 0xC4, 0x08, 0xC4, 0x08, 0xE4, 0x08, 0xE4, 0x08, 0xE4, 0x08, 0xE4, 0x08, 0xC4, 0x08,
    0xC4, 0x08, 0xE4, 0x08, 0xE4, 0x08, 0xE4, 0x08, 0xE4, 0x08, 0xE4, 0x08, 0xE4, 0x08, 0xE4, 0x08,
    0xE4, 0x08, 0xE4, 0x08, 0xE4, 0x08, 0xE4, 0x08, 0xE4, 0x08, 0xE4, 0x08, 0xE4, 0x08, 0x04, 0x09,
    0x04, 0x09, 0x04, 0x09, 0x04, 0x09, 0x05, 0x09, 0x05, 0x09, 0x05, 0x09, 0x05, 0x09, 0x05, 0x09,
    0x05, 0x09, 0x05, 0x09, 0x05, 0x09, 0x05, 0x09, 0x05, 0x09, 0x05, 0x09, 0x05, 0x09, 0x25, 0x09,
    0x25, 0x09, 0x25, 0x09, 0x25, 0x09, 0x25, 0x09, 0x25, 0x09, 0x25, 0x09, 0x25, 0x09, 0x25, 0x09,
    0x25, 0x09, 0x25, 0x09, 0x25, 0x09, 0x25, 0x09, 0x25, 0x09, 0x25, 0x09, 0x25, 0x09, 0x25, 0x09,
    0x25, 0x09, 0x25, 0x09, 0x25, 0x09, 0x25, 0x09, 0x25, 0x09, 0x25, 0x09, 0x25, 0x09, 0x25, 0x09,
    0x25, 0x09, 0x25, 0x09, 0x25, 0x09, 0x25, 0x09, 0x25, 0x09, 0x25, 0x09, 0x25, 0x09, 0x25, 0x09,
    0x25, 0x09, 0x25, 0x09, 0x25, 0x09, 0x25, 0x09, 0x25, 0x09, 0x25, 0x09, 0x25, 0x09, 0x25, 0x09,
    0x25, 0x09, 0x25, 0x09, 0x25, 0x11, 0x25, 0x11, 0x25, 0x11, 0x25, 0x11, 0x25, 0x09, 0x25, 0x09,
    0x25, 0x09, 0x25, 0x11, 0x25, 0x11, 0x25, 0x11, 0x25, 0x09, 0x05, 0x09, 0x05, 0x09, 0x05, 0x09,
    0x05, 0x09, 0x05, 0x09, 0x05, 0x09, 0x05, 0x09, 0x05, 0x09, 0x05, 0x09, 0x05, 0x09, 0x05, 0x09,
    0x05, 0x09, 0x05, 0x09, 0x04, 0x09, 0x04, 0x09, 0x04, 0x09, 0x04, 0x09, 0xE4, 0x08, 0xE4, 0x08,
    0xE4, 0x08, 0xE4, 0x08, 0xE4, 0x08, 0xE4, 0x08, 0xE4, 0x08, 0xE4, 0x08, 0xE4, 0x08, 0xE4, 0x08,
    0xE4, 0x08, 0xE4, 0x08, 0xE4, 0x08, 0xC4, 0x08, 0xC4, 0x08, 0xC4, 0x08, 0xC4, 0x08, 0xC4, 0x08,
    0xC4, 0x08, 0xC4, 0x08, 0xC4, 0x08, 0xC4, 0x08, 0xC3, 0x08, 0xC3, 0x08, 0xC3, 0x08, 0xC3, 0x08,
    0xC3, 0x08, 0xA3, 0x08, 0xA3, 0x08, 0xA3, 0x08, 0xA3, 0x08, 0xA3, 0x08, 0xA3, 0x08, 0xA3, 0x08,
    0xA3, 0x08, 0xA3, 0x08, 0xA3, 0x08, 0xA3, 0x08, 0xA3, 0x08, 0xA3, 0x08, 0xA3, 0x08, 0xA3, 0x08,
    0xA3, 0x08, 0x83, 0x08, 0x83, 0x08, 0x83, 0x08, 0x83, 0x08, 0x83, 0x08, 0x83, 0x08, 0x83, 0x08,
    0x83, 0x08, 0x83, 0x08, 0x83, 0x08, 0x82, 0x08, 0x82, 0x08, 0x82, 0x08, 0x83, 0x08, 0x83, 0x08,
    0x82, 0x08, 0x82, 0x08, 0x83, 0x08, 0x83, 0x08, 0x83, 0x08, 0x83, 0x08, 0x62, 0x08, 0x62, 0x08,
    0x82, 0x08, 0x82, 0x08, 0x83, 0x08, 0x83, 0x08, 0x82, 0x08, 0x62, 0x08, 0x62, 0x08, 0x62, 0x08,
    0x62, 0x08, 0x62, 0x08, 0x62, 0x08, 0x62, 0x08, 0x62, 0x08, 0x62, 0x08, 0x62, 0x08, 0x62, 0x08,
    0x62, 0x08, 0x62, 0x08, 0x62, 0x08, 0x62, 0x08, 0x62, 0x08, 0x62, 0x08, 0x62, 0x08, 0x62, 0x08,
    0x62, 0x08, 0x62, 0x08, 0x62, 0x08, 0x62, 0x08, 0x62, 0x08, 0x62, 0x08, 0x62, 0x08, 0x62, 0x08,
    0x62, 0x08, 0x62, 0x08, 0x62, 0x08, 0x62, 0x08, 0x62, 0x08, 0x62, 0x08, 0x62, 0x08, 0x62, 0x08,
    0x62, 0x08, 0x62, 0x08, 0x62, 0x08, 0x62, 0x08, 0x62, 0x08, 0x62, 0x08, 0x62, 0x08, 0x62, 0x08,
    0x62, 0x08, 0x62, 0x08, 0x62, 0x08, 0x62, 0x08, 0x62, 0x08, 0x62, 0x08, 0x62, 0x08, 0x62, 0x08,
    0x62, 0x08, 0x62, 0x08, 0x62, 0x08, 0x62, 0x08, 0x62, 0x08, 0x62, 0x08, 0x62, 0x08, 0x62, 0x08,
    0x62, 0x08, 0x62, 0x08, 0x62, 0x08, 0x62, 0x08, 0x62, 0x08, 0x62, 0x08, 0x62, 0x08, 0x62, 0x08,
    0x62, 0x08, 0x62, 0x08, 0x62, 0x08, 0x62, 0x08, 0x62, 0x08, 0x62, 0x08, 0x62, 0x08, 0x62, 0x08,
    0x62, 0x08, 0x62, 0x08, 0x62, 0x08, 0x62, 0x08, 0x62, 0x08, 0x62, 0x08, 0x62, 0x08, 0x62, 0x08,
    0x62, 0x08, 0x62, 0x08, 0x62, 0x08, 0x62, 0x08, 0x62, 0x08, 0x62, 0x08, 0x62, 0x08, 0x62, 0x08,
    0x62, 0x08, 0x62, 0x08, 0x62, 0x08, 0x62, 0x08, 0x62, 0x08, 0x62, 0x08, 0x62, 0x08, 0x62, 0x08,
    0x62, 0x08, 0x62, 0x08, 0x62, 0x08, 0x62, 0x08, 0x62, 0x08, 0x62, 0x08, 0x62, 0x08, 0x62, 0x08,
    0x62, 0x08, 0x62, 0x08, 0x62, 0x08, 0x62, 0x08, 0x62, 0x08, 0x62, 0x08, 0x62, 0x08, 0x62, 0x08,
    0x62, 0x08, 0x62, 0x08, 0x62, 0x08, 0x82, 0x08, 0x82, 0x08, 0x82, 0x08, 0x82, 0x08, 0x82, 0x08,
    0x82, 0x08, 0x82, 0x08, 0x82, 0x08, 0x82, 0x08, 0x82, 0x08, 0x82, 0x08, 0x83, 0x08, 0x83, 0x08,
    0x83, 0x08, 0x83, 0x08, 0x83, 0x08, 0x83, 0x08, 0x83, 0x08, 0x83, 0x08, 0x83, 0x08, 0x83, 0x08,
    0xA3, 0x08, 0xA3, 0x08, 0xA3, 0x08, 0xA3, 0x08, 0xA3, 0x08, 0xA3, 0x08, 0xA3, 0x08, 0xA3, 0x08,
    0xA3, 0x08, 0xA3, 0x08, 0xA3, 0x08, 0xA3, 0x08, 0xA3, 0x08, 0xA3, 0x08, 0xA3, 0x08, 0xA3, 0x08,
    0xC3, 0x08, 0xC3, 0x08, 0xC3, 0x08, 0xC3, 0x08, 0xC3, 0x08, 0xC4, 0x08, 0xC4, 0x08, 0xC4, 0x08,
    0xC4, 0x08, 0xC4, 0x08, 0xC4, 0x08, 0xC4, 0x08, 0xC4, 0x08, 0xC4, 0x08, 0xE4, 0x08, 0xE4, 0x08,
    0xE4, 0x08, 0xE4, 0x08, 0xE4, 0x08, 0xE4, 0x08, 0xE4, 0x08, 0xE4, 0x08, 0xE4, 0x08, 0xE4, 0x08,
    0xE4, 0x08, 0xE4, 0x08, 0xE4, 0x08, 0xE4, 0x08, 0x04, 0x09, 0x04, 0x09, 0x04, 0x09, 0x04, 0x09,
    0x05, 0x09, 0x05, 0x09, 0x05, 0x09, 0x05, 0x09, 0x05, 0x09, 0x05, 0x09, 0x05, 0x09, 0x05, 0x09,
    0x05, 0x09, 0x05, 0x09, 0x05, 0x09, 0x05, 0x09, 0x05, 0x09, 0x05, 0x09, 0x25, 0x09, 0x25, 0x09,
    0x25, 0x09, 0x25, 0x09, 0x25, 0x09, 0x25, 0x09, 0x25, 0x09, 0x25, 0x09, 0x25, 0x09, 0x25, 0x09,
    0x25, 0x09, 0x25, 0x09, 0x25, 0x09, 0x25, 0x09, 0x25, 0x09, 0x25, 0x09, 0x25, 0x09, 0x25, 0x09,
    0x25, 0x09, 0x25, 0x09, 0x25, 0x09, 0x25, 0x09, 0x25, 0x09, 0x25, 0x09, 0x25, 0x09, 0x25, 0x09,
    0x25, 0x09, 0x25, 0x09, 0x25, 0x09, 0x25, 0x09, 0x25, 0x09, 0x25, 0x09, 0x25, 0x09, 0x25, 0x09,
    0x25, 0x09, 0x25, 0x09, 0x25, 0x09, 0x25, 0x09, 0x25, 0x09, 0x25, 0x09, 0x25, 0x09, 0x25, 0x09,
    0x25, 0x09, 0x25, 0x09, 0x25, 0x09, 0x25, 0x09, 0x25, 0x09, 0x25, 0x09, 0x25, 0x09, 0x05, 0x09,
    0x05, 0x09, 0x05, 0x09, 0x05, 0x09, 0x05, 0x09, 0x05, 0x09, 0x05, 0x09, 0x05, 0x09, 0x05, 0x09,
    0x05, 0x09, 0x05, 0x09, 0x05, 0x09, 0x05, 0x09, 0x04, 0x09, 0x04, 0x09, 0x04, 0x09, 0x04, 0x09,
    0xE4, 0x08, 0xE4, 0x08, 0xE4, 0x08, 0xE4, 0x08, 0xE4, 0x08, 0xE4, 0x08, 0xE4, 0x08, 0xE4, 0x08,
    0xE4, 0x08, 0xE4, 0x08, 0xE4, 0x08, 0xE4, 0x08, 0xE4, 0x08, 0xE4, 0x08, 0xC4, 0x08, 0xC4, 0x08,
    0xC4, 0x08, 0xC4, 0x08, 0xC4, 0x08, 0xC4, 0x08, 0xC4, 0x08, 0xC4, 0x08, 0xC4, 0x08, 0xC3, 0x08,
    0xC3, 0x08, 0xC3, 0x08, 0xC3, 0x08, 0xC3, 0x08, 0xA3, 0x08, 0xA3, 0x08, 0xA3, 0x08, 0xA3, 0x08,
    0xA3, 0x08, 0xA3, 0x08, 0xA3, 0x08, 0xA3, 0x08, 0xA3, 0x08, 0xA3, 0x08, 0xA3, 0x08, 0xA3, 0x08,
    0xA3, 0x08, 0xA3, 0x08, 0xA3, 0x08, 0xA3, 0x08, 0x83, 0x08, 0x83, 0x08, 0x83, 0x08, 0x83, 0x08,
    0x83, 0x08, 0x83, 0x08, 0x83, 0x08, 0x83, 0x08, 0x83, 0x08, 0x83, 0x08, 0x83, 0x08, 0x82, 0x08,
    0x82, 0x08, 0x82, 0x08, 0x82, 0x08, 0x82, 0x08, 0x82, 0x08, 0x82, 0x08, 0x82, 0x08, 0x82, 0x08,
    0x82, 0x08, 0x62, 0x08, 0x62, 0x08, 0x62, 0x08, 0x62, 0x08, 0x62, 0x08, 0x62, 0x08, 0x62, 0x08,
    0x62, 0x08, 0x62, 0x08, 0x62, 0x08, 0x62, 0x08, 0x62, 0x08, 0x62, 0x08, 0x62, 0x08, 0x62, 0x08,
    0x62, 0x08, 0x62, 0x08, 0x62, 0x08, 0x62, 0x08, 0x62, 0x08, 0x62, 0x08, 0x62, 0x08, 0x62, 0x08,
    0x62, 0x08, 0x62, 0x08, 0x62, 0x08, 0x62, 0x08, 0x62, 0x08, 0x62, 0x08, 0x62, 0x08, 0x62, 0x08,
    0x62, 0x08, 0x62, 0x08, 0x62, 0x08, 0x62, 0x08, 0x62, 0x08, 0x62, 0x08, 0x62, 0x08, 0x62, 0x08,
    0x62, 0x08, 0x62, 0x08, 0x62, 0x08, 0x62, 0x08, 0x62, 0x08, 0x62, 0x08, 0x62, 0x08, 0x62, 0x08,
    0x62, 0x08, 0x62, 0x08, 0x62, 0x08, 0x62, 0x08, 0x62, 0x08, 0x62, 0x08, 0x62, 0x08, 0x62, 0x08,
    0x62, 0x08, 0x62, 0x08, 0x62, 0x08, 0x62, 0x08, 0x62, 0x08, 0x62, 0x08, 0x62, 0x08, 0x62, 0x08,
    0x62, 0x08, 0x62, 0x08, 0x62, 0x08, 0x62, 0x08, 0x62, 0x08, 0x62, 0x08, 0x62, 0x08, 0x62, 0x08,
    0x62, 0x08, 0x62, 0x08, 0x62, 0x08, 0x62, 0x08, 0x62, 0x08, 0x62, 0x08, 0x62, 0x08, 0x62, 0x08,
    0x62, 0x08, 0x62, 0x08, 0x62, 0x08, 0x62, 0x08, 0x62, 0x08, 0x62, 0x08, 0x62, 0x08, 0x62, 0x08,
    0x62, 0x08, 0x62, 0x08, 0x62, 0x08, 0x62, 0x08, 0x62, 0x08, 0x62, 0x08, 0x62, 0x08, 0x62, 0x08,
    0x62, 0x08, 0x62, 0x08, 0x62, 0x08, 0x62, 0x08, 0x62, 0x08, 0x62, 0x08, 0x62, 0x08, 0x62, 0x08,
    0x62, 0x08, 0x62, 0x08, 0x62, 0x08, 0x62, 0x08, 0x62, 0x08, 0x62, 0x08, 0x62, 0x08, 0x62, 0x08,
    0x62, 0x08, 0x62, 0x08, 0x62, 0x08, 0x62, 0x08, 0x62, 0x08, 0x62, 0x08, 0x62, 0x08, 0x62, 0x08,
    0x62, 0x08, 0x62, 0x08, 0x62, 0x08, 0x62, 0x08, 0x62, 0x08, 0x62, 0x08, 0x62, 0x08, 0x62, 0x08,
    0x82, 0x08, 0x82, 0x08, 0x82, 0x08, 0x82, 0x08, 0x82, 0x08, 0x82, 0x08, 0x82, 0x08, 0x82, 0x08,
    0x82, 0x08, 0x82, 0x08, 0x83, 0x08, 0x83, 0x08, 0x83, 0x08, 0x83, 0x08, 0x83, 0x08, 0x83, 0x08,
    0x83, 0x08, 0x83, 0x08, 0x83, 0x08, 0x83, 0x08, 0x83, 0x08, 0xA3, 0x08, 0xA3, 0x08, 0xA3, 0x08,
    0xA3, 0x08, 0xA3, 0x08, 0xA3, 0x08, 0xA3, 0x08, 0xA3, 0x08, 0xA3, 0x08, 0xA3, 0x08, 0xA3, 0x08,
    0xA3, 0x08, 0xA3, 0x08, 0xA3, 0x08, 0xA3, 0x08, 0xA3, 0x08, 0xC3, 0x08, 0xC3, 0x08, 0xC3, 0x08,
    0xC3, 0x08, 0xC3, 0x08, 0xC4, 0x08, 0xC4, 0x08, 0xC4, 0x08, 0xC4, 0x08, 0xC4, 0x08, 0xC4, 0x08,
    0xC4, 0x08, 0xC4, 0x08, 0xC4, 0x08, 0xE4, 0x08, 0xE4, 0x08, 0xE4, 0x08, 0xE4, 0x08, 0xE4, 0x08,
    0xE4, 0x08, 0xE4, 0x08, 0xE4, 0x08, 0xE4, 0x08, 0xE4, 0x08, 0xE4, 0x08, 0xE4, 0x08, 0xE4, 0x08,
    0xE4, 0x08, 0xE4, 0x08, 0x04, 0x09, 0x04, 0x09, 0x04, 0x09, 0x04, 0x09, 0x05, 0x09, 0x05, 0x09,
    0x05, 0x09, 0x05, 0x09, 0x05, 0x09, 0x05, 0x09, 0x05, 0x09, 0x05, 0x09, 0x05, 0x09, 0x05, 0x09,
    0x05, 0x09, 0x05, 0x09, 0x05, 0x09, 0x05, 0x09, 0x05, 0x09, 0x25, 0x09, 0x25, 0x09, 0x25, 0x09,
    0x25, 0x09, 0x25, 0x09, 0x25, 0x09, 0x25, 0x09, 0x25, 0x09, 0x25, 0x09, 0x25, 0x09, 0x25, 0x09,
    0x25, 0x09, 0x25, 0x09, 0x25, 0x09, 0x25, 0x09, 0x25, 0x09, 0x25, 0x09, 0x25, 0x09, 0x25, 0x09,
    0x25, 0x09, 0x25, 0x09, 0x25, 0x09, 0x25, 0x09, 0x25, 0x09, 0x25, 0x09, 0x25, 0x09, 0x25, 0x09,
    0x25, 0x09, 0x25, 0x09, 0x25, 0x09, 0x25, 0x09, 0x25, 0x09, 0x25, 0x09, 0x25, 0x09, 0x25, 0x09,
    0x25, 0x09, 0x25, 0x09, 0x25, 0x09, 0x25, 0x09, 0x25, 0x09, 0x25, 0x09, 0x25, 0x09, 0x25, 0x09,
    0x05, 0x09, 0x05, 0x09, 0x05, 0x09, 0x05, 0x09, 0x05, 0x09, 0x05, 0x09, 0x05, 0x09, 0x05, 0x09,
    0x05, 0x09, 0x05, 0x09, 0x05, 0x09, 0x05, 0x09, 0x05, 0x09, 0x05, 0x09, 0x04, 0x09, 0x04, 0x09,
    0x04, 0x09, 0x04, 0x09, 0xE4, 0x08, 0xE4, 0x08, 0xE4, 0x08, 0xE4, 0x08, 0xE4, 0x08, 0xE4, 0x08,
    0xE4, 0x08, 0xE4, 0x08, 0xE4, 0x08, 0xE4, 0x08, 0xE4, 0x08, 0xE4, 0x08, 0xE4, 0x08, 0xE4, 0x08,
    0xE4, 0x08, 0xC4, 0x08, 0xC4, 0x08, 0xC4, 0x08, 0xC4, 0x08, 0xC4, 0x08, 0xC4, 0x08, 0xC4, 0x08,
    0xC4, 0x08, 0xC4, 0x08, 0xC3, 0x08, 0xC3, 0x08, 0xC3, 0x08, 0xC3, 0x08, 0xC3, 0x08, 0xC3, 0x08,
    0xA3, 0x08, 0xA3, 0x08, 0xA3, 0x08, 0xA3, 0x08, 0xA3, 0x08, 0xA3, 0x08, 0xA3, 0x08, 0xA3, 0x08,
    0xA3, 0x08, 0xA3, 0x08, 0xA3, 0x08, 0xA3, 0x08, 0xA3, 0x08, 0xA3, 0x08, 0xA3, 0x08, 0x83, 0x08,
    0x83, 0x08, 0x83, 0x08, 0x83, 0x08, 0x83, 0x08, 0x83, 0x08, 0x83, 0x08, 0x83, 0x08, 0x83, 0x08,
    0x83, 0x08, 0x83, 0x08, 0x82, 0x08, 0x82, 0x08, 0x82, 0x08, 0x82, 0x08, 0x82, 0x08, 0x82, 0x08,
    0x82, 0x08, 0x82, 0x08, 0x82, 0x08, 0x82, 0x08, 0x82, 0x08, 0x62, 0x08, 0x62, 0x08, 0x62, 0x08,
    0x62, 0x08, 0x62, 0x08, 0x62, 0x08, 0x62, 0x08, 0x62, 0x08, 0x62, 0x08, 0x62, 0x08, 0x62, 0x08,
    0x62, 0x08, 0x62, 0x08, 0x62, 0x08, 0x62, 0x08, 0x62, 0x08, 0x62, 0x08, 0x62, 0x08, 0x62, 0x08,
    0x62, 0x08, 0x62, 0x08, 0x62, 0x08, 0x62, 0x08, 0x62, 0x08, 0x62, 0x08, 0x62, 0x08, 0x62, 0x08,
    0x62, 0x08, 0x62, 0x08, 0x62, 0x08, 0x62, 0x08, 0x62, 0x08, 0x62, 0x08, 0x62, 0x08, 0x62, 0x08,
    0x62, 0x08, 0x62, 0x08, 0x62, 0x08, 0x62, 0x08, 0x62, 0x08, 0x62, 0x08, 0x62, 0x08, 0x62, 0x08,
    0x62, 0x08, 0x62, 0x08, 0x62, 0x08, 0x62, 0x08, 0x62, 0x08, 0x62, 0x08, 0x62, 0x08, 0x62, 0x08,
    0x62, 0x08, 0x62, 0x08, 0x62, 0x08, 0x62, 0x08, 0x62, 0x08, 0x62, 0x08, 0x62, 0x08, 0x62, 0x08,
    0x62, 0x08, 0x62, 0x08, 0x62, 0x08, 0x62, 0x08, 0x62, 0x08, 0x62, 0x08, 0x62, 0x08, 0x62, 0x08,
    0x62, 0x08, 0x62, 0x08, 0x62, 0x08, 0x62, 0x08, 0x62, 0x08, 0x62, 0x08, 0x62, 0x08, 0x62, 0x08,
    0x62, 0x08, 0x62, 0x08, 0x62, 0x08, 0x62, 0x08, 0x62, 0x08, 0x62, 0x08, 0x62, 0x08, 0x62, 0x08,
    0x62, 0x08, 0x62, 0x08, 0x62, 0x08, 0x62, 0x08, 0x62, 0x08, 0x62, 0x08, 0x62, 0x08, 0x62, 0x08,
    0x62, 0x08, 0x62, 0x08, 0x62, 0x08, 0x62, 0x08, 0x62, 0x08, 0x62, 0x08, 0x62, 0x08, 0x62, 0x08,
    0x62, 0x08, 0x62, 0x08, 0x62, 0x08, 0x62, 0x08, 0x62, 0x08, 0x62, 0x08, 0x62, 0x08, 0x62, 0x08,
    0x62, 0x08, 0x62, 0x08, 0x62, 0x08, 0x62, 0x08, 0x62, 0x08, 0x62, 0x08, 0x62, 0x08, 0x62, 0x08,
    0x62, 0x08, 0x62, 0x08, 0x62, 0x08, 0x62, 0x08, 0x62, 0x08, 0x62, 0x08, 0x62, 0x08, 0x62, 0x08,
    0x62, 0x08, 0x62, 0x08, 0x62, 0x08, 0x62, 0x08, 0x82, 0x08, 0x82, 0x08, 0x82, 0x08, 0x82, 0x08,
    0x82, 0x08, 0x82, 0x08, 0x82, 0x08, 0x82, 0x08, 0x82, 0x08, 0x82, 0x08, 0x82, 0x08, 0x83, 0x08,
    0x83, 0x08, 0x83, 0x08, 0x83, 0x08, 0x83, 0x08, 0x83, 0x08, 0x83, 0x08, 0x83, 0x08, 0x83, 0x08,
    0x83, 0x08, 0x83, 0x08, 0xA3, 0x08, 0xA3, 0x08, 0xA3, 0x08, 0xA3, 0x08, 0xA3, 0x08, 0xA3, 0x08,
    0xA3, 0x08, 0xA3, 0x08, 0xA3, 0x08, 0xA3, 0x08, 0xA3, 0x08, 0xA3, 0x08, 0xA3, 0x08, 0xA3, 0x08,
    0xA3, 0x08, 0xA3, 0x08, 0xC3, 0x08, 0xC3, 0x08, 0xC3, 0x08, 0xC3, 0x08, 0xC3, 0x08, 0xC4, 0x08,
    0xC4, 0x08, 0xC4, 0x08, 0xC4, 0x08, 0xC4, 0x08, 0xC4, 0x08, 0xC4, 0x08, 0xC4, 0x08, 0xC4, 0x08,
    0xE4, 0x08, 0xE4, 0x08, 0xE4, 0x08, 0xE4, 0x08, 0xE4, 0x08, 0xE4, 0x08, 0xE4, 0x08, 0xE4, 0x08,
    0xE4, 0x08, 0xE4, 0x08, 0xE4, 0x08, 0xE4, 0x08, 0xE4, 0x08, 0xE4, 0x08, 0xE4, 0x08, 0xE4, 0x08,
    0x04, 0x09, 0x04, 0x09, 0x04, 0x09, 0x04, 0x09, 0x05, 0x09, 0x05, 0x09, 0x05, 0x09, 0x05, 0x09,
    0x05, 0x09, 0x05, 0x09, 0x05, 0x09, 0x05, 0x09, 0x05, 0x09, 0x05, 0x09, 0x05, 0x09, 0x05, 0x09,
    0x05, 0x09, 0x05, 0x09, 0x05, 0x09, 0x25, 0x09, 0x25, 0x09, 0x25, 0x09, 0x25, 0x09, 0x25, 0x09,
    0x25, 0x09, 0x25, 0x09, 0x25, 0x09, 0x25, 0x09, 0x25, 0x09, 0x25, 0x09, 0x25, 0x09, 0x25, 0x09,
    0x25, 0x09, 0x25, 0x09, 0x25, 0x09, 0x25, 0x09, 0x25, 0x09, 0x25, 0x09, 0x25, 0x09, 0x25, 0x09,
    0x25, 0x09, 0x25, 0x09, 0x25, 0x09, 0x25, 0x09, 0x25, 0x09, 0x25, 0x09, 0x25, 0x09, 0x25, 0x09,
    0x25, 0x09, 0x25, 0x09, 0x25, 0x09, 0x25, 0x09, 0x25, 0x09, 0x25, 0x09, 0x25, 0x09, 0x25, 0x09,
    0x25, 0x09, 0x05, 0x09, 0x05, 0x09, 0x05, 0x09, 0x05, 0x09, 0x05, 0x09, 0x05, 0x09, 0x05, 0x09,
    0x05, 0x09, 0x05, 0x09, 0x05, 0x09, 0x05, 0x09, 0x05, 0x09, 0x05, 0x09, 0x05, 0x09, 0x05, 0x09,
    0x04, 0x09, 0x04, 0x09, 0x04, 0x09, 0x04, 0x09, 0x04, 0x09, 0xE4, 0x08, 0xE4, 0x08, 0xE4, 0x08,
    0xE4, 0x08, 0xE4, 0x08, 0xE4, 0x08, 0xE4, 0x08, 0xE4, 0x08, 0xE4, 0x08, 0xE4, 0x08, 0xE4, 0x08,
    0xE4, 0x08, 0xE4, 0x08, 0xE4, 0x08, 0xE4, 0x08, 0xC4, 0x08, 0xC4, 0x08, 0xC4, 0x08, 0xC4, 0x08,
    0xC4, 0x08, 0xC4, 0x08, 0xC4, 0x08, 0xC4, 0x08, 0xC4, 0x08, 0xC3, 0x08, 0xC3, 0x08, 0xC3, 0x08,
    0xC3, 0x08, 0xC3, 0x08, 0xC3, 0x08, 0xA3, 0x08, 0xA3, 0x08, 0xA3, 0x08, 0xA3, 0x08, 0xA3, 0x08,
    0xA3, 0x08, 0xA3, 0x08, 0xA3, 0x08, 0xA3, 0x08, 0xA3, 0x08, 0xA3, 0x08, 0xA3, 0x08, 0xA3, 0x08,
    0xA3, 0x08, 0xA3, 0x08, 0xA3, 0x08, 0x83, 0x08, 0x83, 0x08, 0x83, 0x08, 0x83, 0x08, 0x83, 0x08,
    0x83, 0x08, 0x83, 0x08, 0x83, 0x08, 0x83, 0x08, 0x83, 0x08, 0x82, 0x08, 0x82, 0x08, 0x82, 0x08,
    0x82, 0x08, 0x82, 0x08, 0x82, 0x08, 0x82, 0x08, 0x82, 0x08, 0x82, 0x08, 0x82, 0x08, 0x82, 0x08,
    0x62, 0x08, 0x62, 0x08, 0x62, 0x08, 0x62, 0x08, 0x62, 0x08, 0x62, 0x08, 0x62, 0x08, 0x62, 0x08,
    0x62, 0x08, 0x62, 0x08, 0x62, 0x08, 0x62, 0x08, 0x62, 0x08, 0x62, 0x08, 0x62, 0x08, 0x62, 0x08,
    0x62, 0x08, 0x62, 0x08, 0x62, 0x08, 0x62, 0x08, 0x62, 0x08, 0x62, 0x08, 0x62, 0x08, 0x62, 0x08,
    0x62, 0x08, 0x62, 0x08, 0x62, 0x08, 0x62, 0x08, 0x62, 0x08, 0x62, 0x08, 0x62, 0x08, 0x62, 0x08,
    0x62, 0x08, 0x62, 0x08, 0x62, 0x08, 0x62, 0x08, 0x62, 0x08, 0x62, 0x08, 0x62, 0x08, 0x62, 0x08,
    0x62, 0x08, 0x62, 0x08, 0x62, 0x08, 0x62, 0x08, 0x62, 0x08, 0x62, 0x08, 0x62, 0x08, 0x62, 0x08,
    0x62, 0x08, 0x62, 0x08, 0x62, 0x08, 0x62, 0x08, 0x62, 0x08, 0x62, 0x08, 0x62, 0x08, 0x62, 0x08,
    0x62, 0x08, 0x62, 0x08, 0x62, 0x08, 0x62, 0x08, 0x62, 0x08, 0x62, 0x08, 0x62, 0x08, 0x62, 0x08,
    0x62, 0x08, 0x62, 0x08, 0x62, 0x08, 0x62, 0x08, 0x62, 0x08, 0x62, 0x08, 0x62, 0x08, 0x62, 0x08,
    0x62, 0x08, 0x62, 0x08, 0x62, 0x08, 0x62, 0x08, 0x62, 0x08, 0x62, 0x08, 0x62, 0x08, 0x62, 0x08,
    0x62, 0x08, 0x62, 0x08, 0x62, 0x08, 0x62, 0x08, 0x62, 0x08, 0x62, 0x08, 0x62, 0x08, 0x62, 0x08,
    0x62, 0x08, 0x62, 0x08, 0x62, 0x08, 0x62, 0x08, 0x62, 0x08, 0x62, 0x08, 0x62, 0x08, 0x62, 0x08,
    0x62, 0x08, 0x62, 0x08, 0x62, 0x08, 0x62, 0x08, 0x62, 0x08, 0x62, 0x08, 0x62, 0x08, 0x62, 0x08,
    0x62, 0x08, 0x62, 0x08, 0x62, 0x08, 0x62, 0x08, 0x62, 0x08, 0x62, 0x08, 0x62, 0x08, 0x62, 0x08,
    0x62, 0x08, 0x62, 0x08, 0x62, 0x08, 0x62, 0x08, 0x62, 0x08, 0x62, 0x08, 0x62, 0x08, 0x62, 0x08,
    0x62, 0x08, 0x62, 0x08, 0x62, 0x08, 0x62, 0x08, 0x62, 0x08, 0x62, 0x08, 0x62, 0x08, 0x62, 0x08,
    0x62, 0x08, 0x82, 0x08, 0x82, 0x08, 0x82, 0x08, 0x82, 0x08, 0x82, 0x08, 0x82, 0x08, 0x82, 0x08,
    0x82, 0x08, 0x82, 0x08, 0x82, 0x08, 0x82, 0x08, 0x83, 0x08, 0x83, 0x08, 0x83, 0x08, 0x83, 0x08,
    0x83, 0x08, 0x83, 0x08, 0x83, 0x08, 0x83, 0x08, 0x83, 0x08, 0x83, 0x08, 0xA3, 0x08, 0xA3, 0x08,
    0xA3, 0x08, 0xA3, 0x08, 0xA3, 0x08, 0xA3, 0x08, 0xA3, 0x08, 0xA3, 0x08, 0xA3, 0x08, 0xA3, 0x08,
    0xA3, 0x08, 0xA3, 0x08, 0xA3, 0x08, 0xA3, 0x08, 0xA3, 0x08, 0xA3, 0x08, 0xA3, 0x08, 0xC3, 0x08,
    0xC3, 0x08, 0xC3, 0x08, 0xC3, 0x08, 0xC3, 0x08, 0xC4, 0x08, 0xC4, 0x08, 0xC4, 0x08, 0xC4, 0x08,
    0xC4, 0x08, 0xC4, 0x08, 0xC4, 0x08, 0xC4, 0x08, 0xC4, 0x08, 0xC4, 0x08, 0xE4, 0x08, 0xE4, 0x08,
    0xE4, 0x08, 0xE4, 0x08, 0xE4, 0x08, 0xE4, 0x08, 0xE4, 0x08, 0xE4, 0x08, 0xE4, 0x08, 0xE4, 0x08,
    0xE4, 0x08, 0xE4, 0x08, 0xE4, 0x08, 0xE4, 0x08, 0xE4, 0x08, 0x04, 0x09, 0x04, 0x09, 0x04, 0x09,
    0x04, 0x09, 0x04, 0x09, 0x05, 0x09, 0x05, 0x09, 0x05, 0x09, 0x05, 0x09, 0x05, 0x09, 0x05, 0x09,
    0x05, 0x09, 0x05, 0x09, 0x05, 0x09, 0x05, 0x09, 0x05, 0x09, 0x05, 0x09, 0x05, 0x09, 0x05, 0x09,
    0x05, 0x09, 0x05, 0x09, 0x05, 0x09, 0x05, 0x09, 0x05, 0x09, 0x25, 0x09, 0x25, 0x09, 0x25, 0x09,
    0x25, 0x09, 0x25, 0x09, 0x25, 0x09, 0x25, 0x09, 0x25, 0x09, 0x25, 0x09, 0x25, 0x09, 0x25, 0x09,
    0x25, 0x09, 0x25, 0x09, 0x25, 0x09, 0x25, 0x09, 0x25, 0x09, 0x25, 0x09, 0x25, 0x09, 0x25, 0x09,
    0x25, 0x09, 0x25, 0x09, 0x25, 0x09, 0x25, 0x09, 0x25, 0x09, 0x25, 0x09, 0x25, 0x09, 0x05, 0x09,
    0x25, 0x09, 0x05, 0x09, 0x05, 0x09, 0x05, 0x09, 0x05, 0x09, 0x05, 0x09, 0x05, 0x09, 0x05, 0x09,
    0x05, 0x09, 0x05, 0x09, 0x05, 0x09, 0x05, 0x09, 0x05, 0x09, 0x05, 0x09, 0x05, 0x09, 0x05, 0x09,
    0x05, 0x09, 0x05, 0x09, 0x04, 0x09, 0x04, 0x09, 0x04, 0x09, 0x04, 0x09, 0x04, 0x09, 0xE4, 0x08,
    0xE4, 0x08, 0xE4, 0x08, 0xE4, 0x08, 0xE4, 0x08, 0xE4, 0x08, 0xE4, 0x08, 0xE4, 0x08, 0xE4, 0x08,
    0xE4, 0x08, 0xE4, 0x08, 0xE4, 0x08, 0xE4, 0x08, 0xE4, 0x08, 0xE4, 0x08, 0xE4, 0x08, 0xC4, 0x08,
    0xC4, 0x08, 0xC4, 0x08, 0xC4, 0x08, 0xC4, 0x08, 0xC4, 0x08, 0xC4, 0x08, 0xC4, 0x08, 0xC4, 0x08,
    0xC3, 0x08, 0xC3, 0x08, 0xC3, 0x08, 0xC3, 0x08, 0xC3, 0x08, 0xA3, 0x08, 0xA3, 0x08, 0xA3, 0x08,
    0xA3, 0x08, 0xA3, 0x08, 0xA3, 0x08, 0xA3, 0x08, 0xA3, 0x08, 0xA3, 0x08, 0xA3, 0x08, 0xA3, 0x08,
    0xA3, 0x08, 0xA3, 0x08, 0xA3, 0x08, 0xA3, 0x08, 0xA3, 0x08, 0xA3, 0x08, 0x83, 0x08, 0x83, 0x08,
    0x83, 0x08, 0x83, 0x08, 0x83, 0x08, 0x83, 0x08, 0x83, 0x08, 0x83, 0x08, 0x83, 0x08, 0x83, 0x08,
    0x82, 0x08, 0x82, 0x08, 0x82, 0x08, 0x82, 0x08, 0x82, 0x08, 0x82, 0x08, 0x82, 0x08, 0x82, 0x08,
    0x82, 0x08, 0x82, 0x08, 0x82, 0x08, 0x62, 0x08, 0x62, 0x08, 0x62, 0x08, 0x62, 0x08, 0x62, 0x08,
    0x62, 0x08, 0x62, 0x08, 0x62, 0x08, 0x62, 0x08, 0x62, 0x08, 0x62, 0x08, 0x62, 0x08, 0x62, 0x08,
    0x62, 0x08, 0x62, 0x08, 0x62, 0x08, 0x62, 0x08, 0x62, 0x08, 0x62, 0x08, 0x62, 0x08, 0x62, 0x08,
    0x62, 0x08, 0x62, 0x08, 0x62, 0x08, 0x62, 0x08, 0x62, 0x08, 0x62, 0x08, 0x62, 0x08, 0x62, 0x08,
    0x62, 0x08, 0x62, 0x08, 0x62, 0x08, 0x62, 0x08, 0x62, 0x08, 0x62, 0x08, 0x62, 0x08, 0x62, 0x08,
    0x62, 0x08, 0x62, 0x08, 0x62, 0x08, 0x62, 0x08, 0x62, 0x08, 0x62, 0x08, 0x62, 0x08, 0x62, 0x08,
    0x62, 0x08, 0x62, 0x08, 0x62, 0x08, 0x62, 0x08, 0x62, 0x08, 0x62, 0x08, 0x62, 0x08, 0x62, 0x08,
    0x62, 0x08, 0x62, 0x08, 0x62, 0x08, 0x62, 0x08, 0x62, 0x08, 0x62, 0x08, 0x62, 0x08, 0x62, 0x08,
    0x62, 0x08, 0x62, 0x08, 0x62, 0x08, 0x62, 0x08, 0x62, 0x08, 0x62, 0x08, 0x62, 0x08, 0x62, 0x08,
    0x62, 0x08, 0x62, 0x08, 0x62, 0x08, 0x62, 0x08, 0x62, 0x08, 0x62, 0x08, 0x62, 0x08, 0x62, 0x08,
    0x62, 0x08, 0x62, 0x08, 0x62, 0x08, 0x62, 0x08, 0x62, 0x08, 0x62, 0x08, 0x62, 0x08, 0x62, 0x08,
    0x62, 0x08, 0x62, 0x08, 0x62, 0x08, 0x62, 0x08, 0x62, 0x08, 0x62, 0x08, 0x62, 0x08, 0x62, 0x08,
    0x62, 0x08, 0x62, 0x08, 0x62, 0x08, 0x62, 0x08, 0x62, 0x08, 0x62, 0x08, 0x62, 0x08, 0x62, 0x08,
    0x62, 0x08, 0x62, 0x08, 0x62, 0x08, 0x62, 0x08, 0x62, 0x08, 0x62, 0x08, 0x62, 0x08, 0x62, 0x08,
    0x62, 0x08, 0x62, 0x08, 0x62, 0x08, 0x62, 0x08, 0x62, 0x08, 0x62, 0x08, 0x62, 0x08, 0x62, 0x08,
    0x62, 0x08, 0x62, 0x08, 0x62, 0x08, 0x62, 0x08, 0x62, 0x08, 0x62, 0x08, 0x62, 0x08, 0x62, 0x08,
    0x62, 0x08, 0x62, 0x08, 0x62, 0x08, 0x62, 0x08, 0x62, 0x08, 0x62, 0x08, 0x82, 0x08, 0x82, 0x08,
    0x82, 0x08, 0x82, 0x08, 0x82, 0x08, 0x82, 0x08, 0x82, 0x08, 0x82, 0x08, 0x82, 0x08, 0x82, 0x08,
    0x82, 0x08, 0x83, 0x08, 0x83, 0x08, 0x83, 0x08, 0x83, 0x08, 0x83, 0x08, 0x83, 0x08, 0x83, 0x08,
    0x83, 0x08, 0x83, 0x08, 0x83, 0x08, 0xA3, 0x08, 0xA3, 0x08, 0xA3, 0x08, 0xA3, 0x08, 0xA3, 0x08,
    0xA3, 0x08, 0xA3, 0x08, 0xA3, 0x08, 0xA3, 0x08, 0xA3, 0x08, 0xA3, 0x08, 0xA3, 0x08, 0xA3, 0x08,
    0xA3, 0x08, 0xA3, 0x08, 0xA3, 0x08, 0xA3, 0x08, 0xC3, 0x08, 0xC3, 0x08, 0xC3, 0x08, 0xC3, 0x08,
    0xC3, 0x08, 0xC4, 0x08, 0xC4, 0x08, 0xC4, 0x08, 0xC4, 0x08, 0xC4, 0x08, 0xC4, 0x08, 0xC4, 0x08,
    0xC4, 0x08, 0xC4, 0x08, 0xC4, 0x08, 0xE4, 0x08, 0xE4, 0x08, 0xE4, 0x08, 0xE4, 0x08, 0xE4, 0x08,
    0xE4, 0x08, 0xE4, 0x08, 0xE4, 0x08, 0xE4, 0x08, 0xE4, 0x08, 0xE4, 0x08, 0xE4, 0x08, 0xE4, 0x08,
    0xE4, 0x08, 0xE4, 0x08, 0xE4, 0x08, 0x04, 0x09, 0x04, 0x09, 0x04, 0x09, 0x04, 0x09, 0x04, 0x09,
    0x05, 0x09, 0x05, 0x09, 0x05, 0x09, 0x05, 0x09, 0x05, 0x09, 0x05, 0x09, 0x05, 0x09, 0x05, 0x09,
    0x05, 0x09, 0x05, 0x09, 0x05, 0x09, 0x05, 0x09, 0x05, 0x09, 0x05, 0x09, 0x05, 0x09, 0x05, 0x09,
    0x05, 0x09, 0x05, 0x09, 0x05, 0x09, 0x05, 0x09, 0x05, 0x09, 0x05, 0x09, 0x25, 0x09, 0x25, 0x09,
    0x25, 0x09, 0x25, 0x09, 0x25, 0x09, 0x25, 0x09, 0x25, 0x09, 0x25, 0x09, 0x25, 0x09, 0x25, 0x09,
    0x25, 0x09, 0x25, 0x09, 0x25, 0x09, 0x25, 0x09, 0x05, 0x09, 0x25, 0x09, 0x25, 0x09, 0x05, 0x09,
    0x05, 0x09, 0x05, 0x09, 0x05, 0x09, 0x05, 0x09, 0x05, 0x09, 0x05, 0x09, 0x05, 0x09, 0x05, 0x09,
    0x05, 0x09, 0x05, 0x09, 0x05, 0x09, 0x05, 0x09, 0x05, 0x09, 0x05, 0x09, 0x05, 0x09, 0x05, 0x09,
    0x05, 0x09, 0x05, 0x09, 0x05, 0x09, 0x05, 0x09, 0x04, 0x09, 0x04, 0x09, 0x04, 0x09, 0x04, 0x09,
    0x04, 0x09, 0xE4, 0x08, 0xE4, 0x08, 0xE4, 0x08, 0xE4, 0x08, 0xE4, 0x08, 0xE4, 0x08, 0xE4, 0x08,
    0xE4, 0x08, 0xE4, 0x08, 0xE4, 0x08, 0xE4, 0x08, 0xE4, 0x08, 0xE4, 0x08, 0xE4, 0x08, 0xE4, 0x08,
    0xE4, 0x08, 0xC4, 0x08, 0xC4, 0x08, 0xC4, 0x08, 0xC4, 0x08, 0xC4, 0x08, 0xC4, 0x08, 0xC4, 0x08,
    0xC4, 0x08, 0xC4, 0x08, 0xC4, 0x08, 0xC3, 0x08, 0xC3, 0x08, 0xC3, 0x08, 0xC3, 0x08, 0xC3, 0x08,
    0xA3, 0x08, 0xA3, 0x08, 0xA3, 0x08, 0xA3, 0x08, 0xA3, 0x08, 0xA3, 0x08, 0xA3, 0x08, 0xA3, 0x08,
    0xA3, 0x08, 0xA3, 0x08, 0xA3, 0x08, 0xA3, 0x08, 0xA3, 0x08, 0xA3, 0x08, 0xA3, 0x08, 0xA3, 0x08,
    0xA3, 0x08, 0x83, 0x08, 0x83, 0x08, 0x83, 0x08, 0x83, 0x08, 0x83, 0x08, 0x83, 0x08, 0x83, 0x08,
    0x83, 0x08, 0x83, 0x08, 0x83, 0x08, 0x83, 0x08, 0x82, 0x08, 0x82, 0x08, 0x82, 0x08, 0x82, 0x08,
    0x82, 0x08, 0x82, 0x08, 0x82, 0x08, 0x82, 0x08, 0x82, 0x08, 0x82, 0x08, 0x82, 0x08, 0x62, 0x08,
    0x62, 0x08, 0x62, 0x08, 0x62, 0x08, 0x62, 0x08, 0x62, 0x08, 0x62, 0x08, 0x62, 0x08, 0x62, 0x08,
    0x62, 0x08, 0x62, 0x08, 0x62, 0x08, 0x62, 0x08, 0x62, 0x08, 0x62, 0x08, 0x62, 0x08, 0x62, 0x08,
    0x62, 0x08, 0x62, 0x08, 0x62, 0x08, 0x62, 0x08, 0x62, 0x08, 0x62, 0x08, 0x62, 0x08, 0x62, 0x08,
    0x62, 0x08, 0x62, 0x08, 0x62, 0x08, 0x62, 0x08, 0x62, 0x08, 0x62, 0x08, 0x62, 0x08, 0x62, 0x08,
    0x62, 0x08, 0x62, 0x08, 0x62, 0x08, 0x62, 0x08, 0x62, 0x08, 0x62, 0x08, 0x62, 0x08, 0x62, 0x08,
    0x62, 0x08, 0x62, 0x08, 0x62, 0x08, 0x62, 0x08, 0x62, 0x08, 0x62, 0x08, 0x62, 0x08, 0x62, 0x08,
    0x62, 0x08, 0x62, 0x08, 0x62, 0x08, 0x62, 0x08, 0x62, 0x08, 0x62, 0x08, 0x62, 0x08, 0x62, 0x08,
    0x62, 0x08, 0x62, 0x08, 0x62, 0x08, 0x62, 0x08, 0x62, 0x08, 0x62, 0x08, 0x62, 0x08, 0x62, 0x08,
    0x62, 0x08, 0x62, 0x08, 0x62, 0x08, 0x62, 0x08, 0x62, 0x08, 0x62, 0x08, 0x62, 0x08, 0x62, 0x08,
    0x62, 0x08, 0x62, 0x08, 0x62, 0x08, 0x62, 0x08, 0x62, 0x08, 0x62, 0x08, 0x62, 0x08, 0x62, 0x08,
    0x62, 0x08, 0x62, 0x08, 0x62, 0x08, 0x62, 0x08, 0x62, 0x08, 0x62, 0x08, 0x62, 0x08, 0x62, 0x08,
    0x62, 0x08, 0x62, 0x08, 0x62, 0x08, 0x62, 0x08, 0x62, 0x08, 0x62, 0x08, 0x62, 0x08, 0x62, 0x08,
    0x62, 0x08, 0x62, 0x08, 0x62, 0x08, 0x62, 0x08, 0x62, 0x08, 0x62, 0x08, 0x62, 0x08, 0x62, 0x08,
    0x62, 0x08, 0x62, 0x08, 0x62, 0x08, 0x62, 0x08, 0x62, 0x08, 0x62, 0x08, 0x62, 0x08, 0x62, 0x08,
    0x62, 0x08, 0x62, 0x08, 0x62, 0x08, 0x62, 0x08, 0x62, 0x08, 0x62, 0x08, 0x62, 0x08, 0x62, 0x08,
    0x62, 0x08, 0x62, 0x08, 0x62, 0x08, 0x62, 0x08, 0x62, 0x08, 0x62, 0x08, 0x62, 0x08, 0x62, 0x08,
    0x62, 0x08, 0x62, 0x08, 0x82, 0x08, 0x82, 0x08, 0x82, 0x08, 0x82, 0x08, 0x82, 0x08, 0x82, 0x08,
    0x82, 0x08, 0x82, 0x08, 0x82, 0x08, 0x82, 0x08, 0x82, 0x08, 0x83, 0x08, 0x83, 0x08, 0x83, 0x08,
    0x83, 0x08, 0x83, 0x08, 0x83, 0x08, 0x83, 0x08, 0x83, 0x08, 0x83, 0x08, 0x83, 0x08, 0x83, 0x08,
    0xA3, 0x08, 0xA3, 0x08, 0xA3, 0x08, 0xA3, 0x08, 0xA3, 0x08, 0xA3, 0x08, 0xA3, 0x08, 0xA3, 0x08,
    0xA3, 0x08, 0xA3, 0x08, 0xA3, 0x08, 0xA3, 0x08, 0xA3, 0x08, 0xA3, 0x08, 0xA3, 0x08, 0xA3, 0x08,
    0xA3, 0x08, 0xC3, 0x08, 0xC3, 0x08, 0xC3, 0x08, 0xC3, 0x08, 0xC3, 0x08, 0xC3, 0x08, 0xC4, 0x08,
    0xC4, 0x08, 0xC4, 0x08, 0xC4, 0x08, 0xC4, 0x08, 0xC4, 0x08, 0xC4, 0x08, 0xC4, 0x08, 0xC4, 0x08,
    0xC4, 0x08, 0xE4, 0x08, 0xE4, 0x08, 0xE4, 0x08, 0xE4, 0x08, 0xE4, 0x08, 0xE4, 0x08, 0xE4, 0x08,
    0xE4, 0x08, 0xE4, 0x08, 0xE4, 0x08, 0xE4, 0x08, 0xE4, 0x08, 0xE4, 0x08, 0xE4, 0x08, 0xE4, 0x08,
    0xE4, 0x08, 0xE4, 0x08, 0x04, 0x09, 0x04, 0x09, 0x04, 0x09, 0x04, 0x09, 0x04, 0x09, 0x04, 0x09,
    0x05, 0x09, 0x05, 0x09, 0x05, 0x09, 0x05, 0x09, 0x05, 0x09, 0x05, 0x09, 0x05, 0x09, 0x05, 0x09,
    0x05, 0x09, 0x05, 0x09, 0x05, 0x09, 0x05, 0x09, 0x05, 0x09, 0x05, 0x09, 0x05, 0x09, 0x05, 0x09,
    0x05, 0x09, 0x05, 0x09, 0x05, 0x09, 0x05, 0x09, 0x05, 0x09, 0x05, 0x09, 0x05, 0x09, 0x05, 0x09,
    0x05, 0x09, 0x05, 0x09, 0x05, 0x09, 0x05, 0x09, 0x05, 0x09, 0x05, 0x09, 0x05, 0x09, 0x05, 0x09,
    0x05, 0x09, 0x05, 0x09, 0x05, 0x09, 0x05, 0x09, 0x05, 0x09, 0x05, 0x09, 0x05, 0x09, 0x05, 0x09,
    0x05, 0x09, 0x05, 0x09, 0x05, 0x09, 0x05, 0x09, 0x05, 0x09, 0x05, 0x09, 0x05, 0x09, 0x05, 0x09,
    0x05, 0x09, 0x05, 0x09, 0x05, 0x09, 0x05, 0x09, 0x05, 0x09, 0x04, 0x09, 0x04, 0x09, 0x04, 0x09,
    0x04, 0x09, 0x04, 0x09, 0x04, 0x09, 0xE4, 0x08, 0xE4, 0x08, 0xE4, 0x08, 0xE4, 0x08, 0xE4, 0x08,
    0xE4, 0x08, 0xE4, 0x08, 0xE4, 0x08, 0xE4, 0x08, 0xE4, 0x08, 0xE4, 0x08, 0xE4, 0x08, 0xE4, 0x08,
    0xE4, 0x08, 0xE4, 0x08, 0xE4, 0x08, 0xE4, 0x08, 0xC4, 0x08, 0xC4, 0x08, 0xC4, 0x08, 0xC4, 0x08,
    0xC4, 0x08, 0xC4, 0x08, 0xC4, 0x08, 0xC4, 0x08, 0xC4, 0x08, 0xC4, 0x08, 0xC3, 0x08, 0xC3, 0x08,
    0xC3, 0x08, 0xC3, 0x08, 0xC3, 0x08, 0xA3, 0x08, 0xA3, 0x08, 0xA3, 0x08, 0xA3, 0x08, 0xA3, 0x08,
    0xA3, 0x08, 0xA3, 0x08, 0xA3, 0x08, 0xA3, 0x08, 0xA3, 0x08, 0xA3, 0x08, 0xA3, 0x08, 0xA3, 0x08,
    0xA3, 0x08, 0xA3, 0x08, 0xA3, 0x08, 0xA3, 0x08, 0x83, 0x08, 0x83, 0x08, 0x83, 0x08, 0x83, 0x08,
    0x83, 0x08, 0x83, 0x08, 0x83, 0x08, 0x83, 0x08, 0x83, 0x08, 0x83, 0x08, 0x83, 0x08, 0x82, 0x08,
    0x82, 0x08, 0x82, 0x08, 0x82, 0x08, 0x82, 0x08, 0x82, 0x08, 0x82, 0x08, 0x82, 0x08, 0x82, 0x08,
    0x82, 0x08, 0x82, 0x08, 0x62, 0x08, 0x62, 0x08, 0x62, 0x08, 0x62, 0x08, 0x62, 0x08, 0x62, 0x08,
    0x62, 0x08, 0x62, 0x08, 0x62, 0x08, 0x62, 0x08, 0x62, 0x08, 0x62, 0x08, 0x62, 0x08, 0x62, 0x08,
    0x62, 0x08, 0x62, 0x08, 0x62, 0x08, 0x62, 0x08, 0x62, 0x08, 0x62, 0x08, 0x62, 0x08, 0x62, 0x08,
    0x62, 0x08, 0x62, 0x08, 0x62, 0x08, 0x62, 0x08, 0x62, 0x08, 0x62, 0x08, 0x62, 0x08, 0x62, 0x08,
    0x62, 0x08, 0x62, 0x08, 0x62, 0x08, 0x62, 0x08, 0x62, 0x08, 0x62, 0x08, 0x62, 0x08, 0x62, 0x08,
    0x62, 0x08, 0x62, 0x08, 0x62, 0x08, 0x62, 0x08, 0x62, 0x08, 0x62, 0x08, 0x62, 0x08, 0x62, 0x08,
    0x62, 0x08, 0x62, 0x08, 0x62, 0x08, 0x62, 0x08, 0x62, 0x08, 0x62, 0x08, 0x62, 0x08, 0x62, 0x08,
    0x62, 0x08, 0x62, 0x08, 0x62, 0x08, 0x62, 0x08, 0x62, 0x08, 0x62, 0x08, 0x62, 0x08, 0x62, 0x08,
    0x62, 0x08, 0x62, 0x08, 0x62, 0x08, 0x62, 0x08, 0x62, 0x08, 0x62, 0x08, 0x62, 0x08, 0x62, 0x08,
    0x62, 0x08, 0x62, 0x08, 0x62, 0x08, 0x62, 0x08, 0x62, 0x08, 0x62, 0x08, 0x62, 0x08, 0x62, 0x08,
    0x62, 0x08, 0x62, 0x08, 0x62, 0x08, 0x62, 0x08, 0x62, 0x08, 0x62, 0x08, 0x62, 0x08, 0x62, 0x08,
    0x62, 0x08, 0x62, 0x08, 0x62, 0x08, 0x62, 0x08, 0x62, 0x08, 0x62, 0x08, 0x62, 0x08, 0x62, 0x08,
    0x62, 0x08, 0x62, 0x08, 0x62, 0x08, 0x62, 0x08, 0x62, 0x08, 0x62, 0x08, 0x62, 0x08, 0x62, 0x08,
    0x62, 0x08, 0x62, 0x08, 0x62, 0x08, 0x62, 0x08, 0x62, 0x08, 0x62, 0x08, 0x62, 0x08, 0x62, 0x08,
    0x62, 0x08, 0x62, 0x08, 0x62, 0x08, 0x62, 0x08, 0x62, 0x08, 0x62, 0x08, 0x62, 0x08, 0x62, 0x08,
    0x62, 0x08, 0x62, 0x08, 0x62, 0x08, 0x62, 0x08, 0x62, 0x08, 0x62, 0x08, 0x62, 0x08, 0x62, 0x08,
    0x62, 0x08, 0x62, 0x08, 0x62, 0x08, 0x62, 0x08, 0x62, 0x08, 0x62, 0x08, 0x62, 0x08, 0x82, 0x08,
    0x82, 0x08, 0x82, 0x08, 0x82, 0x08, 0x82, 0x08, 0x82, 0x08, 0x82, 0x08, 0x82, 0x08, 0x82, 0x08,
    0x82, 0x08, 0x82, 0x08, 0x83, 0x08, 0x83, 0x08, 0x83, 0x08, 0x83, 0x08, 0x83, 0x08, 0x83, 0x08,
    0x83, 0x08, 0x83, 0x08, 0x83, 0x08, 0x83, 0x08, 0x83, 0x08, 0xA3, 0x08, 0xA3, 0x08, 0xA3, 0x08,
    0xA3, 0x08, 0xA3, 0x08, 0xA3, 0x08, 0xA3, 0x08, 0xA3, 0x08, 0xA3, 0x08, 0xA3, 0x08, 0xA3, 0x08,
    0xA3, 0x08, 0xA3, 0x08, 0xA3, 0x08, 0xA3, 0x08, 0xA3, 0x08, 0xA3, 0x08, 0xC3, 0x08, 0xC3, 0x08,
    0xC3, 0x08, 0xC3, 0x08, 0xC3, 0x08, 0xC3, 0x08, 0xC4, 0x08, 0xC4, 0x08, 0xC4, 0x08, 0xC4, 0x08,
    0xC4, 0x08, 0xC4, 0x08, 0xC4, 0x08, 0xC4, 0x08, 0xC4, 0x08, 0xC4, 0x08, 0xE4, 0x08, 0xE4, 0x08,
    0xE4, 0x08, 0xE4, 0x08, 0xE4, 0x08, 0xE4, 0x08, 0xE4, 0x08, 0xE4, 0x08, 0xE4, 0x08, 0xE4, 0x08,
    0xE4, 0x08, 0xE4, 0x08, 0xE4, 0x08, 0xE4, 0x08, 0xE4, 0x08, 0xE4, 0x08, 0xE4, 0x08, 0xE4, 0x08,
    0x04, 0x09, 0x04, 0x09, 0x04, 0x09, 0x04, 0x09, 0x04, 0x09, 0x04, 0x09, 0x04, 0x09, 0x05, 0x09,
    0x05, 0x09, 0x05, 0x09, 0x05, 0x09, 0x05, 0x09, 0x05, 0x09, 0x05, 0x09, 0x05, 0x09, 0x05, 0x09,
    0x05, 0x09, 0x05, 0x09, 0x05, 0x09, 0x05, 0x09, 0x05, 0x09, 0x05, 0x09, 0x05, 0x09, 0x05, 0x09,
    0x05, 0x09, 0x05, 0x09, 0x05, 0x09, 0x05, 0x09, 0x05, 0x09, 0x05, 0x09, 0x05, 0x09, 0x05, 0x09,
    0x05, 0x09, 0x05, 0x09, 0x05, 0x09, 0x05, 0x09, 0x05, 0x09, 0x05, 0x09, 0x05, 0x09, 0x05, 0x09,
    0x05, 0x09, 0x05, 0x09, 0x05, 0x09, 0x05, 0x09, 0x05, 0x09, 0x05, 0x09, 0x05, 0x09, 0x05, 0x09,
    0x05, 0x09, 0x05, 0x09, 0x05, 0x09, 0x05, 0x09, 0x05, 0x09, 0x05, 0x09, 0x04, 0x09, 0x04, 0x09,
    0x04, 0x09, 0x04, 0x09, 0x04, 0x09, 0x04, 0x09, 0xE4, 0x08, 0xE4, 0x08, 0xE4, 0x08, 0xE4, 0x08,
    0xE4, 0x08, 0xE4, 0x08, 0xE4, 0x08, 0xE4, 0x08, 0xE4, 0x08, 0xE4, 0x08, 0xE4, 0x08, 0xE4, 0x08,
    0xE4, 0x08, 0xE4, 0x08, 0xE4, 0x08, 0xE4, 0x08, 0xE4, 0x08, 0xE4, 0x08, 0xC4, 0x08, 0xC4, 0x08,
    0xC4, 0x08, 0xC4, 0x08, 0xC4, 0x08, 0xC4, 0x08, 0xC4, 0x08, 0xC4, 0x08, 0xC4, 0x08, 0xC4, 0x08,
    0xC3, 0x08, 0xC3, 0x08, 0xC3, 0x08, 0xC3, 0x08, 0xC3, 0x08, 0xC3, 0x08, 0xA3, 0x08, 0xA3, 0x08,
    0xA3, 0x08, 0xA3, 0x08, 0xA3, 0x08, 0xA3, 0x08, 0xA3, 0x08, 0xA3, 0x08, 0xA3, 0x08, 0xA3, 0x08,
    0xA3, 0x08, 0xA3, 0x08, 0xA3, 0x08, 0xA3, 0x08, 0xA3, 0x08, 0xA3, 0x08, 0xA3, 0x08, 0x83, 0x08,
    0x83, 0x08, 0x83, 0x08, 0x83, 0x08, 0x83, 0x08, 0x83, 0x08, 0x83, 0x08, 0x83, 0x08, 0x83, 0x08,
    0x83, 0x08, 0x83, 0x08, 0x82, 0x08, 0x82, 0x08, 0x82, 0x08, 0x82, 0x08, 0x82, 0x08, 0x82, 0x08,
    0x82, 0x08, 0x82, 0x08, 0x82, 0x08, 0x82, 0x08, 0x82, 0x08, 0x62, 0x08, 0x62, 0x08, 0x62, 0x08,
    0x62, 0x08, 0x62, 0x08, 0x62, 0x08, 0x62, 0x08, 0x62, 0x08, 0x62, 0x08, 0x62, 0x08, 0x62, 0x08,
    0x62, 0x08, 0x62, 0x08, 0x62, 0x08, 0x62, 0x08, 0x62, 0x08, 0x62, 0x08, 0x62, 0x08, 0x62, 0x08,
    0x62, 0x08, 0x62, 0x08, 0x62, 0x08, 0x62, 0x08, 0x62, 0x08, 0x62, 0x08, 0x62, 0x08, 0x62, 0x08,
    0x62, 0x08, 0x62, 0x08, 0x62, 0x08, 0x62, 0x08, 0x62, 0x08, 0x62, 0x08, 0x62, 0x08, 0x62, 0x08,
    0x62, 0x08, 0x62, 0x08, 0x62, 0x08, 0x62, 0x08, 0x62, 0x08, 0x62, 0x08, 0x62, 0x08, 0x62, 0x08,
    0x62, 0x08, 0x62, 0x08, 0x62, 0x08, 0x62, 0x08, 0x62, 0x08, 0x62, 0x08, 0x62, 0x08, 0x62, 0x08,
    0x62, 0x08, 0x62, 0x08, 0x62, 0x08, 0x62, 0x08, 0x62, 0x08, 0x62, 0x08, 0x62, 0x08, 0x62, 0x08,
    0x62, 0x08, 0x62, 0x08, 0x62, 0x08, 0x62, 0x08, 0x62, 0x08, 0x62, 0x08, 0x62, 0x08, 0x62, 0x08,
    0x62, 0x08, 0x62, 0x08, 0x62, 0x08, 0x62, 0x08, 0x62, 0x08, 0x62, 0x08, 0x62, 0x08, 0x62, 0x08,
    0x62, 0x08, 0x62, 0x08, 0x62, 0x08, 0x62, 0x08, 0x62, 0x08, 0x62, 0x08, 0x62, 0x08, 0x62, 0x08,
    0x62, 0x08, 0x62, 0x08, 0x62, 0x08, 0x62, 0x08, 0x62, 0x08, 0x62, 0x08, 0x62, 0x08, 0x62, 0x08,
    0x62, 0x08, 0x62, 0x08, 0x62, 0x08, 0x62, 0x08, 0x62, 0x08, 0x62, 0x08, 0x62, 0x08, 0x62, 0x08,
    0x62, 0x08, 0x62, 0x08, 0x62, 0x08, 0x62, 0x08, 0x62, 0x08, 0x62, 0x08, 0x62, 0x08, 0x62, 0x08,
    0x62, 0x08, 0x62, 0x08, 0x62, 0x08, 0x62, 0x08, 0x62, 0x08, 0x62, 0x08, 0x62, 0x08, 0x62, 0x08,
    0x62, 0x08, 0x62, 0x08, 0x62, 0x08, 0x62, 0x08, 0x62, 0x08, 0x62, 0x08, 0x62, 0x08, 0x62, 0x08,
    0x62, 0x08, 0x62, 0x08, 0x62, 0x08, 0x62, 0x08, 0x62, 0x08, 0x62, 0x08, 0x62, 0x08, 0x62, 0x08,
    0x62, 0x08, 0x62, 0x08, 0x62, 0x08, 0x62, 0x08, 0x82, 0x08, 0x82, 0x08, 0x82, 0x08, 0x82, 0x08,
    0x82, 0x08, 0x82, 0x08, 0x82, 0x08, 0x82, 0x08, 0x82, 0x08, 0x82, 0x08, 0x82, 0x08, 0x83, 0x08,
    0x83, 0x08, 0x83, 0x08, 0x83, 0x08, 0x83, 0x08, 0x83, 0x08, 0x83, 0x08, 0x83, 0x08, 0x83, 0x08,
    0x83, 0x08, 0x83, 0x08, 0xA3, 0x08, 0xA3, 0x08, 0xA3, 0x08, 0xA3, 0x08, 0xA3, 0x08, 0xA3, 0x08,
    0xA3, 0x08, 0xA3, 0x08, 0xA3, 0x08, 0xA3, 0x08, 0xA3, 0x08, 0xA3, 0x08, 0xA3, 0x08, 0xA3, 0x08,
    0xA3, 0x08, 0xA3, 0x08, 0xA3, 0x08, 0xC3, 0x08, 0xC3, 0x08, 0xC3, 0x08, 0xC3, 0x08, 0xC3, 0x08,
    0xC3, 0x08, 0xC4, 0x08, 0xC4, 0x08, 0xC4, 0x08, 0xC4, 0x08, 0xC4, 0x08, 0xC4, 0x08, 0xC4, 0x08,
    0xC4, 0x08, 0xC4, 0x08, 0xC4, 0x08, 0xC4, 0x08, 0xE4, 0x08, 0xE4, 0x08, 0xE4, 0x08, 0xE4, 0x08,
    0xE4, 0x08, 0xE4, 0x08, 0xE4, 0x08, 0xE4, 0x08, 0xE4, 0x08, 0xE4, 0x08, 0xE4, 0x08, 0xE4, 0x08,
    0xE4, 0x08, 0xE4, 0x08, 0xE4, 0x08, 0xE4, 0x08, 0xE4, 0x08, 0xE4, 0x08, 0xE4, 0x08, 0x04, 0x09,
    0x04, 0x09, 0x04, 0x09, 0x04, 0x09, 0x04, 0x09, 0x04, 0x09, 0x04, 0x09, 0x05, 0x09, 0x05, 0x09,
    0x05, 0x09, 0x05, 0x09, 0x05, 0x09, 0x05, 0x09, 0x05, 0x09, 0x05, 0x09, 0x05, 0x09, 0x05, 0x09,
    0x05, 0x09, 0x05, 0x09, 0x05, 0x09, 0x05, 0x09, 0x05, 0x09, 0x05, 0x09, 0x05, 0x09, 0x05, 0x09,
    0x05, 0x09, 0x05, 0x09, 0x05, 0x09, 0x05, 0x09, 0x05, 0x09, 0x05, 0x09, 0x05, 0x09, 0x05, 0x09,
    0x05, 0x09, 0x05, 0x09, 0x05, 0x09, 0x05, 0x09, 0x05, 0x09, 0x05, 0x09, 0x05, 0x09, 0x05, 0x09,
    0x05, 0x09, 0x05, 0x09, 0x05, 0x09, 0x05, 0x09, 0x05, 0x09, 0x05, 0x09, 0x04, 0x09, 0x04, 0x09,
    0x04, 0x09, 0x04, 0x09, 0x04, 0x09, 0x04, 0x09, 0x04, 0x09, 0x04, 0x09, 0xE4, 0x08, 0xE4, 0x08,
    0xE4, 0x08, 0xE4, 0x08, 0xE4, 0x08, 0xE4, 0x08, 0xE4, 0x08, 0xE4, 0x08, 0xE4, 0x08, 0xE4, 0x08,
    0xE4, 0x08, 0xE4, 0x08, 0xE4, 0x08, 0xE4, 0x08, 0xE4, 0x08, 0xE4, 0x08, 0xE4, 0x08, 0xE4, 0x08,
    0xE4, 0x08, 0xC4, 0x08, 0xC4, 0x08, 0xC4, 0x08, 0xC4, 0x08, 0xC4, 0x08, 0xC4, 0x08, 0xC4, 0x08,
    0xC4, 0x08, 0xC4, 0x08, 0xC4, 0x08, 0xC3, 0x08, 0xC3, 0x08, 0xC3, 0x08, 0xC3, 0x08, 0xC3, 0x08,
    0xC3, 0x08, 0xA3, 0x08, 0xA3, 0x08, 0xA3, 0x08, 0xA3, 0x08, 0xA3, 0x08, 0xA3, 0x08, 0xA3, 0x08,
    0xA3, 0x08, 0xA3, 0x08, 0xA3, 0x08, 0xA3, 0x08, 0xA3, 0x08, 0xA3, 0x08, 0xA3, 0x08, 0xA3, 0x08,
    0xA3, 0x08, 0xA3, 0x08, 0x83, 0x08, 0x83, 0x08, 0x83, 0x08, 0x83, 0x08, 0x83, 0x08, 0x83, 0x08,
    0x83, 0x08, 0x83, 0x08, 0x83, 0x08, 0x83, 0x08, 0x83, 0x08, 0x82, 0x08, 0x82, 0x08, 0x82, 0x08,
    0x82, 0x08, 0x82, 0x08, 0x82, 0x08, 0x82, 0x08, 0x82, 0x08, 0x82, 0x08, 0x82, 0x08, 0x82, 0x08,
    0x82, 0x08, 0x62, 0x08, 0x62, 0x08, 0x62, 0x08, 0x62, 0x08, 0x62, 0x08, 0x62, 0x08, 0x62, 0x08,
    0x62, 0x08, 0x62, 0x08, 0x62, 0x08, 0x62, 0x08, 0x62, 0x08, 0x62, 0x08, 0x62, 0x08, 0x62, 0x08,
    0x62, 0x08, 0x62, 0x08, 0x62, 0x08, 0x62, 0x08, 0x62, 0x08, 0x62, 0x08, 0x62, 0x08, 0x62, 0x08,
    0x62, 0x08, 0x62, 0x08, 0x62, 0x08, 0x62, 0x08, 0x62, 0x08, 0x62, 0x08, 0x62, 0x08, 0x62, 0x08,
    0x62, 0x08, 0x62, 0x08, 0x62, 0x08, 0x62, 0x08, 0x62, 0x08, 0x62, 0x08, 0x62, 0x08, 0x62, 0x08,
    0x62, 0x08, 0x62, 0x08, 0x62, 0x08, 0x62, 0x08, 0x62, 0x08, 0x62, 0x08, 0x62, 0x08, 0x62, 0x08,
    0x62, 0x08, 0x62, 0x08, 0x62, 0x08, 0x62, 0x08, 0x62, 0x08, 0x62, 0x08, 0x62, 0x08, 0x62, 0x08,
    0x62, 0x08, 0x62, 0x08, 0x62, 0x08, 0x62, 0x08, 0x62, 0x08, 0x62, 0x08, 0x62, 0x08, 0x62, 0x08,
    0x62, 0x08, 0x62, 0x08, 0x62, 0x08, 0x62, 0x08, 0x62, 0x08, 0x62, 0x08, 0x62, 0x08, 0x62, 0x08,
    0x62, 0x08, 0x62, 0x08, 0x62, 0x08, 0x62, 0x08, 0x62, 0x08, 0x62, 0x08, 0x62, 0x08, 0x62, 0x08,
    0x62, 0x08, 0x62, 0x08, 0x62, 0x08, 0x62, 0x08, 0x62, 0x08, 0x62, 0x08, 0x62, 0x08, 0x62, 0x08,
    0x62, 0x08, 0x62, 0x08, 0x62, 0x08, 0x62, 0x08, 0x62, 0x08, 0x62, 0x08, 0x62, 0x08, 0x62, 0x08,
    0x62, 0x08, 0x62, 0x08, 0x62, 0x08, 0x62, 0x08, 0x62, 0x08, 0x62, 0x08, 0x62, 0x08, 0x62, 0x08,
    0x62, 0x08, 0x62, 0x08, 0x62, 0x08, 0x62, 0x08, 0x62, 0x08, 0x62, 0x08, 0x62, 0x08, 0x62, 0x08,
    0x62, 0x08, 0x62, 0x08, 0x62, 0x08, 0x62, 0x08, 0x62, 0x08, 0x62, 0x08, 0x62, 0x08, 0x62, 0x08,
    0x62, 0x08, 0x62, 0x08, 0x62, 0x08, 0x62, 0x08, 0x62, 0x08, 0x62, 0x08, 0x62, 0x08, 0x62, 0x08,
    0x62, 0x08, 0x62, 0x08, 0x62, 0x08, 0x62, 0x08, 0x62, 0x08, 0x62, 0x08, 0x62, 0x08, 0x62, 0x08,
    0x82, 0x08, 0x82, 0x08, 0x82, 0x08, 0x82, 0x08, 0x82, 0x08, 0x82, 0x08, 0x82, 0x08, 0x82, 0x08,
    0x82, 0x08, 0x82, 0x08, 0x82, 0x08, 0x82, 0x08, 0x83, 0x08, 0x83, 0x08, 0x83, 0x08, 0x83, 0x08,
    0x83, 0x08, 0x83, 0x08, 0x83, 0x08, 0x83, 0x08, 0x83, 0x08, 0x83, 0x08, 0x83, 0x08, 0xA3, 0x08,
    0xA3, 0x08, 0xA3, 0x08, 0xA3, 0x08, 0xA3, 0x08, 0xA3, 0x08, 0xA3, 0x08, 0xA3, 0x08, 0xA3, 0x08,
    0xA3, 0x08, 0xA3, 0x08, 0xA3, 0x08, 0xA3, 0x08, 0xA3, 0x08, 0xA3, 0x08, 0xA3, 0x08, 0xA3, 0x08,
    0xC3, 0x08, 0xC3, 0x08, 0xC3, 0x08, 0xC3, 0x08, 0xC3, 0x08, 0xC3, 0x08, 0xC4, 0x08, 0xC4, 0x08,
    0xC4, 0x08, 0xC4, 0x08, 0xC4, 0x08, 0xC4, 0x08, 0xC4, 0x08, 0xC4, 0x08, 0xC4, 0x08, 0xC4, 0x08,
    0xC4, 0x08, 0xE4, 0x08, 0xE4, 0x08, 0xE4, 0x08, 0xE4, 0x08, 0xE4, 0x08, 0xE4, 0x08, 0xE4, 0x08,
    0xE4, 0x08, 0xE4, 0x08, 0xE4, 0x08, 0xE4, 0x08, 0xE4, 0x08, 0xE4, 0x08, 0xE4, 0x08, 0xE4, 0x08,
    0xE4, 0x08, 0xE4, 0x08, 0xE4, 0x08, 0xE4, 0x08, 0xE4, 0x08, 0x04, 0x09, 0x04, 0x09, 0x04, 0x09,
    0x04, 0x09, 0x04, 0x09, 0x04, 0x09, 0x04, 0x09, 0x04, 0x09, 0x04, 0x09, 0x05, 0x09, 0x05, 0x09,
    0x05, 0x09, 0x05, 0x09, 0x05, 0x09, 0x05, 0x09, 0x05, 0x09, 0x05, 0x09, 0x05, 0x09, 0x05, 0x09,
    0x05, 0x09, 0x05, 0x09, 0x05, 0x09, 0x05, 0x09, 0x05, 0x09, 0x05, 0x09, 0x05, 0x09, 0x05, 0x09,
    0x05, 0x09, 0x05, 0x09, 0x05, 0x09, 0x05, 0x09, 0x05, 0x09, 0x05, 0x09, 0x05, 0x09, 0x05, 0x09,
    0x05, 0x09, 0x05, 0x09, 0x05, 0x09, 0x05, 0x09, 0x05, 0x09, 0x05, 0x09, 0x04, 0x09, 0x04, 0x09,
    0x04, 0x09, 0x04, 0x09, 0x04, 0x09, 0x04, 0x09, 0x04, 0x09, 0x04, 0x09, 0x04, 0x09, 0xE4, 0x08,
    0xE4, 0x08, 0xE4, 0x08, 0xE4, 0x08, 0xE4, 0x08, 0xE4, 0x08, 0xE4, 0x08, 0xE4, 0x08, 0xE4, 0x08,
    0xE4, 0x08, 0xE4, 0x08, 0xE4, 0x08, 0xE4, 0x08, 0xE4, 0x08, 0xE4, 0x08, 0xE4, 0x08, 0xE4, 0x08,
    0xE4, 0x08, 0xE4, 0x08, 0xE4, 0x08, 0xC4, 0x08, 0xC4, 0x08, 0xC4, 0x08, 0xC4, 0x08, 0xC4, 0x08,
    0xC4, 0x08, 0xC4, 0x08, 0xC4, 0x08, 0xC4, 0x08, 0xC4, 0x08, 0xC4, 0x08, 0xC3, 0x08, 0xC3, 0x08,
    0xC3, 0x08, 0xC3, 0x08, 0xC3, 0x08, 0xC3, 0x08, 0xA3, 0x08, 0xA3, 0x08, 0xA3, 0x08, 0xA3, 0x08,
    0xA3, 0x08, 0xA3, 0x08, 0xA3, 0x08, 0xA3, 0x08, 0xA3, 0x08, 0xA3, 0x08, 0xA3, 0x08, 0xA3, 0x08,
    0xA3, 0x08, 0xA3, 0x08, 0xA3, 0x08, 0xA3, 0x08, 0xA3, 0x08, 0x83, 0x08, 0x83, 0x08, 0x83, 0x08,
    0x83, 0x08, 0x83, 0x08, 0x83, 0x08, 0x83, 0x08, 0x83, 0x08, 0x83, 0x08, 0x83, 0x08, 0x83, 0x08,
    0x82, 0x08, 0x82, 0x08, 0x82, 0x08, 0x82, 0x08, 0x82, 0x08, 0x82, 0x08, 0x82, 0x08, 0x82, 0x08,
    0x82, 0x08, 0x82, 0x08, 0x82, 0x08, 0x82, 0x08, 0x62, 0x08, 0x62, 0x08, 0x62, 0x08, 0x62, 0x08,
    0x62, 0x08, 0x62, 0x08, 0x62, 0x08, 0x62, 0x08, 0x62, 0x08, 0x62, 0x08, 0x62, 0x08, 0x62, 0x08,
    0x62, 0x08, 0x62, 0x08, 0x62, 0x08, 0x62, 0x08, 0x62, 0x08, 0x62, 0x08, 0x62, 0x08, 0x62, 0x08,
    0x62, 0x08, 0x62, 0x08, 0x62, 0x08, 0x62, 0x08, 0x62, 0x08, 0x62, 0x08, 0x62, 0x08, 0x62, 0x08,
    0x62, 0x08, 0x62, 0x08, 0x62, 0x08, 0x62, 0x08, 0x62, 0x08, 0x62, 0x08, 0x62, 0x08, 0x62, 0x08,
    0x62, 0x08, 0x62, 0x08, 0x62, 0x08, 0x62, 0x08, 0x62, 0x08, 0x62, 0x08, 0x62, 0x08, 0x62, 0x08,
    0x62, 0x08, 0x62, 0x08, 0x62, 0x08, 0x62, 0x08, 0x62, 0x08, 0x62, 0x08, 0x62, 0x08, 0x62, 0x08,
    0x62, 0x08, 0x62, 0x08, 0x62, 0x08, 0x62, 0x08, 0x62, 0x08, 0x62, 0x08, 0x62, 0x08, 0x62, 0x08,
    0x62, 0x08, 0x62, 0x08, 0x62, 0x08, 0x62, 0x08, 0x62, 0x08, 0x62, 0x08, 0x62, 0x08, 0x62, 0x08,
    0x62, 0x08, 0x62, 0x08, 0x62, 0x08, 0x62, 0x08, 0x62, 0x08, 0x62, 0x08, 0x62, 0x08, 0x62, 0x08,
    0x62, 0x08, 0x62, 0x08, 0x62, 0x08, 0x62, 0x08, 0x62, 0x08, 0x62, 0x08, 0x62, 0x08, 0x62, 0x08,
    0x62, 0x08, 0x62, 0x08, 0x62, 0x08, 0x62, 0x08, 0x62, 0x08, 0x62, 0x08, 0x62, 0x08, 0x62, 0x08,
    0x62, 0x08, 0x62, 0x08, 0x62, 0x08, 0x62, 0x08, 0x62, 0x08, 0x62, 0x08, 0x62, 0x08, 0x62, 0x08,
    0x62, 0x08, 0x62, 0x08, 0x62, 0x08, 0x62, 0x08, 0x62, 0x08, 0x62, 0x08, 0x62, 0x08, 0x62, 0x08,
    0x62, 0x08, 0x62, 0x08, 0x62, 0x08, 0x62, 0x08, 0x62, 0x08, 0x62, 0x08, 0x62, 0x08, 0x62, 0x08,
    0x62, 0x08, 0x62, 0x08, 0x62, 0x08, 0x62, 0x08, 0x62, 0x08, 0x62, 0x08, 0x62, 0x08, 0x62, 0x08,
    0x62, 0x08, 0x62, 0x08, 0x62, 0x08, 0x62, 0x08, 0x62, 0x08, 0x62, 0x08, 0x62, 0x08, 0x62, 0x08,
    0x62, 0x08, 0x62, 0x08, 0x62, 0x08, 0x62, 0x08, 0x62, 0x08, 0x82, 0x08, 0x82, 0x08, 0x82, 0x08,
    0x82, 0x08, 0x82, 0x08, 0x82, 0x08, 0x82, 0x08, 0x82, 0x08, 0x82, 0x08, 0x82, 0x08, 0x82, 0x08,
    0x82, 0x08, 0x83, 0x08, 0x83, 0x08, 0x83, 0x08, 0x83, 0x08, 0x83, 0x08, 0x83, 0x08, 0x83, 0x08,
    0x83, 0x08, 0x83, 0x08, 0x83, 0x08, 0x83, 0x08, 0xA3, 0x08, 0xA3, 0x08, 0xA3, 0x08, 0xA3, 0x08,
    0xA3, 0x08, 0xA3, 0x08, 0xA3, 0x08, 0xA3, 0x08, 0xA3, 0x08, 0xA3, 0x08, 0xA3, 0x08, 0xA3, 0x08,
    0xA3, 0x08, 0xA3, 0x08, 0xA3, 0x08, 0xA3, 0x08, 0xA3, 0x08, 0xA3, 0x08, 0xC3, 0x08, 0xC3, 0x08,
    0xC3, 0x08, 0xC3, 0x08, 0xC3, 0x08, 0xC3, 0x08, 0xC4, 0x08, 0xC4, 0x08, 0xC4, 0x08, 0xC4, 0x08,
    0xC4, 0x08, 0xC4, 0x08, 0xC4, 0x08, 0xC4, 0x08, 0xC4, 0x08, 0xC4, 0x08, 0xC4, 0x08, 0xE4, 0x08,
    0xE4, 0x08, 0xE4, 0x08, 0xE4, 0x08, 0xE4, 0x08, 0xE4, 0x08, 0xE4, 0x08, 0xE4, 0x08, 0xE4, 0x08,
    0xE4, 0x08, 0xE4, 0x08, 0xE4, 0x08, 0xE4, 0x08, 0xE4, 0x08, 0xE4, 0x08, 0xE4, 0x08, 0xE4, 0x08,
    0xE4, 0x08, 0xE4, 0x08, 0xE4, 0x08, 0xE4, 0x08, 0xE4, 0x08, 0x04, 0x09, 0x04, 0x09, 0x04, 0x09,
    0x04, 0x09, 0x04, 0x09, 0x04, 0x09, 0x04, 0x09, 0x04, 0x09, 0x04, 0x09, 0x05, 0x09, 0x04, 0x09,
    0x05, 0x09, 0x05, 0x09, 0x05, 0x09, 0x05, 0x09, 0x05, 0x09, 0x05, 0x09, 0x05, 0x09, 0x05, 0x09,
    0x05, 0x09, 0x05, 0x09, 0x05, 0x09, 0x05, 0x09, 0x05, 0x09, 0x05, 0x09, 0x05, 0x09, 0x05, 0x09,
    0x05, 0x09, 0x05, 0x09, 0x05, 0x09, 0x05, 0x09, 0x04, 0x09, 0x05, 0x09, 0x04, 0x09, 0x04, 0x09,
    0x04, 0x09, 0x04, 0x09, 0x04, 0x09, 0x04, 0x09, 0x04, 0x09, 0x04, 0x09, 0x04, 0x09, 0x04, 0x09,
    0xE4, 0x08, 0xE4, 0x08, 0xE4, 0x08, 0xE4, 0x08, 0xE4, 0x08, 0xE4, 0x08, 0xE4, 0x08, 0xE4, 0x08,
    0xE4, 0x08, 0xE4, 0x08, 0xE4, 0x08, 0xE4, 0x08, 0xE4, 0x08, 0xE4, 0x08, 0xE4, 0x08, 0xE4, 0x08,
    0xE4, 0x08, 0xE4, 0x08, 0xE4, 0x08, 0xE4, 0x08, 0xE4, 0x08, 0xC4, 0x08, 0xC4, 0x08, 0xC4, 0x08,
    0xC4, 0x08, 0xC4, 0x08, 0xC4, 0x08, 0xC4, 0x08, 0xC4, 0x08, 0xC4, 0x08, 0xC4, 0x08, 0xC4, 0x08,
    0xC3, 0x08, 0xC3, 0x08, 0xC3, 0x08, 0xC3, 0x08, 0xC3, 0x08, 0xC3, 0x08, 0xC3, 0x08, 0xA3, 0x08,
    0xA3, 0x08, 0xA3, 0x08, 0xA3, 0x08, 0xA3, 0x08, 0xA3, 0x08, 0xA3, 0x08, 0xA3, 0x08, 0xA3, 0x08,
    0xA3, 0x08, 0xA3, 0x08, 0xA3, 0x08, 0xA3, 0x08, 0xA3, 0x08, 0xA3, 0x08, 0xA3, 0x08, 0xA3, 0x08,
    0x83, 0x08, 0x83, 0x08, 0x83, 0x08, 0x83, 0x08, 0x83, 0x08, 0x83, 0x08, 0x83, 0x08, 0x83, 0x08,
    0x83, 0x08, 0x83, 0x08, 0x83, 0x08, 0x83, 0x08, 0x82, 0x08, 0x82, 0x08, 0x82, 0x08, 0x82, 0x08,
    0x82, 0x08, 0x82, 0x08, 0x82, 0x08, 0x82, 0x08, 0x82, 0x08, 0x82, 0x08, 0x82, 0x08, 0x62, 0x08,
    0x62, 0x08, 0x62, 0x08, 0x62, 0x08, 0x62, 0x08, 0x62, 0x08, 0x62, 0x08, 0x62, 0x08, 0x62, 0x08,
    0x62, 0x08, 0x62, 0x08, 0x62, 0x08, 0x62, 0x08, 0x62, 0x08, 0x62, 0x08, 0x62, 0x08, 0x62, 0x08,
    0x62, 0x08, 0x62, 0x08, 0x62, 0x08, 0x62, 0x08, 0x62, 0x08, 0x62, 0x08, 0x62, 0x08, 0x62, 0x08,
    0x62, 0x08, 0x62, 0x08, 0x62, 0x08, 0x62, 0x08, 0x62, 0x08, 0x62, 0x08, 0x62, 0x08, 0x62, 0x08,
    0x62, 0x08, 0x62, 0x08, 0x62, 0x08, 0x62, 0x08, 0x62, 0x08, 0x62, 0x08, 0x62, 0x08, 0x62, 0x08,
    0x62, 0x08, 0x62, 0x08, 0x62, 0x08, 0x62, 0x08, 0x62, 0x08, 0x62, 0x08, 0x62, 0x08, 0x62, 0x08,
    0x62, 0x08, 0x62, 0x08, 0x62, 0x08, 0x62, 0x08, 0x62, 0x08, 0x62, 0x08, 0x62, 0x08, 0x62, 0x08,
    0x62, 0x08, 0x62, 0x08, 0x62, 0x08, 0x62, 0x08, 0x62, 0x08, 0x62, 0x08, 0x62, 0x08, 0x62, 0x08,
    0x62, 0x08, 0x62, 0x08, 0x62, 0x08, 0x62, 0x08, 0x62, 0x08, 0x62, 0x08, 0x62, 0x08, 0x62, 0x08,
    0x62, 0x08, 0x62, 0x08, 0x62, 0x08, 0x62, 0x08, 0x62, 0x08, 0x62, 0x08, 0x62, 0x08, 0x62, 0x08,
    0x62, 0x08, 0x62, 0x08, 0x62, 0x08, 0x62, 0x08, 0x62, 0x08, 0x62, 0x08, 0x62, 0x08, 0x62, 0x08,
    0x62, 0x08, 0x62, 0x08, 0x62, 0x08, 0x62, 0x08, 0x62, 0x08, 0x62, 0x08, 0x62, 0x08, 0x62, 0x08,
    0x62, 0x08, 0x62, 0x08, 0x62, 0x08, 0x62, 0x08, 0x62, 0x08, 0x62, 0x08, 0x62, 0x08, 0x62, 0x08,
    0x62, 0x08, 0x62, 0x08, 0x62, 0x08, 0x62, 0x08, 0x62, 0x08, 0x62, 0x08, 0x62, 0x08, 0x62, 0x08,
    0x62, 0x08, 0x62, 0x08, 0x62, 0x08, 0x62, 0x08, 0x62, 0x08, 0x62, 0x08, 0x62, 0x08, 0x62, 0x08,
    0x62, 0x08, 0x62, 0x08, 0x62, 0x08, 0x62, 0x08, 0x62, 0x08, 0x62, 0x08, 0x62, 0x08, 0x62, 0x08,
    0x62, 0x08, 0x62, 0x08, 0x62, 0x08, 0x62, 0x08, 0x62, 0x08, 0x62, 0x08, 0x62, 0x08, 0x62, 0x08,
    0x62, 0x08, 0x62, 0x08, 0x82, 0x08, 0x82, 0x08, 0x82, 0x08, 0x82, 0x08, 0x82, 0x08, 0x82, 0x08,
    0x82, 0x08, 0x82, 0x08, 0x82, 0x08, 0x82, 0x08, 0x82, 0x08, 0x82, 0x08, 0x83, 0x08, 0x83, 0x08,
    0x83, 0x08, 0x83, 0x08, 0x83, 0x08, 0x83, 0x08, 0x83, 0x08, 0x83, 0x08, 0x83, 0x08, 0x83, 0x08,
    0x83, 0x08, 0xA3, 0x08, 0xA3, 0x08, 0xA3, 0x08, 0xA3, 0x08, 0xA3, 0x08, 0xA3, 0x08, 0xA3, 0x08,
    0xA3, 0x08, 0xA3, 0x08, 0xA3, 0x08, 0xA3, 0x08, 0xA3, 0x08, 0xA3, 0x08, 0xA3, 0x08, 0xA3, 0x08,
    0xA3, 0x08, 0xA3, 0x08, 0xA3, 0x08, 0xC3, 0x08, 0xC3, 0x08, 0xC3, 0x08, 0xC3, 0x08, 0xC3, 0x08,
    0xC3, 0x08, 0xC4, 0x08, 0xC4, 0x08, 0xC4, 0x08, 0xC4, 0x08, 0xC4, 0x08, 0xC4, 0x08, 0xC4, 0x08,
    0xC4, 0x08, 0xC4, 0x08, 0xC4, 0x08, 0xC4, 0x08, 0xC4, 0x08, 0xE4, 0x08, 0xE4, 0x08, 0xE4, 0x08,
    0xE4, 0x08, 0xE4, 0x08, 0xE4, 0x08, 0xE4, 0x08, 0xE4, 0x08, 0xE4, 0x08, 0xE4, 0x08, 0xE4, 0x08,
    0xE4, 0x08, 0xE4, 0x08, 0xE4, 0x08, 0xE4, 0x08, 0xE4, 0x08, 0xE4, 0x08, 0xE4, 0x08, 0xE4, 0x08,
    0xE4, 0x08, 0xE4, 0x08, 0xE4, 0x08, 0xE4, 0x08, 0xE4, 0x08, 0x04, 0x09, 0x04, 0x09, 0x04, 0x09,
    0x04, 0x09, 0x04, 0x09, 0x04, 0x09, 0x04, 0x09, 0x04, 0x09, 0x04, 0x09, 0x04, 0x09, 0x04, 0x09,
    0x04, 0x09, 0x04, 0x09, 0x04, 0x09, 0x04, 0x09, 0x04, 0x09, 0x04, 0x09, 0x04, 0x09, 0x04, 0x09,
    0x04, 0x09, 0x04, 0x09, 0x04, 0x09, 0x04, 0x09, 0x04, 0x09, 0x04, 0x09, 0x04, 0x09, 0x04, 0x09,
    0x04, 0x09, 0x04, 0x09, 0x04, 0x09, 0x04, 0x09, 0x04, 0x09, 0x04, 0x09, 0x04, 0x09, 0x04, 0x09,
    0xE4, 0x08, 0xE4, 0x08, 0xE4, 0x08, 0xE4, 0x08, 0xE4, 0x08, 0xE4, 0x08, 0xE4, 0x08, 0xE4, 0x08,
    0xE4, 0x08, 0xE4, 0x08, 0xE4, 0x08, 0xE4, 0x08, 0xE4, 0x08, 0xE4, 0x08, 0xE4, 0x08, 0xE4, 0x08,
    0xE4, 0x08, 0xE4, 0x08, 0xE4, 0x08, 0xE4, 0x08, 0xE4, 0x08, 0xE4, 0x08, 0xE4, 0x08, 0xC4, 0x08,
    0xC4, 0x08, 0xC4, 0x08, 0xC4, 0x08, 0xC4, 0x08, 0xC4, 0x08, 0xC4, 0x08, 0xC4, 0x08, 0xC4, 0x08,
    0xC4, 0x08, 0xC4, 0x08, 0xC4, 0x08, 0xC3, 0x08, 0xC3, 0x08, 0xC3, 0x08, 0xC3, 0x08, 0xC3, 0x08,
    0xC3, 0x08, 0xA3, 0x08, 0xA3, 0x08, 0xA3, 0x08, 0xA3, 0x08, 0xA3, 0x08, 0xA3, 0x08, 0xA3, 0x08,
    0xA3, 0x08, 0xA3, 0x08, 0xA3, 0x08, 0xA3, 0x08, 0xA3, 0x08, 0xA3, 0x08, 0xA3, 0x08, 0xA3, 0x08,
    0xA3, 0x08, 0xA3, 0x08, 0xA3, 0x08, 0x83, 0x08, 0x83, 0x08, 0x83, 0x08, 0x83, 0x08, 0x83, 0x08,
    0x83, 0x08, 0x83, 0x08, 0x83, 0x08, 0x83, 0x08, 0x83, 0x08, 0x83, 0x08, 0x83, 0x08, 0x82, 0x08,
    0x82, 0x08, 0x82, 0x08, 0x82, 0x08, 0x82, 0x08, 0x82, 0x08, 0x82, 0x08, 0x82, 0x08, 0x82, 0x08,
    0x82, 0x08, 0x82, 0x08, 0x62, 0x08, 0x62, 0x08, 0x62, 0x08, 0x62, 0x08, 0x62, 0x08, 0x62, 0x08,
    0x62, 0x08, 0x62, 0x08, 0x62, 0x08, 0x62, 0x08, 0x62, 0x08, 0x62, 0x08, 0x62, 0x08, 0x62, 0x08,
    0x62, 0x08, 0x62, 0x08, 0x62, 0x08, 0x62, 0x08, 0x62, 0x08, 0x62, 0x08, 0x62, 0x08, 0x62, 0x08,
    0x62, 0x08, 0x62, 0x08, 0x62, 0x08, 0x62, 0x08, 0x62, 0x08, 0x62, 0x08, 0x62, 0x08, 0x62, 0x08,
    0x62, 0x08, 0x62, 0x08, 0x62, 0x08, 0x62, 0x08, 0x62, 0x08, 0x62, 0x08, 0x62, 0x08, 0x62, 0x08,
    0x62, 0x08, 0x62, 0x08, 0x62, 0x08, 0x62, 0x08, 0x62, 0x08, 0x62, 0x08, 0x62, 0x08, 0x62, 0x08,
    0x62, 0x08, 0x62, 0x08, 0x62, 0x08, 0x62, 0x08, 0x62, 0x08, 0x62, 0x08, 0x62, 0x08, 0x62, 0x08,
    0x62, 0x08, 0x62, 0x08, 0x62, 0x08, 0x62, 0x08, 0x62, 0x08, 0x62, 0x08, 0x62, 0x08, 0x62, 0x08,
    0x62, 0x08, 0x62, 0x08, 0x62, 0x08, 0x62, 0x08, 0x62, 0x08, 0x62, 0x08, 0x62, 0x08, 0x62, 0x08,
    0x62, 0x08, 0x62, 0x08, 0x62, 0x08, 0x62, 0x08, 0x62, 0x08, 0x62, 0x08, 0x62, 0x08, 0x62, 0x08,
    0x62, 0x08, 0x62, 0x08, 0x62, 0x08, 0x62, 0x08, 0x62, 0x08, 0x62, 0x08, 0x62, 0x08, 0x62, 0x08,
    0x62, 0x08, 0x62, 0x08, 0x62, 0x08, 0x62, 0x08, 0x62, 0x08, 0x62, 0x08, 0x62, 0x08, 0x62, 0x08,
    0x62, 0x08, 0x62, 0x08, 0x62, 0x08, 0x62, 0x08, 0x62, 0x08, 0x62, 0x08, 0x62, 0x08, 0x62, 0x08,
    0x62, 0x08, 0x62, 0x08, 0x62, 0x08, 0x62, 0x08, 0x62, 0x08, 0x62, 0x08, 0x62, 0x08, 0x62, 0x08,
    0x62, 0x08, 0x62, 0x08, 0x62, 0x08, 0x62, 0x08, 0x62, 0x08, 0x62, 0x08, 0x62, 0x08, 0x62, 0x08,
    0x62, 0x08, 0x62, 0x08, 0x62, 0x08, 0x62, 0x08, 0x62, 0x08, 0x62, 0x08, 0x62, 0x08, 0x62, 0x08,
    0x62, 0x08, 0x62, 0x08, 0x62, 0x08, 0x62, 0x08, 0x62, 0x08, 0x62, 0x08, 0x62, 0x08, 0x62, 0x08,
    0x62, 0x08, 0x62, 0x08, 0x62, 0x08, 0x62, 0x08, 0x62, 0x08, 0x62, 0x08, 0x62, 0x08, 0x82, 0x08,
    0x82, 0x08, 0x82, 0x08, 0x82, 0x08, 0x82, 0x08, 0x82, 0x08, 0x82, 0x08, 0x82, 0x08, 0x82, 0x08,
    0x82, 0x08, 0x82, 0x08, 0x83, 0x08, 0x83, 0x08, 0x83, 0x08, 0x83, 0x08, 0x83, 0x08, 0x83, 0x08,
    0x83, 0x08, 0x83, 0x08, 0x83, 0x08, 0x83, 0x08, 0x83, 0x08, 0x83, 0x08, 0xA3, 0x08, 0xA3, 0x08,
    0xA3, 0x08, 0xA3, 0x08, 0xA3, 0x08, 0xA3, 0x08, 0xA3, 0x08, 0xA3, 0x08, 0xA3, 0x08, 0xA3, 0x08,
    0xA3, 0x08, 0xA3, 0x08, 0xA3, 0x08, 0xA3, 0x08, 0xA3, 0x08, 0xA3, 0x08, 0xA3, 0x08, 0xA3, 0x08,
    0xC3, 0x08, 0xC3, 0x08, 0xC3, 0x08, 0xC3, 0x08, 0xC3, 0x08, 0xC3, 0x08, 0xC3, 0x08, 0xC4, 0x08,
    0xC4, 0x08, 0xC4, 0x08, 0xC4, 0x08, 0xC4, 0x08, 0xC4, 0x08, 0xC4, 0x08, 0xC4, 0x08, 0xC4, 0x08,
    0xC4, 0x08, 0xC4, 0x08, 0xC4, 0x08, 0xE4, 0x08, 0xE4, 0x08, 0xE4, 0x08, 0xE4, 0x08, 0xE4, 0x08,
    0xE4, 0x08, 0xE4, 0x08, 0xE4, 0x08, 0xE4, 0x08, 0xE4, 0x08, 0xE4, 0x08, 0xE4, 0x08, 0xE4, 0x08,
    0xE4, 0x08, 0xE4, 0x08, 0xE4, 0x08, 0xE4, 0x08, 0xE4, 0x08, 0xE4, 0x08, 0xE4, 0x08, 0xE4, 0x08,
    0xE4, 0x08, 0xE4, 0x08, 0xE4, 0x08, 0xE4, 0x08, 0xE4, 0x08, 0xE4, 0x08, 0x04, 0x09, 0x04, 0x09,
    0x04, 0x09, 0x04, 0x09, 0x04, 0x09, 0x04, 0x09, 0x04, 0x09, 0x04, 0x09, 0x04, 0x09, 0x04, 0x09,
    0x04, 0x09, 0x04, 0x09, 0x04, 0x09, 0x04, 0x09, 0x04, 0x09, 0x04, 0x09, 0x04, 0x09, 0x04, 0x09,
    0x04, 0x09, 0x04, 0x09, 0x04, 0x09, 0x04, 0x09, 0x04, 0x09, 0x04, 0x09, 0xE4, 0x08, 0xE4, 0x08,
    0xE4, 0x08, 0xE4, 0x08, 0xE4, 0x08, 0xE4, 0x08, 0xE4, 0x08, 0xE4, 0x08, 0xE4, 0x08, 0xE4, 0x08,
    0xE4, 0x08, 0xE4, 0x08, 0xE4, 0x08, 0xE4, 0x08, 0xE4, 0x08, 0xE4, 0x08, 0xE4, 0x08, 0xE4, 0x08,
    0xE4, 0x08, 0xE4, 0x08, 0xE4, 0x08, 0xE4, 0x08, 0xE4, 0x08, 0xE4, 0x08, 0xE4, 0x08, 0xE4, 0x08,
    0xE4, 0x08, 0xE4, 0x08, 0xC4, 0x08, 0xC4, 0x08, 0xC4, 0x08, 0xC4, 0x08, 0xC4, 0x08, 0xC4, 0x08,
    0xC4, 0x08, 0xC4, 0x08, 0xC4, 0x08, 0xC4, 0x08, 0xC4, 0x08, 0xC4, 0x08, 0xC3, 0x08, 0xC3, 0x08,
    0xC3, 0x08, 0xC3, 0x08, 0xC3, 0x08, 0xC3, 0x08, 0xA3, 0x08, 0xA3, 0x08, 0xA3, 0x08, 0xA3, 0x08,
    0xA3, 0x08, 0xA3, 0x08, 0xA3, 0x08, 0xA3, 0x08, 0xA3, 0x08, 0xA3, 0x08, 0xA3, 0x08, 0xA3, 0x08,
    0xA3, 0x08, 0xA3, 0x08, 0xA3, 0x08, 0xA3, 0x08, 0xA3, 0x08, 0xA3, 0x08, 0x83, 0x08, 0x83, 0x08,
    0x83, 0x08, 0x83, 0x08, 0x83, 0x08, 0x83, 0x08, 0x83, 0x08, 0x83, 0x08, 0x83, 0x08, 0x83, 0x08,
    0x83, 0x08, 0x83, 0x08, 0x82, 0x08, 0x82, 0x08, 0x82, 0x08, 0x82, 0x08, 0x82, 0x08, 0x82, 0x08,
    0x82, 0x08, 0x82, 0x08, 0x82, 0x08, 0x82, 0x08, 0x82, 0x08, 0x82, 0x08, 0x62, 0x08, 0x62, 0x08,
    0x62, 0x08, 0x62, 0x08, 0x62, 0x08, 0x62, 0x08, 0x62, 0x08, 0x62, 0x08, 0x62, 0x08, 0x62, 0x08,
    0x62, 0x08, 0x62, 0x08, 0x62, 0x08, 0x62, 0x08, 0x62, 0x08, 0x62, 0x08, 0x62, 0x08, 0x62, 0x08,
    0x62, 0x08, 0x62, 0x08, 0x62, 0x08, 0x62, 0x08, 0x62, 0x08, 0x62, 0x08, 0x62, 0x08, 0x62, 0x08,
    0x62, 0x08, 0x62, 0x08, 0x62, 0x08, 0x62, 0x08, 0x62, 0x08, 0x62, 0x08, 0x62, 0x08, 0x62, 0x08,
    0x62, 0x08, 0x62, 0x08, 0x62, 0x08, 0x62, 0x08, 0x62, 0x08, 0x62, 0x08, 0x62, 0x08, 0x62, 0x08,
    0x62, 0x08, 0x62, 0x08, 0x62, 0x08, 0x62, 0x08, 0x62, 0x08, 0x62, 0x08, 0x62, 0x08, 0x62, 0x08,
    0x62, 0x08, 0x62, 0x08, 0x62, 0x08, 0x62, 0x08, 0x62, 0x08, 0x62, 0x08, 0x62, 0x08, 0x62, 0x08,
    0x62, 0x08, 0x62, 0x08, 0x62, 0x08, 0x62, 0x08, 0x62, 0x08, 0x62, 0x08, 0x62, 0x08, 0x62, 0x08,
    0x62, 0x08, 0x62, 0x08, 0x62, 0x08, 0x62, 0x08, 0x62, 0x08, 0x62, 0x08, 0x62, 0x08, 0x62, 0x08,
    0x62, 0x08, 0x62, 0x08, 0x62, 0x08, 0x62, 0x08, 0x62, 0x08, 0x62, 0x08, 0x62, 0x08, 0x62, 0x08,
    0x62, 0x08, 0x62, 0x08, 0x62, 0x08, 0x62, 0x08, 0x62, 0x08, 0x62, 0x08, 0x62, 0x08, 0x62, 0x08,
    0x62, 0x08, 0x62, 0x08, 0x62, 0x08, 0x62, 0x08, 0x62, 0x08, 0x62, 0x08, 0x62, 0x08, 0x62, 0x08,
    0x62, 0x08, 0x62, 0x08, 0x62, 0x08, 0x62, 0x08, 0x62, 0x08, 0x62, 0x08, 0x62, 0x08, 0x62, 0x08,
    0x62, 0x08, 0x62, 0x08, 0x62, 0x08, 0x62, 0x08, 0x62, 0x08, 0x62, 0x08, 0x62, 0x08, 0x62, 0x08,
    0x62, 0x08, 0x62, 0x08, 0x62, 0x08, 0x62, 0x08, 0x62, 0x08, 0x62, 0x08, 0x62, 0x08, 0x62, 0x08,
    0x62, 0x08, 0x62, 0x08, 0x62, 0x08, 0x62, 0x08, 0x62, 0x08, 0x62, 0x08, 0x62, 0x08, 0x62, 0x08,
    0x62, 0x08, 0x62, 0x08, 0x62, 0x08, 0x62, 0x08, 0x62, 0x08, 0x62, 0x08, 0x62, 0x08, 0x62, 0x08,
    0x62, 0x08, 0x62, 0x08, 0x62, 0x08, 0x62, 0x08, 0x82, 0x08, 0x82, 0x08, 0x82, 0x08, 0x82, 0x08,
    0x82, 0x08, 0x82, 0x08, 0x82, 0x08, 0x82, 0x08, 0x82, 0x08, 0x82, 0x08, 0x82, 0x08, 0x83, 0x08,
    0x83, 0x08, 0x83, 0x08, 0x83, 0x08, 0x83, 0x08, 0x83, 0x08, 0x83, 0x08, 0x83, 0x08, 0x83, 0x08,
    0x83, 0x08, 0x83, 0x08, 0x83, 0x08, 0xA3, 0x08, 0xA3, 0x08, 0xA3, 0x08, 0xA3, 0x08, 0xA3, 0x08,
    0xA3, 0x08, 0xA3, 0x08, 0xA3, 0x08, 0xA3, 0x08, 0xA3, 0x08, 0xA3, 0x08, 0xA3, 0x08, 0xA3, 0x08,
    0xA3, 0x08, 0xA3, 0x08, 0xA3, 0x08, 0xA3, 0x08, 0xA3, 0x08, 0xA3, 0x08, 0xC3, 0x08, 0xC3, 0x08,
    0xC3, 0x08, 0xC3, 0x08, 0xC3, 0x08, 0xC3, 0x08, 0xC4, 0x08, 0xC4, 0x08, 0xC4, 0x08, 0xC4, 0x08,
    0xC4, 0x08, 0xC4, 0x08, 0xC4, 0x08, 0xC4, 0x08, 0xC4, 0x08, 0xC4, 0x08, 0xC4, 0x08, 0xC4, 0x08,
    0xC4, 0x08, 0xE4, 0x08, 0xE4, 0x08, 0xE4, 0x08, 0xE4, 0x08, 0xE4, 0x08, 0xE4, 0x08, 0xE4, 0x08,
    0xE4, 0x08, 0xE4, 0x08, 0xE4, 0x08, 0xE4, 0x08, 0xE4, 0x08, 0xE4, 0x08, 0xE4, 0x08, 0xE4, 0x08,
    0xE4, 0x08, 0xE4, 0x08, 0xE4, 0x08, 0xE4, 0x08, 0xE4, 0x08, 0xE4, 0x08, 0xE4, 0x08, 0xE4, 0x08,
    0xE4, 0x08, 0xE4, 0x08, 0xE4, 0x08, 0xE4, 0x08, 0xE4, 0x08, 0xE4, 0x08, 0xE4, 0x08, 0xE4, 0x08,
    0xE4, 0x08, 0xE4, 0x08, 0xE4, 0x08, 0xE4, 0x08, 0xE4, 0x08, 0xE4, 0x08, 0xE4, 0x08, 0xE4, 0x08,
    0xE4, 0x08, 0xE4, 0x08, 0xE4, 0x08, 0xE4, 0x08, 0xE4, 0x08, 0xE4, 0x08, 0xE4, 0x08, 0xE4, 0x08,
    0xE4, 0x08, 0xE4, 0x08, 0xE4, 0x08, 0xE4, 0x08, 0xE4, 0x08, 0xE4, 0x08, 0xE4, 0x08, 0xE4, 0x08,
    0xE4, 0x08, 0xE4, 0x08, 0xE4, 0x08, 0xE4, 0x08, 0xE4, 0x08, 0xE4, 0x08, 0xE4, 0x08, 0xE4, 0x08,
    0xE4, 0x08, 0xE4, 0x08, 0xE4, 0x08, 0xE4, 0x08, 0xE4, 0x08, 0xE4, 0x08, 0xE4, 0x08, 0xE4, 0x08,
    0xE4, 0x08, 0xE4, 0x08, 0xE4, 0x08, 0xC4, 0x08, 0xC4, 0x08, 0xC4, 0x08, 0xC4, 0x08, 0xC4, 0x08,
    0xC4, 0x08, 0xC4, 0x08, 0xC4, 0x08, 0xC4, 0x08, 0xC4, 0x08, 0xC4, 0x08, 0xC4, 0x08, 0xC4, 0x08,
    0xC3, 0x08, 0xC3, 0x08, 0xC3, 0x08, 0xC3, 0x08, 0xC3, 0x08, 0xC3, 0x08, 0xC3, 0x08, 0xA3, 0x08,
    0xA3, 0x08, 0xA3, 0x08, 0xA3, 0x08, 0xA3, 0x08, 0xA3, 0x08, 0xA3, 0x08, 0xA3, 0x08, 0xA3, 0x08,
    0xA3, 0x08, 0xA3, 0x08, 0xA3, 0x08, 0xA3, 0x08, 0xA3, 0x08, 0xA3, 0x08, 0xA3, 0x08, 0xA3, 0x08,
    0xA3, 0x08, 0x83, 0x08, 0x83, 0x08, 0x83, 0x08, 0x83, 0x08, 0x83, 0x08, 0x83, 0x08, 0x83, 0x08,
    0x83, 0x08, 0x83, 0x08, 0x83, 0x08, 0x83, 0x08, 0x83, 0x08, 0x82, 0x08, 0x82, 0x08, 0x82, 0x08,
    0x82, 0x08, 0x82, 0x08, 0x82, 0x08, 0x82, 0x08, 0x82, 0x08, 0x82, 0x08, 0x82, 0x08, 0x82, 0x08,
    0x82, 0x08, 0x62, 0x08, 0x62, 0x08, 0x62, 0x08, 0x62, 0x08, 0x62, 0x08, 0x62, 0x08, 0x62, 0x08,
    0x62, 0x08, 0x62, 0x08, 0x62, 0x08, 0x62, 0x08, 0x62, 0x08, 0x62, 0x08, 0x62, 0x08, 0x62, 0x08,
    0x62, 0x08, 0x62, 0x08, 0x62, 0x08, 0x62, 0x08, 0x62, 0x08, 0x62, 0x08, 0x62, 0x08, 0x62, 0x08,
    0x62, 0x08, 0x62, 0x08, 0x62, 0x08, 0x62, 0x08, 0x62, 0x08, 0x62, 0x08, 0x62, 0x08, 0x62, 0x08,
    0x62, 0x08, 0x62, 0x08, 0x62, 0x08, 0x62, 0x08, 0x62, 0x08, 0x62, 0x08, 0x62, 0x08, 0x62, 0x08,
    0x62, 0x08, 0x62, 0x08, 0x62, 0x08, 0x62, 0x08, 0x62, 0x08, 0x62, 0x08, 0x62, 0x08, 0x62, 0x08,
    0x62, 0x08, 0x62, 0x08, 0x62, 0x08, 0x62, 0x08, 0x62, 0x08, 0x62, 0x08, 0x62, 0x08, 0x62, 0x08,
    0x62, 0x08, 0x62, 0x08, 0x62, 0x08, 0x62, 0x08, 0x62, 0x08, 0x62, 0x08, 0x62, 0x08, 0x62, 0x08,
    0x62, 0x08, 0x62, 0x08, 0x62, 0x08, 0x62, 0x08, 0x62, 0x08, 0x62, 0x08, 0x62, 0x08, 0x62, 0x08,
    0x62, 0x08, 0x62, 0x08, 0x62, 0x08, 0x62, 0x08, 0x62, 0x08, 0x62, 0x08, 0x62, 0x08, 0x62, 0x08,
    0x62, 0x08, 0x62, 0x08, 0x62, 0x08, 0x62, 0x08, 0x62, 0x08, 0x62, 0x08, 0x62, 0x08, 0x62, 0x08,
    0x62, 0x08, 0x62, 0x08, 0x62, 0x08, 0x62, 0x08, 0x62, 0x08, 0x62, 0x08, 0x62, 0x08, 0x62, 0x08,
    0x62, 0x08, 0x62, 0x08, 0x62, 0x08, 0x62, 0x08, 0x62, 0x08, 0x62, 0x08, 0x62, 0x08, 0x62, 0x08,
    0x62, 0x08, 0x62, 0x08, 0x62, 0x08, 0x62, 0x08, 0x62, 0x08, 0x62, 0x08, 0x62, 0x08, 0x62, 0x08,
    0x62, 0x08, 0x62, 0x08, 0x62, 0x08, 0x62, 0x08, 0x62, 0x08, 0x62, 0x08, 0x62, 0x08, 0x62, 0x08,
    0x62, 0x08, 0x62, 0x08, 0x62, 0x08, 0x62, 0x08, 0x62, 0x08, 0x62, 0x08, 0x62, 0x08, 0x62, 0x08,
    0x62, 0x08, 0x62, 0x08, 0x62, 0x08, 0x62, 0x08, 0x62, 0x08, 0x62, 0x08, 0x62, 0x08, 0x62, 0x08,
    0x62, 0x08, 0x62, 0x08, 0x62, 0x08, 0x62, 0x08, 0x62, 0x08, 0x62, 0x08, 0x62, 0x08, 0x62, 0x08,
    0x82, 0x08, 0x82, 0x08, 0x82, 0x08, 0x82, 0x08, 0x82, 0x08, 0x82, 0x08, 0x82, 0x08, 0x82, 0x08,
    0x82, 0x08, 0x82, 0x08, 0x82, 0x08, 0x82, 0x08, 0x83, 0x08, 0x83, 0x08, 0x83, 0x08, 0x83, 0x08,
    0x83, 0x08, 0x83, 0x08, 0x83, 0x08, 0x83, 0x08, 0x83, 0x08, 0x83, 0x08, 0x83, 0x08, 0x83, 0x08,
    0xA3, 0x08, 0xA3, 0x08, 0xA3, 0x08, 0xA3, 0x08, 0xA3, 0x08, 0xA3, 0x08, 0xA3, 0x08, 0xA3, 0x08,
    0xA3, 0x08, 0xA3, 0x08, 0xA3, 0x08, 0xA3, 0x08, 0xA3, 0x08, 0xA3, 0x08, 0xA3, 0x08, 0xA3, 0x08,
    0xA3, 0x08, 0xA3, 0x08, 0xA3, 0x08, 0xC3, 0x08, 0xC3, 0x08, 0xC3, 0x08, 0xC3, 0x08, 0xC3, 0x08,
    0xC3, 0x08, 0xC3, 0x08, 0xC4, 0x08, 0xC4, 0x08, 0xC4, 0x08, 0xC4, 0x08, 0xC4, 0x08, 0xC4, 0x08,
    0xC4, 0x08, 0xC4, 0x08, 0xC4, 0x08, 0xC4, 0x08, 0xC4, 0x08, 0xC4, 0x08, 0xC4, 0x08, 0xE4, 0x08,
    0xE4, 0x08, 0xE4, 0x08, 0xE4, 0x08, 0xE4, 0x08, 0xE4, 0x08, 0xE4, 0x08, 0xE4, 0x08, 0xE4, 0x08,
    0xE4, 0x08, 0xE4, 0x08, 0xE4, 0x08, 0xE4, 0x08, 0xE4, 0x08, 0xE4, 0x08, 0xE4, 0x08, 0xE4, 0x08,
    0xE4, 0x08, 0xE4, 0x08, 0xE4, 0x08, 0xE4, 0x08, 0xE4, 0x08, 0xE4, 0x08, 0xE4, 0x08, 0xE4, 0x08,
    0xE4, 0x08, 0xE4, 0x08, 0xE4, 0x08, 0xE4, 0x08, 0xE4, 0x08, 0xE4, 0x08, 0xE4, 0x08, 0xE4, 0x08,
    0xE4, 0x08, 0xE4, 0x08, 0xE4, 0x08, 0xE4, 0x08, 0xE4, 0x08, 0xE4, 0x08, 0xE4, 0x08, 0xE4, 0x08,
    0xE4, 0x08, 0xE4, 0x08, 0xE4, 0x08, 0xE4, 0x08, 0xE4, 0x08, 0xE4, 0x08, 0xE4, 0x08, 0xE4, 0x08,
    0xE4, 0x08, 0xE4, 0x08, 0xE4, 0x08, 0xE4, 0x08, 0xE4, 0x08, 0xE4, 0x08, 0xE4, 0x08, 0xE4, 0x08,
    0xE4, 0x08, 0xE4, 0x08, 0xE4, 0x08, 0xE4, 0x08, 0xE4, 0x08, 0xE4, 0x08, 0xE4, 0x08, 0xE4, 0x08,
    0xE4, 0x08, 0xE4, 0x08, 0xE4, 0x08, 0xE4, 0x08, 0xE4, 0x08, 0xC4, 0x08, 0xC4, 0x08, 0xC4, 0x08,
    0xC4, 0x08, 0xC4, 0x08, 0xC4, 0x08, 0xC4, 0x08, 0xC4, 0x08, 0xC4, 0x08, 0xC4, 0x08, 0xC4, 0x08,
    0xC4, 0x08, 0xC4, 0x08, 0xC3, 0x08, 0xC3, 0x08, 0xC3, 0x08, 0xC3, 0x08, 0xC3, 0x08, 0xC3, 0x08,
    0xC3, 0x08, 0xA3, 0x08, 0xA3, 0x08, 0xA3, 0x08, 0xA3, 0x08, 0xA3, 0x08, 0xA3, 0x08, 0xA3, 0x08,
    0xA3, 0x08, 0xA3, 0x08, 0xA3, 0x08, 0xA3, 0x08, 0xA3, 0x08, 0xA3, 0x08, 0xA3, 0x08, 0xA3, 0x08,
    0xA3, 0x08, 0xA3, 0x08, 0xA3, 0x08, 0xA3, 0x08, 0x83, 0x08, 0x83, 0x08, 0x83, 0x08, 0x83, 0x08,
    0x83, 0x08, 0x83, 0x08, 0x83, 0x08, 0x83, 0x08, 0x83, 0x08, 0x83, 0x08, 0x83, 0x08, 0x83, 0x08,
    0x82, 0x08, 0x82, 0x08, 0x82, 0x08, 0x82, 0x08, 0x82, 0x08, 0x82, 0x08, 0x82, 0x08, 0x82, 0x08,
    0x82, 0x08, 0x82, 0x08, 0x82, 0x08, 0x82, 0x08, 0x62, 0x08, 0x62, 0x08, 0x62, 0x08, 0x62, 0x08,
    0x62, 0x08, 0x62, 0x08, 0x62, 0x08, 0x62, 0x08, 0x62, 0x08, 0x62, 0x08, 0x62, 0x08, 0x62, 0x08,
    0x62, 0x08, 0x62, 0x08, 0x62, 0x08, 0x62, 0x08, 0x62, 0x08, 0x62, 0x08, 0x62, 0x08, 0x62, 0x08,
    0x62, 0x08, 0x62, 0x08, 0x62, 0x08, 0x62, 0x08, 0x62, 0x08, 0x62, 0x08, 0x62, 0x08, 0x62, 0x08,
    0x62, 0x08, 0x62, 0x08, 0x62, 0x08, 0x62, 0x08, 0x62, 0x08, 0x62, 0x08, 0x62, 0x08, 0x62, 0x08,
    0x62, 0x08, 0x62, 0x08, 0x62, 0x08, 0x62, 0x08, 0x62, 0x08, 0x62, 0x08, 0x62, 0x08, 0x62, 0x08,
    0x62, 0x08, 0x62, 0x08, 0x62, 0x08, 0x62, 0x08, 0x62, 0x08, 0x62, 0x08, 0x62, 0x08, 0x62, 0x08,
    0x62, 0x08, 0x62, 0x08, 0x62, 0x08, 0x62, 0x08, 0x62, 0x08, 0x62, 0x08, 0x62, 0x08, 0x62, 0x08,
    0x62, 0x08, 0x62, 0x08, 0x62, 0x08, 0x62, 0x08, 0x62, 0x08, 0x62, 0x08, 0x62, 0x08, 0x62, 0x08,
    0x62, 0x08, 0x62, 0x08, 0x62, 0x08, 0x62, 0x08, 0x62, 0x08, 0x62, 0x08, 0x62, 0x08, 0x62, 0x08,
    0x62, 0x08, 0x62, 0x08, 0x62, 0x08, 0x62, 0x08, 0x62, 0x08, 0x62, 0x08, 0x62, 0x08, 0x62, 0x08,
    0x62, 0x08, 0x62, 0x08, 0x62, 0x08, 0x62, 0x08, 0x62, 0x08, 0x62, 0x08, 0x62, 0x08, 0x62, 0x08,
    0x62, 0x08, 0x62, 0x08, 0x62, 0x08, 0x62, 0x08, 0x62, 0x08, 0x62, 0x08, 0x62, 0x08, 0x62, 0x08,
    0x62, 0x08, 0x62, 0x08, 0x62, 0x08, 0x62, 0x08, 0x62, 0x08, 0x62, 0x08, 0x62, 0x08, 0x62, 0x08,
    0x62, 0x08, 0x62, 0x08, 0x62, 0x08, 0x62, 0x08, 0x62, 0x08, 0x62, 0x08, 0x62, 0x08, 0x62, 0x08,
    0x62, 0x08, 0x62, 0x08, 0x62, 0x08, 0x62, 0x08, 0x62, 0x08, 0x62, 0x08, 0x62, 0x08, 0x62, 0x08,
    0x62, 0x08, 0x62, 0x08, 0x62, 0x08, 0x62, 0x08, 0x62, 0x08, 0x62, 0x08, 0x62, 0x08, 0x62, 0x08,
    0x62, 0x08, 0x62, 0x08, 0x62, 0x08, 0x62, 0x08, 0x62, 0x08, 0x62, 0x08, 0x62, 0x08, 0x62, 0x08,
    0x62, 0x08, 0x62, 0x08, 0x62, 0x08, 0x62, 0x08, 0x62, 0x08, 0x82, 0x08, 0x82, 0x08, 0x82, 0x08,
    0x82, 0x08, 0x82, 0x08, 0x82, 0x08, 0x82, 0x08, 0x82, 0x08, 0x82, 0x08, 0x82, 0x08, 0x82, 0x08,
    0x82, 0x08, 0x83, 0x08, 0x83, 0x08, 0x83, 0x08, 0x83, 0x08, 0x83, 0x08, 0x83, 0x08, 0x83, 0x08,
    0x83, 0x08, 0x83, 0x08, 0x83, 0x08, 0x83, 0x08, 0x83, 0x08, 0xA3, 0x08, 0xA3, 0x08, 0xA3, 0x08,
    0xA3, 0x08, 0xA3, 0x08, 0xA3, 0x08, 0xA3, 0x08, 0xA3, 0x08, 0xA3, 0x08, 0xA3, 0x08, 0xA3, 0x08,
    0xA3, 0x08, 0xA3, 0x08, 0xA3, 0x08, 0xA3, 0x08, 0xA3, 0x08, 0xA3, 0x08, 0xA3, 0x08, 0xA3, 0x08,
    0xA3, 0x08, 0xC3, 0x08, 0xC3, 0x08, 0xC3, 0x08, 0xC3, 0x08, 0xC3, 0x08, 0xC3, 0x08, 0xC3, 0x08,
    0xC4, 0x08, 0xC4, 0x08, 0xC4, 0x08, 0xC4, 0x08, 0xC4, 0x08, 0xC4, 0x08, 0xC4, 0x08, 0xC4, 0x08,
    0xC4, 0x08, 0xC4, 0x08, 0xC4, 0x08, 0xC4, 0x08, 0xC4, 0x08, 0xC4, 0x08, 0xE4, 0x08, 0xE4, 0x08,
    0xE4, 0x08, 0xE4, 0x08, 0xE4, 0x08, 0xE4, 0x08, 0xE4, 0x08, 0xE4, 0x08, 0xE4, 0x08, 0xE4, 0x08,
    0xE4, 0x08, 0xE4, 0x08, 0xE4, 0x08, 0xE4, 0x08, 0xE4, 0x08, 0xE4, 0x08, 0xE4, 0x08, 0xE4, 0x08,
    0xE4, 0x08, 0xE4, 0x08, 0xE4, 0x08, 0xE4, 0x08, 0xE4, 0x08, 0xE4, 0x08, 0xE4, 0x08, 0xE4, 0x08,
    0xE4, 0x08, 0xE4, 0x08, 0xE4, 0x08, 0xE4, 0x08, 0xE4, 0x08, 0xE4, 0x08, 0xE4, 0x08, 0xE4, 0x08,
    0xE4, 0x08, 0xE4, 0x08, 0xE4, 0x08, 0xE4, 0x08, 0xE4, 0x08, 0xE4, 0x08, 0xE4, 0x08, 0xE4, 0x08,
    0xE4, 0x08, 0xE4, 0x08, 0xE4, 0x08, 0xE4, 0x08, 0xE4, 0x08, 0xE4, 0x08, 0xE4, 0x08, 0xE4, 0x08,
    0xE4, 0x08, 0xE4, 0x08, 0xE4, 0x08, 0xE4, 0x08, 0xE4, 0x08, 0xE4, 0x08, 0xE4, 0x08, 0xE4, 0x08,
    0xE4, 0x08, 0xE4, 0x08, 0xE4, 0x08, 0xE4, 0x08, 0xE4, 0x08, 0xE4, 0x08, 0xE4, 0x08, 0xC4, 0x08,
    0xC4, 0x08, 0xC4, 0x08, 0xC4, 0x08, 0xC4, 0x08, 0xC4, 0x08, 0xC4, 0x08, 0xC4, 0x08, 0xC4, 0x08,
    0xC4, 0x08, 0xC4, 0x08, 0xC4, 0x08, 0xC4, 0x08, 0xC4, 0x08, 0xC3, 0x08, 0xC3, 0x08, 0xC3, 0x08,
    0xC3, 0x08, 0xC3, 0x08, 0xC3, 0x08, 0xC3, 0x08, 0xA3, 0x08, 0xA3, 0x08, 0xA3, 0x08, 0xA3, 0x08,
    0xA3, 0x08, 0xA3, 0x08, 0xA3, 0x08, 0xA3, 0x08, 0xA3, 0x08, 0xA3, 0x08, 0xA3, 0x08, 0xA3, 0x08,
    0xA3, 0x08, 0xA3, 0x08, 0xA3, 0x08, 0xA3, 0x08, 0xA3, 0x08, 0xA3, 0x08, 0xA3, 0x08, 0x83, 0x08,
    0x83, 0x08, 0x83, 0x08, 0x83, 0x08, 0x83, 0x08, 0x83, 0x08, 0x83, 0x08, 0x83, 0x08, 0x83, 0x08,
    0x83, 0x08, 0x83, 0x08, 0x83, 0x08, 0x82, 0x08, 0x82, 0x08, 0x82, 0x08, 0x82, 0x08, 0x82, 0x08,
    0x82, 0x08, 0x82, 0x08, 0x82, 0x08, 0x82, 0x08, 0x82, 0x08, 0x82, 0x08, 0x82, 0x08, 0x62, 0x08,
    0x62, 0x08, 0x62, 0x08, 0x62, 0x08, 0x62, 0x08, 0x62, 0x08, 0x62, 0x08, 0x62, 0x08, 0x62, 0x08,
    0x62, 0x08, 0x62, 0x08, 0x62, 0x08, 0x62, 0x08, 0x62, 0x08, 0x62, 0x08, 0x62, 0x08, 0x62, 0x08,
    0x62, 0x08, 0x62, 0x08, 0x62, 0x08, 0x62, 0x08, 0x62, 0x08, 0x62, 0x08, 0x62, 0x08, 0x62, 0x08,
    0x62, 0x08, 0x62, 0x08, 0x62, 0x08, 0x62, 0x08, 0x62, 0x08, 0x62, 0x08, 0x62, 0x08, 0x62, 0x08,
    0x62, 0x08, 0x62, 0x08, 0x62, 0x08, 0x62, 0x08, 0x62, 0x08, 0x62, 0x08, 0x62, 0x08, 0x62, 0x08,
    0x62, 0x08, 0x62, 0x08, 0x62, 0x08, 0x62, 0x08, 0x62, 0x08, 0x62, 0x08, 0x62, 0x08, 0x62, 0x08,
    0x62, 0x08, 0x62, 0x08, 0x62, 0x08, 0x62, 0x08, 0x62, 0x08, 0x62, 0x08, 0x62, 0x08, 0x62, 0x08,
    0x62, 0x08, 0x62, 0x08, 0x62, 0x08, 0x62, 0x08, 0x62, 0x08, 0x62, 0x08, 0x62, 0x08, 0x62, 0x08,
    0x62, 0x08, 0x62, 0x08, 0x62, 0x08, 0x62, 0x08, 0x62, 0x08, 0x62, 0x08, 0x62, 0x08, 0x62, 0x08,
    0x62, 0x08, 0x62, 0x08, 0x62, 0x08, 0x62, 0x08, 0x62, 0x08, 0x62, 0x08, 0x62, 0x08, 0x62, 0x08,
    0x62, 0x08, 0x62, 0x08, 0x62, 0x08, 0x62, 0x08, 0x62, 0x08, 0x62, 0x08, 0x62, 0x08, 0x62, 0x08,
    0x62, 0x08, 0x62, 0x08, 0x62, 0x08, 0x62, 0x08, 0x62, 0x08, 0x62, 0x08, 0x62, 0x08, 0x62, 0x08,
    0x62, 0x08, 0x62, 0x08, 0x62, 0x08, 0x62, 0x08, 0x62, 0x08, 0x62, 0x08, 0x62, 0x08, 0x62, 0x08,
    0x62, 0x08, 0x62, 0x08, 0x62, 0x08, 0x62, 0x08, 0x62, 0x08, 0x62, 0x08, 0x62, 0x08, 0x62, 0x08,
    0x62, 0x08, 0x62, 0x08, 0x62, 0x08, 0x62, 0x08, 0x62, 0x08, 0x62, 0x08, 0x62, 0x08, 0x62, 0x08,
    0x62, 0x08, 0x62, 0x08, 0x62, 0x08, 0x62, 0x08, 0x62, 0x08, 0x62, 0x08, 0x62, 0x08, 0x62, 0x08,
    0x62, 0x08, 0x62, 0x08, 0x62, 0x08, 0x62, 0x08, 0x62, 0x08, 0x62, 0x08, 0x62, 0x08, 0x62, 0x08,
    0x62, 0x08, 0x62, 0x08, 0x62, 0x08, 0x62, 0x08, 0x62, 0x08, 0x62, 0x08, 0x62, 0x08, 0x62, 0x08,
    0x62, 0x08, 0x62, 0x08, 0x82, 0x08, 0x82, 0x08, 0x82, 0x08, 0x82, 0x08, 0x82, 0x08, 0x82, 0x08,
    0x82, 0x08, 0x82, 0x08, 0x82, 0x08, 0x82, 0x08, 0x82, 0x08, 0x82, 0x08, 0x83, 0x08, 0x83, 0x08,
    0x83, 0x08, 0x83, 0x08, 0x83, 0x08, 0x83, 0x08, 0x83, 0x08, 0x83, 0x08, 0x83, 0x08, 0x83, 0x08,
    0x83, 0x08, 0x83, 0x08, 0xA3, 0x08, 0xA3, 0x08, 0xA3, 0x08, 0xA3, 0x08, 0xA3, 0x08, 0xA3, 0x08,
    0xA3, 0x08, 0xA3, 0x08, 0xA3, 0x08, 0xA3, 0x08, 0xA3, 0x08, 0xA3, 0x08, 0xA3, 0x08, 0xA3, 0x08,
    0xA3, 0x08, 0xA3, 0x08, 0xA3, 0x08, 0xA3, 0x08, 0xA3, 0x08, 0xA3, 0x08, 0xC3, 0x08, 0xC3, 0x08,
    0xC3, 0x08, 0xC3, 0x08, 0xC3, 0x08, 0xC3, 0x08, 0xC3, 0x08, 0xC4, 0x08, 0xC4, 0x08, 0xC4, 0x08,
    0xC4, 0x08, 0xC4, 0x08, 0xC4, 0x08, 0xC4, 0x08, 0xC4, 0x08, 0xC4, 0x08, 0xC4, 0x08, 0xC4, 0x08,
    0xC4, 0x08, 0xC4, 0x08, 0xC4, 0x08, 0xC4, 0x08, 0xE4, 0x08, 0xE4, 0x08, 0xE4, 0x08, 0xE4, 0x08,
    0xE4, 0x08, 0xE4, 0x08, 0xE4, 0x08, 0xE4, 0x08, 0xE4, 0x08, 0xE4, 0x08, 0xE4, 0x08, 0xE4, 0x08,
    0xE4, 0x08, 0xE4, 0x08, 0xE4, 0x08, 0xE4, 0x08, 0xE4, 0x08, 0xE4, 0x08, 0xE4, 0x08, 0xE4, 0x08,
    0xE4, 0x08, 0xE4, 0x08, 0xE4, 0x08, 0xE4, 0x08, 0xE4, 0x08, 0xE4, 0x08, 0xE4, 0x08, 0xE4, 0x08,
    0xE4, 0x08, 0xE4, 0x08, 0xE4, 0x08, 0xE4, 0x08, 0xE4, 0x08, 0xE4, 0x08, 0xE4, 0x08, 0xE4, 0x08,
    0xE4, 0x08, 0xE4, 0x08, 0xE4, 0x08, 0xE4, 0x08, 0xE4, 0x08, 0xE4, 0x08, 0xE4, 0x08, 0xE4, 0x08,
    0xE4, 0x08, 0xE4, 0x08, 0xE4, 0x08, 0xE4, 0x08, 0xE4, 0x08, 0xE4, 0x08, 0xE4, 0x08, 0xE4, 0x08,
    0xE4, 0x08, 0xE4, 0x08, 0xE4, 0x08, 0xE4, 0x08, 0xE4, 0x08, 0xE4, 0x08, 0xE4, 0x08, 0xE4, 0x08,
    0xC4, 0x08, 0xC4, 0x08, 0xC4, 0x08, 0xC4, 0x08, 0xC4, 0x08, 0xC4, 0x08, 0xC4, 0x08, 0xC4, 0x08,
    0xC4, 0x08, 0xC4, 0x08, 0xC4, 0x08, 0xC4, 0x08, 0xC4, 0x08, 0xC4, 0x08, 0xC4, 0x08, 0xC3, 0x08,
    0xC3, 0x08, 0xC3, 0x08, 0xC3, 0x08, 0xC3, 0x08, 0xC3, 0x08, 0xC3, 0x08, 0xA3, 0x08, 0xA3, 0x08,
    0xA3, 0x08, 0xA3, 0x08, 0xA3, 0x08, 0xA3, 0x08, 0xA3, 0x08, 0xA3, 0x08, 0xA3, 0x08, 0xA3, 0x08,
    0xA3, 0x08, 0xA3, 0x08, 0xA3, 0x08, 0xA3, 0x08, 0xA3, 0x08, 0xA3, 0x08, 0xA3, 0x08, 0xA3, 0x08,
    0xA3, 0x08, 0xA3, 0x08, 0x83, 0x08, 0x83, 0x08, 0x83, 0x08, 0x83, 0x08, 0x83, 0x08, 0x83, 0x08,
    0x83, 0x08, 0x83, 0x08, 0x83, 0x08, 0x83, 0x08, 0x83, 0x08, 0x83, 0x08, 0x82, 0x08, 0x82, 0x08,
    0x82, 0x08, 0x82, 0x08, 0x82, 0x08, 0x82, 0x08, 0x82, 0x08, 0x82, 0x08, 0x82, 0x08, 0x82, 0x08,
    0x82, 0x08, 0x82, 0x08, 0x62, 0x08, 0x62, 0x08, 0x62, 0x08, 0x62, 0x08, 0x62, 0x08, 0x62, 0x08,
    0x62, 0x08, 0x62, 0x08, 0x62, 0x08, 0x62, 0x08, 0x62, 0x08, 0x62, 0x08, 0x62, 0x08, 0x62, 0x08,
    0x62, 0x08, 0x62, 0x08, 0x62, 0x08, 0x62, 0x08, 0x62, 0x08, 0x62, 0x08, 0x62, 0x08, 0x62, 0x08,
    0x62, 0x08, 0x62, 0x08, 0x62, 0x08, 0x62, 0x08, 0x62, 0x08, 0x62, 0x08, 0x62, 0x08, 0x62, 0x08,
    0x62, 0x08, 0x62, 0x08, 0x62, 0x08, 0x62, 0x08, 0x62, 0x08, 0x62, 0x08, 0x62, 0x08, 0x62, 0x08,
    0x62, 0x08, 0x62, 0x08, 0x62, 0x08, 0x62, 0x08, 0x62, 0x08, 0x62, 0x08, 0x62, 0x08, 0x62, 0x08,
    0x62, 0x08, 0x62, 0x08, 0x62, 0x08, 0x62, 0x08, 0x62, 0x08, 0x62, 0x08, 0x62, 0x08, 0x62, 0x08,
    0x62, 0x08, 0x62, 0x08, 0x62, 0x08, 0x62, 0x08, 0x62, 0x08, 0x62, 0x08, 0x62, 0x08, 0x62, 0x08,
    0x62, 0x08, 0x62, 0x08, 0x62, 0x08, 0x62, 0x08, 0x62, 0x08, 0x62, 0x08, 0x62, 0x08, 0x62, 0x08,
    0x62, 0x08, 0x62, 0x08, 0x62, 0x08, 0x62, 0x08, 0x62, 0x08, 0x62, 0x08, 0x62, 0x08, 0x62, 0x08,
    0x62, 0x08, 0x62, 0x08, 0x62, 0x08, 0x62, 0x08, 0x62, 0x08, 0x62, 0x08, 0x62, 0x08, 0x62, 0x08,
    0x62, 0x08, 0x62, 0x08, 0x62, 0x08, 0x62, 0x08, 0x62, 0x08, 0x62, 0x08, 0x62, 0x08, 0x62, 0x08,
    0x62, 0x08, 0x62, 0x08, 0x62, 0x08, 0x62, 0x08, 0x62, 0x08, 0x62, 0x08, 0x62, 0x08, 0x62, 0x08,
    0x62, 0x08, 0x62, 0x08, 0x62, 0x08, 0x62, 0x08, 0x62, 0x08, 0x62, 0x08, 0x62, 0x08, 0x62, 0x08,
    0x62, 0x08, 0x62, 0x08, 0x62, 0x08, 0x62, 0x08, 0x62, 0x08, 0x62, 0x08, 0x62, 0x08, 0x62, 0x08,
    0x62, 0x08, 0x62, 0x08, 0x62, 0x08, 0x62, 0x08, 0x62, 0x08, 0x62, 0x08, 0x62, 0x08, 0x62, 0x08,
    0x62, 0x08, 0x62, 0x08, 0x62, 0x08, 0x62, 0x08, 0x62, 0x08, 0x62, 0x08, 0x62, 0x08, 0x62, 0x08,
    0x62, 0x08, 0x62, 0x08, 0x62, 0x08, 0x62, 0x08, 0x62, 0x08, 0x62, 0x08, 0x62, 0x08, 0x62, 0x08,
    0x62, 0x08, 0x62, 0x08, 0x62, 0x08, 0x62, 0x08, 0x62, 0x08, 0x62, 0x08, 0x62, 0x08, 0x82, 0x08,
    0x82, 0x08, 0x82, 0x08, 0x82, 0x08, 0x82, 0x08, 0x82, 0x08, 0x82, 0x08, 0x82, 0x08, 0x82, 0x08,
    0x82, 0x08, 0x82, 0x08, 0x82, 0x08, 0x83, 0x08, 0x83, 0x08, 0x83, 0x08, 0x83, 0x08, 0x83, 0x08,
    0x83, 0x08, 0x83, 0x08, 0x83, 0x08, 0x83, 0x08, 0x83, 0x08, 0x83, 0x08, 0x83, 0x08, 0xA3, 0x08,
    0xA3, 0x08, 0xA3, 0x08, 0xA3, 0x08, 0xA3, 0x08, 0xA3, 0x08, 0xA3, 0x08, 0xA3, 0x08, 0xA3, 0x08,
    0xA3, 0x08, 0xA3, 0x08, 0xA3, 0x08, 0xA3, 0x08, 0xA3, 0x08, 0xA3, 0x08, 0xA3, 0x08, 0xA3, 0x08,
    0xA3, 0x08, 0xA3, 0x08, 0xA3, 0x08, 0xA3, 0x08, 0xC3, 0x08, 0xC3, 0x08, 0xC3, 0x08, 0xC3, 0x08,
    0xC3, 0x08, 0xC3, 0x08, 0xC3, 0x08, 0xC4, 0x08, 0xC4, 0x08, 0xC4, 0x08, 0xC4, 0x08, 0xC4, 0x08,
    0xC4, 0x08, 0xC4, 0x08, 0xC4, 0x08, 0xC4, 0x08, 0xC4, 0x08, 0xC4, 0x08, 0xC4, 0x08, 0xC4, 0x08,
    0xC4, 0x08, 0xC4, 0x08, 0xC4, 0x08, 0xE4, 0x08, 0xE4, 0x08, 0xE4, 0x08, 0xE4, 0x08, 0xE4, 0x08,
    0xE4, 0x08, 0xE4, 0x08, 0xE4, 0x08, 0xE4, 0x08, 0xE4, 0x08, 0xE4, 0x08, 0xE4, 0x08, 0xE4, 0x08,
    0xE4, 0x08, 0xE4, 0x08, 0xE4, 0x08, 0xE4, 0x08, 0xE4, 0x08, 0xE4, 0x08, 0xE4, 0x08, 0xE4, 0x08,
    0xE4, 0x08, 0xE4, 0x08, 0xE4, 0x08, 0xE4, 0x08, 0xE4, 0x08, 0xE4, 0x08, 0xE4, 0x08, 0xE4, 0x08,
    0xE4, 0x08, 0xE4, 0x08, 0xE4, 0x08, 0xE4, 0x08, 0xE4, 0x08, 0xE4, 0x08, 0xE4, 0x08, 0xE4, 0x08,
    0xE4, 0x08, 0xE4, 0x08, 0xE4, 0x08, 0xE4, 0x08, 0xE4, 0x08, 0xE4, 0x08, 0xE4, 0x08, 0xE4, 0x08,
    0xE4, 0x08, 0xE4, 0x08, 0xE4, 0x08, 0xE4, 0x08, 0xE4, 0x08, 0xE4, 0x08, 0xE4, 0x08, 0xE4, 0x08,
    0xE4, 0x08, 0xC4, 0x08, 0xC4, 0x08, 0xC4, 0x08, 0xC4, 0x08, 0xC4, 0x08, 0xC4, 0x08, 0xC4, 0x08,
    0xC4, 0x08, 0xC4, 0x08, 0xC4, 0x08, 0xC4, 0x08, 0xC4, 0x08, 0xC4, 0x08, 0xC4, 0x08, 0xC4, 0x08,
    0xC4, 0x08, 0xC3, 0x08, 0xC3, 0x08, 0xC3, 0x08, 0xC3, 0x08, 0xC3, 0x08, 0xC3, 0x08, 0xC3, 0x08,
    0xA3, 0x08, 0xA3, 0x08, 0xA3, 0x08, 0xA3, 0x08, 0xA3, 0x08, 0xA3, 0x08, 0xA3, 0x08, 0xA3, 0x08,
    0xA3, 0x08, 0xA3, 0x08, 0xA3, 0x08, 0xA3, 0x08, 0xA3, 0x08, 0xA3, 0x08, 0xA3, 0x08, 0xA3, 0x08,
    0xA3, 0x08, 0xA3, 0x08, 0xA3, 0x08, 0xA3, 0x08, 0xA3, 0x08, 0x83, 0x08, 0x83, 0x08, 0x83, 0x08,
    0x83, 0x08, 0x83, 0x08, 0x83, 0x08, 0x83, 0x08, 0x83, 0x08, 0x83, 0x08, 0x83, 0x08, 0x83, 0x08,
    0x83, 0x08, 0x82, 0x08, 0x82, 0x08, 0x82, 0x08, 0x82, 0x08, 0x82, 0x08, 0x82, 0x08, 0x82, 0x08,
    0x82, 0x08, 0x82, 0x08, 0x82, 0x08, 0x82, 0x08, 0x82, 0x08, 0x62, 0x08, 0x62, 0x08, 0x62, 0x08,
    0x62, 0x08, 0x62, 0x08, 0x62, 0x08, 0x62, 0x08, 0x62, 0x08, 0x62, 0x08, 0x62, 0x08, 0x62, 0x08,
    0x62, 0x08, 0x62, 0x08, 0x62, 0x08, 0x62, 0x08, 0x62, 0x08, 0x62, 0x08, 0x62, 0x08, 0x62, 0x08,
    0x62, 0x08, 0x62, 0x08, 0x62, 0x08, 0x62, 0x08, 0x62, 0x08, 0x62, 0x08, 0x62, 0x08, 0x62, 0x08,
    0x62, 0x08, 0x62, 0x08, 0x62, 0x08, 0x62, 0x08, 0x62, 0x08, 0x62, 0x08, 0x62, 0x08, 0x62, 0x08,
    0x62, 0x08, 0x62, 0x08, 0x62, 0x08, 0x62, 0x08, 0x62, 0x08, 0x62, 0x08, 0x62, 0x08, 0x62, 0x08,
    0x62, 0x08, 0x62, 0x08, 0x62, 0x08, 0x62, 0x08, 0x62, 0x08, 0x62, 0x08, 0x62, 0x08, 0x62, 0x08,
    0x62, 0x08, 0x62, 0x08, 0x62, 0x08, 0x62, 0x08, 0x62, 0x08, 0x62, 0x08, 0x62, 0x08, 0x62, 0x08,
    0x62, 0x08, 0x62, 0x08, 0x62, 0x08, 0x62, 0x08, 0x62, 0x08, 0x62, 0x08, 0x62, 0x08, 0x62, 0x08,
    0x62, 0x08, 0x62, 0x08, 0x62, 0x08, 0x62, 0x08, 0x62, 0x08, 0x62, 0x08, 0x62, 0x08, 0x62, 0x08,
    0x62, 0x08, 0x62, 0x08, 0x62, 0x08, 0x62, 0x08, 0x62, 0x08, 0x62, 0x08, 0x62, 0x08, 0x62, 0x08,
    0x62, 0x08, 0x62, 0x08, 0x62, 0x08, 0x62, 0x08, 0x62, 0x08, 0x62, 0x08, 0x62, 0x08, 0x62, 0x08,
    0x62, 0x08, 0x62, 0x08, 0x62, 0x08, 0x62, 0x08, 0x62, 0x08, 0x62, 0x08, 0x62, 0x08, 0x62, 0x08,
    0x62, 0x08, 0x62, 0x08, 0x62, 0x08, 0x62, 0x08, 0x62, 0x08, 0x62, 0x08, 0x62, 0x08, 0x62, 0x08,
    0x62, 0x08, 0x62, 0x08, 0x62, 0x08, 0x62, 0x08, 0x62, 0x08, 0x62, 0x08, 0x62, 0x08, 0x62, 0x08,
    0x62, 0x08, 0x62, 0x08, 0x62, 0x08, 0x62, 0x08, 0x62, 0x08, 0x62, 0x08, 0x62, 0x08, 0x62, 0x08,
    0x62, 0x08, 0x62, 0x08, 0x62, 0x08, 0x62, 0x08, 0x62, 0x08, 0x62, 0x08, 0x62, 0x08, 0x62, 0x08,
    0x62, 0x08, 0x62, 0x08, 0x62, 0x08, 0x62, 0x08, 0x62, 0x08, 0x62, 0x08, 0x62, 0x08, 0x62, 0x08,
    0x62, 0x08, 0x62, 0x08, 0x62, 0x08, 0x62, 0x08, 0x62, 0x08, 0x62, 0x08, 0x62, 0x08, 0x62, 0x08,
    0x62, 0x08, 0x62, 0x08, 0x62, 0x08, 0x62, 0x08, 0x82, 0x08, 0x82, 0x08, 0x82, 0x08, 0x82, 0x08,
    0x82, 0x08, 0x82, 0x08, 0x82, 0x08, 0x82, 0x08, 0x82, 0x08, 0x82, 0x08, 0x82, 0x08, 0x82, 0x08,
    0x83, 0x08, 0x83, 0x08, 0x83, 0x08, 0x83, 0x08, 0x83, 0x08, 0x83, 0x08, 0x83, 0x08, 0x83, 0x08,
    0x83, 0x08, 0x83, 0x08, 0x83, 0x08, 0x83, 0x08, 0x83, 0x08, 0xA3, 0x08, 0xA3, 0x08, 0xA3, 0x08,
    0xA3, 0x08, 0xA3, 0x08, 0xA3, 0x08, 0xA3, 0x08, 0xA3, 0x08, 0xA3, 0x08, 0xA3, 0x08, 0xA3, 0x08,
    0xA3, 0x08, 0xA3, 0x08, 0xA3, 0x08, 0xA3, 0x08, 0xA3, 0x08, 0xA3, 0x08, 0xA3, 0x08, 0xA3, 0x08,
    0xA3, 0x08, 0xC3, 0x08, 0xC3, 0x08, 0xC3, 0x08, 0xC3, 0x08, 0xC3, 0x08, 0xC3, 0x08, 0xC3, 0x08,
    0xC3, 0x08, 0xC4, 0x08, 0xC4, 0x08, 0xC4, 0x08, 0xC4, 0x08, 0xC4, 0x08, 0xC4, 0x08, 0xC4, 0x08,
    0xC4, 0x08, 0xC4, 0x08, 0xC4, 0x08, 0xC4, 0x08, 0xC4, 0x08, 0xC4, 0x08, 0xC4, 0x08, 0xC4, 0x08,
    0xC4, 0x08, 0xC4, 0x08, 0xE4, 0x08, 0xE4, 0x08, 0xE4, 0x08, 0xE4, 0x08, 0xE4, 0x08, 0xE4, 0x08,
    0xE4, 0x08, 0xE4, 0x08, 0xE4, 0x08, 0xE4, 0x08, 0xE4, 0x08, 0xE4, 0x08, 0xE4, 0x08, 0xE4, 0x08,
    0xE4, 0x08, 0xE4, 0x08, 0xE4, 0x08, 0xE4, 0x08, 0xE4, 0x08, 0xE4, 0x08, 0xE4, 0x08, 0xE4, 0x08,
    0xE4, 0x08, 0xE4, 0x08, 0xE4, 0x08, 0xE4, 0x08, 0xE4, 0x08, 0xE4, 0x08, 0xE4, 0x08, 0xE4, 0x08,
    0xE4, 0x08, 0xE4, 0x08, 0xE4, 0x08, 0xE4, 0x08, 0xE4, 0x08, 0xE4, 0x08, 0xE4, 0x08, 0xE4, 0x08,
    0xE4, 0x08, 0xE4, 0x08, 0xE4, 0x08, 0xE4, 0x08, 0xE4, 0x08, 0xE4, 0x08, 0xE4, 0x08, 0xE4, 0x08,
    0xE4, 0x08, 0xE4, 0x08, 0xC4, 0x08, 0xC4, 0x08, 0xC4, 0x08, 0xC4, 0x08, 0xC4, 0x08, 0xC4, 0x08,
    0xC4, 0x08, 0xC4, 0x08, 0xC4, 0x08, 0xC4, 0x08, 0xC4, 0x08, 0xC4, 0x08, 0xC4, 0x08, 0xC4, 0x08,
    0xC4, 0x08, 0xC4, 0x08, 0xC4, 0x08, 0xC3, 0x08, 0xC3, 0x08, 0xC3, 0x08, 0xC3, 0x08, 0xC3, 0x08,
    0xC3, 0x08, 0xC3, 0x08, 0xC3, 0x08, 0xA3, 0x08, 0xA3, 0x08, 0xA3, 0x08, 0xA3, 0x08, 0xA3, 0x08,
    0xA3, 0x08, 0xA3, 0x08, 0xA3, 0x08, 0xA3, 0x08, 0xA3, 0x08, 0xA3, 0x08, 0xA3, 0x08, 0xA3, 0x08,
    0xA3, 0x08, 0xA3, 0x08, 0xA3, 0x08, 0xA3, 0x08, 0xA3, 0x08, 0xA3, 0x08, 0xA3, 0x08, 0xA3, 0x08,
    0x83, 0x08, 0x83, 0x08, 0x83, 0x08, 0x83, 0x08, 0x83, 0x08, 0x83, 0x08, 0x83, 0x08, 0x83, 0x08,
    0x83, 0x08, 0x83, 0x08, 0x83, 0x08, 0x83, 0x08, 0x82, 0x08, 0x82, 0x08, 0x82, 0x08, 0x82, 0x08,
    0x82, 0x08, 0x82, 0x08, 0x82, 0x08, 0x82, 0x08, 0x82, 0x08, 0x82, 0x08, 0x82, 0x08, 0x82, 0x08,
    0x62, 0x08, 0x62, 0x08, 0x62, 0x08, 0x62, 0x08, 0x62, 0x08, 0x62, 0x08, 0x62, 0x08, 0x62, 0x08,
    0x62, 0x08, 0x62, 0x08, 0x62, 0x08, 0x62, 0x08, 0x62, 0x08, 0x62, 0x08, 0x62, 0x08, 0x62, 0x08,
    0x62, 0x08, 0x62, 0x08, 0x62, 0x08, 0x62, 0x08, 0x62, 0x08, 0x62, 0x08, 0x62, 0x08, 0x62, 0x08,
    0x62, 0x08, 0x62, 0x08, 0x62, 0x08, 0x62, 0x08, 0x62, 0x08, 0x62, 0x08, 0x62, 0x08, 0x62, 0x08,
    0x62, 0x08, 0x62, 0x08, 0x62, 0x08, 0x62, 0x08, 0x62, 0x08, 0x62, 0x08, 0x62, 0x08, 0x62, 0x08,
    0x62, 0x08, 0x62, 0x08, 0x62, 0x08, 0x62, 0x08, 0x62, 0x08, 0x62, 0x08, 0x62, 0x08, 0x62, 0x08,
    0x62, 0x08, 0x62, 0x08, 0x62, 0x08, 0x62, 0x08, 0x62, 0x08, 0x62, 0x08, 0x62, 0x08, 0x62, 0x08,
    0x62, 0x08, 0x62, 0x08, 0x62, 0x08, 0x62, 0x08, 0x62, 0x08, 0x62, 0x08, 0x62, 0x08, 0x62, 0x08,
    0x62, 0x08, 0x62, 0x08, 0x62, 0x08, 0x62, 0x08, 0x62, 0x08, 0x62, 0x08, 0x62, 0x08, 0x62, 0x08,
    0x62, 0x08, 0x62, 0x08, 0x62, 0x08, 0x62, 0x08, 0x62, 0x08, 0x62, 0x08, 0x62, 0x08, 0x62, 0x08,
    0x62, 0x08, 0x62, 0x08, 0x62, 0x08, 0x62, 0x08, 0x62, 0x08, 0x62, 0x08, 0x62, 0x08, 0x62, 0x08,
    0x62, 0x08, 0x62, 0x08, 0x62, 0x08, 0x62, 0x08, 0x62, 0x08, 0x62, 0x08, 0x62, 0x08, 0x62, 0x08,
    0x62, 0x08, 0x62, 0x08, 0x62, 0x08, 0x62, 0x08, 0x62, 0x08, 0x62, 0x08, 0x62, 0x08, 0x62, 0x08,
    0x62, 0x08, 0x62, 0x08, 0x62, 0x08, 0x62, 0x08, 0x62, 0x08, 0x62, 0x08, 0x62, 0x08, 0x62, 0x08,
    0x62, 0x08, 0x62, 0x08, 0x62, 0x08, 0x62, 0x08, 0x62, 0x08, 0x62, 0x08, 0x62, 0x08, 0x62, 0x08,
    0x62, 0x08, 0x62, 0x08, 0x62, 0x08, 0x62, 0x08, 0x62, 0x08, 0x62, 0x08, 0x62, 0x08, 0x62, 0x08,
    0x62, 0x08, 0x62, 0x08, 0x62, 0x08, 0x62, 0x08, 0x62, 0x08, 0x62, 0x08, 0x62, 0x08, 0x62, 0x08,
    0x62, 0x08, 0x62, 0x08, 0x62, 0x08, 0x62, 0x08, 0x62, 0x08, 0x62, 0x08, 0x62, 0x08, 0x62, 0x08,
    0x62, 0x08, 0x62, 0x08, 0x62, 0x08, 0x62, 0x08, 0x62, 0x08, 0x62, 0x08, 0x62, 0x08, 0x62, 0x08,
    0x62, 0x08, 0x82, 0x08, 0x82, 0x08, 0x82, 0x08, 0x82, 0x08, 0x82, 0x08, 0x82, 0x08, 0x82, 0x08,
    0x82, 0x08, 0x82, 0x08, 0x82, 0x08, 0x82, 0x08, 0x82, 0x08, 0x83, 0x08, 0x83, 0x08, 0x83, 0x08,
    0x83, 0x08, 0x83, 0x08, 0x83, 0x08, 0x83, 0x08, 0x83, 0x08, 0x83, 0x08, 0x83, 0x08, 0x83, 0x08,
    0x83, 0x08, 0x83, 0x08, 0xA3, 0x08, 0xA3, 0x08, 0xA3, 0x08, 0xA3, 0x08, 0xA3, 0x08, 0xA3, 0x08,
    0xA3, 0x08, 0xA3, 0x08, 0xA3, 0x08, 0xA3, 0x08, 0xA3, 0x08, 0xA3, 0x08, 0xA3, 0x08, 0xA3, 0x08,
    0xA3, 0x08, 0xA3, 0x08, 0xA3, 0x08, 0xA3, 0x08, 0xA3, 0x08, 0xA3, 0x08, 0xA3, 0x08, 0xC3, 0x08,
    0xC3, 0x08, 0xC3, 0x08, 0xC3, 0x08, 0xC3, 0x08, 0xC3, 0x08, 0xC3, 0x08, 0xC3, 0x08, 0xC4, 0x08,
    0xC4, 0x08, 0xC4, 0x08, 0xC4, 0x08, 0xC4, 0x08, 0xC4, 0x08, 0xC4, 0x08, 0xC4, 0x08, 0xC4, 0x08,
    0xC4, 0x08, 0xC4, 0x08, 0xC4, 0x08, 0xC4, 0x08, 0xC4, 0x08, 0xC4, 0x08, 0xC4, 0x08, 0xC4, 0x08,
    0xC4, 0x08, 0xC4, 0x08, 0xE4, 0x08, 0xE4, 0x08, 0xE4, 0x08, 0xE4, 0x08, 0xE4, 0x08, 0xE4, 0x08,
    0xE4, 0x08, 0xE4, 0x08, 0xE4, 0x08, 0xE4, 0x08, 0xE4, 0x08, 0xE4, 0x08, 0xE4, 0x08, 0xE4, 0x08,
    0xE4, 0x08, 0xE4, 0x08, 0xE4, 0x08, 0xE4, 0x08, 0xE4, 0x08, 0xE4, 0x08, 0xE4, 0x08, 0xE4, 0x08,
    0xE4, 0x08, 0xE4, 0x08, 0xE4, 0x08, 0xE4, 0x08, 0xE4, 0x08, 0xE4, 0x08, 0xE4, 0x08, 0xE4, 0x08,
    0xE4, 0x08, 0xE4, 0x08, 0xE4, 0x08, 0xE4, 0x08, 0xE4, 0x08, 0xE4, 0x08, 0xE4, 0x08, 0xE4, 0x08,
    0xE4, 0x08, 0xE4, 0x08, 0xC4, 0x08, 0xC4, 0x08, 0xC4, 0x08, 0xC4, 0x08, 0xC4, 0x08, 0xC4, 0x08,
    0xC4, 0x08, 0xC4, 0x08, 0xC4, 0x08, 0xC4, 0x08, 0xC4, 0x08, 0xC4, 0x08, 0xC4, 0x08, 0xC4, 0x08,
    0xC4, 0x08, 0xC4, 0x08, 0xC4, 0x08, 0xC4, 0x08, 0xC4, 0x08, 0xC3, 0x08, 0xC3, 0x08, 0xC3, 0x08,
    0xC3, 0x08, 0xC3, 0x08, 0xC3, 0x08, 0xC3, 0x08, 0xC3, 0x08, 0xA3, 0x08, 0xA3, 0x08, 0xA3, 0x08,
    0xA3, 0x08, 0xA3, 0x08, 0xA3, 0x08, 0xA3, 0x08, 0xA3, 0x08, 0xA3, 0x08, 0xA3, 0x08, 0xA3, 0x08,
    0xA3, 0x08, 0xA3, 0x08, 0xA3, 0x08, 0xA3, 0x08, 0xA3, 0x08, 0xA3, 0x08, 0xA3, 0x08, 0xA3, 0x08,
    0xA3, 0x08, 0xA3, 0x08, 0x83, 0x08, 0x83, 0x08, 0x83, 0x08, 0x83, 0x08, 0x83, 0x08, 0x83, 0x08,
    0x83, 0x08, 0x83, 0x08, 0x83, 0x08, 0x83, 0x08, 0x83, 0x08, 0x83, 0x08, 0x83, 0x08, 0x82, 0x08,
    0x82, 0x08, 0x82, 0x08, 0x82, 0x08, 0x82, 0x08, 0x82, 0x08, 0x82, 0x08, 0x82, 0x08, 0x82, 0x08,
    0x82, 0x08, 0x82, 0x08, 0x82, 0x08, 0x82, 0x08, 0x62, 0x08, 0x62, 0x08, 0x62, 0x08, 0x62, 0x08,
    0x62, 0x08, 0x62, 0x08, 0x62, 0x08, 0x62, 0x08, 0x62, 0x08, 0x62, 0x08, 0x62, 0x08, 0x62, 0x08,
    0x62, 0x08, 0x62, 0x08, 0x62, 0x08, 0x62, 0x08, 0x62, 0x08, 0x62, 0x08, 0x62, 0x08, 0x62, 0x08,
    0x62, 0x08, 0x62, 0x08, 0x62, 0x08, 0x62, 0x08, 0x62, 0x08, 0x62, 0x08, 0x62, 0x08, 0x62, 0x08,
    0x62, 0x08, 0x62, 0x08, 0x62, 0x08, 0x62, 0x08, 0x62, 0x08, 0x62, 0x08, 0x62, 0x08, 0x62, 0x08,
    0x62, 0x08, 0x62, 0x08, 0x62, 0x08, 0x62, 0x08, 0x62, 0x08, 0x62, 0x08, 0x62, 0x08, 0x62, 0x08,
    0x62, 0x08, 0x62, 0x08, 0x62, 0x08, 0x62, 0x08, 0x62, 0x08, 0x62, 0x08, 0x62, 0x08, 0x62, 0x08,
    0x62, 0x08, 0x62, 0x08, 0x62, 0x08, 0x62, 0x08, 0x62, 0x08, 0x62, 0x08, 0x62, 0x08, 0x62, 0x08,
    0x62, 0x08, 0x62, 0x08, 0x62, 0x08, 0x62, 0x08, 0x62, 0x08, 0x62, 0x08, 0x62, 0x08, 0x62, 0x08,
    0x62, 0x08, 0x62, 0x08, 0x62, 0x08, 0x62, 0x08, 0x62, 0x08, 0x62, 0x08, 0x62, 0x08, 0x62, 0x08,
    0x62, 0x08, 0x62, 0x08, 0x62, 0x08, 0x62, 0x08, 0x62, 0x08, 0x62, 0x08, 0x62, 0x08, 0x62, 0x08,
    0x62, 0x08, 0x62, 0x08, 0x62, 0x08, 0x62, 0x08, 0x62, 0x08, 0x62, 0x08, 0x62, 0x08, 0x62, 0x08,
    0x62, 0x08, 0x62, 0x08, 0x62, 0x08, 0x62, 0x08, 0x62, 0x08, 0x62, 0x08, 0x62, 0x08, 0x62, 0x08,
    0x62, 0x08, 0x62, 0x08, 0x62, 0x08, 0x62, 0x08, 0x62, 0x08, 0x62, 0x08, 0x62, 0x08, 0x62, 0x08,
    0x62, 0x08, 0x62, 0x08, 0x62, 0x08, 0x62, 0x08, 0x62, 0x08, 0x62, 0x08, 0x62, 0x08, 0x62, 0x08,
    0x62, 0x08, 0x62, 0x08, 0x62, 0x08, 0x62, 0x08, 0x62, 0x08, 0x62, 0x08, 0x62, 0x08, 0x62, 0x08,
    0x62, 0x08, 0x62, 0x08, 0x62, 0x08, 0x62, 0x08, 0x62, 0x08, 0x62, 0x08, 0x62, 0x08, 0x62, 0x08,
    0x62, 0x08, 0x62, 0x08, 0x62, 0x08, 0x62, 0x08, 0x62, 0x08, 0x62, 0x08, 0x62, 0x08, 0x62, 0x08,
    0x62, 0x08, 0x62, 0x08, 0x62, 0x08, 0x62, 0x08, 0x62, 0x08, 0x62, 0x08, 0x62, 0x08, 0x62, 0x08,
    0x62, 0x08, 0x62, 0x08, 0x62, 0x08, 0x62, 0x08, 0x62, 0x08, 0x62, 0x08, 0x82, 0x08, 0x82, 0x08,
    0x82, 0x08, 0x82, 0x08, 0x82, 0x08, 0x82, 0x08, 0x82, 0x08, 0x82, 0x08, 0x82, 0x08, 0x82, 0x08,
    0x82, 0x08, 0x82, 0x08, 0x83, 0x08, 0x83, 0x08, 0x83, 0x08, 0x83, 0x08, 0x83, 0x08, 0x83, 0x08,
    0x83, 0x08, 0x83, 0x08, 0x83, 0x08, 0x83, 0x08, 0x83, 0x08, 0x83, 0x08, 0x83, 0x08, 0xA3, 0x08,
    0xA3, 0x08, 0xA3, 0x08, 0xA3, 0x08, 0xA3, 0x08, 0xA3, 0x08, 0xA3, 0x08, 0xA3, 0x08, 0xA3, 0x08,
    0xA3, 0x08, 0xA3, 0x08, 0xA3, 0x08, 0xA3, 0x08, 0xA3, 0x08, 0xA3, 0x08, 0xA3, 0x08, 0xA3, 0x08,
    0xA3, 0x08, 0xA3, 0x08, 0xA3, 0x08, 0xA3, 0x08, 0xA3, 0x08, 0xC3, 0x08, 0xC3, 0x08, 0xC3, 0x08,
    0xC3, 0x08, 0xC3, 0x08, 0xC3, 0x08, 0xC3, 0x08, 0xC3, 0x08, 0xC3, 0x08, 0xC4, 0x08, 0xC4, 0x08,
    0xC4, 0x08, 0xC4, 0x08, 0xC4, 0x08, 0xC4, 0x08, 0xC4, 0x08, 0xC4, 0x08, 0xC4, 0x08, 0xC4, 0x08,
    0xC4, 0x08, 0xC4, 0x08, 0xC4, 0x08, 0xC4, 0x08, 0xC4, 0x08, 0xC4, 0x08, 0xC4, 0x08, 0xC4, 0x08,
    0xC4, 0x08, 0xC4, 0x08, 0xC4, 0x08, 0xE4, 0x08, 0xE4, 0x08, 0xE4, 0x08, 0xE4, 0x08, 0xE4, 0x08,
    0xE4, 0x08, 0xE4, 0x08, 0xE4, 0x08, 0xE4, 0x08, 0xE4, 0x08, 0xE4, 0x08, 0xE4, 0x08, 0xE4, 0x08,
    0xE4, 0x08, 0xE4, 0x08, 0xE4, 0x08, 0xE4, 0x08, 0xE4, 0x08, 0xE4, 0x08, 0xE4, 0x08, 0xE4, 0x08,
    0xE4, 0x08, 0xE4, 0x08, 0xE4, 0x08, 0xE4, 0x08, 0xE4, 0x08, 0xE4, 0x08, 0xE4, 0x08, 0xE4, 0x08,
    0xE4, 0x08, 0xC4, 0x08, 0xC4, 0x08, 0xC4, 0x08, 0xC4, 0x08, 0xC4, 0x08, 0xC4, 0x08, 0xC4, 0x08,
    0xC4, 0x08, 0xC4, 0x08, 0xC4, 0x08, 0xC4, 0x08, 0xC4, 0x08, 0xC4, 0x08, 0xC4, 0x08, 0xC4, 0x08,
    0xC4, 0x08, 0xC4, 0x08, 0xC4, 0x08, 0xC4, 0x08, 0xC4, 0x08, 0xC4, 0x08, 0xC4, 0x08, 0xC3, 0x08,
    0xC3, 0x08, 0xC3, 0x08, 0xC3, 0x08, 0xC3, 0x08, 0xC3, 0x08, 0xC3, 0x08, 0xC3, 0x08, 0xA3, 0x08,
    0xA3, 0x08, 0xA3, 0x08, 0xA3, 0x08, 0xA3, 0x08, 0xA3, 0x08, 0xA3, 0x08, 0xA3, 0x08, 0xA3, 0x08,
    0xA3, 0x08, 0xA3, 0x08, 0xA3, 0x08, 0xA3, 0x08, 0xA3, 0x08, 0xA3, 0x08, 0xA3, 0x08, 0xA3, 0x08,
    0xA3, 0x08, 0xA3, 0x08, 0xA3, 0x08, 0xA3, 0x08, 0xA3, 0x08, 0x83, 0x08, 0x83, 0x08, 0x83, 0x08,
    0x83, 0x08, 0x83, 0x08, 0x83, 0x08, 0x83, 0x08, 0x83, 0x08, 0x83, 0x08, 0x83, 0x08, 0x83, 0x08,
    0x83, 0x08, 0x83, 0x08, 0x82, 0x08, 0x82, 0x08, 0x82, 0x08, 0x82, 0x08, 0x82, 0x08, 0x82, 0x08,
    0x82, 0x08, 0x82, 0x08, 0x82, 0x08, 0x82, 0x08, 0x82, 0x08, 0x82, 0x08, 0x82, 0x08, 0x62, 0x08,
    0x62, 0x08, 0x62, 0x08, 0x62, 0x08, 0x62, 0x08, 0x62, 0x08, 0x62, 0x08, 0x62, 0x08, 0x62, 0x08,
    0x62, 0x08, 0x62, 0x08, 0x62, 0x08, 0x62, 0x08, 0x62, 0x08, 0x62, 0x08, 0x62, 0x08, 0x62, 0x08,
    0x62, 0x08, 0x62, 0x08, 0x62, 0x08, 0x62, 0x08, 0x62, 0x08, 0x62, 0x08, 0x62, 0x08, 0x62, 0x08,
    0x62, 0x08, 0x62, 0x08, 0x62, 0x08, 0x62, 0x08, 0x62, 0x08, 0x62, 0x08, 0x62, 0x08, 0x62, 0x08,
    0x62, 0x08, 0x62, 0x08, 0x62, 0x08, 0x62, 0x08, 0x62, 0x08, 0x62, 0x08, 0x62, 0x08, 0x62, 0x08,
    0x62, 0x08, 0x62, 0x08, 0x62, 0x08, 0x62, 0x08, 0x62, 0x08, 0x62, 0x08, 0x62, 0x08, 0x62, 0x08,
    0x62, 0x08, 0x62, 0x08, 0x62, 0x08, 0x62, 0x08, 0x62, 0x08, 0x62, 0x08, 0x62, 0x08, 0x62, 0x08,
    0x62, 0x08, 0x62, 0x08, 0x62, 0x08, 0x62, 0x08, 0x62, 0x08, 0x62, 0x08, 0x62, 0x08, 0x62, 0x08,
    0x62, 0x08, 0x62, 0x08, 0x62, 0x08, 0x62, 0x08, 0x62, 0x08, 0x62, 0x08, 0x62, 0x08, 0x62, 0x08,
    0x62, 0x08, 0x62, 0x08, 0x62, 0x08, 0x62, 0x08, 0x62, 0x08, 0x62, 0x08, 0x62, 0x08, 0x62, 0x08,
    0x62, 0x08, 0x62, 0x08, 0x62, 0x08, 0x62, 0x08, 0x62, 0x08, 0x62, 0x08, 0x62, 0x08, 0x62, 0x08,
    0x62, 0x08, 0x62, 0x08, 0x62, 0x08, 0x62, 0x08, 0x62, 0x08, 0x62, 0x08, 0x62, 0x08, 0x62, 0x08,
    0x62, 0x08, 0x62, 0x08, 0x62, 0x08, 0x62, 0x08, 0x62, 0x08, 0x62, 0x08, 0x62, 0x08, 0x62, 0x08,
    0x62, 0x08, 0x62, 0x08, 0x62, 0x08, 0x62, 0x08, 0x62, 0x08, 0x62, 0x08, 0x62, 0x08, 0x62, 0x08,
    0x62, 0x08, 0x62, 0x08, 0x62, 0x08, 0x62, 0x08, 0x62, 0x08, 0x62, 0x08, 0x62, 0x08, 0x62, 0x08,
    0x62, 0x08, 0x62, 0x08, 0x62, 0x08, 0x62, 0x08, 0x62, 0x08, 0x62, 0x08, 0x62, 0x08, 0x62, 0x08,
    0x62, 0x08, 0x62, 0x08, 0x62, 0x08, 0x62, 0x08, 0x62, 0x08, 0x62, 0x08, 0x62, 0x08, 0x62, 0x08,
    0x62, 0x08, 0x62, 0x08, 0x62, 0x08, 0x62, 0x08, 0x62, 0x08, 0x62, 0x08, 0x62, 0x08, 0x62, 0x08,
    0x62, 0x08, 0x62, 0x08, 0x62, 0x08, 0x62, 0x08, 0x62, 0x08, 0x62, 0x08, 0x62, 0x08, 0x62, 0x08,
    0x62, 0x08, 0x62, 0x08, 0x62, 0x08, 0x82, 0x08, 0x82, 0x08, 0x82, 0x08, 0x82, 0x08, 0x82, 0x08,
    0x82, 0x08, 0x82, 0x08, 0x82, 0x08, 0x82, 0x08, 0x82, 0x08, 0x82, 0x08, 0x82, 0x08, 0x83, 0x08,
    0x83, 0x08, 0x83, 0x08, 0x83, 0x08, 0x83, 0x08, 0x83, 0x08, 0x83, 0x08, 0x83, 0x08, 0x83, 0x08,
    0x83, 0x08, 0x83, 0x08, 0x83, 0x08, 0x83, 0x08, 0xA3, 0x08, 0xA3, 0x08, 0xA3, 0x08, 0xA3, 0x08,
    0xA3, 0x08, 0xA3, 0x08, 0xA3, 0x08, 0xA3, 0x08, 0xA3, 0x08, 0xA3, 0x08, 0xA3, 0x08, 0xA3, 0x08,
    0xA3, 0x08, 0xA3, 0x08, 0xA3, 0x08, 0xA3, 0x08, 0xA3, 0x08, 0xA3, 0x08, 0xA3, 0x08, 0xA3, 0x08,
    0xA3, 0x08, 0xA3, 0x08, 0xA3, 0x08, 0xC3, 0x08, 0xC3, 0x08, 0xC3, 0x08, 0xC3, 0x08, 0xC3, 0x08,
    0xC3, 0x08, 0xC3, 0x08, 0xC3, 0x08, 0xC3, 0x08, 0xC4, 0x08, 0xC4, 0x08, 0xC4, 0x08, 0xC4, 0x08,
    0xC4, 0x08, 0xC4, 0x08, 0xC4, 0x08, 0xC4, 0x08, 0xC4, 0x08, 0xC4, 0x08, 0xC4, 0x08, 0xC4, 0x08,
    0xC4, 0x08, 0xC4, 0x08, 0xC4, 0x08, 0xC4, 0x08, 0xC4, 0x08, 0xC4, 0x08, 0xC4, 0x08, 0xC4, 0x08,
    0xC4, 0x08, 0xC4, 0x08, 0xC4, 0x08, 0xC4, 0x08, 0xC4, 0x08, 0xC4, 0x08, 0xC4, 0x08, 0xE4, 0x08,
    0xE4, 0x08, 0xE4, 0x08, 0xE4, 0x08, 0xE4, 0x08, 0xE4, 0x08, 0xE4, 0x08, 0xE4, 0x08, 0xE4, 0x08,
    0xE4, 0x08, 0xE4, 0x08, 0xE4, 0x08, 0xE4, 0x08, 0xE4, 0x08, 0xE4, 0x08, 0xC4, 0x08, 0xC4, 0x08,
    0xC4, 0x08, 0xC4, 0x08, 0xC4, 0x08, 0xC4, 0x08, 0xC4, 0x08, 0xC4, 0x08, 0xC4, 0x08, 0xC4, 0x08,
    0xC4, 0x08, 0xC4, 0x08, 0xC4, 0x08, 0xC4, 0x08, 0xC4, 0x08, 0xC4, 0x08, 0xC4, 0x08, 0xC4, 0x08,
    0xC4, 0x08, 0xC4, 0x08, 0xC4, 0x08, 0xC4, 0x08, 0xC4, 0x08, 0xC4, 0x08, 0xC4, 0x08, 0xC4, 0x08,
    0xC3, 0x08, 0xC3, 0x08, 0xC3, 0x08, 0xC3, 0x08, 0xC3, 0x08, 0xC3, 0x08, 0xC3, 0x08, 0xC3, 0x08,
    0xC3, 0x08, 0xA3, 0x08, 0xA3, 0x08, 0xA3, 0x08, 0xA3, 0x08, 0xA3, 0x08, 0xA3, 0x08, 0xA3, 0x08,
    0xA3, 0x08, 0xA3, 0x08, 0xA3, 0x08, 0xA3, 0x08, 0xA3, 0x08, 0xA3, 0x08, 0xA3, 0x08, 0xA3, 0x08,
    0xA3, 0x08, 0xA3, 0x08, 0xA3, 0x08, 0xA3, 0x08, 0xA3, 0x08, 0xA3, 0x08, 0xA3, 0x08, 0xA3, 0x08,
    0x83, 0x08, 0x83, 0x08, 0x83, 0x08, 0x83, 0x08, 0x83, 0x08, 0x83, 0x08, 0x83, 0x08, 0x83, 0x08,
    0x83, 0x08, 0x83, 0x08, 0x83, 0x08, 0x83, 0x08, 0x83, 0x08, 0x82, 0x08, 0x82, 0x08, 0x82, 0x08,
    0x82, 0x08, 0x82, 0x08, 0x82, 0x08, 0x82, 0x08, 0x82, 0x08, 0x82, 0x08, 0x82, 0x08, 0x82, 0x08,
    0x82, 0x08, 0x82, 0x08, 0x62, 0x08, 0x62, 0x08, 0x62, 0x08, 0x62, 0x08, 0x62, 0x08, 0x62, 0x08,
    0x62, 0x08, 0x62, 0x08, 0x62, 0x08, 0x62, 0x08, 0x62, 0x08, 0x62, 0x08, 0x62, 0x08, 0x62, 0x08,
    0x62, 0x08, 0x62, 0x08, 0x62, 0x08, 0x62, 0x08, 0x62, 0x08, 0x62, 0x08, 0x62, 0x08, 0x62, 0x08,
    0x62, 0x08, 0x62, 0x08, 0x62, 0x08, 0x62, 0x08, 0x62, 0x08, 0x62, 0x08, 0x62, 0x08, 0x62, 0x08,
    0x62, 0x08, 0x62, 0x08, 0x62, 0x08, 0x62, 0x08, 0x62, 0x08, 0x62, 0x08, 0x62, 0x08, 0x62, 0x08,
    0x62, 0x08, 0x62, 0x08, 0x62, 0x08, 0x62, 0x08, 0x62, 0x08, 0x62, 0x08, 0x62, 0x08, 0x62, 0x08,
    0x62, 0x08, 0x62, 0x08, 0x62, 0x08, 0x62, 0x08, 0x62, 0x08, 0x62, 0x08, 0x62, 0x08, 0x62, 0x08,
    0x62, 0x08, 0x62, 0x08, 0x62, 0x08, 0x62, 0x08, 0x62, 0x08, 0x62, 0x08, 0x62, 0x08, 0x62, 0x08,
    0x62, 0x08, 0x62, 0x08, 0x62, 0x08, 0x62, 0x08, 0x62, 0x08, 0x62, 0x08, 0x62, 0x08, 0x62, 0x08,
    0x62, 0x08, 0x62, 0x08, 0x62, 0x08, 0x62, 0x08, 0x62, 0x08, 0x62, 0x08, 0x62, 0x08, 0x62, 0x08,
    0x62, 0x08, 0x62, 0x08, 0x62, 0x08, 0x62, 0x08, 0x62, 0x08, 0x62, 0x08, 0x62, 0x08, 0x62, 0x08,
    0x62, 0x08, 0x62, 0x08, 0x62, 0x08, 0x62, 0x08, 0x62, 0x08, 0x62, 0x08, 0x62, 0x08, 0x62, 0x08,
    0x62, 0x08, 0x62, 0x08, 0x62, 0x08, 0x62, 0x08, 0x62, 0x08, 0x62, 0x08, 0x62, 0x08, 0x62, 0x08,
    0x62, 0x08, 0x62, 0x08, 0x62, 0x08, 0x62, 0x08, 0x62, 0x08, 0x62, 0x08, 0x62, 0x08, 0x62, 0x08,
    0x62, 0x08, 0x62, 0x08, 0x62, 0x08, 0x62, 0x08, 0x62, 0x08, 0x62, 0x08, 0x62, 0x08, 0x62, 0x08,
    0x62, 0x08, 0x62, 0x08, 0x62, 0x08, 0x62, 0x08, 0x62, 0x08, 0x62, 0x08, 0x62, 0x08, 0x62, 0x08,
    0x62, 0x08, 0x62, 0x08, 0x62, 0x08, 0x62, 0x08, 0x62, 0x08, 0x62, 0x08, 0x62, 0x08, 0x62, 0x08,
    0x62, 0x08, 0x62, 0x08, 0x62, 0x08, 0x62, 0x08, 0x62, 0x08, 0x62, 0x08, 0x62, 0x08, 0x62, 0x08,
    0x62, 0x08, 0x62, 0x08, 0x62, 0x08, 0x62, 0x08, 0x62, 0x08, 0x62, 0x08, 0x62, 0x08, 0x62, 0x08,
    0x62, 0x08, 0x62, 0x08, 0x62, 0x08, 0x62, 0x08, 0x62, 0x08, 0x62, 0x08, 0x62, 0x08, 0x62, 0x08,
    0x82, 0x08, 0x82, 0x08, 0x82, 0x08, 0x82, 0x08, 0x82, 0x08, 0x82, 0x08, 0x82, 0x08, 0x82, 0x08,
    0x82, 0x08, 0x82, 0x08, 0x82, 0x08, 0x82, 0x08, 0x82, 0x08, 0x83, 0x08, 0x83, 0x08, 0x83, 0x08,
    0x83, 0x08, 0x83, 0x08, 0x83, 0x08, 0x83, 0x08, 0x83, 0x08, 0x83, 0x08, 0x83, 0x08, 0x83, 0x08,
    0x83, 0x08, 0x83, 0x08, 0xA3, 0x08, 0xA3, 0x08, 0xA3, 0x08, 0xA3, 0x08, 0xA3, 0x08, 0xA3, 0x08,
    0xA3, 0x08, 0xA3, 0x08, 0xA3, 0x08, 0xA3, 0x08, 0xA3, 0x08, 0xA3, 0x08, 0xA3, 0x08, 0xA3, 0x08,
    0xA3, 0x08, 0xA3, 0x08, 0xA3, 0x08, 0xA3, 0x08, 0xA3, 0x08, 0xA3, 0x08, 0xA3, 0x08, 0xA3, 0x08,
    0xA3, 0x08, 0xC3, 0x08, 0xC3, 0x08, 0xC3, 0x08, 0xC3, 0x08, 0xC3, 0x08, 0xC3, 0x08, 0xC3, 0x08,
    0xC3, 0x08, 0xC3, 0x08, 0xC3, 0x08, 0xC4, 0x08, 0xC4, 0x08, 0xC4, 0x08, 0xC4, 0x08, 0xC4, 0x08,
    0xC4, 0x08, 0xC4, 0x08, 0xC4, 0x08, 0xC4, 0x08, 0xC4, 0x08, 0xC4, 0x08, 0xC4, 0x08, 0xC4, 0x08,
    0xC4, 0x08, 0xC4, 0x08, 0xC4, 0x08, 0xC4, 0x08, 0xC4, 0x08, 0xC4, 0x08, 0xC4, 0x08, 0xC4, 0x08,
    0xC4, 0x08, 0xC4, 0x08, 0xC4, 0x08, 0xC4, 0x08, 0xC4, 0x08, 0xC4, 0x08, 0xC4, 0x08, 0xC4, 0x08,
    0xC4, 0x08, 0xC4, 0x08, 0xC4, 0x08, 0xC4, 0x08, 0xC4, 0x08, 0xC4, 0x08, 0xC4, 0x08, 0xC4, 0x08,
    0xC4, 0x08, 0xC4, 0x08, 0xC4, 0x08, 0xC4, 0x08, 0xC4, 0x08, 0xC4, 0x08, 0xC4, 0x08, 0xC4, 0x08,
    0xC4, 0x08, 0xC4, 0x08, 0xC4, 0x08, 0xC4, 0x08, 0xC4, 0x08, 0xC4, 0x08, 0xC4, 0x08, 0xC4, 0x08,
    0xC4, 0x08, 0xC4, 0x08, 0xC4, 0x08, 0xC4, 0x08, 0xC4, 0x08, 0xC4, 0x08, 0xC4, 0x08, 0xC4, 0x08,
    0xC4, 0x08, 0xC3, 0x08, 0xC3, 0x08, 0xC3, 0x08, 0xC3, 0x08, 0xC3, 0x08, 0xC3, 0x08, 0xC3, 0x08,
    0xC3, 0x08, 0xC3, 0x08, 0xC3, 0x08, 0xA3, 0x08, 0xA3, 0x08, 0xA3, 0x08, 0xA3, 0x08, 0xA3, 0x08,
    0xA3, 0x08, 0xA3, 0x08, 0xA3, 0x08, 0xA3, 0x08, 0xA3, 0x08, 0xA3, 0x08, 0xA3, 0x08, 0xA3, 0x08,
    0xA3, 0x08, 0xA3, 0x08, 0xA3, 0x08, 0xA3, 0x08, 0xA3, 0x08, 0xA3, 0x08, 0xA3, 0x08, 0xA3, 0x08,
    0xA3, 0x08, 0xA3, 0x08, 0x83, 0x08, 0x83, 0x08, 0x83, 0x08, 0x83, 0x08, 0x83, 0x08, 0x83, 0x08,
    0x83, 0x08, 0x83, 0x08, 0x83, 0x08, 0x83, 0x08, 0x83, 0x08, 0x83, 0x08, 0x83, 0x08, 0x83, 0x08,
    0x82, 0x08, 0x82, 0x08, 0x82, 0x08, 0x82, 0x08, 0x82, 0x08, 0x82, 0x08, 0x82, 0x08, 0x82, 0x08,
    0x82, 0x08, 0x82, 0x08, 0x82, 0x08, 0x82, 0x08, 0x82, 0x08, 0x62, 0x08, 0x62, 0x08, 0x62, 0x08,
    0x62, 0x08, 0x62, 0x08, 0x62, 0x08, 0x62, 0x08, 0x62, 0x08, 0x62, 0x08, 0x62, 0x08, 0x62, 0x08,
    0x62, 0x08, 0x62, 0x08, 0x62, 0x08, 0x62, 0x08, 0x62, 0x08, 0x62, 0x08, 0x62, 0x08, 0x62, 0x08,
    0x62, 0x08, 0x62, 0x08, 0x62, 0x08, 0x62, 0x08, 0x62, 0x08, 0x62, 0x08, 0x62, 0x08, 0x62, 0x08,
    0x62, 0x08, 0x62, 0x08, 0x62, 0x08, 0x62, 0x08, 0x62, 0x08, 0x62, 0x08, 0x62, 0x08, 0x62, 0x08,
    0x62, 0x08, 0x62, 0x08, 0x62, 0x08, 0x62, 0x08, 0x62, 0x08, 0x62, 0x08, 0x62, 0x08, 0x62, 0x08,
    0x62, 0x08, 0x62, 0x08, 0x62, 0x08, 0x62, 0x08, 0x62, 0x08, 0x62, 0x08, 0x62, 0x08, 0x62, 0x08,
    0x62, 0x08, 0x62, 0x08, 0x62, 0x08, 0x62, 0x08, 0x62, 0x08, 0x62, 0x08, 0x62, 0x08, 0x62, 0x08,
    0x62, 0x08, 0x62, 0x08, 0x62, 0x08, 0x62, 0x08, 0x62, 0x08, 0x62, 0x08, 0x62, 0x08, 0x62, 0x08,
    0x62, 0x08, 0x62, 0x08, 0x62, 0x08, 0x62, 0x08, 0x62, 0x08, 0x62, 0x08, 0x62, 0x08, 0x62, 0x08,
    0x62, 0x08, 0x62, 0x08, 0x62, 0x08, 0x62, 0x08, 0x62, 0x08, 0x62, 0x08, 0x62, 0x08, 0x62, 0x08,
    0x62, 0x08, 0x62, 0x08, 0x62, 0x08, 0x62, 0x08, 0x62, 0x08, 0x62, 0x08, 0x62, 0x08, 0x62, 0x08,
    0x62, 0x08, 0x62, 0x08, 0x62, 0x08, 0x62, 0x08, 0x62, 0x08, 0x62, 0x08, 0x62, 0x08, 0x62, 0x08,
    0x62, 0x08, 0x62, 0x08, 0x62, 0x08, 0x62, 0x08, 0x62, 0x08, 0x62, 0x08, 0x62, 0x08, 0x62, 0x08,
    0x62, 0x08, 0x62, 0x08, 0x62, 0x08, 0x62, 0x08, 0x62, 0x08, 0x62, 0x08, 0x62, 0x08, 0x62, 0x08,
    0x62, 0x08, 0x62, 0x08, 0x62, 0x08, 0x62, 0x08, 0x62, 0x08, 0x62, 0x08, 0x62, 0x08, 0x62, 0x08,
    0x62, 0x08, 0x62, 0x08, 0x62, 0x08, 0x62, 0x08, 0x62, 0x08, 0x62, 0x08, 0x62, 0x08, 0x62, 0x08,
    0x62, 0x08, 0x62, 0x08, 0x62, 0x08, 0x62, 0x08, 0x62, 0x08, 0x62, 0x08, 0x62, 0x08, 0x62, 0x08,
    0x62, 0x08, 0x62, 0x08, 0x62, 0x08, 0x62, 0x08, 0x62, 0x08, 0x62, 0x08, 0x62, 0x08, 0x62, 0x08,
    0x62, 0x08, 0x62, 0x08, 0x62, 0x08, 0x62, 0x08, 0x62, 0x08, 0x62, 0x08, 0x62, 0x08, 0x62, 0x08,
    0x62, 0x08, 0x62, 0x08, 0x62, 0x08, 0x62, 0x08, 0x82, 0x08, 0x82, 0x08, 0x82, 0x08, 0x82, 0x08,
    0x82, 0x08, 0x82, 0x08, 0x82, 0x08, 0x82, 0x08, 0x82, 0x08, 0x82, 0x08, 0x82, 0x08, 0x82, 0x08,
    0x82, 0x08, 0x82, 0x08, 0x83, 0x08, 0x83, 0x08, 0x83, 0x08, 0x83, 0x08, 0x83, 0x08, 0x83, 0x08,
    0x83, 0x08, 0x83, 0x08, 0x83, 0x08, 0x83, 0x08, 0x83, 0x08, 0x83, 0x08, 0x83, 0x08, 0xA3, 0x08,
    0xA3, 0x08, 0xA3, 0x08, 0xA3, 0x08, 0xA3, 0x08, 0xA3, 0x08, 0xA3, 0x08, 0xA3, 0x08, 0xA3, 0x08,
    0xA3, 0x08, 0xA3, 0x08, 0xA3, 0x08, 0xA3, 0x08, 0xA3, 0x08, 0xA3, 0x08, 0xA3, 0x08, 0xA3, 0x08,
    0xA3, 0x08, 0xA3, 0x08, 0xA3, 0x08, 0xA3, 0x08, 0xA3, 0x08, 0xA3, 0x08, 0xA3, 0x08, 0xA3, 0x08,
    0xC3, 0x08, 0xC3, 0x08, 0xC3, 0x08, 0xC3, 0x08, 0xC3, 0x08, 0xC3, 0x08, 0xC3, 0x08, 0xC3, 0x08,
    0xC3, 0x08, 0xC3, 0x08, 0xC4, 0x08, 0xC4, 0x08, 0xC4, 0x08, 0xC4, 0x08, 0xC4, 0x08, 0xC4, 0x08,
    0xC4, 0x08, 0xC4, 0x08, 0xC4, 0x08, 0xC4, 0x08, 0xC4, 0x08, 0xC4, 0x08, 0xC4, 0x08, 0xC4, 0x08,
    0xC4, 0x08, 0xC4, 0x08, 0xC4, 0x08, 0xC4, 0x08, 0xC4, 0x08, 0xC4, 0x08, 0xC4, 0x08, 0xC4, 0x08,
    0xC4, 0x08, 0xC4, 0x08, 0xC4, 0x08, 0xC4, 0x08, 0xC4, 0x08, 0xC4, 0x08, 0xC4, 0x08, 0xC4, 0x08,
    0xC4, 0x08, 0xC4, 0x08, 0xC4, 0x08, 0xC4, 0x08, 0xC4, 0x08, 0xC4, 0x08, 0xC4, 0x08, 0xC4, 0x08,
    0xC4, 0x08, 0xC4, 0x08, 0xC4, 0x08, 0xC4, 0x08, 0xC4, 0x08, 0xC4, 0x08, 0xC4, 0x08, 0xC4, 0x08,
    0xC4, 0x08, 0xC4, 0x08, 0xC4, 0x08, 0xC4, 0x08, 0xC4, 0x08, 0xC4, 0x08, 0xC4, 0x08, 0xC4, 0x08,
    0xC4, 0x08, 0xC4, 0x08, 0xC3, 0x08, 0xC3, 0x08, 0xC3, 0x08, 0xC3, 0x08, 0xC3, 0x08, 0xC3, 0x08,
    0xC3, 0x08, 0xC3, 0x08, 0xC3, 0x08, 0xC3, 0x08, 0xC3, 0x08, 0xA3, 0x08, 0xA3, 0x08, 0xA3, 0x08,
    0xA3, 0x08, 0xA3, 0x08, 0xA3, 0x08, 0xA3, 0x08, 0xA3, 0x08, 0xA3, 0x08, 0xA3, 0x08, 0xA3, 0x08,
    0xA3, 0x08, 0xA3, 0x08, 0xA3, 0x08, 0xA3, 0x08, 0xA3, 0x08, 0xA3, 0x08, 0xA3, 0x08, 0xA3, 0x08,
    0xA3, 0x08, 0xA3, 0x08, 0xA3, 0x08, 0xA3, 0x08, 0xA3, 0x08, 0x83, 0x08, 0x83, 0x08, 0x83, 0x08,
    0x83, 0x08, 0x83, 0x08, 0x83, 0x08, 0x83, 0x08, 0x83, 0x08, 0x83, 0x08, 0x83, 0x08, 0x83, 0x08,
    0x83, 0x08, 0x83, 0x08, 0x83, 0x08, 0x82, 0x08, 0x82, 0x08, 0x82, 0x08, 0x82, 0x08, 0x82, 0x08,
    0x82, 0x08, 0x82, 0x08, 0x82, 0x08, 0x82, 0x08, 0x82, 0x08, 0x82, 0x08, 0x82, 0x08, 0x82, 0x08,
    0x62, 0x08, 0x62, 0x08, 0x62, 0x08, 0x62, 0x08, 0x62, 0x08, 0x62, 0x08, 0x62, 0x08, 0x62, 0x08,
    0x62, 0x08, 0x62, 0x08, 0x62, 0x08, 0x62, 0x08, 0x62, 0x08, 0x62, 0x08, 0x62, 0x08, 0x62, 0x08,
    0x62, 0x08, 0x62, 0x08, 0x62, 0x08, 0x62, 0x08, 0x62, 0x08, 0x62, 0x08, 0x62, 0x08, 0x62, 0x08,
    0x62, 0x08, 0x62, 0x08, 0x62, 0x08, 0x62, 0x08, 0x62, 0x08, 0x62, 0x08, 0x62, 0x08, 0x62, 0x08,
    0x62, 0x08, 0x62, 0x08, 0x62, 0x08, 0x62, 0x08, 0x62, 0x08, 0x62, 0x08, 0x62, 0x08, 0x62, 0x08,
    0x62, 0x08, 0x62, 0x08, 0x62, 0x08, 0x62, 0x08, 0x62, 0x08, 0x62, 0x08, 0x62, 0x08, 0x62, 0x08,
    0x62, 0x08, 0x62, 0x08, 0x62, 0x08, 0x62, 0x08, 0x62, 0x08, 0x62, 0x08, 0x62, 0x08, 0x62, 0x08,
    0x62, 0x08, 0x62, 0x08, 0x62, 0x08, 0x62, 0x08, 0x62, 0x08, 0x62, 0x08, 0x62, 0x08, 0x62, 0x08,
    0x62, 0x08, 0x62, 0x08, 0x62, 0x08, 0x62, 0x08, 0x62, 0x08, 0x62, 0x08, 0x62, 0x08, 0x62, 0x08,
    0x62, 0x08, 0x62, 0x08, 0x62, 0x08, 0x62, 0x08, 0x62, 0x08, 0x62, 0x08, 0x62, 0x08, 0x62, 0x08,
    0x62, 0x08, 0x62, 0x08, 0x62, 0x08, 0x62, 0x08, 0x62, 0x08, 0x62, 0x08, 0x62, 0x08, 0x62, 0x08,
    0x62, 0x08, 0x62, 0x08, 0x62, 0x08, 0x62, 0x08, 0x62, 0x08, 0x62, 0x08, 0x62, 0x08, 0x62, 0x08,
    0x62, 0x08, 0x62, 0x08, 0x62, 0x08, 0x62, 0x08, 0x62, 0x08, 0x62, 0x08, 0x62, 0x08, 0x62, 0x08,
    0x62, 0x08, 0x62, 0x08, 0x62, 0x08, 0x62, 0x08, 0x62, 0x08, 0x62, 0x08, 0x62, 0x08, 0x62, 0x08,
    0x62, 0x08, 0x62, 0x08, 0x62, 0x08, 0x62, 0x08, 0x62, 0x08, 0x62, 0x08, 0x62, 0x08, 0x62, 0x08,
    0x62, 0x08, 0x62, 0x08, 0x62, 0x08, 0x62, 0x08, 0x62, 0x08, 0x62, 0x08, 0x62, 0x08, 0x62, 0x08,
    0x62, 0x08, 0x62, 0x08, 0x62, 0x08, 0x62, 0x08, 0x62, 0x08, 0x62, 0x08, 0x62, 0x08, 0x62, 0x08,
    0x62, 0x08, 0x62, 0x08, 0x62, 0x08, 0x62, 0x08, 0x62, 0x08, 0x62, 0x08, 0x62, 0x08, 0x62, 0x08,
    0x62, 0x08, 0x62, 0x08, 0x62, 0x08, 0x62, 0x08, 0x62, 0x08, 0x62, 0x08, 0x62, 0x08, 0x62, 0x08,
    0x62, 0x08, 0x62, 0x08, 0x62, 0x08, 0x62, 0x08, 0x62, 0x08, 0x62, 0x08, 0x62, 0x08, 0x62, 0x08,
    0x62, 0x08, 0x62, 0x08, 0x82, 0x08, 0x82, 0x08, 0x82, 0x08, 0x82, 0x08, 0x82, 0x08, 0x82, 0x08,
    0x82, 0x08, 0x82, 0x08, 0x82, 0x08, 0x82, 0x08, 0x82, 0x08, 0x82, 0x08, 0x82, 0x08, 0x83, 0x08,
    0x83, 0x08, 0x83, 0x08, 0x83, 0x08, 0x83, 0x08, 0x83, 0x08, 0x83, 0x08, 0x83, 0x08, 0x83, 0x08,
    0x83, 0x08, 0x83, 0x08, 0x83, 0x08, 0x83, 0x08, 0x83, 0x08, 0xA3, 0x08, 0xA3, 0x08, 0xA3, 0x08,
    0xA3, 0x08, 0xA3, 0x08, 0xA3, 0x08, 0xA3, 0x08, 0xA3, 0x08, 0xA3, 0x08, 0xA3, 0x08, 0xA3, 0x08,
    0xA3, 0x08, 0xA3, 0x08, 0xA3, 0x08, 0xA3, 0x08, 0xA3, 0x08, 0xA3, 0x08, 0xA3, 0x08, 0xA3, 0x08,
    0xA3, 0x08, 0xA3, 0x08, 0xA3, 0x08, 0xA3, 0x08, 0xA3, 0x08, 0xA3, 0x08, 0xC3, 0x08, 0xC3, 0x08,
    0xC3, 0x08, 0xC3, 0x08, 0xC3, 0x08, 0xC3, 0x08, 0xC3, 0x08, 0xC3, 0x08, 0xC3, 0x08, 0xC3, 0x08,
    0xC3, 0x08, 0xC4, 0x08, 0xC4, 0x08, 0xC4, 0x08, 0xC4, 0x08, 0xC4, 0x08, 0xC4, 0x08, 0xC4, 0x08,
    0xC4, 0x08, 0xC4, 0x08, 0xC4, 0x08, 0xC4, 0x08, 0xC4, 0x08, 0xC4, 0x08, 0xC4, 0x08, 0xC4, 0x08,
    0xC4, 0x08, 0xC4, 0x08, 0xC4, 0x08, 0xC4, 0x08, 0xC4, 0x08, 0xC4, 0x08, 0xC4, 0x08, 0xC4, 0x08,
    0xC4, 0x08, 0xC4, 0x08, 0xC4, 0x08, 0xC4, 0x08, 0xC4, 0x08, 0xC4, 0x08, 0xC4, 0x08, 0xC4, 0x08,
    0xC4, 0x08, 0xC4, 0x08, 0xC4, 0x08, 0xC4, 0x08, 0xC4, 0x08, 0xC4, 0x08, 0xC4, 0x08, 0xC4, 0x08,
    0xC4, 0x08, 0xC4, 0x08, 0xC4, 0x08, 0xC4, 0x08, 0xC4, 0x08, 0xC4, 0x08, 0xC4, 0x08, 0xC4, 0x08,
    0xC4, 0x08, 0xC4, 0x08, 0xC4, 0x08, 0xC3, 0x08, 0xC3, 0x08, 0xC3, 0x08, 0xC3, 0x08, 0xC3, 0x08,
    0xC3, 0x08, 0xC3, 0x08, 0xC3, 0x08, 0xC3, 0x08, 0xC3, 0x08, 0xC3, 0x08, 0xA3, 0x08, 0xA3, 0x08,
    0xA3, 0x08, 0xA3, 0x08, 0xA3, 0x08, 0xA3, 0x08, 0xA3, 0x08, 0xA3, 0x08, 0xA3, 0x08, 0xA3, 0x08,
    0xA3, 0x08, 0xA3, 0x08, 0xA3, 0x08, 0xA3, 0x08, 0xA3, 0x08, 0xA3, 0x08, 0xA3, 0x08, 0xA3, 0x08,
    0xA3, 0x08, 0xA3, 0x08, 0xA3, 0x08, 0xA3, 0x08, 0xA3, 0x08, 0xA3, 0x08, 0xA3, 0x08, 0xA3, 0x08,
    0x83, 0x08, 0x83, 0x08, 0x83, 0x08, 0x83, 0x08, 0x83, 0x08, 0x83, 0x08, 0x83, 0x08, 0x83, 0x08,
    0x83, 0x08, 0x83, 0x08, 0x83, 0x08, 0x83, 0x08, 0x83, 0x08, 0x82, 0x08, 0x82, 0x08, 0x82, 0x08,
    0x82, 0x08, 0x82, 0x08, 0x82, 0x08, 0x82, 0x08, 0x82, 0x08, 0x82, 0x08, 0x82, 0x08, 0x82, 0x08,
    0x82, 0x08, 0x82, 0x08, 0x82, 0x08, 0x62, 0x08, 0x62, 0x08, 0x62, 0x08, 0x62, 0x08, 0x62, 0x08,
    0x62, 0x08, 0x62, 0x08, 0x62, 0x08, 0x62, 0x08, 0x62, 0x08, 0x62, 0x08, 0x62, 0x08, 0x62, 0x08,
    0x62, 0x08, 0x62, 0x08, 0x62, 0x08, 0x62, 0x08, 0x62, 0x08, 0x62, 0x08, 0x62, 0x08, 0x62, 0x08,
    0x62, 0x08, 0x62, 0x08, 0x62, 0x08, 0x62, 0x08, 0x62, 0x08, 0x62, 0x08, 0x62, 0x08, 0x62, 0x08,
    0x62, 0x08, 0x62, 0x08, 0x62, 0x08, 0x62, 0x08, 0x62, 0x08, 0x62, 0x08, 0x62, 0x08, 0x62, 0x08,
    0x62, 0x08, 0x62, 0x08, 0x62, 0x08, 0x62, 0x08, 0x62, 0x08, 0x62, 0x08, 0x62, 0x08, 0x62, 0x08,
    0x62, 0x08, 0x62, 0x08, 0x62, 0x08, 0x62, 0x08, 0x62, 0x08, 0x62, 0x08, 0x62, 0x08, 0x62, 0x08,
    0x62, 0x08, 0x62, 0x08, 0x62, 0x08, 0x62, 0x08, 0x62, 0x08, 0x62, 0x08, 0x62, 0x08, 0x62, 0x08,
    0x62, 0x08, 0x62, 0x08, 0x62, 0x08, 0x62, 0x08, 0x62, 0x08, 0x62, 0x08, 0x62, 0x08, 0x62, 0x08,
    0x62, 0x08, 0x62, 0x08, 0x62, 0x08, 0x62, 0x08, 0x62, 0x08, 0x62, 0x08, 0x62, 0x08, 0x62, 0x08,
    0x62, 0x08, 0x62, 0x08, 0x62, 0x08, 0x62, 0x08, 0x62, 0x08, 0x62, 0x08, 0x62, 0x08, 0x62, 0x08,
    0x62, 0x08, 0x62, 0x08, 0x62, 0x08, 0x62, 0x08, 0x62, 0x08, 0x62, 0x08, 0x62, 0x08, 0x62, 0x08,
    0x62, 0x08, 0x62, 0x08, 0x62, 0x08, 0x62, 0x08, 0x62, 0x08, 0x62, 0x08, 0x62, 0x08, 0x62, 0x08,
    0x62, 0x08, 0x62, 0x08, 0x62, 0x08, 0x62, 0x08, 0x62, 0x08, 0x62, 0x08, 0x62, 0x08, 0x62, 0x08,
    0x62, 0x08, 0x62, 0x08, 0x62, 0x08, 0x62, 0x08, 0x62, 0x08, 0x62, 0x08, 0x62, 0x08, 0x62, 0x08,
    0x62, 0x08, 0x62, 0x08, 0x62, 0x08, 0x62, 0x08, 0x62, 0x08, 0x62, 0x08, 0x62, 0x08, 0x62, 0x08,
    0x62, 0x08, 0x62, 0x08, 0x62, 0x08, 0x62, 0x08, 0x62, 0x08, 0x62, 0x08, 0x62, 0x08, 0x62, 0x08,
    0x62, 0x08, 0x62, 0x08, 0x62, 0x08, 0x62, 0x08, 0x62, 0x08, 0x62, 0x08, 0x62, 0x08, 0x62, 0x08,
    0x62, 0x08, 0x62, 0x08, 0x62, 0x08, 0x62, 0x08, 0x62, 0x08, 0x62, 0x08, 0x62, 0x08, 0x62, 0x08,
    0x62, 0x08, 0x62, 0x08, 0x62, 0x08, 0x62, 0x08, 0x62, 0x08, 0x62, 0x08, 0x62, 0x08, 0x62, 0x08,
    0x62, 0x08, 0x62, 0x08, 0x62, 0x08, 0x62, 0x08, 0x62, 0x08, 0x62, 0x08, 0x62, 0x08, 0x82, 0x08,
    0x82, 0x08, 0x82, 0x08, 0x82, 0x08, 0x82, 0x08, 0x82, 0x08, 0x82, 0x08, 0x82, 0x08, 0x82, 0x08,
    0x82, 0x08, 0x82, 0x08, 0x82, 0x08, 0x82, 0x08, 0x83, 0x08, 0x83, 0x08, 0x83, 0x08, 0x83, 0x08,
    0x83, 0x08, 0x83, 0x08, 0x83, 0x08, 0x83, 0x08, 0x83, 0x08, 0x83, 0x08, 0x83, 0x08, 0x83, 0x08,
    0x83, 0x08, 0x83, 0x08, 0xA3, 0x08, 0xA3, 0x08, 0xA3, 0x08, 0xA3, 0x08, 0xA3, 0x08, 0xA3, 0x08,
    0xA3, 0x08, 0xA3, 0x08, 0xA3, 0x08, 0xA3, 0x08, 0xA3, 0x08, 0xA3, 0x08, 0xA3, 0x08, 0xA3, 0x08,
    0xA3, 0x08, 0xA3, 0x08, 0xA3, 0x08, 0xA3, 0x08, 0xA3, 0x08, 0xA3, 0x08, 0xA3, 0x08, 0xA3, 0x08,
    0xA3, 0x08, 0xA3, 0x08, 0xA3, 0x08, 0xA3, 0x08, 0xC3, 0x08, 0xC3, 0x08, 0xC3, 0x08, 0xC3, 0x08,
    0xC3, 0x08, 0xC3, 0x08, 0xC3, 0x08, 0xC3, 0x08, 0xC3, 0x08, 0xC3, 0x08, 0xC3, 0x08, 0xC3, 0x08,
    0xC3, 0x08, 0xC4, 0x08, 0xC4, 0x08, 0xC4, 0x08, 0xC4, 0x08, 0xC4, 0x08, 0xC4, 0x08, 0xC4, 0x08,
    0xC4, 0x08, 0xC4, 0x08, 0xC4, 0x08, 0xC4, 0x08, 0xC4, 0x08, 0xC4, 0x08, 0xC4, 0x08, 0xC4, 0x08,
    0xC4, 0x08, 0xC4, 0x08, 0xC4, 0x08, 0xC4, 0x08, 0xC4, 0x08, 0xC4, 0x08, 0xC4, 0x08, 0xC4, 0x08,
    0xC4, 0x08, 0xC4, 0x08, 0xC4, 0x08, 0xC4, 0x08, 0xC4, 0x08, 0xC4, 0x08, 0xC4, 0x08, 0xC4, 0x08,
    0xC4, 0x08, 0xC4, 0x08, 0xC4, 0x08, 0xC4, 0x08, 0xC4, 0x08, 0xC4, 0x08, 0xC4, 0x08, 0xC4, 0x08,
    0xC4, 0x08, 0xC4, 0x08, 0xC4, 0x08, 0xC3, 0x08, 0xC3, 0x08, 0xC3, 0x08, 0xC3, 0x08, 0xC3, 0x08,
    0xC3, 0x08, 0xC3, 0x08, 0xC3, 0x08, 0xC3, 0x08, 0xC3, 0x08, 0xC3, 0x08, 0xC3, 0x08, 0xC3, 0x08,
    0xA3, 0x08, 0xA3, 0x08, 0xA3, 0x08, 0xA3, 0x08, 0xA3, 0x08, 0xA3, 0x08, 0xA3, 0x08, 0xA3, 0x08,
    0xA3, 0x08, 0xA3, 0x08, 0xA3, 0x08, 0xA3, 0x08, 0xA3, 0x08, 0xA3, 0x08, 0xA3, 0x08, 0xA3, 0x08,
    0xA3, 0x08, 0xA3, 0x08, 0xA3, 0x08, 0xA3, 0x08, 0xA3, 0x08, 0xA3, 0x08, 0xA3, 0x08, 0xA3, 0x08,
    0xA3, 0x08, 0xA3, 0x08, 0x83, 0x08, 0x83, 0x08, 0x83, 0x08, 0x83, 0x08, 0x83, 0x08, 0x83, 0x08,
    0x83, 0x08, 0x83, 0x08, 0x83, 0x08, 0x83, 0x08, 0x83, 0x08, 0x83, 0x08, 0x83, 0x08, 0x83, 0x08,
    0x82, 0x08, 0x82, 0x08, 0x82, 0x08, 0x82, 0x08, 0x82, 0x08, 0x82, 0x08, 0x82, 0x08, 0x82, 0x08,
    0x82, 0x08, 0x82, 0x08, 0x82, 0x08, 0x82, 0x08, 0x82, 0x08, 0x82, 0x08, 0x62, 0x08, 0x62, 0x08,
    0x62, 0x08, 0x62, 0x08, 0x62, 0x08, 0x62, 0x08, 0x62, 0x08, 0x62, 0x08, 0x62, 0x08, 0x62, 0x08,
    0x62, 0x08, 0x62, 0x08, 0x62, 0x08, 0x62, 0x08, 0x62, 0x08, 0x62, 0x08, 0x62, 0x08, 0x62, 0x08,
    0x62, 0x08, 0x62, 0x08, 0x62, 0x08, 0x62, 0x08, 0x62, 0x08, 0x62, 0x08, 0x62, 0x08, 0x62, 0x08,
    0x62, 0x08, 0x62, 0x08, 0x62, 0x08, 0x62, 0x08, 0x62, 0x08, 0x62, 0x08, 0x62, 0x08, 0x62, 0x08,
    0x62, 0x08, 0x62, 0x08, 0x62, 0x08, 0x62, 0x08, 0x62, 0x08, 0x62, 0x08, 0x62, 0x08, 0x62, 0x08,
    0x62, 0x08, 0x62, 0x08, 0x62, 0x08, 0x62, 0x08, 0x62, 0x08, 0x62, 0x08, 0x62, 0x08, 0x62, 0x08,
    0x62, 0x08, 0x62, 0x08, 0x62, 0x08, 0x62, 0x08, 0x62, 0x08, 0x62, 0x08, 0x62, 0x08, 0x62, 0x08,
    0x62, 0x08, 0x62, 0x08, 0x62, 0x08, 0x62, 0x08, 0x62, 0x08, 0x62, 0x08, 0x62, 0x08, 0x62, 0x08,
    0x62, 0x08, 0x62, 0x08, 0x62, 0x08, 0x62, 0x08, 0x62, 0x08, 0x62, 0x08, 0x62, 0x08, 0x62, 0x08,
    0x62, 0x08, 0x62, 0x08, 0x62, 0x08, 0x62, 0x08, 0x62, 0x08, 0x62, 0x08, 0x62, 0x08, 0x62, 0x08,
    0x62, 0x08, 0x62, 0x08, 0x62, 0x08, 0x62, 0x08, 0x62, 0x08, 0x62, 0x08, 0x62, 0x08, 0x62, 0x08,
    0x62, 0x08, 0x62, 0x08, 0x62, 0x08, 0x62, 0x08, 0x62, 0x08, 0x62, 0x08, 0x62, 0x08, 0x62, 0x08,
    0x62, 0x08, 0x62, 0x08, 0x62, 0x08, 0x62, 0x08, 0x62, 0x08, 0x62, 0x08, 0x62, 0x08, 0x62, 0x08,
    0x62, 0x08, 0x62, 0x08, 0x62, 0x08, 0x62, 0x08, 0x62, 0x08, 0x62, 0x08, 0x62, 0x08, 0x62, 0x08,
    0x62, 0x08, 0x62, 0x08, 0x62, 0x08, 0x62, 0x08, 0x62, 0x08, 0x62, 0x08, 0x62, 0x08, 0x62, 0x08,
    0x62, 0x08, 0x62, 0x08, 0x62, 0x08, 0x62, 0x08, 0x62, 0x08, 0x62, 0x08, 0x62, 0x08, 0x62, 0x08,
    0x62, 0x08, 0x62, 0x08, 0x62, 0x08, 0x62, 0x08, 0x62, 0x08, 0x62, 0x08, 0x62, 0x08, 0x62, 0x08,
    0x62, 0x08, 0x62, 0x08, 0x62, 0x08, 0x62, 0x08, 0x62, 0x08, 0x62, 0x08, 0x62, 0x08, 0x62, 0x08,
    0x62, 0x08, 0x62, 0x08, 0x62, 0x08, 0x62, 0x08, 0x62, 0x08, 0x62, 0x08, 0x62, 0x08, 0x62, 0x08,
    0x62, 0x08, 0x62, 0x08, 0x62, 0x08, 0x62, 0x08, 0x62, 0x08, 0x62, 0x08, 0x62, 0x08, 0x62, 0x08,
    0x62, 0x08, 0x62, 0x08, 0x62, 0x08, 0x62, 0x08, 0x82, 0x08, 0x82, 0x08, 0x82, 0x08, 0x82, 0x08,
    0x82, 0x08, 0x82, 0x08, 0x82, 0x08, 0x82, 0x08, 0x82, 0x08, 0x82, 0x08, 0x82, 0x08, 0x82, 0x08,
    0x82, 0x08, 0x83, 0x08, 0x83, 0x08, 0x83, 0x08, 0x83, 0x08, 0x83, 0x08, 0x83, 0x08, 0x83, 0x08,
    0x83, 0x08, 0x83, 0x08, 0x83, 0x08, 0x83, 0x08, 0x83, 0x08, 0x83, 0x08, 0x83, 0x08, 0x83, 0x08,
    0xA3, 0x08, 0xA3, 0x08, 0xA3, 0x08, 0xA3, 0x08, 0xA3, 0x08, 0xA3, 0x08, 0xA3, 0x08, 0xA3, 0x08,
    0xA3, 0x08, 0xA3, 0x08, 0xA3, 0x08, 0xA3, 0x08, 0xA3, 0x08, 0xA3, 0x08, 0xA3, 0x08, 0xA3, 0x08,
    0xA3, 0x08, 0xA3, 0x08, 0xA3, 0x08, 0xA3, 0x08, 0xA3, 0x08, 0xA3, 0x08, 0xA3, 0x08, 0xA3, 0x08,
    0xA3, 0x08, 0xA3, 0x08, 0xA3, 0x08, 0xC3, 0x08, 0xC3, 0x08, 0xC3, 0x08, 0xC3, 0x08, 0xC3, 0x08,
    0xC3, 0x08, 0xC3, 0x08, 0xC3, 0x08, 0xC3, 0x08, 0xC3, 0x08, 0xC3, 0x08, 0xC3, 0x08, 0xC3, 0x08,
    0xC3, 0x08, 0xC3, 0x08, 0xC3, 0x08, 0xC4, 0x08, 0xC4, 0x08, 0xC4, 0x08, 0xC4, 0x08, 0xC4, 0x08,
    0xC4, 0x08, 0xC4, 0x08, 0xC4, 0x08, 0xC4, 0x08, 0xC4, 0x08, 0xC4, 0x08, 0xC4, 0x08, 0xC4, 0x08,
    0xC4, 0x08, 0xC4, 0x08, 0xC4, 0x08, 0xC4, 0x08, 0xC4, 0x08, 0xC4, 0x08, 0xC4, 0x08, 0xC4, 0x08,
    0xC4, 0x08, 0xC4, 0x08, 0xC4, 0x08, 0xC4, 0x08, 0xC4, 0x08, 0xC4, 0x08, 0xC4, 0x08, 0xC4, 0x08,
    0xC4, 0x08, 0xC4, 0x08, 0xC3, 0x08, 0xC3, 0x08, 0xC3, 0x08, 0xC3, 0x08, 0xC3, 0x08, 0xC3, 0x08,
    0xC3, 0x08, 0xC3, 0x08, 0xC3, 0x08, 0xC3, 0x08, 0xC3, 0x08, 0xC3, 0x08, 0xC3, 0x08, 0xC3, 0x08,
    0xC3, 0x08, 0xA3, 0x08, 0xA3, 0x08, 0xA3, 0x08, 0xA3, 0x08, 0xA3, 0x08, 0xA3, 0x08, 0xA3, 0x08,
    0xA3, 0x08, 0xA3, 0x08, 0xA3, 0x08, 0xA3, 0x08, 0xA3, 0x08, 0xA3, 0x08, 0xA3, 0x08, 0xA3, 0x08,
    0xA3, 0x08, 0xA3, 0x08, 0xA3, 0x08, 0xA3, 0x08, 0xA3, 0x08, 0xA3, 0x08, 0xA3, 0x08, 0xA3, 0x08,
    0xA3, 0x08, 0xA3, 0x08, 0xA3, 0x08, 0xA3, 0x08, 0xA3, 0x08, 0x83, 0x08, 0x83, 0x08, 0x83, 0x08,
    0x83, 0x08, 0x83, 0x08, 0x83, 0x08, 0x83, 0x08, 0x83, 0x08, 0x83, 0x08, 0x83, 0x08, 0x83, 0x08,
    0x83, 0x08, 0x83, 0x08, 0x83, 0x08, 0x82, 0x08, 0x82, 0x08, 0x82, 0x08, 0x82, 0x08, 0x82, 0x08,
    0x82, 0x08, 0x82, 0x08, 0x82, 0x08, 0x82, 0x08, 0x82, 0x08, 0x82, 0x08, 0x82, 0x08, 0x82, 0x08,
    0x82, 0x08, 0x62, 0x08, 0x62, 0x08, 0x62, 0x08, 0x62, 0x08, 0x62, 0x08, 0x62, 0x08, 0x62, 0x08,
    0x62, 0x08, 0x62, 0x08, 0x62, 0x08, 0x62, 0x08, 0x62, 0x08, 0x62, 0x08, 0x62, 0x08, 0x62, 0x08,
    0x62, 0x08, 0x62, 0x08, 0x62, 0x08, 0x62, 0x08, 0x62, 0x08, 0x62, 0x08, 0x62, 0x08, 0x62, 0x08,
    0x62, 0x08, 0x62, 0x08, 0x62, 0x08, 0x62, 0x08, 0x62, 0x08, 0x62, 0x08, 0x62, 0x08, 0x62, 0x08,
    0x62, 0x08, 0x62, 0x08, 0x62, 0x08, 0x62, 0x08, 0x62, 0x08, 0x62, 0x08, 0x62, 0x08, 0x62, 0x08,
    0x62, 0x08, 0x62, 0x08, 0x62, 0x08, 0x62, 0x08, 0x62, 0x08, 0x62, 0x08, 0x62, 0x08, 0x62, 0x08,
    0x62, 0x08, 0x62, 0x08, 0x62, 0x08, 0x62, 0x08, 0x62, 0x08, 0x62, 0x08, 0x62, 0x08, 0x62, 0x08,
    0x62, 0x08, 0x62, 0x08, 0x62, 0x08, 0x62, 0x08, 0x62, 0x08, 0x62, 0x08, 0x62, 0x08, 0x62, 0x08,
    0x62, 0x08, 0x62, 0x08, 0x62, 0x08, 0x62, 0x08, 0x62, 0x08, 0x62, 0x08, 0x62, 0x08, 0x62, 0x08,
    0x62, 0x08, 0x62, 0x08, 0x62, 0x08, 0x62, 0x08, 0x62, 0x08, 0x62, 0x08, 0x62, 0x08, 0x62, 0x08,
    0x62, 0x08, 0x62, 0x08, 0x62, 0x08, 0x62, 0x08, 0x62, 0x08, 0x62, 0x08, 0x62, 0x08, 0x62, 0x08,
    0x62, 0x08, 0x62, 0x08, 0x62, 0x08, 0x62, 0x08, 0x62, 0x08, 0x62, 0x08, 0x62, 0x08, 0x62, 0x08,
    0x62, 0x08, 0x62, 0x08, 0x62, 0x08, 0x62, 0x08, 0x62, 0x08, 0x62, 0x08, 0x62, 0x08, 0x62, 0x08,
    0x62, 0x08, 0x62, 0x08, 0x62, 0x08, 0x62, 0x08, 0x62, 0x08, 0x62, 0x08, 0x62, 0x08, 0x62, 0x08,
    0x62, 0x08, 0x62, 0x08, 0x62, 0x08, 0x62, 0x08, 0x62, 0x08, 0x62, 0x08, 0x62, 0x08, 0x62, 0x08,
    0x62, 0x08, 0x62, 0x08, 0x62, 0x08, 0x62, 0x08, 0x62, 0x08, 0x62, 0x08, 0x62, 0x08, 0x62, 0x08,
    0x62, 0x08, 0x62, 0x08, 0x62, 0x08, 0x62, 0x08, 0x62, 0x08, 0x62, 0x08, 0x62, 0x08, 0x62, 0x08,
    0x62, 0x08, 0x62, 0x08, 0x62, 0x08, 0x62, 0x08, 0x62, 0x08, 0x62, 0x08, 0x62, 0x08, 0x62, 0x08,
    0x62, 0x08, 0x62, 0x08, 0x62, 0x08, 0x62, 0x08, 0x62, 0x08, 0x62, 0x08, 0x62, 0x08, 0x62, 0x08,
    0x62, 0x08, 0x62, 0x08, 0x62, 0x08, 0x62, 0x08, 0x62, 0x08, 0x62, 0x08, 0x62, 0x08, 0x62, 0x08,
    0x62, 0x08, 0x62, 0x08, 0x62, 0x08, 0x62, 0x08, 0x62, 0x08, 0x62, 0x08, 0x62, 0x08, 0x62, 0x08,
    0x62, 0x08, 0x82, 0x08, 0x82, 0x08, 0x82, 0x08, 0x82, 0x08, 0x82, 0x08, 0x82, 0x08, 0x82, 0x08,
    0x82, 0x08, 0x82, 0x08, 0x82, 0x08, 0x82, 0x08, 0x82, 0x08, 0x82, 0x08, 0x82, 0x08, 0x83, 0x08,
    0x83, 0x08, 0x83, 0x08, 0x83, 0x08, 0x83, 0x08, 0x83, 0x08, 0x83, 0x08, 0x83, 0x08, 0x83, 0x08,
    0x83, 0x08, 0x83, 0x08, 0x83, 0x08, 0x83, 0x08, 0x83, 0x08, 0xA3, 0x08, 0xA3, 0x08, 0xA3, 0x08,
    0xA3, 0x08, 0xA3, 0x08, 0xA3, 0x08, 0xA3, 0x08, 0xA3, 0x08, 0xA3, 0x08, 0xA3, 0x08, 0xA3, 0x08,
    0xA3, 0x08, 0xA3, 0x08, 0xA3, 0x08, 0xA3, 0x08, 0xA3, 0x08, 0xA3, 0x08, 0xA3, 0x08, 0xA3, 0x08,
    0xA3, 0x08, 0xA3, 0x08, 0xA3, 0x08, 0xA3, 0x08, 0xA3, 0x08, 0xA3, 0x08, 0xA3, 0x08, 0xA3, 0x08,
    0xA3, 0x08, 0xA3, 0x08, 0xC3, 0x08, 0xC3, 0x08, 0xC3, 0x08, 0xC3, 0x08, 0xC3, 0x08, 0xC3, 0x08,
    0xC3, 0x08, 0xC3, 0x08, 0xC3, 0x08, 0xC3, 0x08, 0xC3, 0x08, 0xC3, 0x08, 0xC3, 0x08, 0xC3, 0x08,
    0xC3, 0x08, 0xC3, 0x08, 0xC3, 0x08, 0xC3, 0x08, 0xC3, 0x08, 0xC3, 0x08, 0xC3, 0x08, 0xC4, 0x08,
    0xC4, 0x08, 0xC4, 0x08, 0xC4, 0x08, 0xC4, 0x08, 0xC4, 0x08, 0xC4, 0x08, 0xC4, 0x08, 0xC4, 0x08,
    0xC4, 0x08, 0xC4, 0x08, 0xC4, 0x08, 0xC4, 0x08, 0xC4, 0x08, 0xC3, 0x08, 0xC3, 0x08, 0xC3, 0x08,
    0xC3, 0x08, 0xC3, 0x08, 0xC3, 0x08, 0xC3, 0x08, 0xC3, 0x08, 0xC3, 0x08, 0xC3, 0x08, 0xC3, 0x08,
    0xC3, 0x08, 0xC3, 0x08, 0xC3, 0x08, 0xC3, 0x08, 0xC3, 0x08, 0xC3, 0x08, 0xC3, 0x08, 0xC3, 0x08,
    0xC3, 0x08, 0xC3, 0x08, 0xA3, 0x08, 0xA3, 0x08, 0xA3, 0x08, 0xA3, 0x08, 0xA3, 0x08, 0xA3, 0x08,
    0xA3, 0x08, 0xA3, 0x08, 0xA3, 0x08, 0xA3, 0x08, 0xA3, 0x08, 0xA3, 0x08, 0xA3, 0x08, 0xA3, 0x08,
    0xA3, 0x08, 0xA3, 0x08, 0xA3, 0x08, 0xA3, 0x08, 0xA3, 0x08, 0xA3, 0x08, 0xA3, 0x08, 0xA3, 0x08,
    0xA3, 0x08, 0xA3, 0x08, 0xA3, 0x08, 0xA3, 0x08, 0xA3, 0x08, 0xA3, 0x08, 0xA3, 0x08, 0x83, 0x08,
    0x83, 0x08, 0x83, 0x08, 0x83, 0x08, 0x83, 0x08, 0x83, 0x08, 0x83, 0x08, 0x83, 0x08, 0x83, 0x08,
    0x83, 0x08, 0x83, 0x08, 0x83, 0x08, 0x83, 0x08, 0x83, 0x08, 0x83, 0x08, 0x82, 0x08, 0x82, 0x08,
    0x82, 0x08, 0x82, 0x08, 0x82, 0x08, 0x82, 0x08, 0x82, 0x08, 0x82, 0x08, 0x82, 0x08, 0x82, 0x08,
    0x82, 0x08, 0x82, 0x08, 0x82, 0x08, 0x82, 0x08, 0x62, 0x08, 0x62, 0x08, 0x62, 0x08, 0x62, 0x08,
    0x62, 0x08, 0x62, 0x08, 0x62, 0x08, 0x62, 0x08, 0x62, 0x08, 0x62, 0x08, 0x62, 0x08, 0x62, 0x08,
    0x62, 0x08, 0x62, 0x08, 0x62, 0x08, 0x62, 0x08, 0x62, 0x08, 0x62, 0x08, 0x62, 0x08, 0x62, 0x08,
    0x62, 0x08, 0x62, 0x08, 0x62, 0x08, 0x62, 0x08, 0x62, 0x08, 0x62, 0x08, 0x62, 0x08, 0x62, 0x08,
    0x62, 0x08, 0x62, 0x08, 0x62, 0x08, 0x62, 0x08, 0x62, 0x08, 0x62, 0x08, 0x62, 0x08, 0x62, 0x08,
    0x62, 0x08, 0x62, 0x08, 0x62, 0x08, 0x62, 0x08, 0x62, 0x08, 0x62, 0x08, 0x62, 0x08, 0x62, 0x08,
    0x62, 0x08, 0x62, 0x08, 0x62, 0x08, 0x62, 0x08, 0x62, 0x08, 0x62, 0x08, 0x62, 0x08, 0x62, 0x08,
    0x62, 0x08, 0x62, 0x08, 0x62, 0x08, 0x62, 0x08, 0x62, 0x08, 0x62, 0x08, 0x62, 0x08, 0x62, 0x08,
    0x62, 0x08, 0x62, 0x08, 0x62, 0x08, 0x62, 0x08, 0x62, 0x08, 0x62, 0x08, 0x62, 0x08, 0x62, 0x08,
    0x62, 0x08, 0x62, 0x08, 0x62, 0x08, 0x62, 0x08, 0x62, 0x08, 0x62, 0x08, 0x62, 0x08, 0x62, 0x08,
    0x62, 0x08, 0x62, 0x08, 0x62, 0x08, 0x62, 0x08, 0x62, 0x08, 0x62, 0x08, 0x62, 0x08, 0x62, 0x08,
    0x62, 0x08, 0x62, 0x08, 0x62, 0x08, 0x62, 0x08, 0x62, 0x08, 0x62, 0x08, 0x62, 0x08, 0x62, 0x08,
    0x62, 0x08, 0x62, 0x08, 0x62, 0x08, 0x62, 0x08, 0x62, 0x08, 0x62, 0x08, 0x62, 0x08, 0x62, 0x08,
    0x62, 0x08, 0x62, 0x08, 0x62, 0x08, 0x62, 0x08, 0x62, 0x08, 0x62, 0x08, 0x62, 0x08, 0x62, 0x08,
    0x62, 0x08, 0x62, 0x08, 0x62, 0x08, 0x62, 0x08, 0x62, 0x08, 0x62, 0x08, 0x62, 0x08, 0x62, 0x08,
    0x62, 0x08, 0x62, 0x08, 0x62, 0x08, 0x62, 0x08, 0x62, 0x08, 0x62, 0x08, 0x62, 0x08, 0x62, 0x08,
    0x62, 0x08, 0x62, 0x08, 0x62, 0x08, 0x62, 0x08, 0x62, 0x08, 0x62, 0x08, 0x62, 0x08, 0x62, 0x08,
    0x62, 0x08, 0x62, 0x08, 0x62, 0x08, 0x62, 0x08, 0x62, 0x08, 0x62, 0x08, 0x62, 0x08, 0x62, 0x08,
    0x62, 0x08, 0x62, 0x08, 0x62, 0x08, 0x62, 0x08, 0x62, 0x08, 0x62, 0x08, 0x62, 0x08, 0x62, 0x08,
    0x62, 0x08, 0x62, 0x08, 0x62, 0x08, 0x62, 0x08, 0x62, 0x08, 0x62, 0x08, 0x62, 0x08, 0x62, 0x08,
    0x62, 0x08, 0x62, 0x08, 0x62, 0x08, 0x62, 0x08, 0x62, 0x08, 0x62, 0x08, 0x62, 0x08, 0x62, 0x08,
    0x62, 0x08, 0x62, 0x08, 0x62, 0x08, 0x62, 0x08, 0x62, 0x08, 0x62, 0x08, 0x82, 0x08, 0x82, 0x08,
    0x82, 0x08, 0x82, 0x08, 0x82, 0x08, 0x82, 0x08, 0x82, 0x08, 0x82, 0x08, 0x82, 0x08, 0x82, 0x08,
    0x82, 0x08, 0x82, 0x08, 0x82, 0x08, 0x82, 0x08, 0x83, 0x08, 0x83, 0x08, 0x83, 0x08, 0x83, 0x08,
    0x83, 0x08, 0x83, 0x08, 0x83, 0x08, 0x83, 0x08, 0x83, 0x08, 0x83, 0x08, 0x83, 0x08, 0x83, 0x08,
    0x83, 0x08, 0x83, 0x08, 0x83, 0x08, 0xA3, 0x08, 0xA3, 0x08, 0xA3, 0x08, 0xA3, 0x08, 0xA3, 0x08,
    0xA3, 0x08, 0xA3, 0x08, 0xA3, 0x08, 0xA3, 0x08, 0xA3, 0x08, 0xA3, 0x08, 0xA3, 0x08, 0xA3, 0x08,
    0xA3, 0x08, 0xA3, 0x08, 0xA3, 0x08, 0xA3, 0x08, 0xA3, 0x08, 0xA3, 0x08, 0xA3, 0x08, 0xA3, 0x08,
    0xA3, 0x08, 0xA3, 0x08, 0xA3, 0x08, 0xA3, 0x08, 0xA3, 0x08, 0xA3, 0x08, 0xA3, 0x08, 0xA3, 0x08,
    0xA3, 0x08, 0xA3, 0x08, 0xA3, 0x08, 0xC3, 0x08, 0xC3, 0x08, 0xC3, 0x08, 0xC3, 0x08, 0xC3, 0x08,
    0xC3, 0x08, 0xC3, 0x08, 0xC3, 0x08, 0xC3, 0x08, 0xC3, 0x08, 0xC3, 0x08, 0xC3, 0x08, 0xC3, 0x08,
    0xC3, 0x08, 0xC3, 0x08, 0xC3, 0x08, 0xC3, 0x08, 0xC3, 0x08, 0xC3, 0x08, 0xC3, 0x08, 0xC3, 0x08,
    0xC3, 0x08, 0xC3, 0x08, 0xC3, 0x08, 0xC3, 0x08, 0xC3, 0x08, 0xC3, 0x08, 0xC3, 0x08, 0xC3, 0x08,
    0xC3, 0x08, 0xC3, 0x08, 0xC3, 0x08, 0xC3, 0x08, 0xC3, 0x08, 0xC3, 0x08, 0xC3, 0x08, 0xC3, 0x08,
    0xC3, 0x08, 0xC3, 0x08, 0xC3, 0x08, 0xC3, 0x08, 0xC3, 0x08, 0xC3, 0x08, 0xC3, 0x08, 0xC3, 0x08,
    0xC3, 0x08, 0xA3, 0x08, 0xA3, 0x08, 0xA3, 0x08, 0xA3, 0x08, 0xA3, 0x08, 0xA3, 0x08, 0xA3, 0x08,
    0xA3, 0x08, 0xA3, 0x08, 0xA3, 0x08, 0xA3, 0x08, 0xA3, 0x08, 0xA3, 0x08, 0xA3, 0x08, 0xA3, 0x08,
    0xA3, 0x08, 0xA3, 0x08, 0xA3, 0x08, 0xA3, 0x08, 0xA3, 0x08, 0xA3, 0x08, 0xA3, 0x08, 0xA3, 0x08,
    0xA3, 0x08, 0xA3, 0x08, 0xA3, 0x08, 0xA3, 0x08, 0xA3, 0x08, 0xA3, 0x08, 0xA3, 0x08, 0xA3, 0x08,
    0xA3, 0x08, 0x83, 0x08, 0x83, 0x08, 0x83, 0x08, 0x83, 0x08, 0x83, 0x08, 0x83, 0x08, 0x83, 0x08,
    0x83, 0x08, 0x83, 0x08, 0x83, 0x08, 0x83, 0x08, 0x83, 0x08, 0x83, 0x08, 0x83, 0x08, 0x83, 0x08,
    0x82, 0x08, 0x82, 0x08, 0x82, 0x08, 0x82, 0x08, 0x82, 0x08, 0x82, 0x08, 0x82, 0x08, 0x82, 0x08,
    0x82, 0x08, 0x82, 0x08, 0x82, 0x08, 0x82, 0x08, 0x82, 0x08, 0x82, 0x08, 0x62, 0x08, 0x62, 0x08,
    0x62, 0x08, 0x62, 0x08, 0x62, 0x08, 0x62, 0x08, 0x62, 0x08, 0x62, 0x08, 0x62, 0x08, 0x62, 0x08,
    0x62, 0x08, 0x62, 0x08, 0x62, 0x08, 0x62, 0x08, 0x62, 0x08, 0x62, 0x08, 0x62, 0x08, 0x62, 0x08,
    0x62, 0x08, 0x62, 0x08, 0x62, 0x08, 0x62, 0x08, 0x62, 0x08, 0x62, 0x08, 0x62, 0x08, 0x62, 0x08,
    0x62, 0x08, 0x62, 0x08, 0x62, 0x08, 0x62, 0x08, 0x62, 0x08, 0x62, 0x08, 0x62, 0x08, 0x62, 0x08,
    0x62, 0x08, 0x62, 0x08, 0x62, 0x08, 0x62, 0x08, 0x62, 0x08, 0x62, 0x08, 0x62, 0x08, 0x62, 0x08,
    0x62, 0x08, 0x62, 0x08, 0x62, 0x08, 0x62, 0x08, 0x62, 0x08, 0x62, 0x08, 0x62, 0x08, 0x62, 0x08,
    0x62, 0x08, 0x62, 0x08, 0x62, 0x08, 0x62, 0x08, 0x62, 0x08, 0x62, 0x08, 0x62, 0x08, 0x62, 0x08,
    0x62, 0x08, 0x62, 0x08, 0x62, 0x08, 0x62, 0x08, 0x62, 0x08, 0x62, 0x08, 0x62, 0x08, 0x62, 0x08,
    0x62, 0x08, 0x62, 0x08, 0x62, 0x08, 0x62, 0x08, 0x62, 0x08, 0x62, 0x08, 0x62, 0x08, 0x62, 0x08,
    0x62, 0x08, 0x62, 0x08, 0x62, 0x08, 0x62, 0x08, 0x62, 0x08, 0x62, 0x08, 0x62, 0x08, 0x62, 0x08,
    0x62, 0x08, 0x62, 0x08, 0x62, 0x08, 0x62, 0x08, 0x62, 0x08, 0x62, 0x08, 0x62, 0x08, 0x62, 0x08,
    0x62, 0x08, 0x62, 0x08, 0x62, 0x08, 0x62, 0x08, 0x62, 0x08, 0x62, 0x08, 0x62, 0x08, 0x62, 0x08,
    0x62, 0x08, 0x62, 0x08, 0x62, 0x08, 0x62, 0x08, 0x62, 0x08, 0x62, 0x08, 0x62, 0x08, 0x62, 0x08,
    0x62, 0x08, 0x62, 0x08, 0x62, 0x08, 0x62, 0x08, 0x62, 0x08, 0x62, 0x08, 0x62, 0x08, 0x62, 0x08,
    0x62, 0x08, 0x62, 0x08, 0x62, 0x08, 0x62, 0x08, 0x62, 0x08, 0x62, 0x08, 0x62, 0x08, 0x62, 0x08,
    0x62, 0x08, 0x62, 0x08, 0x62, 0x08, 0x62, 0x08, 0x62, 0x08, 0x62, 0x08, 0x62, 0x08, 0x62, 0x08,
    0x62, 0x08, 0x62, 0x08, 0x62, 0x08, 0x62, 0x08, 0x62, 0x08, 0x62, 0x08, 0x62, 0x08, 0x62, 0x08,
    0x62, 0x08, 0x62, 0x08, 0x62, 0x08, 0x62, 0x08, 0x62, 0x08, 0x62, 0x08, 0x62, 0x08, 0x62, 0x08,
    0x62, 0x08, 0x62, 0x08, 0x62, 0x08, 0x62, 0x08, 0x62, 0x08, 0x62, 0x08, 0x62, 0x08, 0x62, 0x08,
    0x62, 0x08, 0x62, 0x08, 0x62, 0x08, 0x62, 0x08, 0x62, 0x08, 0x62, 0x08, 0x62, 0x08, 0x62, 0x08,
    0x62, 0x08, 0x62, 0x08, 0x62, 0x08, 0x62, 0x08, 0x62, 0x08, 0x62, 0x08, 0x62, 0x08, 0x62, 0x08,
    0x62, 0x08, 0x62, 0x08, 0x62, 0x08, 0x82, 0x08, 0x82, 0x08, 0x82, 0x08, 0x82, 0x08, 0x82, 0x08,
    0x82, 0x08, 0x82, 0x08, 0x82, 0x08, 0x82, 0x08, 0x82, 0x08, 0x82, 0x08, 0x82, 0x08, 0x82, 0x08,
    0x82, 0x08, 0x83, 0x08, 0x83, 0x08, 0x83, 0x08, 0x83, 0x08, 0x83, 0x08, 0x83, 0x08, 0x83, 0x08,
    0x83, 0x08, 0x83, 0x08, 0x83, 0x08, 0x83, 0x08, 0x83, 0x08, 0x83, 0x08, 0x83, 0x08, 0x83, 0x08,
    0x83, 0x08, 0xA3, 0x08, 0xA3, 0x08, 0xA3, 0x08, 0xA3, 0x08, 0xA3, 0x08, 0xA3, 0x08, 0xA3, 0x08,
    0xA3, 0x08, 0xA3, 0x08, 0xA3, 0x08, 0xA3, 0x08, 0xA3, 0x08, 0xA3, 0x08, 0xA3, 0x08, 0xA3, 0x08,
    0xA3, 0x08, 0xA3, 0x08, 0xA3, 0x08, 0xA3, 0x08, 0xA3, 0x08, 0xA3, 0x08, 0xA3, 0x08, 0xA3, 0x08,
    0xA3, 0x08, 0xA3, 0x08, 0xA3, 0x08, 0xA3, 0x08, 0xA3, 0x08, 0xA3, 0x08, 0xA3, 0x08, 0xA3, 0x08,
    0xA3, 0x08, 0xA3, 0x08, 0xC3, 0x08, 0xC3, 0x08, 0xC3, 0x08, 0xC3, 0x08, 0xC3, 0x08, 0xC3, 0x08,
    0xC3, 0x08, 0xC3, 0x08, 0xC3, 0x08, 0xC3, 0x08, 0xC3, 0x08, 0xC3, 0x08, 0xC3, 0x08, 0xC3, 0x08,
    0xC3, 0x08, 0xC3, 0x08, 0xC3, 0x08, 0xC3, 0x08, 0xC3, 0x08, 0xC3, 0x08, 0xC3, 0x08, 0xC3, 0x08,
    0xC3, 0x08, 0xC3, 0x08, 0xC3, 0x08, 0xC3, 0x08, 0xC3, 0x08, 0xC3, 0x08, 0xC3, 0x08, 0xC3, 0x08,
    0xC3, 0x08, 0xC3, 0x08, 0xC3, 0x08, 0xC3, 0x08, 0xC3, 0x08, 0xC3, 0x08, 0xC3, 0x08, 0xC3, 0x08,
    0xC3, 0x08, 0xC3, 0x08, 0xA3, 0x08, 0xA3, 0x08, 0xA3, 0x08, 0xA3, 0x08, 0xA3, 0x08, 0xA3, 0x08,
    0xA3, 0x08, 0xA3, 0x08, 0xA3, 0x08, 0xA3, 0x08, 0xA3, 0x08, 0xA3, 0x08, 0xA3, 0x08, 0xA3, 0x08,
    0xA3, 0x08, 0xA3, 0x08, 0xA3, 0x08, 0xA3, 0x08, 0xA3, 0x08, 0xA3, 0x08, 0xA3, 0x08, 0xA3, 0x08,
    0xA3, 0x08, 0xA3, 0x08, 0xA3, 0x08, 0xA3, 0x08, 0xA3, 0x08, 0xA3, 0x08, 0xA3, 0x08, 0xA3, 0x08,
    0xA3, 0x08, 0xA3, 0x08, 0xA3, 0x08, 0xA3, 0x08, 0x83, 0x08, 0x83, 0x08, 0x83, 0x08, 0x83, 0x08,
    0x83, 0x08, 0x83, 0x08, 0x83, 0x08, 0x83, 0x08, 0x83, 0x08, 0x83, 0x08, 0x83, 0x08, 0x83, 0x08,
    0x83, 0x08, 0x83, 0x08, 0x83, 0x08, 0x82, 0x08, 0x82, 0x08, 0x82, 0x08, 0x82, 0x08, 0x82, 0x08,
    0x82, 0x08, 0x82, 0x08, 0x82, 0x08, 0x82, 0x08, 0x82, 0x08, 0x82, 0x08, 0x82, 0x08, 0x82, 0x08,
    0x82, 0x08, 0x62, 0x08, 0x62, 0x08, 0x62, 0x08, 0x62, 0x08, 0x62, 0x08, 0x62, 0x08, 0x62, 0x08,
    0x62, 0x08, 0x62, 0x08, 0x62, 0x08, 0x62, 0x08, 0x62, 0x08, 0x62, 0x08, 0x62, 0x08, 0x62, 0x08,
    0x62, 0x08, 0x62, 0x08, 0x62, 0x08, 0x62, 0x08, 0x62, 0x08, 0x62, 0x08, 0x62, 0x08, 0x62, 0x08,
    0x62, 0x08, 0x62, 0x08, 0x62, 0x08, 0x62, 0x08, 0x62, 0x08, 0x62, 0x08, 0x62, 0x08, 0x62, 0x08,
    0x62, 0x08, 0x62, 0x08, 0x62, 0x08, 0x62, 0x08, 0x62, 0x08, 0x62, 0x08, 0x62, 0x08, 0x62, 0x08,
    0x62, 0x08, 0x62, 0x08, 0x62, 0x08, 0x62, 0x08, 0x62, 0x08, 0x62, 0x08, 0x62, 0x08, 0x62, 0x08,
    0x62, 0x08, 0x62, 0x08, 0x62, 0x08, 0x62, 0x08, 0x62, 0x08, 0x62, 0x08, 0x62, 0x08, 0x62, 0x08,
    0x62, 0x08, 0x62, 0x08, 0x62, 0x08, 0x62, 0x08, 0x62, 0x08, 0x62, 0x08, 0x62, 0x08, 0x62, 0x08,
    0x62, 0x08, 0x62, 0x08, 0x62, 0x08, 0x62, 0x08, 0x62, 0x08, 0x62, 0x08, 0x62, 0x08, 0x62, 0x08,
    0x62, 0x08, 0x62, 0x08, 0x62, 0x08, 0x62, 0x08, 0x62, 0x08, 0x62, 0x08, 0x62, 0x08, 0x62, 0x08,
    0x62, 0x08, 0x62, 0x08, 0x62, 0x08, 0x62, 0x08, 0x62, 0x08, 0x62, 0x08, 0x62, 0x08, 0x62, 0x08,
};

const lv_img_dsc_t ui_gauge_temp_face = {
    .header.always_zero = 0,
    .header.w = 340,
    .header.h = 130,
    .data_size = 44200 * LV_COLOR_SIZE / 8,
    .header.cf = LV_IMG_CF_TRUE_COLOR,
    .data = ui_gauge_temp_face_map,
};
